Delivery Date,Hour Ending,Repeated Hour Flag,REGDN,REGUP ,RRS,NSPIN,ECRS
01/01/2025,01:00,N,0.64,1.09,0.63,0.63,0.03
01/01/2025,02:00,N,1.35,1.06,0.5,0.5,0.03
01/01/2025,03:00,N,0.5,0.95,0.58,0.94,0.03
01/01/2025,04:00,N,1.53,1.04,0.5,0.94,0.03
01/01/2025,05:00,N,0.5,1.03,0.78,0.81,0.03
01/01/2025,06:00,N,1.53,1.19,0.63,0.81,0.05
01/01/2025,07:00,N,1.53,0.94,0.94,1.07,0.11
01/01/2025,08:00,N,0.73,0.75,1,1.04,0.12
01/01/2025,09:00,N,2,1.03,1.03,1.03,1.03
01/01/2025,10:00,N,0.49,1.57,1.07,1.07,1.07
01/01/2025,11:00,N,0.49,1.23,0.73,0.97,0.73
01/01/2025,12:00,N,0.49,1.24,0.49,1,0.24
01/01/2025,13:00,N,0.49,1.15,0.4,0.99,0.06
01/01/2025,14:00,N,0.5,1.15,0.4,0.94,0.09
01/01/2025,15:00,N,0.64,1.25,0.5,0.94,0.5
01/01/2025,16:00,N,0.98,1.21,0.46,0.92,0.32
01/01/2025,17:00,N,2.13,0.94,0.94,0.98,0.94
01/01/2025,18:00,N,4.95,1.63,2.44,1.48,0.24
01/01/2025,19:00,N,3.04,1.98,2.44,2.44,0.11
01/01/2025,20:00,N,2.13,1.98,1.94,1.94,0.12
01/01/2025,21:00,N,1.53,1.81,0.81,1.24,0.13
01/01/2025,22:00,N,1.53,2.04,0.79,1.04,0.06
01/01/2025,23:00,N,1.53,2.74,0.74,0.74,0.04
01/01/2025,24:00,N,1.13,2.18,0.68,0.68,0.04
01/02/2025,01:00,N,1.53,1.74,0.5,0.2,0.03
01/02/2025,02:00,N,1.05,1.06,0.5,0.2,0.03
01/02/2025,03:00,N,0.52,1.06,0.5,0.5,0.03
01/02/2025,04:00,N,0.5,1.06,0.5,0.5,0.03
01/02/2025,05:00,N,0.58,1.25,0.5,0.5,0.03
01/02/2025,06:00,N,1.53,1.06,0.5,0.5,0.04
01/02/2025,07:00,N,1.53,1,1,1.01,0.04
01/02/2025,08:00,N,2.38,0.73,1,1,0.05
01/02/2025,09:00,N,1.17,1.01,1.01,1.01,1.01
01/02/2025,10:00,N,0.79,1.52,1.02,1.02,1.02
01/02/2025,11:00,N,0.79,1.5,1,1,1
01/02/2025,12:00,N,0.79,1.25,0.5,0.97,0.34
01/02/2025,13:00,N,0.98,1.25,0.5,0.96,0.06
01/02/2025,14:00,N,0.98,1.25,0.5,0.92,0.24
01/02/2025,15:00,N,0.98,1.25,0.5,0.9,0.5
01/02/2025,16:00,N,0.98,1.25,0.5,0.58,0.24
01/02/2025,17:00,N,4.13,1,1,1,1
01/02/2025,18:00,N,4.9,1.55,2.23,1.49,2.23
01/02/2025,19:00,N,4.95,1.65,2.06,2.06,0.12
01/02/2025,20:00,N,4.13,2.94,2.94,2.94,0.13
01/02/2025,21:00,N,1.53,2.31,0.81,1.06,0.13
01/02/2025,22:00,N,0.5,1.5,0.75,1,0.1
01/02/2025,23:00,N,0.5,0.94,0.5,0.5,0.1
01/02/2025,24:00,N,1.53,1.21,0.5,0.5,0.04
01/03/2025,01:00,N,0.24,0.56,0.3,0.1,0.02
01/03/2025,02:00,N,0.24,0.86,0.3,0.09,0.03
01/03/2025,03:00,N,0.24,0.86,0.3,0.3,0.02
01/03/2025,04:00,N,0.24,0.52,0.31,0.31,0.02
01/03/2025,05:00,N,0.5,1.06,0.31,0.31,0.03
01/03/2025,06:00,N,0.79,0.72,0.3,0.3,0.05
01/03/2025,07:00,N,4.13,1.65,1.07,1.07,0.11
01/03/2025,08:00,N,3.92,1.66,1.66,1.48,0.12
01/03/2025,09:00,N,3.96,1.65,1.65,1.48,1.65
01/03/2025,10:00,N,0.79,1.75,1,1,1
01/03/2025,11:00,N,0.74,1.54,0.79,0.79,0.79
01/03/2025,12:00,N,0.79,1.25,0.5,0.5,0.5
01/03/2025,13:00,N,0.5,1.24,0.49,0.49,0.06
01/03/2025,14:00,N,0.5,1.25,0.5,0.5,0.5
01/03/2025,15:00,N,0.5,1.25,0.5,0.5,0.5
01/03/2025,16:00,N,0.79,1.19,0.44,0.44,0.44
01/03/2025,17:00,N,1.99,0.8,0.8,0.8,0.8
01/03/2025,18:00,N,3.02,1.29,1.65,1.02,1.65
01/03/2025,19:00,N,3.13,0.88,1.09,1.07,0.15
01/03/2025,20:00,N,2.09,1.96,1.1,1.1,0.04
01/03/2025,21:00,N,1.53,1.75,0.75,0.99,0.04
01/03/2025,22:00,N,1.53,1.98,0.73,0.97,0.04
01/03/2025,23:00,N,0.5,2.49,0.5,0.23,0.04
01/03/2025,24:00,N,1.53,2,0.5,0.23,0.04
01/04/2025,01:00,N,0.29,1.1,0.29,0.08,0.03
01/04/2025,02:00,N,0.24,0.66,0.29,0.08,0.04
01/04/2025,03:00,N,0.24,0.64,0.29,0.25,0.03
01/04/2025,04:00,N,0.29,0.73,0.35,0.24,0.03
01/04/2025,05:00,N,0.29,0.8,0.3,0.24,0.04
01/04/2025,06:00,N,0.29,0.67,0.3,0.25,0.04
01/04/2025,07:00,N,0.24,0.95,0.5,0.63,0.1
01/04/2025,08:00,N,1.34,0.61,0.78,0.8,0.11
01/04/2025,09:00,N,2.13,0.81,0.81,0.81,0.81
01/04/2025,10:00,N,0.29,1.06,0.81,0.81,0.81
01/04/2025,11:00,N,0.29,0.88,0.5,0.5,0.5
01/04/2025,12:00,N,0.29,0.75,0.37,0.37,0.37
01/04/2025,13:00,N,0.29,0.67,0.3,0.3,0.3
01/04/2025,14:00,N,0.29,0.67,0.3,0.3,0.3
01/04/2025,15:00,N,0.29,0.78,0.4,0.4,0.4
01/04/2025,16:00,N,0.98,0.75,0.37,0.37,0.37
01/04/2025,17:00,N,0.51,0.58,0.58,0.58,0.58
01/04/2025,18:00,N,3.46,0.96,0.81,0.94,0.81
01/04/2025,19:00,N,1.99,0.63,0.63,0.95,0.14
01/04/2025,20:00,N,2.03,0.67,0.95,0.95,0.15
01/04/2025,21:00,N,0.29,0.5,0.5,0.75,0.16
01/04/2025,22:00,N,0.29,1.13,0.5,0.75,0.04
01/04/2025,23:00,N,0.29,1.29,0.29,0.1,0.04
01/04/2025,24:00,N,0.29,1.04,0.29,0.1,0.04
01/05/2025,01:00,N,0.29,0.29,0.29,0.07,0.03
01/05/2025,02:00,N,0.24,0.29,0.29,0.07,0.04
01/05/2025,03:00,N,0.24,0.29,0.29,0.24,0.04
01/05/2025,04:00,N,0.29,0.3,0.3,0.23,0.04
01/05/2025,05:00,N,0.24,0.3,0.3,0.23,0.04
01/05/2025,06:00,N,0.29,0.29,0.29,0.24,0.04
01/05/2025,07:00,N,0.86,0.86,0.8,0.8,0.05
01/05/2025,08:00,N,0.39,0.84,0.98,0.98,0.05
01/05/2025,09:00,N,1.1,1.74,1,1,1
01/05/2025,10:00,N,0.29,0.79,0.79,0.79,0.79
01/05/2025,11:00,N,0.29,0.5,0.5,0.5,0.5
01/05/2025,12:00,N,0.29,0.36,0.36,0.36,0.36
01/05/2025,13:00,N,0.29,0.32,0.32,0.32,0.32
01/05/2025,14:00,N,0.29,0.34,0.34,0.34,0.34
01/05/2025,15:00,N,0.5,0.41,0.41,0.41,0.41
01/05/2025,16:00,N,1.39,0.37,0.37,0.37,0.37
01/05/2025,17:00,N,2.61,0.73,0.68,0.58,0.68
01/05/2025,18:00,N,1.87,1.96,1,1,1
01/05/2025,19:00,N,2.2,0.54,1,1,0.11
01/05/2025,20:00,N,0.19,0.5,1,0.96,0.12
01/05/2025,21:00,N,0.29,0.5,0.5,0.74,0.13
01/05/2025,22:00,N,0.29,0.5,0.5,0.75,0.14
01/05/2025,23:00,N,0.29,0.3,0.3,0.15,0.15
01/05/2025,24:00,N,0.29,0.3,0.3,0.16,0.06
01/06/2025,01:00,N,0.29,0.29,0.24,0.09,0.04
01/06/2025,02:00,N,0.01,0.29,0.29,0.1,0.04
01/06/2025,03:00,N,0.01,0.3,0.3,0.3,0.04
01/06/2025,04:00,N,0.29,0.37,0.37,0.37,0.04
01/06/2025,05:00,N,0.29,0.44,0.44,0.44,0.04
01/06/2025,06:00,N,0.29,0.5,0.5,1,0.37
01/06/2025,07:00,N,2.87,4.94,6.3,18.73,6.3
01/06/2025,08:00,N,2.2,24.68,27.1,27.1,27.1
01/06/2025,09:00,N,10.61,18.24,20.09,20,20.29
01/06/2025,10:00,N,1.47,3.68,3.68,4,3.68
01/06/2025,11:00,N,0.46,1,1,1,1
01/06/2025,12:00,N,0.29,0.79,0.79,0.94,0.79
01/06/2025,13:00,N,0.29,0.78,0.78,0.94,0.37
01/06/2025,14:00,N,0.51,0.94,0.78,0.94,0.78
01/06/2025,15:00,N,0.5,1.39,0.5,0.58,0.5
01/06/2025,16:00,N,0.29,1.39,0.5,0.5,0.5
01/06/2025,17:00,N,5.14,3.3,0.78,0.97,0.78
01/06/2025,18:00,N,3.94,8.57,7.52,7.37,7.52
01/06/2025,19:00,N,5.57,15.71,19.75,19,19.75
01/06/2025,20:00,N,0.19,6.5,7.79,9.79,9.79
01/06/2025,21:00,N,0.29,1.5,1.5,14.71,1.5
01/06/2025,22:00,N,0.29,1.5,1.5,11.5,1.5
01/06/2025,23:00,N,0.29,1,1,1,1
01/06/2025,24:00,N,0.29,0.79,0.79,0.79,0.22
01/07/2025,01:00,N,0.29,0.5,0.5,0.1,0.04
01/07/2025,02:00,N,0.29,0.38,0.38,0.11,0.04
01/07/2025,03:00,N,0.29,0.44,0.44,0.44,0.05
01/07/2025,04:00,N,0.29,0.37,0.37,0.37,0.05
01/07/2025,05:00,N,0.29,0.5,0.5,0.5,0.05
01/07/2025,06:00,N,0.29,0.63,0.63,0.96,0.5
01/07/2025,07:00,N,1.51,6.92,8.88,18,8.88
01/07/2025,08:00,N,3.83,12.63,20.97,19.64,20.97
01/07/2025,09:00,N,14,27.37,27.37,20,27.37
01/07/2025,10:00,N,3.38,5.49,5.49,3,5.49
01/07/2025,11:00,N,0.29,0.98,0.98,0.99,0.98
01/07/2025,12:00,N,0.29,0.78,0.5,1,0.5
01/07/2025,13:00,N,0.29,0.9,0.37,1,0.37
01/07/2025,14:00,N,0.5,1.2,0.38,0.94,0.38
01/07/2025,15:00,N,0.29,1.05,0.28,0.58,0.28
01/07/2025,16:00,N,0.54,0.83,0.24,0.5,0.24
01/07/2025,17:00,N,2.34,0.63,0.47,0.73,0.47
01/07/2025,18:00,N,1.57,3.43,1,1,1
01/07/2025,19:00,N,2.22,1.42,1.42,1.42,0.21
01/07/2025,20:00,N,0.19,0.92,1,1.01,0.22
01/07/2025,21:00,N,0.29,0.79,0.79,1.01,0.21
01/07/2025,22:00,N,0.29,0.8,0.8,1.02,0.04
01/07/2025,23:00,N,0.01,0.73,0.73,0.73,0.04
01/07/2025,24:00,N,0.01,0.78,0.78,0.78,0.04
01/08/2025,01:00,N,0.29,0.3,0.3,0.09,0.04
01/08/2025,02:00,N,0.29,0.3,0.3,0.11,0.04
01/08/2025,03:00,N,0.29,0.43,0.43,0.43,0.04
01/08/2025,04:00,N,0.29,0.63,0.63,0.63,0.04
01/08/2025,05:00,N,0.29,0.79,0.79,0.5,0.04
01/08/2025,06:00,N,0.29,0.79,0.79,0.74,0.1
01/08/2025,07:00,N,1.95,1.1,1.1,1.36,1.1
01/08/2025,08:00,N,1.7,3.71,4.94,4.94,4.94
01/08/2025,09:00,N,6.49,8.12,8.12,8.12,8.12
01/08/2025,10:00,N,1.47,3.91,4.08,4.08,4.08
01/08/2025,11:00,N,0.29,2.23,0.98,0.98,0.98
01/08/2025,12:00,N,0.29,1.95,0.5,0.5,0.5
01/08/2025,13:00,N,0.29,0.5,0.41,0.58,0.25
01/08/2025,14:00,N,0.29,0.85,0.37,0.58,0.37
01/08/2025,15:00,N,0.29,0.72,0.37,0.94,0.37
01/08/2025,16:00,N,0.29,0.85,0.37,0.53,0.37
01/08/2025,17:00,N,3.2,0.81,0.81,1,0.81
01/08/2025,18:00,N,2.45,5.03,4,4,4
01/08/2025,19:00,N,3.21,3.24,7,7,7
01/08/2025,20:00,N,0.19,1.72,1.72,4,1.72
01/08/2025,21:00,N,0.29,0.98,0.98,3,0.98
01/08/2025,22:00,N,0.29,0.8,0.8,1.36,0.8
01/08/2025,23:00,N,0.29,0.73,0.73,0.9,0.21
01/08/2025,24:00,N,0.29,0.71,0.71,0.77,0.04
01/09/2025,01:00,N,0.29,0.37,0.37,0.08,0.03
01/09/2025,02:00,N,0.29,0.3,0.3,0.1,0.04
01/09/2025,03:00,N,0.28,0.3,0.3,0.3,0.03
01/09/2025,04:00,N,0.29,0.29,0.29,0.29,0.03
01/09/2025,05:00,N,0.29,0.29,0.29,0.28,0.04
01/09/2025,06:00,N,0.29,0.44,0.44,0.44,0.04
01/09/2025,07:00,N,1.95,1.07,1.07,1.2,0.1
01/09/2025,08:00,N,0.12,0.59,0.79,1.36,0.11
01/09/2025,09:00,N,14.79,14.82,14.97,7.5,14.97
01/09/2025,10:00,N,0.49,12.04,12.04,12.04,12.04
01/09/2025,11:00,N,1.47,9,7,9,9
01/09/2025,12:00,N,1.47,1.95,0.98,1.36,1.13
01/09/2025,13:00,N,0.5,0.89,0.89,1.16,0.89
01/09/2025,14:00,N,0.69,2.79,0.79,1.22,0.79
01/09/2025,15:00,N,0.57,1.39,0.79,1.15,0.79
01/09/2025,16:00,N,0.5,1.39,0.63,1.05,0.63
01/09/2025,17:00,N,4.14,1.02,1.02,1.36,1.02
01/09/2025,18:00,N,3.16,6.89,9.67,9.67,9.67
01/09/2025,19:00,N,4.16,11.78,16.65,16.5,16.65
01/09/2025,20:00,N,0.19,3.8,5,7,7
01/09/2025,21:00,N,0.29,1.5,1.5,9.24,1.5
01/09/2025,22:00,N,0.29,1.5,1.5,3.02,1.5
01/09/2025,23:00,N,0.29,0.98,0.98,1,0.98
01/09/2025,24:00,N,0.29,0.79,0.79,0.52,0.04
01/10/2025,01:00,N,0.24,0.79,0.79,0.07,0.03
01/10/2025,02:00,N,0.24,0.63,0.63,0.08,0.04
01/10/2025,03:00,N,0.24,0.5,0.5,0.29,0.04
01/10/2025,04:00,N,0.24,0.38,0.38,0.28,0.04
01/10/2025,05:00,N,0.24,0.43,0.43,0.27,0.04
01/10/2025,06:00,N,0.29,0.63,0.63,0.25,0.04
01/10/2025,07:00,N,0.53,0.97,0.97,1,0.1
01/10/2025,08:00,N,1.3,1.5,1.5,1.1,0.11
01/10/2025,09:00,N,1.88,2.11,2.11,2.11,2.11
01/10/2025,10:00,N,0.29,6.92,3.85,3,3.85
01/10/2025,11:00,N,0.29,0.8,0.8,0.94,0.8
01/10/2025,12:00,N,0.29,0.35,0.35,0.5,0.35
01/10/2025,13:00,N,0.29,0.44,0.28,0.45,0.28
01/10/2025,14:00,N,0.29,1.05,0.28,0.45,0.28
01/10/2025,15:00,N,0.29,0.94,0.36,0.5,0.36
01/10/2025,16:00,N,0.29,0.8,0.3,0.5,0.3
01/10/2025,17:00,N,2.08,1.09,0.79,0.79,0.79
01/10/2025,18:00,N,1.77,3.92,5,3,5
01/10/2025,19:00,N,2.7,5.88,8.4,8.4,8.4
01/10/2025,20:00,N,0.19,3.33,4,4,4
01/10/2025,21:00,N,0.29,1,1,6.56,1
01/10/2025,22:00,N,0.29,0.98,0.98,3.23,0.98
01/10/2025,23:00,N,0.24,0.92,0.92,0.92,0.92
01/10/2025,24:00,N,0.24,0.79,0.79,0.68,0.04
01/11/2025,01:00,N,0.29,0.4,0.4,0.1,0.04
01/11/2025,02:00,N,0.24,0.3,0.3,0.1,0.05
01/11/2025,03:00,N,0.24,0.29,0.29,0.28,0.05
01/11/2025,04:00,N,0.29,0.29,0.29,0.29,0.04
01/11/2025,05:00,N,0.29,0.29,0.29,0.29,0.05
01/11/2025,06:00,N,0.29,0.45,0.45,0.25,0.15
01/11/2025,07:00,N,0.53,0.8,0.8,1.02,0.16
01/11/2025,08:00,N,0.98,0.66,1.07,1.07,0.5
01/11/2025,09:00,N,2.69,1.74,1.74,1.74,1.74
01/11/2025,10:00,N,1.05,1.59,1.48,1.48,1.48
01/11/2025,11:00,N,0.3,0.94,0.94,0.94,0.94
01/11/2025,12:00,N,0.7,0.5,0.5,0.5,0.5
01/11/2025,13:00,N,0.7,0.47,0.47,0.47,0.37
01/11/2025,14:00,N,0.3,0.4,0.4,0.4,0.4
01/11/2025,15:00,N,0.45,0.49,0.49,0.49,0.49
01/11/2025,16:00,N,1.39,1.39,0.39,0.39,0.39
01/11/2025,17:00,N,1.13,0.64,0.64,0.64,0.24
01/11/2025,18:00,N,0.34,0.75,1,1,0.75
01/11/2025,19:00,N,0.56,1.03,1.03,1.03,0.06
01/11/2025,20:00,N,0.26,0.52,1,1,0.06
01/11/2025,21:00,N,0.29,0.68,0.68,0.92,0.05
01/11/2025,22:00,N,0.29,0.51,0.51,0.75,0.04
01/11/2025,23:00,N,0.29,0.35,0.35,0.24,0.04
01/11/2025,24:00,N,0.29,0.35,0.35,0.24,0.04
01/12/2025,01:00,N,0.29,1.22,0.4,0.09,0.03
01/12/2025,02:00,N,0.27,0.74,0.36,0.09,0.04
01/12/2025,03:00,N,0.29,0.67,0.3,0.27,0.04
01/12/2025,04:00,N,0.29,0.67,0.3,0.3,0.03
01/12/2025,05:00,N,0.29,0.8,0.3,0.3,0.04
01/12/2025,06:00,N,0.29,0.87,0.49,0.49,0.04
01/12/2025,07:00,N,0.48,1,1,1.02,0.06
01/12/2025,08:00,N,1.01,0.67,1,1,0.11
01/12/2025,09:00,N,1.19,1.5,1.5,1.5,1.5
01/12/2025,10:00,N,1.05,1.25,1,1,1
01/12/2025,11:00,N,0.35,1.17,0.79,0.79,0.79
01/12/2025,12:00,N,0.29,0.88,0.5,0.5,0.5
01/12/2025,13:00,N,0.32,0.87,0.49,0.49,0.35
01/12/2025,14:00,N,0.29,0.72,0.34,0.44,0.34
01/12/2025,15:00,N,0.49,0.8,0.42,0.48,0.42
01/12/2025,16:00,N,0.53,0.7,0.32,0.44,0.32
01/12/2025,17:00,N,1.29,1.96,0.5,0.5,0.24
01/12/2025,18:00,N,2.41,1.34,1,1,1
01/12/2025,19:00,N,2.3,1,1,1,0.24
01/12/2025,20:00,N,0.15,0.5,1.01,1.01,0.24
01/12/2025,21:00,N,0.29,1.5,0.63,0.92,0.15
01/12/2025,22:00,N,0.29,0.97,0.68,0.97,0.14
01/12/2025,23:00,N,0.29,2.3,0.3,0.25,0.15
01/12/2025,24:00,N,0.29,2.22,0.35,0.25,0.06
01/13/2025,01:00,N,0.28,1.04,0.29,0.1,0.04
01/13/2025,02:00,N,0.24,1.04,0.29,0.11,0.05
01/13/2025,03:00,N,0.24,1,0.29,0.29,0.05
01/13/2025,04:00,N,0.29,1.29,0.29,0.29,0.04
01/13/2025,05:00,N,0.53,1.79,0.29,0.29,0.05
01/13/2025,06:00,N,0.53,2.35,0.48,0.48,0.15
01/13/2025,07:00,N,0.53,2.4,3,3,3
01/13/2025,08:00,N,1.8,2.68,3.12,3.12,3.12
01/13/2025,09:00,N,2.77,4.9,4.9,4.9,4.9
01/13/2025,10:00,N,1.05,1.2,1.07,1.07,1.07
01/13/2025,11:00,N,0.35,1.22,0.97,0.97,0.97
01/13/2025,12:00,N,0.29,0.74,0.5,0.5,0.5
01/13/2025,13:00,N,0.29,0.75,0.5,0.5,0.3
01/13/2025,14:00,N,0.29,0.75,0.5,0.5,0.3
01/13/2025,15:00,N,0.29,1,0.49,0.5,0.49
01/13/2025,16:00,N,1.25,0.9,0.4,0.49,0.4
01/13/2025,17:00,N,1.53,1.98,0.5,0.5,0.5
01/13/2025,18:00,N,2.07,1.5,1,1,1
01/13/2025,19:00,N,1.99,1.32,1.32,1.1,0.2
01/13/2025,20:00,N,0.15,1.5,1.5,1.5,0.21
01/13/2025,21:00,N,0.53,2.34,0.78,1.03,0.22
01/13/2025,22:00,N,0.53,2,0.75,1,0.23
01/13/2025,23:00,N,0.53,1,0.29,0.25,0.04
01/13/2025,24:00,N,0.5,0.5,0.29,0.25,0.04
01/14/2025,01:00,N,0.5,1.1,0.35,0.08,0.04
01/14/2025,02:00,N,0.25,1,0.29,0.08,0.04
01/14/2025,03:00,N,0.18,0.72,0.29,0.28,0.04
01/14/2025,04:00,N,0.31,1.35,0.35,0.28,0.04
01/14/2025,05:00,N,0.53,1.82,0.32,0.28,0.04
01/14/2025,06:00,N,0.53,3.1,0.47,0.47,0.1
01/14/2025,07:00,N,0.53,1.1,1.05,1.05,0.25
01/14/2025,08:00,N,5.03,2.2,3.28,1.07,3.28
01/14/2025,09:00,N,5.94,7.5,5.38,5,5.38
01/14/2025,10:00,N,1.05,6.56,2.04,2.04,2.04
01/14/2025,11:00,N,0.53,1.63,1,1,1
01/14/2025,12:00,N,0.53,0.92,0.72,0.72,0.72
01/14/2025,13:00,N,0.53,0.75,0.5,0.5,0.24
01/14/2025,14:00,N,0.53,1.04,0.5,0.5,0.24
01/14/2025,15:00,N,0.53,1.04,0.5,0.5,0.41
01/14/2025,16:00,N,1.25,1.79,0.49,0.49,0.49
01/14/2025,17:00,N,1.79,3.26,0.5,0.5,0.5
01/14/2025,18:00,N,3.03,4.89,1,1,1
01/14/2025,19:00,N,0.78,1.29,1.65,1.24,0.15
01/14/2025,20:00,N,0.15,2.94,1.24,1.24,0.16
01/14/2025,21:00,N,0.53,2.31,0.75,1,0.17
01/14/2025,22:00,N,0.53,2.01,0.76,1,0.18
01/14/2025,23:00,N,0.5,1.13,0.49,0.25,0.04
01/14/2025,24:00,N,0.53,1.44,0.5,0.25,0.04
01/15/2025,01:00,N,0.53,1.25,0.5,0.07,0.03
01/15/2025,02:00,N,0.53,1.12,0.37,0.07,0.04
01/15/2025,03:00,N,0.5,1.3,0.3,0.27,0.04
01/15/2025,04:00,N,0.53,1.19,0.3,0.27,0.04
01/15/2025,05:00,N,0.5,1.8,0.3,0.27,0.04
01/15/2025,06:00,N,0.53,3.07,0.44,0.44,0.05
01/15/2025,07:00,N,1.53,1.5,1.5,1.5,0.11
01/15/2025,08:00,N,4.02,1.76,1.93,1.93,0.12
01/15/2025,09:00,N,6.56,3.57,3,3,3
01/15/2025,10:00,N,1.53,6.25,3,3,3
01/15/2025,11:00,N,0.53,1.63,1,1,1
01/15/2025,12:00,N,0.53,0.92,0.74,0.74,0.74
01/15/2025,13:00,N,0.53,0.75,0.5,0.5,0.3
01/15/2025,14:00,N,0.53,0.94,0.5,0.5,0.5
01/15/2025,15:00,N,0.53,0.94,0.5,0.5,0.5
01/15/2025,16:00,N,1.25,0.99,0.49,0.49,0.49
01/15/2025,17:00,N,1.53,4.5,0.5,0.5,0.5
01/15/2025,18:00,N,1.09,2.51,1,1,1
01/15/2025,19:00,N,0.69,1.67,1.67,1.67,0.15
01/15/2025,20:00,N,0.53,2.94,1.5,1.5,0.16
01/15/2025,21:00,N,0.53,2.37,0.81,1.05,0.17
01/15/2025,22:00,N,0.53,2.04,0.79,1.03,0.18
01/15/2025,23:00,N,0.53,1.75,0.5,0.25,0.19
01/15/2025,24:00,N,0.53,1.44,0.5,0.25,0.04
01/16/2025,01:00,N,0.53,1.25,0.5,0.08,0.03
01/16/2025,02:00,N,0.53,1.25,0.5,0.08,0.04
01/16/2025,03:00,N,0.53,1.5,0.5,0.5,0.04
01/16/2025,04:00,N,0.53,1.4,0.4,0.4,0.04
01/16/2025,05:00,N,0.53,1.91,0.41,0.41,0.04
01/16/2025,06:00,N,0.53,3.13,0.5,0.5,0.05
01/16/2025,07:00,N,1.53,2.01,2.01,2.01,0.11
01/16/2025,08:00,N,5.94,2.95,4.4,4.4,0.5
01/16/2025,09:00,N,6.96,10.05,4.98,4,4.98
01/16/2025,10:00,N,1.53,10.43,1.5,1.5,1.5
01/16/2025,11:00,N,1.53,1.63,1,1,1
01/16/2025,12:00,N,1.25,1.07,0.94,0.94,0.94
01/16/2025,13:00,N,0.53,1.04,0.5,0.5,0.5
01/16/2025,14:00,N,0.53,1.04,0.5,0.5,0.5
01/16/2025,15:00,N,0.53,1.04,0.5,0.5,0.5
01/16/2025,16:00,N,1.25,1.79,0.49,0.49,0.49
01/16/2025,17:00,N,1.53,3.38,0.7,0.7,0.7
01/16/2025,18:00,N,3.08,2.3,1.5,1.07,1
01/16/2025,19:00,N,4.14,4.9,4.9,2.99,0.15
01/16/2025,20:00,N,0.53,1.74,1.32,1.32,0.16
01/16/2025,21:00,N,0.53,2.34,0.78,1,0.05
01/16/2025,22:00,N,0.53,2.03,0.78,1,0.04
01/16/2025,23:00,N,0.53,1.75,0.5,0.25,0.04
01/16/2025,24:00,N,0.53,1.44,0.5,0.25,0.04
01/17/2025,01:00,N,0.53,0.81,0.5,0.07,0.03
01/17/2025,02:00,N,0.52,0.54,0.35,0.07,0.04
01/17/2025,03:00,N,0.5,0.63,0.32,0.25,0.04
01/17/2025,04:00,N,0.53,0.66,0.35,0.25,0.03
01/17/2025,05:00,N,0.53,0.68,0.37,0.25,0.04
01/17/2025,06:00,N,0.53,1.96,0.4,0.4,0.06
01/17/2025,07:00,N,0.53,1,1,1,0.11
01/17/2025,08:00,N,0.53,0.74,1.03,1.03,0.12
01/17/2025,09:00,N,3.96,3.5,1.94,1.94,1.94
01/17/2025,10:00,N,1.79,2.01,1.89,1.39,1.89
01/17/2025,11:00,N,1.25,0.92,0.79,0.79,0.79
01/17/2025,12:00,N,0.62,0.56,0.5,0.5,0.5
01/17/2025,13:00,N,0.53,0.68,0.49,0.49,0.49
01/17/2025,14:00,N,0.53,0.68,0.49,0.49,0.49
01/17/2025,15:00,N,0.53,0.62,0.43,0.43,0.43
01/17/2025,16:00,N,0.53,0.71,0.4,0.4,0.4
01/17/2025,17:00,N,1.99,2,0.5,0.5,0.5
01/17/2025,18:00,N,4.25,1.35,0.92,0.92,0.5
01/17/2025,19:00,N,0.29,0.5,1,1,0.06
01/17/2025,20:00,N,0.53,0.5,1,0.96,0.06
01/17/2025,21:00,N,0.53,0.81,0.5,0.5,0.05
01/17/2025,22:00,N,0.53,0.75,0.5,0.5,0.04
01/17/2025,23:00,N,0.53,0.56,0.37,0.24,0.04
01/17/2025,24:00,N,0.53,0.55,0.3,0.24,0.04
01/18/2025,01:00,N,0.53,1.86,0.3,0.07,0.03
01/18/2025,02:00,N,0.53,1.24,0.3,0.07,0.04
01/18/2025,03:00,N,0.53,1.85,0.29,0.25,0.04
01/18/2025,04:00,N,0.53,1.86,0.3,0.25,0.03
01/18/2025,05:00,N,0.53,1.85,0.29,0.25,0.04
01/18/2025,06:00,N,0.53,1.86,0.3,0.3,0.04
01/18/2025,07:00,N,0.53,1,0.99,0.99,0.99
01/18/2025,08:00,N,1.53,0.72,1.01,1.01,1.01
01/18/2025,09:00,N,4,3.5,1.15,1.15,1.15
01/18/2025,10:00,N,1.79,2.96,1,1,1
01/18/2025,11:00,N,1.25,0.92,0.79,0.79,0.79
01/18/2025,12:00,N,0.62,0.85,0.5,0.5,0.5
01/18/2025,13:00,N,0.53,0.68,0.49,0.49,0.49
01/18/2025,14:00,N,0.53,0.69,0.5,0.5,0.5
01/18/2025,15:00,N,0.53,0.69,0.5,0.5,0.5
01/18/2025,16:00,N,0.62,0.81,0.5,0.5,0.5
01/18/2025,17:00,N,3.13,2.25,0.51,0.51,0.51
01/18/2025,18:00,N,4.1,1.35,1,1,1
01/18/2025,19:00,N,2.01,0.24,1,1,0.5
01/18/2025,20:00,N,1.53,0.5,0.96,0.96,0.5
01/18/2025,21:00,N,1.53,1.78,0.5,0.58,0.5
01/18/2025,22:00,N,1.53,1.53,0.5,0.58,0.06
01/18/2025,23:00,N,0.53,1.28,0.37,0.23,0.06
01/18/2025,24:00,N,0.53,1.53,0.49,0.23,0.05
01/19/2025,01:00,N,0.53,2.06,0.5,0.07,0.04
01/19/2025,02:00,N,0.53,1.44,0.5,0.07,0.04
01/19/2025,03:00,N,0.53,1.96,0.4,0.24,0.04
01/19/2025,04:00,N,0.53,1.96,0.4,0.24,0.04
01/19/2025,05:00,N,0.53,1.86,0.3,0.24,0.04
01/19/2025,06:00,N,0.53,2.48,0.29,0.25,0.04
01/19/2025,07:00,N,1.53,2.62,0.98,0.98,0.1
01/19/2025,08:00,N,1.53,1.76,1.76,1.05,0.5
01/19/2025,09:00,N,8.75,5,1.15,1.15,1.15
01/19/2025,10:00,N,1.47,4.69,1.35,1.35,1.35
01/19/2025,11:00,N,2.13,1.23,0.79,0.79,0.79
01/19/2025,12:00,N,2.13,1.23,0.44,0.49,0.44
01/19/2025,13:00,N,1.53,1.64,0.33,0.44,0.33
01/19/2025,14:00,N,1.53,1.7,0.39,0.49,0.39
01/19/2025,15:00,N,1.53,1.75,0.44,0.49,0.44
01/19/2025,16:00,N,1.53,2.13,0.29,0.49,0.29
01/19/2025,17:00,N,3.13,5.85,0.5,0.5,0.5
01/19/2025,18:00,N,5,3.98,2.14,1.03,2.14
01/19/2025,19:00,N,7.21,8,8,3.5,8
01/19/2025,20:00,N,1.53,8.12,3,3,3
01/19/2025,21:00,N,1.53,5.4,3.21,5.7,3.21
01/19/2025,22:00,N,1.53,2.54,0.79,1.94,0.79
01/19/2025,23:00,N,1.53,2,0.69,0.22,0.05
01/19/2025,24:00,N,1.53,2.43,0.68,0.22,0.04
01/20/2025,01:00,N,0.53,2.35,0.79,0.08,0.04
01/20/2025,02:00,N,0.53,1.44,0.5,0.08,0.04
01/20/2025,03:00,N,0.53,2.26,0.7,0.7,0.04
01/20/2025,04:00,N,0.53,1.95,0.5,0.5,0.04
01/20/2025,05:00,N,0.53,1.91,0.35,0.39,0.04
01/20/2025,06:00,N,1.53,3.52,0.79,0.79,0.1
01/20/2025,07:00,N,1.53,10,10,6,5.38
01/20/2025,08:00,N,7.13,5.32,15.4,5.9,9.99
01/20/2025,09:00,N,10.01,14.68,15,12.78,14.68
01/20/2025,10:00,N,1.1,10.25,10,5,10
01/20/2025,11:00,N,1.1,1.54,1.29,1.29,1.29
01/20/2025,12:00,N,1.5,1.04,0.79,0.95,0.79
01/20/2025,13:00,N,1.53,1.34,0.5,0.81,0.5
01/20/2025,14:00,N,1.53,1.19,0.44,0.81,0.44
01/20/2025,15:00,N,1.53,1.54,0.47,0.65,0.47
01/20/2025,16:00,N,1.53,1.95,0.4,0.69,0.4
01/20/2025,17:00,N,4.13,2.13,0.63,0.97,0.63
01/20/2025,18:00,N,7.94,4.59,4.14,3.99,4.14
01/20/2025,19:00,N,10,5.32,4.21,3.89,4.21
01/20/2025,20:00,N,3.13,5,3.89,3.89,3.89
01/20/2025,21:00,N,1.53,6.65,5.4,5.4,5.4
01/20/2025,22:00,N,1.53,1.79,0.79,3.3,0.18
01/20/2025,23:00,N,1.53,1.56,0.81,0.81,0.05
01/20/2025,24:00,N,1.53,1.81,0.81,0.81,0.04
01/21/2025,01:00,N,0.29,0.98,0.98,0.1,0.04
01/21/2025,02:00,N,0.29,0.79,0.79,0.1,0.04
01/21/2025,03:00,N,0.04,0.75,0.75,0.69,0.04
01/21/2025,04:00,N,0.29,0.79,0.79,0.5,0.04
01/21/2025,05:00,N,0.29,0.77,0.77,0.77,0.04
01/21/2025,06:00,N,0.29,0.92,0.92,0.92,0.84
01/21/2025,07:00,N,3.54,5.57,8.35,8.35,8.35
01/21/2025,08:00,N,2.51,27.23,32.04,19.23,26.1
01/21/2025,09:00,N,4.34,32.4,39.64,35.84,38.46
01/21/2025,10:00,N,1.47,29.31,31.5,33.5,33.5
01/21/2025,11:00,N,1.47,7.12,5.87,5.87,5.87
01/21/2025,12:00,N,0.29,2.02,0.98,1.16,0.98
01/21/2025,13:00,N,0.29,1.39,0.78,1,0.78
01/21/2025,14:00,N,0.29,1,0.5,1,0.5
01/21/2025,15:00,N,0.77,1.14,0.48,0.95,0.48
01/21/2025,16:00,N,1.39,1.39,0.43,0.95,0.43
01/21/2025,17:00,N,2.84,0.89,0.79,1.44,0.79
01/21/2025,18:00,N,2.31,7.18,10.96,3,10.45
01/21/2025,19:00,N,3.86,12.73,19.25,3,3
01/21/2025,20:00,N,0.19,6.25,8.31,3.99,3.99
01/21/2025,21:00,N,4.98,6.67,6.67,8.95,6.67
01/21/2025,22:00,N,1.98,7.75,7.75,8.95,0.21
01/21/2025,23:00,N,0.29,1,1,1,0.21
01/21/2025,24:00,N,0.29,1,1,1,0.06
01/22/2025,01:00,N,0.49,0.99,0.99,0.1,0.05
01/22/2025,02:00,N,0.29,0.98,0.98,0.11,0.05
01/22/2025,03:00,N,0.29,0.81,0.81,0.81,0.05
01/22/2025,04:00,N,0.29,0.79,0.79,0.79,0.05
01/22/2025,05:00,N,0.29,0.79,0.79,0.79,0.1
01/22/2025,06:00,N,0.29,0.86,0.86,0.91,0.86
01/22/2025,07:00,N,3.17,10.58,14.5,15.19,14.5
01/22/2025,08:00,N,2.22,24.65,34.65,19.5,34.65
01/22/2025,09:00,N,8.13,35.08,44.26,29,44.26
01/22/2025,10:00,N,4.08,17.47,20.4,10.67,20.4
01/22/2025,11:00,N,1.47,3.27,3.16,2.25,3.16
01/22/2025,12:00,N,0.43,1.71,1,1,1
01/22/2025,13:00,N,0.29,0.85,0.79,0.85,0.79
01/22/2025,14:00,N,0.29,1.09,0.63,0.68,0.63
01/22/2025,15:00,N,0.8,0.78,0.44,0.5,0.44
01/22/2025,16:00,N,1.39,0.66,0.37,0.49,0.37
01/22/2025,17:00,N,2.61,0.61,0.61,0.67,0.61
01/22/2025,18:00,N,3.17,6,9.88,1.06,1.06
01/22/2025,19:00,N,3.86,3.79,13.93,1.48,0.84
01/22/2025,20:00,N,0.29,2.48,3.17,1.48,0.84
01/22/2025,21:00,N,0.29,0.82,0.82,1.06,0.22
01/22/2025,22:00,N,0.29,0.98,0.98,1.9,0.18
01/22/2025,23:00,N,0.29,0.98,0.98,0.24,0.05
01/22/2025,24:00,N,0.29,0.98,0.98,0.25,0.05
01/23/2025,01:00,N,0.29,0.63,0.63,0.09,0.04
01/23/2025,02:00,N,0.29,0.5,0.5,0.1,0.05
01/23/2025,03:00,N,0.29,0.5,0.5,0.44,0.05
01/23/2025,04:00,N,0.29,0.5,0.5,0.3,0.04
01/23/2025,05:00,N,0.29,0.5,0.5,0.26,0.05
01/23/2025,06:00,N,0.29,0.5,0.5,0.5,0.15
01/23/2025,07:00,N,4.24,4.24,6.53,2.2,0.95
01/23/2025,08:00,N,2.22,10,17.07,6,6
01/23/2025,09:00,N,14,12.52,12.52,5,12.47
01/23/2025,10:00,N,2.56,4.63,4.63,2.2,4.63
01/23/2025,11:00,N,0.54,1.41,1.02,1.02,1.02
01/23/2025,12:00,N,0.44,1.28,0.79,0.83,0.79
01/23/2025,13:00,N,0.84,0.78,0.5,0.55,0.5
01/23/2025,14:00,N,0.88,0.86,0.5,0.55,0.5
01/23/2025,15:00,N,1,0.82,0.5,0.55,0.5
01/23/2025,16:00,N,0.53,0.84,0.45,0.5,0.45
01/23/2025,17:00,N,3.78,0.5,0.5,0.5,0.5
01/23/2025,18:00,N,1.43,3.11,1.65,1.06,1.16
01/23/2025,19:00,N,2.23,4.85,7.46,1.94,0.5
01/23/2025,20:00,N,0.19,2.77,3,3,3
01/23/2025,21:00,N,2.95,4.63,4.63,4.64,4.63
01/23/2025,22:00,N,0.29,1,1,2.31,1
01/23/2025,23:00,N,0.29,0.98,0.98,0.96,0.96
01/23/2025,24:00,N,0.29,1,1,0.84,0.84
01/24/2025,01:00,N,0.29,0.5,0.5,0.1,0.05
01/24/2025,02:00,N,0.29,0.5,0.5,0.11,0.06
01/24/2025,03:00,N,0.29,0.5,0.5,0.43,0.05
01/24/2025,04:00,N,0.29,0.5,0.5,0.3,0.05
01/24/2025,05:00,N,0.29,0.49,0.49,0.3,0.06
01/24/2025,06:00,N,0.29,0.49,0.49,0.49,0.15
01/24/2025,07:00,N,3.48,1.12,1.12,1.07,0.16
01/24/2025,08:00,N,1.31,4.73,5.77,1.27,0.17
01/24/2025,09:00,N,4.95,4.28,4.28,3,4.28
01/24/2025,10:00,N,4.04,5.95,5.55,1.1,5.55
01/24/2025,11:00,N,0.29,1.03,0.89,0.94,0.94
01/24/2025,12:00,N,0.29,0.63,0.53,0.58,0.53
01/24/2025,13:00,N,0.29,0.44,0.44,0.49,0.44
01/24/2025,14:00,N,0.29,0.5,0.45,0.5,0.4
01/24/2025,15:00,N,0.29,0.44,0.44,0.49,0.44
01/24/2025,16:00,N,0.29,0.4,0.4,0.45,0.4
01/24/2025,17:00,N,2.52,0.47,0.47,0.49,0.47
01/24/2025,18:00,N,1.27,0.93,1,0.92,0.92
01/24/2025,19:00,N,0.86,0.5,1,1,0.06
01/24/2025,20:00,N,0.19,0.24,1,1,0.06
01/24/2025,21:00,N,0.29,0.24,0.79,0.92,0.06
01/24/2025,22:00,N,0.29,0.74,0.74,0.89,0.05
01/24/2025,23:00,N,0.29,0.5,0.5,0.3,0.04
01/24/2025,24:00,N,0.29,0.5,0.5,0.25,0.04
01/25/2025,01:00,N,0.53,0.5,0.5,0.09,0.03
01/25/2025,02:00,N,0.53,0.5,0.5,0.1,0.04
01/25/2025,03:00,N,0.53,0.44,0.44,0.3,0.04
01/25/2025,04:00,N,0.53,0.44,0.44,0.29,0.04
01/25/2025,05:00,N,0.53,0.4,0.4,0.29,0.04
01/25/2025,06:00,N,0.53,0.35,0.35,0.3,0.04
01/25/2025,07:00,N,1.63,0.99,0.99,0.99,0.1
01/25/2025,08:00,N,0.75,0.8,1,1,0.11
01/25/2025,09:00,N,2.62,1.52,1.52,1.03,1.52
01/25/2025,10:00,N,1.98,3.53,1.5,1.03,1.5
01/25/2025,11:00,N,1.53,2.06,0.81,0.86,0.86
01/25/2025,12:00,N,0.53,1.68,0.5,0.55,0.5
01/25/2025,13:00,N,0.53,1.1,0.44,0.49,0.3
01/25/2025,14:00,N,0.53,0.55,0.45,0.5,0.45
01/25/2025,15:00,N,0.57,0.85,0.45,0.5,0.45
01/25/2025,16:00,N,1.39,0.53,0.44,0.49,0.3
01/25/2025,17:00,N,2.04,1.78,0.5,0.55,0.5
01/25/2025,18:00,N,1.16,1.5,1.5,1,0.24
01/25/2025,19:00,N,2.1,0.5,1.02,1.02,0.13
01/25/2025,20:00,N,0.53,0.5,1,1,0.14
01/25/2025,21:00,N,0.53,0.5,1,1,0.05
01/25/2025,22:00,N,0.53,0.68,0.68,0.92,0.04
01/25/2025,23:00,N,0.53,0.5,0.5,0.25,0.04
01/25/2025,24:00,N,0.53,0.5,0.5,0.25,0.04
01/26/2025,01:00,N,0.72,0.53,0.5,0.08,0.03
01/26/2025,02:00,N,0.53,0.53,0.5,0.09,0.04
01/26/2025,03:00,N,0.63,0.53,0.5,0.29,0.04
01/26/2025,04:00,N,0.78,0.53,0.44,0.28,0.04
01/26/2025,05:00,N,0.79,0.53,0.37,0.28,0.04
01/26/2025,06:00,N,1.13,0.53,0.3,0.29,0.05
01/26/2025,07:00,N,2.29,0.81,0.81,0.97,0.1
01/26/2025,08:00,N,0.9,0.82,0.99,0.99,0.11
01/26/2025,09:00,N,4.95,1.5,1.5,1.48,1.5
01/26/2025,10:00,N,2.11,2.11,1.5,1.48,1.5
01/26/2025,11:00,N,1.53,2.04,0.79,0.79,0.79
01/26/2025,12:00,N,1.53,1.68,0.5,0.55,0.5
01/26/2025,13:00,N,0.79,0.53,0.44,0.49,0.44
01/26/2025,14:00,N,0.79,1.05,0.31,0.37,0.31
01/26/2025,15:00,N,0.79,0.53,0.42,0.49,0.42
01/26/2025,16:00,N,0.79,0.53,0.4,0.45,0.4
01/26/2025,17:00,N,0.86,1.78,0.5,0.55,0.5
01/26/2025,18:00,N,1.41,1.28,1.28,1.28,1.28
01/26/2025,19:00,N,2.4,0.5,1.5,2.64,0.5
01/26/2025,20:00,N,1.53,0.5,1.5,1.5,0.5
01/26/2025,21:00,N,0.79,0.5,1.5,1.94,0.19
01/26/2025,22:00,N,0.76,0.78,0.78,1,0.16
01/26/2025,23:00,N,0.68,0.53,0.5,0.25,0.17
01/26/2025,24:00,N,0.71,0.53,0.5,0.25,0.04
01/27/2025,01:00,N,0.29,0.68,0.68,0.07,0.04
01/27/2025,02:00,N,0.29,0.63,0.63,0.08,0.04
01/27/2025,03:00,N,0.29,0.5,0.5,0.25,0.04
01/27/2025,04:00,N,0.29,0.5,0.5,0.27,0.04
01/27/2025,05:00,N,0.29,0.41,0.41,0.27,0.04
01/27/2025,06:00,N,1.29,1.42,0.42,0.3,0.05
01/27/2025,07:00,N,3.54,0.93,1.5,2,0.5
01/27/2025,08:00,N,2.75,8.36,8.36,3.95,3.95
01/27/2025,09:00,N,4.26,8.5,8.57,4.95,8.57
01/27/2025,10:00,N,2.15,7.95,7.95,4.3,7.95
01/27/2025,11:00,N,0.78,3.54,1.25,1.25,1.25
01/27/2025,12:00,N,0.24,2.44,0.95,1,0.95
01/27/2025,13:00,N,0.18,0.49,0.49,0.55,0.49
01/27/2025,14:00,N,0.02,0.44,0.44,0.5,0.44
01/27/2025,15:00,N,0.29,0.55,0.49,0.54,0.49
01/27/2025,16:00,N,0.29,0.3,0.3,0.44,0.3
01/27/2025,17:00,N,1.3,2.65,0.45,0.5,0.45
01/27/2025,18:00,N,0.94,2.05,1.5,1.5,1.5
01/27/2025,19:00,N,3,1.35,5.89,5.89,5.89
01/27/2025,20:00,N,0.19,0.97,1.57,5.42,1.57
01/27/2025,21:00,N,0.29,0.79,0.79,3,0.79
01/27/2025,22:00,N,0.29,0.79,0.79,1.48,0.3
01/27/2025,23:00,N,0.29,0.63,0.63,0.25,0.05
01/27/2025,24:00,N,0.29,0.63,0.63,0.25,0.04
01/28/2025,01:00,N,0.72,0.6,0.5,0.07,0.04
01/28/2025,02:00,N,0.53,0.54,0.44,0.07,0.04
01/28/2025,03:00,N,0.63,0.53,0.37,0.25,0.04
01/28/2025,04:00,N,0.78,0.6,0.5,0.26,0.04
01/28/2025,05:00,N,0.79,0.53,0.37,0.3,0.04
01/28/2025,06:00,N,1.13,0.53,0.3,0.3,0.1
01/28/2025,07:00,N,4.95,1,1,1.1,0.11
01/28/2025,08:00,N,4.9,5,5,3.95,0.95
01/28/2025,09:00,N,3.16,7.5,7.5,3.95,7.5
01/28/2025,10:00,N,1.98,8.85,8,6.05,8
01/28/2025,11:00,N,0.78,2.27,1.02,1.07,1.02
01/28/2025,12:00,N,0.49,1.8,0.8,0.94,0.8
01/28/2025,13:00,N,0.5,0.79,0.79,0.92,0.79
01/28/2025,14:00,N,0.07,0.53,0.53,0.58,0.53
01/28/2025,15:00,N,0.55,0.54,0.54,0.64,0.54
01/28/2025,16:00,N,0.79,0.53,0.45,0.5,0.45
01/28/2025,17:00,N,2.94,2.68,0.75,0.8,0.75
01/28/2025,18:00,N,1.45,1.07,1.07,1.07,1.07
01/28/2025,19:00,N,4.08,1.35,2.16,2.16,0.5
01/28/2025,20:00,N,1.53,0.5,1.48,1.48,0.5
01/28/2025,21:00,N,0.79,2.74,1.94,1.94,0.2
01/28/2025,22:00,N,0.76,0.79,0.79,1.03,0.05
01/28/2025,23:00,N,0.68,0.79,0.79,0.25,0.05
01/28/2025,24:00,N,0.71,0.79,0.79,0.25,0.04
01/29/2025,01:00,N,0.8,0.69,0.69,0.08,0.04
01/29/2025,02:00,N,0.55,0.53,0.5,0.08,0.04
01/29/2025,03:00,N,0.55,0.53,0.5,0.25,0.04
01/29/2025,04:00,N,0.75,0.53,0.5,0.25,0.04
01/29/2025,05:00,N,0.82,0.53,0.43,0.29,0.04
01/29/2025,06:00,N,1.11,0.53,0.4,0.3,0.1
01/29/2025,07:00,N,3.2,1.02,1.02,1.02,0.95
01/29/2025,08:00,N,2.5,1.5,1.5,1.5,0.95
01/29/2025,09:00,N,3.92,4,4,3.95,4
01/29/2025,10:00,N,1.46,13.5,13.5,4.3,13.5
01/29/2025,11:00,N,1.03,3.93,1.65,1.65,1.65
01/29/2025,12:00,N,0.51,1.95,0.95,1,0.95
01/29/2025,13:00,N,0.33,0.8,0.8,0.95,0.8
01/29/2025,14:00,N,0.5,0.85,0.79,0.94,0.79
01/29/2025,15:00,N,0.79,0.6,0.53,0.68,0.53
01/29/2025,16:00,N,0.79,0.58,0.5,0.57,0.5
01/29/2025,17:00,N,0.7,2.68,0.89,0.94,0.89
01/29/2025,18:00,N,1.93,1.06,1.06,1.06,1.06
01/29/2025,19:00,N,1.98,0.51,1.5,2.97,1.45
01/29/2025,20:00,N,1.53,1.08,1.5,1.5,1.45
01/29/2025,21:00,N,0.79,0.51,1.5,1.96,1
01/29/2025,22:00,N,0.76,0.79,0.79,1.01,0.06
01/29/2025,23:00,N,0.68,0.74,0.74,0.3,0.06
01/29/2025,24:00,N,0.71,0.79,0.79,0.3,0.05
01/30/2025,01:00,N,0.43,0.53,0.53,0.07,0.04
01/30/2025,02:00,N,0.2,0.5,0.5,0.07,0.04
01/30/2025,03:00,N,0.2,0.5,0.5,0.25,0.04
01/30/2025,04:00,N,0.21,0.5,0.5,0.25,0.04
01/30/2025,05:00,N,0.2,0.49,0.49,0.28,0.04
01/30/2025,06:00,N,0.2,0.45,0.45,0.3,0.1
01/30/2025,07:00,N,1.98,0.73,0.73,1,0.73
01/30/2025,08:00,N,0.1,1,1,1,0.95
01/30/2025,09:00,N,3.69,1,1,1,1
01/30/2025,10:00,N,1.66,1.95,1.95,1.95,1.95
01/30/2025,11:00,N,0.68,1.07,1.07,1.07,1.07
01/30/2025,12:00,N,0.69,0.79,0.79,0.84,0.79
01/30/2025,13:00,N,0.2,0.5,0.5,0.55,0.5
01/30/2025,14:00,N,0.43,0.53,0.53,0.58,0.53
01/30/2025,15:00,N,0.2,0.5,0.5,0.55,0.5
01/30/2025,16:00,N,0.2,0.49,0.49,0.54,0.49
01/30/2025,17:00,N,0.11,0.5,0.5,0.55,0.5
01/30/2025,18:00,N,0.45,0.68,0.68,0.96,0.68
01/30/2025,19:00,N,0.1,0.81,0.81,1.06,0.81
01/30/2025,20:00,N,0.1,0.5,0.5,1.02,0.5
01/30/2025,21:00,N,0.1,0.5,0.5,1,0.5
01/30/2025,22:00,N,0.14,0.53,0.53,0.84,0.06
01/30/2025,23:00,N,0.2,0.44,0.44,0.25,0.06
01/30/2025,24:00,N,0.2,0.44,0.44,0.25,0.05
01/31/2025,01:00,N,0.71,0.53,0.5,0.07,0.03
01/31/2025,02:00,N,0.55,0.53,0.5,0.07,0.04
01/31/2025,03:00,N,0.55,0.53,0.5,0.25,0.04
01/31/2025,04:00,N,0.75,0.53,0.48,0.25,0.04
01/31/2025,05:00,N,0.82,0.53,0.36,0.27,0.04
01/31/2025,06:00,N,0.67,0.79,0.37,0.29,0.05
01/31/2025,07:00,N,2.29,1,1,1,0.05
01/31/2025,08:00,N,1.63,1.34,1.34,1.07,0.06
01/31/2025,09:00,N,5,1.99,1.99,1.5,1.99
01/31/2025,10:00,N,3.6,7.2,6.83,1.06,6.83
01/31/2025,11:00,N,0.78,2.2,0.99,0.99,0.99
01/31/2025,12:00,N,0.79,1.68,0.5,0.58,0.5
01/31/2025,13:00,N,0.79,0.53,0.49,0.5,0.49
01/31/2025,14:00,N,0.79,0.53,0.49,0.5,0.49
01/31/2025,15:00,N,0.79,1.39,0.4,0.5,0.4
01/31/2025,16:00,N,0.79,1.39,0.3,0.49,0.3
01/31/2025,17:00,N,3.73,2.32,0.5,0.97,0.5
01/31/2025,18:00,N,1.31,5.5,3.13,3.75,3.13
01/31/2025,19:00,N,2.16,1.25,6.79,10.59,5
01/31/2025,20:00,N,4.13,1.33,9.9,9.9,9.9
01/31/2025,21:00,N,2.3,5.57,9.49,6.55,6.55
01/31/2025,22:00,N,2.14,7.5,3,6.2,3
01/31/2025,23:00,N,0.68,0.8,0.8,1,0.8
01/31/2025,24:00,N,0.71,0.79,0.79,0.3,0.16
02/01/2025,01:00,N,0.71,0.81,0.81,0.07,0.03
02/01/2025,02:00,N,0.55,0.79,0.79,0.07,0.03
02/01/2025,03:00,N,0.55,0.79,0.79,0.3,0.03
02/01/2025,04:00,N,0.75,0.79,0.79,0.3,0.04
02/01/2025,05:00,N,0.82,0.75,0.75,0.3,0.04
02/01/2025,06:00,N,1.11,0.79,0.67,0.28,0.04
02/01/2025,07:00,N,1.71,2.19,2.19,1.06,0.1
02/01/2025,08:00,N,2,2.9,3.45,1.06,0.11
02/01/2025,09:00,N,3.61,5.07,5.28,1.07,5.28
02/01/2025,10:00,N,1.88,5.88,5.88,1.07,5.88
02/01/2025,11:00,N,1.5,3,1.03,0.79,1.03
02/01/2025,12:00,N,0.99,1.68,0.5,0.5,0.5
02/01/2025,13:00,N,0.99,0.53,0.5,0.49,0.5
02/01/2025,14:00,N,0.99,0.8,0.5,0.49,0.5
02/01/2025,15:00,N,0.99,0.89,0.79,0.84,0.84
02/01/2025,16:00,N,0.99,1.39,0.63,0.63,0.63
02/01/2025,17:00,N,2.97,1.24,0.79,0.84,0.84
02/01/2025,18:00,N,0.69,2.5,1,1,1
02/01/2025,19:00,N,0.99,0.93,1.5,1.03,1.03
02/01/2025,20:00,N,2,1.5,1.5,1,0.14
02/01/2025,21:00,N,1.98,0.5,1,1,0.15
02/01/2025,22:00,N,2.13,2.5,0.82,0.96,0.04
02/01/2025,23:00,N,1.13,0.69,0.69,0.2,0.03
02/01/2025,24:00,N,0.71,0.74,0.74,0.2,0.02
02/02/2025,01:00,N,0.99,0.69,0.5,0.07,0.03
02/02/2025,02:00,N,0.55,0.69,0.5,0.07,0.03
02/02/2025,03:00,N,0.55,0.69,0.5,0.25,0.03
02/02/2025,04:00,N,0.75,0.69,0.5,0.25,0.03
02/02/2025,05:00,N,0.99,0.69,0.5,0.25,0.04
02/02/2025,06:00,N,1.11,0.79,0.5,0.25,0.04
02/02/2025,07:00,N,2,1.46,1.46,0.99,0.1
02/02/2025,08:00,N,1.43,1.17,1.5,0.99,0.11
02/02/2025,09:00,N,3,5.46,5.46,1.01,5.46
02/02/2025,10:00,N,0.64,4.9,4.25,1,4.25
02/02/2025,11:00,N,1.25,2.35,0.52,0.49,0.52
02/02/2025,12:00,N,0.99,1.68,0.4,0.35,0.4
02/02/2025,13:00,N,0.99,0.69,0.37,0.37,0.37
02/02/2025,14:00,N,0.99,1.58,0.44,0.44,0.44
02/02/2025,15:00,N,0.99,1.58,0.78,0.78,0.78
02/02/2025,16:00,N,0.99,1.58,0.5,0.5,0.5
02/02/2025,17:00,N,2.97,1.8,0.68,0.73,0.73
02/02/2025,18:00,N,0.69,2.5,1.36,1.48,1.36
02/02/2025,19:00,N,0.99,1.91,2.48,2.48,2.48
02/02/2025,20:00,N,1.98,0.5,1.48,1.48,0.15
02/02/2025,21:00,N,1.98,0.5,1,1.01,0.15
02/02/2025,22:00,N,2.13,1.02,0.85,1,0.04
02/02/2025,23:00,N,1.13,0.75,0.75,0.2,0.03
02/02/2025,24:00,N,0.98,0.88,0.88,0.2,0.02
02/03/2025,01:00,N,1.06,1,0.5,0.06,0.03
02/03/2025,02:00,N,0.99,0.79,0.5,0.06,0.03
02/03/2025,03:00,N,1.5,0.79,0.5,0.25,0.03
02/03/2025,04:00,N,0.89,0.79,0.5,0.25,0.04
02/03/2025,05:00,N,1.58,0.79,0.5,0.25,0.04
02/03/2025,06:00,N,2.23,0.79,0.44,0.25,0.04
02/03/2025,07:00,N,1.37,1,1,1,0.1
02/03/2025,08:00,N,1.14,0.94,1.25,1,0.11
02/03/2025,09:00,N,2.14,3,3,1,3
02/03/2025,10:00,N,0.5,4,2.18,1,2.18
02/03/2025,11:00,N,0.5,1.13,0.5,0.35,0.5
02/03/2025,12:00,N,1.13,1.13,0.31,0.3,0.31
02/03/2025,13:00,N,1.24,1.13,0.33,0.33,0.33
02/03/2025,14:00,N,1.47,1.13,0.44,0.35,0.44
02/03/2025,15:00,N,1.13,1.44,0.77,0.77,0.77
02/03/2025,16:00,N,1.38,1.22,0.6,0.6,0.6
02/03/2025,17:00,N,3,0.88,0.83,0.88,0.88
02/03/2025,18:00,N,0.69,5.13,5.13,11.5,5.13
02/03/2025,19:00,N,0.99,11.57,17.45,12.5,17.45
02/03/2025,20:00,N,1.98,4.36,4.36,6,4.36
02/03/2025,21:00,N,1.35,0.5,2,4,2
02/03/2025,22:00,N,1.24,0.98,1,1,0.17
02/03/2025,23:00,N,1.33,1.58,0.79,0.25,0.04
02/03/2025,24:00,N,0.98,0.98,0.79,0.25,0.02
02/04/2025,01:00,N,0.59,1.39,0.78,0.06,0.03
02/04/2025,02:00,N,0.59,1.39,0.5,0.06,0.03
02/04/2025,03:00,N,0.59,1.39,0.5,0.24,0.03
02/04/2025,04:00,N,0.59,1.39,0.5,0.25,0.04
02/04/2025,05:00,N,0.59,1,0.5,0.24,0.04
02/04/2025,06:00,N,1.11,1.39,0.49,0.25,0.04
02/04/2025,07:00,N,1.96,1,1,0.99,0.1
02/04/2025,08:00,N,2,1.49,2.03,0.99,0.11
02/04/2025,09:00,N,1.96,4,4,0.99,4
02/04/2025,10:00,N,1.88,4,4,1.01,4
02/04/2025,11:00,N,3,1,1,0.49,1
02/04/2025,12:00,N,1.13,0.8,0.5,0.47,0.5
02/04/2025,13:00,N,1.13,1.13,0.5,0.32,0.5
02/04/2025,14:00,N,1.13,1.13,0.5,0.34,0.5
02/04/2025,15:00,N,0.6,1.13,0.95,0.95,0.95
02/04/2025,16:00,N,1.13,1.13,0.81,0.81,0.81
02/04/2025,17:00,N,2.94,0.79,0.79,0.84,0.79
02/04/2025,18:00,N,2,1.5,1.5,1.5,1.5
02/04/2025,19:00,N,3.18,3,3,3,3
02/04/2025,20:00,N,2,1.24,1.5,1.5,0.15
02/04/2025,21:00,N,1.47,0.5,1.03,1.03,0.16
02/04/2025,22:00,N,1.24,1.24,0.79,0.95,0.04
02/04/2025,23:00,N,0.73,1.58,0.8,0.15,0.03
02/04/2025,24:00,N,0.73,0.98,0.98,0.15,0.02
02/05/2025,01:00,N,0.59,1.39,0.68,0.07,0.03
02/05/2025,02:00,N,0.59,0.93,0.63,0.07,0.03
02/05/2025,03:00,N,0.59,1,0.5,0.24,0.03
02/05/2025,04:00,N,0.59,1,0.49,0.24,0.04
02/05/2025,05:00,N,0.59,1,0.44,0.24,0.04
02/05/2025,06:00,N,1.11,1.39,0.44,0.24,0.05
02/05/2025,07:00,N,1.98,0.96,0.96,0.96,0.11
02/05/2025,08:00,N,2,1,1,0.97,0.12
02/05/2025,09:00,N,1.96,1.48,1.48,0.98,1.48
02/05/2025,10:00,N,1.88,1.1,1.1,1.01,1.1
02/05/2025,11:00,N,2,0.51,0.51,0.48,0.51
02/05/2025,12:00,N,2.23,1.8,0.5,0.46,0.5
02/05/2025,13:00,N,1.13,1.56,0.5,0.47,0.5
02/05/2025,14:00,N,1.13,1.5,0.5,0.45,0.5
02/05/2025,15:00,N,1.13,1.13,0.8,0.8,0.8
02/05/2025,16:00,N,1.13,1.13,0.7,0.74,0.7
02/05/2025,17:00,N,3.74,0.86,0.86,0.86,0.86
02/05/2025,18:00,N,2,1.5,1.5,1.5,1.5
02/05/2025,19:00,N,2.38,3,3.5,3,3.5
02/05/2025,20:00,N,2,0.5,1.38,1.38,0.5
02/05/2025,21:00,N,0.79,0.5,1,1.01,0.16
02/05/2025,22:00,N,1.4,1.4,0.79,1,0.04
02/05/2025,23:00,N,0.73,1.58,0.73,0.2,0.03
02/05/2025,24:00,N,0.73,0.98,0.79,0.2,0.02
02/06/2025,01:00,N,0.59,0.99,0.63,0.06,0.03
02/06/2025,02:00,N,0.51,0.99,0.5,0.06,0.03
02/06/2025,03:00,N,0.59,0.99,0.5,0.24,0.03
02/06/2025,04:00,N,0.59,0.99,0.5,0.24,0.03
02/06/2025,05:00,N,0.59,0.99,0.5,0.23,0.04
02/06/2025,06:00,N,1.53,0.99,0.46,0.25,0.04
02/06/2025,07:00,N,1.98,1,1,1,0.05
02/06/2025,08:00,N,2,1,1,0.99,0.11
02/06/2025,09:00,N,0.65,1.5,1.5,1,1.5
02/06/2025,10:00,N,1.51,1.03,1.03,1.03,1.03
02/06/2025,11:00,N,1.28,1,1,0.47,1
02/06/2025,12:00,N,1.13,1.13,0.45,0.45,0.45
02/06/2025,13:00,N,1.13,1.13,0.46,0.46,0.46
02/06/2025,14:00,N,1.13,1.13,0.5,0.49,0.5
02/06/2025,15:00,N,1.13,1.13,0.97,0.97,0.97
02/06/2025,16:00,N,1.13,1.13,0.71,0.76,0.71
02/06/2025,17:00,N,2.94,1,1,1,1
02/06/2025,18:00,N,4.9,12.52,12.52,11.54,12.52
02/06/2025,19:00,N,4.9,7.51,12.52,7.62,12.52
02/06/2025,20:00,N,0.69,3.17,3,3,0.3
02/06/2025,21:00,N,0.55,2.11,1.5,4,0.18
02/06/2025,22:00,N,2.13,1.89,0.89,1.04,0.15
02/06/2025,23:00,N,0.73,1.4,0.98,0.1,0.03
02/06/2025,24:00,N,0.73,0.98,0.79,0.1,0.03
02/07/2025,01:00,N,0.59,1.01,0.81,0.07,0.04
02/07/2025,02:00,N,0.59,0.99,0.79,0.07,0.03
02/07/2025,03:00,N,0.59,0.99,0.5,0.25,0.04
02/07/2025,04:00,N,0.59,0.99,0.5,0.25,0.04
02/07/2025,05:00,N,0.58,0.99,0.5,0.25,0.04
02/07/2025,06:00,N,1.53,1.49,0.5,0.5,0.04
02/07/2025,07:00,N,1.96,2.09,2.09,1.04,0.3
02/07/2025,08:00,N,1.96,4.83,6.04,1.48,0.3
02/07/2025,09:00,N,3,6.75,6.75,2.34,6.75
02/07/2025,10:00,N,0.5,5.65,3.64,2,3.64
02/07/2025,11:00,N,2.5,1.98,0.63,0.58,0.63
02/07/2025,12:00,N,1.1,0.83,0.44,0.44,0.44
02/07/2025,13:00,N,1.1,1.13,0.49,0.49,0.49
02/07/2025,14:00,N,1.13,0.96,0.5,0.5,0.5
02/07/2025,15:00,N,0.72,1.13,0.91,0.96,0.93
02/07/2025,16:00,N,1.13,1.13,0.89,0.94,0.89
02/07/2025,17:00,N,0.95,1.13,0.89,0.94,0.93
02/07/2025,18:00,N,2,1.03,1.1,1.1,1.1
02/07/2025,19:00,N,4.9,1.97,1.97,1.97,1.97
02/07/2025,20:00,N,1.59,1.36,1.06,1.06,0.16
02/07/2025,21:00,N,0.01,0.5,1.1,1.1,0.04
02/07/2025,22:00,N,2.13,1.81,0.81,1,0.04
02/07/2025,23:00,N,0.73,1.58,0.79,0.1,0.04
02/07/2025,24:00,N,0.73,0.98,0.79,0.1,0.03
02/08/2025,01:00,N,0.59,0.99,0.78,0.07,0.03
02/08/2025,02:00,N,0.59,0.99,0.62,0.08,0.03
02/08/2025,03:00,N,0.59,0.99,0.5,0.25,0.04
02/08/2025,04:00,N,0.59,0.99,0.5,0.25,0.04
02/08/2025,05:00,N,0.59,0.99,0.5,0.25,0.04
02/08/2025,06:00,N,1.11,0.99,0.4,0.25,0.04
02/08/2025,07:00,N,0.62,1,1,0.99,0.11
02/08/2025,08:00,N,1.22,0.6,1,0.96,0.12
02/08/2025,09:00,N,2,1.5,1,0.99,1
02/08/2025,10:00,N,1,2.55,1,0.99,1
02/08/2025,11:00,N,1.1,1.5,0.5,0.35,0.5
02/08/2025,12:00,N,1.13,0.94,0.3,0.3,0.3
02/08/2025,13:00,N,0.63,1.13,0.33,0.33,0.33
02/08/2025,14:00,N,1.1,1.13,0.4,0.4,0.4
02/08/2025,15:00,N,0.91,1.13,0.73,0.73,0.73
02/08/2025,16:00,N,1.13,1.13,0.68,0.73,0.73
02/08/2025,17:00,N,1.18,0.83,0.78,0.83,0.83
02/08/2025,18:00,N,3.75,2.36,2.36,1.49,2.36
02/08/2025,19:00,N,4.9,2.17,2.99,2.79,2.99
02/08/2025,20:00,N,1.96,0.84,1.65,1.1,0.17
02/08/2025,21:00,N,1.96,1.5,1.48,1.48,0.04
02/08/2025,22:00,N,2,1.79,0.79,1,0.04
02/08/2025,23:00,N,0.73,1.58,0.79,0.2,0.04
02/08/2025,24:00,N,0.73,0.79,0.79,0.25,0.03
02/09/2025,01:00,N,0.67,0.99,0.73,0.07,0.03
02/09/2025,02:00,N,0.57,0.99,0.5,0.07,0.03
02/09/2025,03:00,N,0.84,0.99,0.63,0.25,0.04
02/09/2025,04:00,N,0.99,0.99,0.5,0.25,0.04
02/09/2025,05:00,N,0.99,0.99,0.5,0.25,0.04
02/09/2025,06:00,N,1.11,0.99,0.5,0.25,0.04
02/09/2025,07:00,N,0.81,1,1,0.98,0.04
02/09/2025,08:00,N,1.96,1,1,0.99,0.05
02/09/2025,09:00,N,2,1.51,1.51,1.01,1.51
02/09/2025,10:00,N,1.96,1.5,1.1,1.01,1.1
02/09/2025,11:00,N,2.5,0.71,0.5,0.35,0.5
02/09/2025,12:00,N,0.74,1.12,0.3,0.3,0.3
02/09/2025,13:00,N,0.5,1.13,0.32,0.32,0.32
02/09/2025,14:00,N,1.13,1.13,0.39,0.39,0.39
02/09/2025,15:00,N,1.13,1.13,0.63,0.63,0.63
02/09/2025,16:00,N,0.5,0.91,0.61,0.61,0.61
02/09/2025,17:00,N,2.82,0.95,0.88,0.93,0.93
02/09/2025,18:00,N,2,3.5,3.5,3,3.5
02/09/2025,19:00,N,2,4.41,6.79,4.94,6.79
02/09/2025,20:00,N,0.5,0.5,2.97,2.97,1.12
02/09/2025,21:00,N,0.08,1.5,1.5,2,0.93
02/09/2025,22:00,N,1.13,2,1,1.25,0.3
02/09/2025,23:00,N,0.73,1.56,0.79,0.82,0.05
02/09/2025,24:00,N,0.73,0.98,0.79,0.24,0.04
02/10/2025,01:00,N,0.79,0.99,0.5,0.07,0.03
02/10/2025,02:00,N,0.65,0.5,0.5,0.07,0.03
02/10/2025,03:00,N,0.5,0.52,0.5,0.25,0.04
02/10/2025,04:00,N,0.5,0.5,0.5,0.25,0.04
02/10/2025,05:00,N,0.66,0.99,0.44,0.27,0.04
02/10/2025,06:00,N,1.13,0.99,0.44,0.44,0.05
02/10/2025,07:00,N,1.7,1.1,1.1,1.01,0.11
02/10/2025,08:00,N,2.65,3.25,3.25,1.03,0.12
02/10/2025,09:00,N,3.96,6.5,6.5,3,6.5
02/10/2025,10:00,N,2.99,7.5,5.39,1.48,5.39
02/10/2025,11:00,N,2.99,3.02,1,1,1
02/10/2025,12:00,N,0.59,1.13,0.5,0.5,0.5
02/10/2025,13:00,N,0.5,1.13,0.44,0.44,0.44
02/10/2025,14:00,N,0.59,1.13,0.49,0.49,0.49
02/10/2025,15:00,N,0.5,1.13,0.96,0.96,0.96
02/10/2025,16:00,N,0.59,1.13,0.89,0.94,0.89
02/10/2025,17:00,N,1.13,3.3,0.95,1,1
02/10/2025,18:00,N,2,3.99,3,3,3
02/10/2025,19:00,N,3.08,3.5,3.5,3,3.5
02/10/2025,20:00,N,1.96,0.51,2,2,0.51
02/10/2025,21:00,N,1.29,1.5,1.5,1.96,0.25
02/10/2025,22:00,N,1.13,2,1,1.15,0.19
02/10/2025,23:00,N,0.73,1.58,0.74,0.62,0.04
02/10/2025,24:00,N,0.73,0.98,0.74,0.2,0.03
02/11/2025,01:00,N,0.59,0.79,0.5,0.06,0.04
02/11/2025,02:00,N,0.59,0.79,0.5,0.06,0.04
02/11/2025,03:00,N,0.59,0.79,0.5,0.24,0.04
02/11/2025,04:00,N,0.59,0.79,0.5,0.24,0.04
02/11/2025,05:00,N,0.59,0.79,0.49,0.25,0.04
02/11/2025,06:00,N,0.59,0.79,0.5,0.25,0.04
02/11/2025,07:00,N,0.85,1,1,0.99,0.1
02/11/2025,08:00,N,1.43,1.49,1.49,0.99,0.37
02/11/2025,09:00,N,2.95,3.99,3.99,1.04,3.99
02/11/2025,10:00,N,1.23,3.99,3.99,1.32,3.99
02/11/2025,11:00,N,0.5,1,1,0.99,1
02/11/2025,12:00,N,0.3,0.99,0.5,0.5,0.5
02/11/2025,13:00,N,0.59,0.59,0.49,0.49,0.49
02/11/2025,14:00,N,0.5,0.67,0.49,0.49,0.49
02/11/2025,15:00,N,0.5,0.95,0.95,0.95,0.95
02/11/2025,16:00,N,0.59,1.01,0.92,0.97,0.92
02/11/2025,17:00,N,0.5,1.91,0.98,1,1
02/11/2025,18:00,N,2,1.98,1.69,1.21,1.69
02/11/2025,19:00,N,4.95,2.38,2.99,1.5,2.99
02/11/2025,20:00,N,1.98,0.5,1.5,1.05,0.5
02/11/2025,21:00,N,1.98,0.2,1.01,1.01,0.18
02/11/2025,22:00,N,1.13,1.34,0.8,1,0.19
02/11/2025,23:00,N,0.59,0.73,0.72,0.2,0.04
02/11/2025,24:00,N,0.59,0.96,0.76,0.1,0.04
02/12/2025,01:00,N,0.68,0.92,0.72,0.06,0.04
02/12/2025,02:00,N,0.5,0.97,0.5,0.06,0.04
02/12/2025,03:00,N,0.79,0.99,0.5,0.25,0.04
02/12/2025,04:00,N,0.71,0.91,0.5,0.25,0.04
02/12/2025,05:00,N,0.73,0.93,0.5,0.25,0.04
02/12/2025,06:00,N,0.75,0.95,0.5,0.5,0.1
02/12/2025,07:00,N,0.74,1.08,1.08,1,0.37
02/12/2025,08:00,N,0.75,1.25,2.06,1.02,0.95
02/12/2025,09:00,N,2.74,5.44,5.44,1.48,5.44
02/12/2025,10:00,N,0.5,3.45,3.45,1.02,3.45
02/12/2025,11:00,N,0.68,1.5,1.02,0.9,1.02
02/12/2025,12:00,N,0.77,1.5,0.5,0.5,0.5
02/12/2025,13:00,N,0.79,1.3,0.5,0.5,0.5
02/12/2025,14:00,N,0.71,1.5,0.5,0.48,0.5
02/12/2025,15:00,N,0.73,1.58,0.94,0.94,0.94
02/12/2025,16:00,N,0.75,1.58,0.58,0.58,0.58
02/12/2025,17:00,N,0.79,1.5,0.74,0.79,0.79
02/12/2025,18:00,N,1.98,1.24,1.11,1,1.1
02/12/2025,19:00,N,2.02,1.5,1.5,1.2,1.5
02/12/2025,20:00,N,1.98,0.44,1.5,1,0.5
02/12/2025,21:00,N,0.92,0.2,1.05,0.97,0.17
02/12/2025,22:00,N,1.13,2,1,1,0.18
02/12/2025,23:00,N,0.5,0.74,0.74,0.1,0.04
02/12/2025,24:00,N,0.83,0.98,0.83,0.1,0.03
02/13/2025,01:00,N,0.5,1.18,0.98,0.07,0.04
02/13/2025,02:00,N,0.5,0.73,0.53,0.07,0.04
02/13/2025,03:00,N,0.5,0.82,0.44,0.25,0.04
02/13/2025,04:00,N,0.66,0.86,0.48,0.25,0.04
02/13/2025,05:00,N,0.66,0.86,0.37,0.25,0.05
02/13/2025,06:00,N,0.59,0.79,0.41,0.41,0.1
02/13/2025,07:00,N,1.26,1.5,1.5,1.48,1.48
02/13/2025,08:00,N,1.96,1.5,3.2,3,1.5
02/13/2025,09:00,N,4.95,9.59,9.59,9.24,9.59
02/13/2025,10:00,N,1.24,5,5,4.85,5
02/13/2025,11:00,N,0.41,1,1,0.97,1
02/13/2025,12:00,N,0.12,0.79,0.49,0.49,0.49
02/13/2025,13:00,N,0.5,0.49,0.49,0.49,0.49
02/13/2025,14:00,N,0.64,0.75,0.47,0.47,0.47
02/13/2025,15:00,N,0.5,0.85,0.84,0.89,0.84
02/13/2025,16:00,N,0.5,0.79,0.59,0.64,0.59
02/13/2025,17:00,N,0.79,1.61,0.91,0.96,0.96
02/13/2025,18:00,N,4.9,1.2,1.1,1.1,1.1
02/13/2025,19:00,N,4.95,3.09,4,4,4
02/13/2025,20:00,N,4.9,2.5,2.5,2.5,2.38
02/13/2025,21:00,N,3.92,0.3,4,4,2.02
02/13/2025,22:00,N,1.13,2.5,1.5,2.84,1.5
02/13/2025,23:00,N,0.71,1.2,1,0.97,0.23
02/13/2025,24:00,N,0.79,1,1,0.52,0.04
02/14/2025,01:00,N,0.59,1.18,0.98,0.07,0.1
02/14/2025,02:00,N,0.53,1.08,0.88,0.07,0.11
02/14/2025,03:00,N,0.62,1.18,0.98,0.25,0.12
02/14/2025,04:00,N,0.66,1.08,0.88,0.25,0.13
02/14/2025,05:00,N,0.66,1.18,0.98,0.25,0.14
02/14/2025,06:00,N,0.59,1.28,0.98,0.4,0.15
02/14/2025,07:00,N,0.96,5.65,5.65,1.21,0.16
02/14/2025,08:00,N,1.96,2.93,5.83,1.29,0.5
02/14/2025,09:00,N,3.92,8.37,8.37,3,8.37
02/14/2025,10:00,N,3.92,8.76,6.29,1.84,6.29
02/14/2025,11:00,N,2.34,2.73,1.65,0.96,1.65
02/14/2025,12:00,N,0.79,2.23,0.98,0.48,0.98
02/14/2025,13:00,N,0.73,1.58,0.5,0.48,0.5
02/14/2025,14:00,N,0.75,1.5,0.7,0.46,0.7
02/14/2025,15:00,N,1.47,1.6,1,1,1
02/14/2025,16:00,N,1.47,1.6,1,1,1
02/14/2025,17:00,N,2.33,1.71,0.98,1,1
02/14/2025,18:00,N,3.15,2.74,1.5,1.42,1.42
02/14/2025,19:00,N,3.5,3.89,4.17,1.5,4.17
02/14/2025,20:00,N,3,0.65,2.99,1,0.06
02/14/2025,21:00,N,1.98,0.3,1.5,1.03,0.05
02/14/2025,22:00,N,1.13,2,1,1,0.04
02/14/2025,23:00,N,0.71,1.19,0.99,0.2,0.04
02/14/2025,24:00,N,0.81,1,1,0.25,0.04
02/15/2025,01:00,N,0.29,0.79,0.79,0.06,0.04
02/15/2025,02:00,N,0.29,0.79,0.79,0.06,0.04
02/15/2025,03:00,N,0.29,0.5,0.5,0.24,0.04
02/15/2025,04:00,N,0.29,0.5,0.5,0.24,0.04
02/15/2025,05:00,N,0.29,0.5,0.5,0.24,0.04
02/15/2025,06:00,N,0.29,0.5,0.5,0.25,0.04
02/15/2025,07:00,N,2.79,0.95,0.95,0.95,0.1
02/15/2025,08:00,N,0.69,2.29,2.29,0.97,0.11
02/15/2025,09:00,N,1.22,4.85,5,1.02,5
02/15/2025,10:00,N,2.26,3.86,3.03,1,3.03
02/15/2025,11:00,N,2.38,2.38,1.05,0.49,1.05
02/15/2025,12:00,N,1.19,1.19,0.5,0.47,0.5
02/15/2025,13:00,N,1.39,1,0.5,0.47,0.5
02/15/2025,14:00,N,1.39,1.39,0.5,0.45,0.5
02/15/2025,15:00,N,0.5,1.4,0.8,0.8,0.8
02/15/2025,16:00,N,1.39,1.39,0.58,0.58,0.58
02/15/2025,17:00,N,1.39,1.39,0.71,0.71,0.71
02/15/2025,18:00,N,4.79,1.12,0.9,0.9,0.9
02/15/2025,19:00,N,2.02,1.5,1.5,1.03,1.5
02/15/2025,20:00,N,3.53,0.59,1.5,0.97,0.13
02/15/2025,21:00,N,0.19,1.27,1.5,1,0.12
02/15/2025,22:00,N,0.29,0.79,0.79,0.94,0.13
02/15/2025,23:00,N,0.29,0.79,0.79,0.16,0.14
02/15/2025,24:00,N,0.29,0.79,0.79,0.09,0.03
02/16/2025,01:00,N,0.29,0.98,0.98,0.06,0.04
02/16/2025,02:00,N,0.29,0.79,0.79,0.06,0.03
02/16/2025,03:00,N,0.29,0.44,0.44,0.23,0.03
02/16/2025,04:00,N,0.29,0.48,0.48,0.23,0.04
02/16/2025,05:00,N,0.29,0.38,0.38,0.23,0.04
02/16/2025,06:00,N,0.29,0.5,0.5,0.24,0.04
02/16/2025,07:00,N,2.79,0.98,0.98,0.98,0.11
02/16/2025,08:00,N,1.55,1.5,1.5,1,0.12
02/16/2025,09:00,N,1.98,5.63,5.63,1.18,5.63
02/16/2025,10:00,N,2.99,7.41,5.13,1.08,5.13
02/16/2025,11:00,N,2.99,3.4,1,0.48,1
02/16/2025,12:00,N,2.28,2.29,0.5,0.46,0.5
02/16/2025,13:00,N,1.39,1.2,0.45,0.44,0.45
02/16/2025,14:00,N,1.07,0.99,0.5,0.44,0.5
02/16/2025,15:00,N,1.17,1.39,0.66,0.66,0.66
02/16/2025,16:00,N,1.39,1.33,0.59,0.58,0.59
02/16/2025,17:00,N,1.39,1.39,0.68,0.68,0.68
02/16/2025,18:00,N,3.83,1.15,0.96,0.96,0.96
02/16/2025,19:00,N,4.66,4.56,4.56,2.86,4.56
02/16/2025,20:00,N,3.96,0.93,2.36,1.8,0.24
02/16/2025,21:00,N,0.19,3,3,3,0.17
02/16/2025,22:00,N,0.29,0.98,0.98,1.13,0.18
02/16/2025,23:00,N,0.29,0.79,0.79,0.6,0.18
02/16/2025,24:00,N,0.29,0.98,0.98,0.25,0.04
02/17/2025,01:00,N,0.45,1.09,0.98,0.06,0.05
02/17/2025,02:00,N,0.39,0.5,0.5,0.06,0.04
02/17/2025,03:00,N,0.39,0.6,0.5,0.22,0.05
02/17/2025,04:00,N,0.39,0.5,0.5,0.22,0.05
02/17/2025,05:00,N,0.39,0.53,0.43,0.22,0.14
02/17/2025,06:00,N,0.39,0.69,0.59,0.59,0.05
02/17/2025,07:00,N,0.65,1.06,1.06,1.06,0.16
02/17/2025,08:00,N,1.29,1.94,5.55,1.31,0.17
02/17/2025,09:00,N,4,8.41,8.41,4,8.41
02/17/2025,10:00,N,3.92,7.16,5,1.01,5
02/17/2025,11:00,N,0.99,1,1,0.47,1
02/17/2025,12:00,N,0.59,1.35,0.5,0.45,0.5
02/17/2025,13:00,N,1.1,1.08,0.49,0.43,0.49
02/17/2025,14:00,N,0.59,1.2,0.49,0.35,0.49
02/17/2025,15:00,N,1,1.58,0.8,0.8,0.8
02/17/2025,16:00,N,1.47,1.58,0.54,0.54,0.54
02/17/2025,17:00,N,1,1.5,0.58,0.58,0.58
02/17/2025,18:00,N,1.12,1.1,1,0.91,0.95
02/17/2025,19:00,N,1.62,0.75,1.5,1,1
02/17/2025,20:00,N,2,1.23,1.27,0.94,0.06
02/17/2025,21:00,N,1.98,0.81,1,0.97,0.05
02/17/2025,22:00,N,0.39,0.69,0.69,0.84,0.04
02/17/2025,23:00,N,0.39,0.5,0.5,0.08,0.04
02/17/2025,24:00,N,0.39,0.74,0.74,0.08,0.03
02/18/2025,01:00,N,0.49,0.92,0.82,0.05,0.03
02/18/2025,02:00,N,0.49,0.5,0.5,0.05,0.03
02/18/2025,03:00,N,0.49,0.49,0.44,0.21,0.04
02/18/2025,04:00,N,0.49,0.49,0.49,0.21,0.04
02/18/2025,05:00,N,0.49,0.49,0.3,0.21,0.04
02/18/2025,06:00,N,0.49,0.49,0.37,0.21,0.05
02/18/2025,07:00,N,0.6,1.1,1.1,0.58,0.11
02/18/2025,08:00,N,1.18,1.23,4.8,0.9,0.12
02/18/2025,09:00,N,7.01,5.45,5.39,0.98,5.39
02/18/2025,10:00,N,2.99,4.44,1.89,0.98,1.89
02/18/2025,11:00,N,1.53,1.76,1,0.3,1
02/18/2025,12:00,N,0.99,1.49,0.5,0.3,0.5
02/18/2025,13:00,N,1.47,1.58,0.44,0.3,0.44
02/18/2025,14:00,N,0.99,1.58,0.46,0.3,0.46
02/18/2025,15:00,N,0.99,1.58,0.58,0.58,0.58
02/18/2025,16:00,N,0.99,1.58,0.5,0.5,0.5
02/18/2025,17:00,N,0.99,1.98,0.59,0.58,0.59
02/18/2025,18:00,N,1.98,1.38,0.96,0.89,0.95
02/18/2025,19:00,N,2.2,1.5,1.5,1,1.5
02/18/2025,20:00,N,2.02,0.68,1.23,0.84,0.16
02/18/2025,21:00,N,0.94,1,1,0.9,0.17
02/18/2025,22:00,N,0.29,0.5,0.5,0.65,0.14
02/18/2025,23:00,N,0.01,0.5,0.5,0.19,0.05
02/18/2025,24:00,N,0.01,0.74,0.74,0.2,0.04
02/19/2025,01:00,N,0.29,0.4,0.3,0.07,0.02
02/19/2025,02:00,N,0.29,0.29,0.2,0.07,0.02
02/19/2025,03:00,N,0.29,0.29,0.2,0.2,0.03
02/19/2025,04:00,N,0.29,0.29,0.24,0.2,0.03
02/19/2025,05:00,N,0.29,0.29,0.24,0.2,0.03
02/19/2025,06:00,N,0.29,0.38,0.3,0.35,0.04
02/19/2025,07:00,N,2.79,1.29,0.79,1.48,0.37
02/19/2025,08:00,N,3.8,3,3,3,3
02/19/2025,09:00,N,15.09,10.98,10.98,3,10.98
02/19/2025,10:00,N,2.99,5.24,3.15,3,3.15
02/19/2025,11:00,N,1.1,2.97,1.1,0.58,1.1
02/19/2025,12:00,N,1.8,1.6,0.5,0.24,0.5
02/19/2025,13:00,N,0.99,1.16,0.3,0.28,0.3
02/19/2025,14:00,N,0.99,1.1,0.37,0.29,0.37
02/19/2025,15:00,N,0.99,1.03,0.49,0.49,0.49
02/19/2025,16:00,N,0.99,0.99,0.47,0.47,0.47
02/19/2025,17:00,N,0.99,1.33,0.49,0.49,0.49
02/19/2025,18:00,N,4.14,11.7,1,1.48,1
02/19/2025,19:00,N,24.75,13.54,13.54,8.66,13.54
02/19/2025,20:00,N,7.4,11.33,5,5,7
02/19/2025,21:00,N,7.98,8.59,8,8,8
02/19/2025,22:00,N,4.98,12.9,3.99,10,3.99
02/19/2025,23:00,N,4.98,6.5,1.04,1.04,1.04
02/19/2025,24:00,N,0.31,1,1,1,1
02/20/2025,01:00,N,1.98,7.83,1,1,1
02/20/2025,02:00,N,1.98,7.83,1,1,1
02/20/2025,03:00,N,1.98,10.03,1,3,1
02/20/2025,04:00,N,1.98,10.03,1,3,1
02/20/2025,05:00,N,4.01,10.03,1.1,3,1.1
02/20/2025,06:00,N,4.72,11.8,1.21,7,1.21
02/20/2025,07:00,N,19.2,90,102,102,102
02/20/2025,08:00,N,16.5,180,270,270,270
02/20/2025,09:00,N,54.23,210.4,228.4,223.4,228.4
02/20/2025,10:00,N,2.21,55.35,55.35,50,57.35
02/20/2025,11:00,N,3.68,15.92,15,0.97,15
02/20/2025,12:00,N,1.29,3.25,2,0.95,2
02/20/2025,13:00,N,0.44,1.18,0.79,0.77,0.79
02/20/2025,14:00,N,0.29,1.33,0.94,0.92,0.94
02/20/2025,15:00,N,0.29,1.78,1,1,1
02/20/2025,16:00,N,0.49,1.65,0.87,0.94,0.94
02/20/2025,17:00,N,1.47,2.71,0.96,0.96,0.96
02/20/2025,18:00,N,7.01,6.16,4.25,5.5,4.25
02/20/2025,19:00,N,3.84,18,20.15,20,20.15
02/20/2025,20:00,N,3.3,6,16.5,16.5,16.5
02/20/2025,21:00,N,0.99,5.4,7.87,15.87,7.87
02/20/2025,22:00,N,5.25,7.41,3,17.22,3
02/20/2025,23:00,N,2.25,7.41,3,3,3
02/20/2025,24:00,N,1.54,4.16,1.51,1.35,1.35
02/21/2025,01:00,N,1.98,2.26,0.9,0.9,0.5
02/21/2025,02:00,N,1.98,2.26,0.98,0.94,0.37
02/21/2025,03:00,N,1.98,2.81,0.98,1.02,0.39
02/21/2025,04:00,N,1.98,2.81,0.98,1.02,0.56
02/21/2025,05:00,N,2.81,2.81,0.96,1,0.96
02/21/2025,06:00,N,3.25,3.25,0.98,3,0.98
02/21/2025,07:00,N,37.57,28.75,28.75,44,28.75
02/21/2025,08:00,N,7.11,26.05,64.03,64.03,64.03
02/21/2025,09:00,N,45,89.25,94.54,81.23,94.54
02/21/2025,10:00,N,5.15,43.35,41.85,35,43.4
02/21/2025,11:00,N,3.68,25.5,24,18.36,25
02/21/2025,12:00,N,2.21,7.04,5.79,5.64,5.79
02/21/2025,13:00,N,1.47,1.47,0.79,0.79,0.79
02/21/2025,14:00,N,1.47,1.87,0.96,0.95,0.96
02/21/2025,15:00,N,1.53,2.36,1,1,1
02/21/2025,16:00,N,1.53,2.34,0.98,1,0.98
02/21/2025,17:00,N,1.53,2.36,1,1,1
02/21/2025,18:00,N,6.08,5.6,2.42,5,2.95
02/21/2025,19:00,N,15.06,16.5,16.5,16.5,16.5
02/21/2025,20:00,N,2.35,5.86,18.36,18.36,18.36
02/21/2025,21:00,N,1.3,7.37,8.25,20,8.25
02/21/2025,22:00,N,4.5,4.34,3.99,20,3.99
02/21/2025,23:00,N,0.68,4.34,3.99,1.48,1.63
02/21/2025,24:00,N,2.12,3.9,3.99,1.35,1.35
02/22/2025,01:00,N,0.29,1.08,0.79,0.79,0.1
02/22/2025,02:00,N,0.29,0.75,0.75,0.75,0.11
02/22/2025,03:00,N,0.29,0.8,0.8,1,0.12
02/22/2025,04:00,N,0.29,0.79,0.79,1,0.13
02/22/2025,05:00,N,0.29,0.79,0.79,0.99,0.79
02/22/2025,06:00,N,0.29,0.79,0.79,0.95,0.79
02/22/2025,07:00,N,2.4,1.51,1.51,3,1.51
02/22/2025,08:00,N,1.79,7.82,16.28,15.88,16.28
02/22/2025,09:00,N,5,13.21,19.5,19.27,19.5
02/22/2025,10:00,N,1.51,19.12,18.46,18.46,18.46
02/22/2025,11:00,N,0.5,2.24,1.51,1.5,1.56
02/22/2025,12:00,N,0.73,2.04,0.79,0.79,0.79
02/22/2025,13:00,N,0.5,1.04,0.5,0.5,0.5
02/22/2025,14:00,N,0.41,1.08,0.51,0.51,0.51
02/22/2025,15:00,N,0.82,1.56,0.98,0.98,0.98
02/22/2025,16:00,N,0.5,1.23,0.79,0.79,0.79
02/22/2025,17:00,N,0.82,1.37,0.62,0.66,0.66
02/22/2025,18:00,N,1.52,1.52,1,1.04,1
02/22/2025,19:00,N,3.41,3.55,10.92,8,10.92
02/22/2025,20:00,N,4.46,2.06,5,5,2.84
02/22/2025,21:00,N,3.8,0.99,3,3,0.5
02/22/2025,22:00,N,1.92,1.23,1.04,2.81,0.3
02/22/2025,23:00,N,0.43,1.06,0.99,0.99,0.04
02/22/2025,24:00,N,0.43,0.86,0.79,0.2,0.02
02/23/2025,01:00,N,0.59,0.59,0.52,0.08,0.03
02/23/2025,02:00,N,0.59,0.59,0.5,0.08,0.03
02/23/2025,03:00,N,0.59,0.59,0.5,0.5,0.03
02/23/2025,04:00,N,0.59,0.59,0.5,0.5,0.03
02/23/2025,05:00,N,0.59,0.59,0.44,0.44,0.04
02/23/2025,06:00,N,0.59,0.99,0.4,0.3,0.05
02/23/2025,07:00,N,1.73,1,1,1,0.11
02/23/2025,08:00,N,0.46,1.14,4.17,1.05,0.12
02/23/2025,09:00,N,1.74,2.08,3.92,1.06,3.92
02/23/2025,10:00,N,0.75,2.93,1.5,1.48,1.5
02/23/2025,11:00,N,0.93,1.5,1,0.99,1
02/23/2025,12:00,N,0.56,1.5,0.56,0.56,0.56
02/23/2025,13:00,N,0.55,0.88,0.5,0.49,0.5
02/23/2025,14:00,N,0.55,0.88,0.5,0.5,0.5
02/23/2025,15:00,N,0.82,1.55,0.97,0.97,0.97
02/23/2025,16:00,N,0.69,1.22,0.78,0.78,0.78
02/23/2025,17:00,N,0.82,1.21,0.63,0.68,0.68
02/23/2025,18:00,N,1.16,0.98,0.98,0.99,0.98
02/23/2025,19:00,N,1.15,1.24,5.21,4.71,5.21
02/23/2025,20:00,N,0.61,1.52,3.85,3.85,3.85
02/23/2025,21:00,N,0.79,0.3,3,3,3
02/23/2025,22:00,N,2,2.45,1.04,2.52,1
02/23/2025,23:00,N,0.75,1.65,0.99,0.99,0.18
02/23/2025,24:00,N,0.75,1.66,1,0.25,0.02
02/24/2025,01:00,N,0.29,0.76,0.59,0.07,0.04
02/24/2025,02:00,N,0.29,0.59,0.59,0.07,0.03
02/24/2025,03:00,N,0.29,0.5,0.5,0.49,0.04
02/24/2025,04:00,N,0.29,0.5,0.5,0.49,0.04
02/24/2025,05:00,N,0.29,0.5,0.5,0.4,0.04
02/24/2025,06:00,N,0.29,0.79,0.5,0.5,0.1
02/24/2025,07:00,N,1.53,1.04,1.04,1.29,0.3
02/24/2025,08:00,N,0.27,0.93,4.05,2.68,2
02/24/2025,09:00,N,1.35,4.03,6.17,2.99,6.17
02/24/2025,10:00,N,0.68,3.51,3.25,1.06,3.25
02/24/2025,11:00,N,0.77,1.26,1,0.98,1
02/24/2025,12:00,N,0.85,0.85,0.56,0.55,0.56
02/24/2025,13:00,N,0.88,0.88,0.5,0.49,0.5
02/24/2025,14:00,N,0.55,0.88,0.5,0.49,0.5
02/24/2025,15:00,N,0.82,1.54,0.96,0.96,0.98
02/24/2025,16:00,N,0.69,1.34,0.9,0.9,0.9
02/24/2025,17:00,N,0.83,1.18,0.5,0.65,0.65
02/24/2025,18:00,N,1.17,1.24,0.98,0.98,0.98
02/24/2025,19:00,N,2.14,1.51,1.51,1.51,1.51
02/24/2025,20:00,N,0.36,0.44,3.32,1.06,0.14
02/24/2025,21:00,N,0.26,0.3,1.05,1.05,0.15
02/24/2025,22:00,N,1.08,1.08,1,1,0.04
02/24/2025,23:00,N,0.95,1.25,0.59,0.25,0.04
02/24/2025,24:00,N,0.95,1.25,0.59,0.24,0.03
02/25/2025,01:00,N,0.49,0.76,0.5,0.07,0.04
02/25/2025,02:00,N,0.49,0.5,0.5,0.07,0.03
02/25/2025,03:00,N,0.49,0.5,0.5,0.5,0.04
02/25/2025,04:00,N,0.49,0.49,0.48,0.48,0.04
02/25/2025,05:00,N,0.49,0.49,0.38,0.38,0.05
02/25/2025,06:00,N,0.49,0.49,0.45,0.49,0.1
02/25/2025,07:00,N,1.53,0.61,1,1.46,0.12
02/25/2025,08:00,N,1.96,1.64,5.54,2.99,0.93
02/25/2025,09:00,N,2.29,5.35,7.45,4.91,7.45
02/25/2025,10:00,N,1.96,3.6,3.34,1.06,3.34
02/25/2025,11:00,N,0.85,1.71,1.45,0.97,1.45
02/25/2025,12:00,N,1.1,1.26,1,0.84,1
02/25/2025,13:00,N,0.88,0.88,0.5,0.5,0.5
02/25/2025,14:00,N,0.88,0.88,0.53,0.52,0.53
02/25/2025,15:00,N,0.82,1.58,1,1,1
02/25/2025,16:00,N,1,1.4,0.96,0.96,0.96
02/25/2025,17:00,N,1.17,1.17,0.59,0.65,0.64
02/25/2025,18:00,N,1.91,1.52,1,1,1
02/25/2025,19:00,N,1.91,1.05,3.88,3.7,3.88
02/25/2025,20:00,N,0.26,0.64,1.78,1.78,0.16
02/25/2025,21:00,N,1.11,1.19,1.19,1.19,0.05
02/25/2025,22:00,N,0.53,0.53,1.02,1.03,0.04
02/25/2025,23:00,N,1.15,0.5,0.5,0.24,0.04
02/25/2025,24:00,N,1.15,1.25,0.59,0.21,0.03
02/26/2025,01:00,N,0.59,0.74,0.5,0.06,0.04
02/26/2025,02:00,N,0.59,0.59,0.5,0.06,0.03
02/26/2025,03:00,N,0.59,0.59,0.44,0.25,0.04
02/26/2025,04:00,N,0.59,0.59,0.4,0.25,0.04
02/26/2025,05:00,N,0.59,0.59,0.37,0.25,0.04
02/26/2025,06:00,N,0.59,0.59,0.37,0.36,0.04
02/26/2025,07:00,N,1.32,1,1,1,0.1
02/26/2025,08:00,N,0.59,0.59,3.22,1,0.11
02/26/2025,09:00,N,2.69,4.01,4.01,1.06,4.01
02/26/2025,10:00,N,1.53,2.35,1.5,1,1.5
02/26/2025,11:00,N,0.55,1.11,0.85,0.58,0.85
02/26/2025,12:00,N,0.38,0.68,0.51,0.5,0.51
02/26/2025,13:00,N,0.5,0.69,0.5,0.49,0.5
02/26/2025,14:00,N,0.5,0.69,0.5,0.49,0.5
02/26/2025,15:00,N,0.5,0.79,0.59,0.59,0.59
02/26/2025,16:00,N,0.5,0.72,0.59,0.59,0.59
02/26/2025,17:00,N,1.17,1.17,0.58,0.58,0.58
02/26/2025,18:00,N,0.83,0.93,0.79,0.79,0.79
02/26/2025,19:00,N,0.49,0.49,2.99,1.06,2.99
02/26/2025,20:00,N,0.59,1.1,1.1,1.03,0.14
02/26/2025,21:00,N,0.12,0.5,1,1,0.06
02/26/2025,22:00,N,1.08,1.08,0.85,0.9,0.04
02/26/2025,23:00,N,1.25,0.81,0.49,0.25,0.04
02/26/2025,24:00,N,1.25,0.79,0.59,0.25,0.03
02/27/2025,01:00,N,0.5,0.59,0.4,0.06,0.04
02/27/2025,02:00,N,0.5,0.6,0.37,0.06,0.03
02/27/2025,03:00,N,0.5,0.69,0.37,0.25,0.04
02/27/2025,04:00,N,0.69,0.69,0.4,0.25,0.04
02/27/2025,05:00,N,0.69,0.69,0.32,0.25,0.04
02/27/2025,06:00,N,0.69,0.69,0.31,0.31,0.04
02/27/2025,07:00,N,1.32,1,1,1,0.06
02/27/2025,08:00,N,1.15,0.59,3.22,1.04,0.11
02/27/2025,09:00,N,3.92,3.45,3.45,2.95,3.45
02/27/2025,10:00,N,1.96,2.38,1.5,1.06,1.5
02/27/2025,11:00,N,0.85,0.85,0.59,0.57,0.59
02/27/2025,12:00,N,0.55,0.85,0.5,0.49,0.5
02/27/2025,13:00,N,0.57,0.63,0.45,0.44,0.45
02/27/2025,14:00,N,0.5,0.79,0.44,0.43,0.44
02/27/2025,15:00,N,0.5,0.79,0.58,0.58,0.58
02/27/2025,16:00,N,0.47,0.68,0.5,0.5,0.5
02/27/2025,17:00,N,0.55,0.88,0.5,0.5,0.5
02/27/2025,18:00,N,1.17,1.34,0.96,0.97,0.96
02/27/2025,19:00,N,1.67,2.99,2.99,4,2.99
02/27/2025,20:00,N,0.99,2.2,10.78,4.85,4.85
02/27/2025,21:00,N,1.92,4.8,7.6,7.6,5.15
02/27/2025,22:00,N,3.96,4.54,4.54,4.78,4.54
02/27/2025,23:00,N,1.57,1.85,0.97,0.97,0.5
02/27/2025,24:00,N,1.79,1.89,0.79,0.79,0.04
02/28/2025,01:00,N,0.49,0.59,0.59,0.08,0.03
02/28/2025,02:00,N,0.49,0.5,0.5,0.08,0.02
02/28/2025,03:00,N,0.49,0.51,0.51,0.25,0.03
02/28/2025,04:00,N,0.4,0.69,0.52,0.25,0.03
02/28/2025,05:00,N,0.69,0.69,0.37,0.25,0.04
02/28/2025,06:00,N,0.69,0.69,0.37,0.3,0.05
02/28/2025,07:00,N,1.84,1,1,1,0.11
02/28/2025,08:00,N,1.85,0.75,1.06,1.03,0.12
02/28/2025,09:00,N,5.88,3.96,3.96,1.48,3.96
02/28/2025,10:00,N,2.99,3.15,1.99,1.04,1.99
02/28/2025,11:00,N,0.59,0.89,0.63,0.58,0.63
02/28/2025,12:00,N,0.55,0.76,0.5,0.48,0.5
02/28/2025,13:00,N,0.5,0.62,0.44,0.43,0.44
02/28/2025,14:00,N,0.49,0.79,0.44,0.42,0.44
02/28/2025,15:00,N,0.73,0.79,0.58,0.58,0.58
02/28/2025,16:00,N,0.47,0.68,0.5,0.5,0.5
02/28/2025,17:00,N,1.09,0.88,0.5,0.5,0.5
02/28/2025,18:00,N,1.75,1.27,0.9,1.03,0.9
02/28/2025,19:00,N,2.3,6.3,10.6,8.95,10.6
02/28/2025,20:00,N,1.79,1.79,7.41,7.41,5
02/28/2025,21:00,N,1.96,2.94,5,5,1
02/28/2025,22:00,N,2.02,2.83,1.5,2.76,1
02/28/2025,23:00,N,0.71,1.54,0.69,0.25,0.03
02/28/2025,24:00,N,1.79,1.39,0.69,0.25,0.02
03/01/2025,01:00,N,0.49,0.59,0.5,0.08,0.02
03/01/2025,02:00,N,0.25,0.59,0.4,0.08,0.03
03/01/2025,03:00,N,0.11,0.49,0.37,0.1,0.03
03/01/2025,04:00,N,0.61,0.69,0.37,0.1,0.03
03/01/2025,05:00,N,0.69,0.69,0.31,0.1,0.04
03/01/2025,06:00,N,0.69,0.69,0.3,0.25,0.05
03/01/2025,07:00,N,1.98,0.46,3.81,3.81,0.5
03/01/2025,08:00,N,2.02,1.75,4.18,4.18,1.1
03/01/2025,09:00,N,1.88,4.99,4.99,3,4.99
03/01/2025,10:00,N,1.55,3.17,3.57,1.01,3.57
03/01/2025,11:00,N,0.55,1.26,1,0.99,1
03/01/2025,12:00,N,0.85,0.99,0.73,0.73,0.73
03/01/2025,13:00,N,0.47,0.79,0.5,0.5,0.5
03/01/2025,14:00,N,0.47,0.77,0.45,0.45,0.45
03/01/2025,15:00,N,0.76,0.79,0.59,0.59,0.59
03/01/2025,16:00,N,0.5,1.14,0.94,0.94,0.94
03/01/2025,17:00,N,0.83,1.2,0.91,0.94,0.94
03/01/2025,18:00,N,4.02,6.63,6.25,8.5,8.5
03/01/2025,19:00,N,5.05,9.3,13.42,10.77,13.42
03/01/2025,20:00,N,1.27,1.27,5,5,5
03/01/2025,21:00,N,1.98,2.15,3,3,3
03/01/2025,22:00,N,2,2.17,1,1,0.04
03/01/2025,23:00,N,1.22,1.22,0.69,0.1,0.03
03/01/2025,24:00,N,1.35,1.4,0.74,0.1,0.03
03/02/2025,01:00,N,0.49,0.45,0.45,0.07,0.02
03/02/2025,02:00,N,0.29,0.45,0.44,0.07,0.03
03/02/2025,03:00,N,0.29,0.4,0.4,0.09,0.03
03/02/2025,04:00,N,0.29,0.49,0.49,0.09,0.03
03/02/2025,05:00,N,0.29,0.32,0.32,0.09,0.04
03/02/2025,06:00,N,0.29,0.3,0.3,0.1,0.04
03/02/2025,07:00,N,0.67,0.22,1,1,0.04
03/02/2025,08:00,N,0.94,0.38,1,1,0.05
03/02/2025,09:00,N,3,1.55,1.05,1.03,1.05
03/02/2025,10:00,N,1.1,3.1,1.1,1,1.1
03/02/2025,11:00,N,0.5,1.06,0.97,0.97,0.97
03/02/2025,12:00,N,0.58,0.81,0.72,0.72,0.72
03/02/2025,13:00,N,0.39,0.59,0.5,0.5,0.5
03/02/2025,14:00,N,0.38,0.59,0.49,0.49,0.49
03/02/2025,15:00,N,0.38,0.85,0.75,0.75,0.75
03/02/2025,16:00,N,0.59,1.09,0.99,1,1
03/02/2025,17:00,N,0.5,1.1,1,1,1
03/02/2025,18:00,N,2,1.65,1.03,1.03,1.03
03/02/2025,19:00,N,1.58,1.51,1.51,2,1.51
03/02/2025,20:00,N,1.18,1.18,2,2,1
03/02/2025,21:00,N,1.96,1.2,1.2,1.2,1.2
03/02/2025,22:00,N,2,1.05,1.05,1.2,0.05
03/02/2025,23:00,N,1.4,1.1,0.69,0.25,0.05
03/02/2025,24:00,N,1.57,1.57,0.69,0.09,0.03
03/03/2025,01:00,N,0.49,0.49,0.41,0.07,0.03
03/03/2025,02:00,N,0.49,0.49,0.38,0.07,0.04
03/03/2025,03:00,N,0.49,0.49,0.3,0.1,0.05
03/03/2025,04:00,N,0.49,0.49,0.3,0.1,0.04
03/03/2025,05:00,N,0.49,0.49,0.3,0.1,0.05
03/03/2025,06:00,N,0.49,0.49,0.44,0.1,0.05
03/03/2025,07:00,N,1.35,0.44,1.1,1.04,0.05
03/03/2025,08:00,N,3,0.89,1,1,0.17
03/03/2025,09:00,N,5.94,3.49,2.99,1.6,2.99
03/03/2025,10:00,N,2,2.43,2.43,1.06,2.43
03/03/2025,11:00,N,0.66,1.28,1.02,1.01,1.02
03/03/2025,12:00,N,0.75,1.25,0.99,0.98,0.99
03/03/2025,13:00,N,0.5,1,0.74,0.74,0.74
03/03/2025,14:00,N,0.5,0.8,0.51,0.51,0.51
03/03/2025,15:00,N,0.5,1.26,0.99,1,1
03/03/2025,16:00,N,0.5,1.33,1.04,1.04,1.07
03/03/2025,17:00,N,0.28,1.29,1,1,1
03/03/2025,18:00,N,2.27,2.53,1.51,2,2
03/03/2025,19:00,N,1.31,1.5,1.5,1.5,1.5
03/03/2025,20:00,N,0.84,0.84,1.06,1.06,0.21
03/03/2025,21:00,N,1.98,1.04,1.04,1.04,1
03/03/2025,22:00,N,1.96,1.5,1,1,0.04
03/03/2025,23:00,N,1.22,0.69,0.69,0.2,0.04
03/03/2025,24:00,N,1.35,0.74,0.74,0.09,0.04
03/04/2025,01:00,N,0.49,0.59,0.5,0.06,0.02
03/04/2025,02:00,N,0.59,0.59,0.44,0.06,0.03
03/04/2025,03:00,N,0.59,0.59,0.4,0.09,0.03
03/04/2025,04:00,N,0.59,0.59,0.37,0.09,0.03
03/04/2025,05:00,N,0.59,0.59,0.3,0.09,0.04
03/04/2025,06:00,N,0.59,0.59,0.34,0.09,0.04
03/04/2025,07:00,N,0.67,0.22,1.5,1.5,0.04
03/04/2025,08:00,N,1.98,0.58,1.5,1.5,0.1
03/04/2025,09:00,N,3.96,3.62,3.71,3.21,3.71
03/04/2025,10:00,N,1.8,1.8,2.78,1.06,2.78
03/04/2025,11:00,N,0.5,1.04,1,1,1
03/04/2025,12:00,N,0.54,1.06,0.97,0.97,0.97
03/04/2025,13:00,N,0.59,0.6,0.5,0.58,0.5
03/04/2025,14:00,N,0.59,0.59,0.5,0.5,0.5
03/04/2025,15:00,N,0.63,1.14,1,1,1
03/04/2025,16:00,N,0.63,1.17,1.03,1.03,1.03
03/04/2025,17:00,N,0.73,1.24,1,1,1
03/04/2025,18:00,N,1.96,1.51,1.51,1.51,1.51
03/04/2025,19:00,N,1.34,1.32,4.44,2.97,4.44
03/04/2025,20:00,N,2.3,1.15,1.65,1.65,1
03/04/2025,21:00,N,2.5,2.99,2.99,2.99,1.1
03/04/2025,22:00,N,2,3.16,1.06,1.21,0.13
03/04/2025,23:00,N,1.35,1,0.69,0.69,0.05
03/04/2025,24:00,N,1.35,1.32,0.69,0.08,0.03
03/05/2025,01:00,N,0.49,0.59,0.5,0.06,0.02
03/05/2025,02:00,N,0.59,0.59,0.5,0.06,0.04
03/05/2025,03:00,N,0.59,0.59,0.3,0.08,0.04
03/05/2025,04:00,N,0.59,0.59,0.3,0.08,0.04
03/05/2025,05:00,N,0.59,0.59,0.3,0.1,0.04
03/05/2025,06:00,N,0.59,0.59,0.37,0.1,0.1
03/05/2025,07:00,N,1.08,0.44,2.99,5,2.99
03/05/2025,08:00,N,3.55,0.97,3.45,5,3.45
03/05/2025,09:00,N,3,5.51,6.19,7,7
03/05/2025,10:00,N,1.31,3.26,3.01,3,3.01
03/05/2025,11:00,N,0.5,1.37,1.24,1.24,1.24
03/05/2025,12:00,N,0.5,1.3,1.04,1.04,1.04
03/05/2025,13:00,N,0.28,1.04,0.75,0.84,0.75
03/05/2025,14:00,N,0.59,0.79,0.5,0.5,0.5
03/05/2025,15:00,N,0.34,1.44,1,1,1
03/05/2025,16:00,N,0.72,1.45,1.01,1.01,1.01
03/05/2025,17:00,N,0.7,2.21,1,1,1
03/05/2025,18:00,N,7.06,10.24,7.98,7.98,7.98
03/05/2025,19:00,N,7.17,11.79,25.65,10.65,25.65
03/05/2025,20:00,N,8.6,4.47,10,6.3,6.3
03/05/2025,21:00,N,5.47,5.47,9.63,9.63,9.63
03/05/2025,22:00,N,5.25,7.65,5.69,6.69,1
03/05/2025,23:00,N,1.35,1.45,0.79,0.25,0.05
03/05/2025,24:00,N,1.35,1.45,0.79,0.07,0.04
03/06/2025,01:00,N,0.4,0.5,0.5,0.06,0.02
03/06/2025,02:00,N,0.39,0.5,0.5,0.06,0.04
03/06/2025,03:00,N,0.39,0.49,0.49,0.09,0.04
03/06/2025,04:00,N,0.39,0.49,0.48,0.08,0.04
03/06/2025,05:00,N,0.39,0.49,0.4,0.09,0.04
03/06/2025,06:00,N,0.39,0.49,0.37,0.09,0.05
03/06/2025,07:00,N,0.68,0.27,1.5,1.04,0.05
03/06/2025,08:00,N,1.18,0.97,1.48,1.06,0.12
03/06/2025,09:00,N,5.12,4.08,4.08,4.08,4.08
03/06/2025,10:00,N,1.98,3.3,3.86,3.86,3.86
03/06/2025,11:00,N,1.66,0.99,1,1,1
03/06/2025,12:00,N,1.45,1.16,1,1,1
03/06/2025,13:00,N,0.28,0.99,0.7,0.71,0.7
03/06/2025,14:00,N,0.78,0.79,0.5,0.5,0.5
03/06/2025,15:00,N,0.85,1.44,1,1,1
03/06/2025,16:00,N,0.93,1.45,1.01,1.01,1.01
03/06/2025,17:00,N,1.22,1.66,1,1,1
03/06/2025,18:00,N,7.15,3.21,2.7,2.2,2.7
03/06/2025,19:00,N,2.87,2.87,3.45,1.06,3.45
03/06/2025,20:00,N,3.96,1.54,3.45,1.04,0.14
03/06/2025,21:00,N,2,1.21,1.21,1.16,0.91
03/06/2025,22:00,N,1.98,1.1,0.85,1,0.05
03/06/2025,23:00,N,0.89,0.5,0.5,0.2,0.04
03/06/2025,24:00,N,0.79,0.75,0.51,0.07,0.04
03/07/2025,01:00,N,0.39,0.5,0.5,0.06,0.02
03/07/2025,02:00,N,0.39,0.5,0.5,0.06,0.04
03/07/2025,03:00,N,0.39,0.49,0.4,0.1,0.04
03/07/2025,04:00,N,0.39,0.49,0.4,0.09,0.04
03/07/2025,05:00,N,0.39,0.49,0.27,0.09,0.04
03/07/2025,06:00,N,0.39,0.49,0.28,0.08,0.04
03/07/2025,07:00,N,1.08,0.66,1,3,0.1
03/07/2025,08:00,N,1.46,1.2,1.2,4,0.5
03/07/2025,09:00,N,4.15,4.95,4.95,4.95,4.95
03/07/2025,10:00,N,1.12,4.69,4.69,4.69,4.69
03/07/2025,11:00,N,2.32,1.98,1.99,1.99,1.99
03/07/2025,12:00,N,1.64,1.39,1.1,1.1,1.1
03/07/2025,13:00,N,0.32,1.03,0.64,0.78,0.64
03/07/2025,14:00,N,0.32,0.89,0.5,0.51,0.5
03/07/2025,15:00,N,0.41,1.53,1,1,1
03/07/2025,16:00,N,1,1.56,1.03,1.03,1.03
03/07/2025,17:00,N,1.37,3.5,1.04,1.04,1.04
03/07/2025,18:00,N,9.04,24.29,15.8,19,19
03/07/2025,19:00,N,9.99,36.27,44.01,19.71,44.58
03/07/2025,20:00,N,6.47,17,20.42,19,20.42
03/07/2025,21:00,N,9.5,19.01,19.01,18.86,19.01
03/07/2025,22:00,N,2.84,2.44,1.51,12.6,1.51
03/07/2025,23:00,N,1.02,1.66,1.13,1.13,1.13
03/07/2025,24:00,N,0.92,1.53,1,1,1
03/08/2025,01:00,N,0.39,0.5,0.5,0.06,0.02
03/08/2025,02:00,N,0.39,0.5,0.5,0.06,0.04
03/08/2025,03:00,N,0.39,0.49,0.37,0.1,0.04
03/08/2025,04:00,N,0.39,0.49,0.37,0.08,0.04
03/08/2025,05:00,N,0.39,0.49,0.3,0.08,0.04
03/08/2025,06:00,N,0.39,0.49,0.3,0.1,0.1
03/08/2025,07:00,N,0.95,0.58,1,1,0.11
03/08/2025,08:00,N,1.46,1,1,1,0.3
03/08/2025,09:00,N,5.94,3.3,3.3,3.25,3.3
03/08/2025,10:00,N,4,4.94,4.94,4.94,4.94
03/08/2025,11:00,N,2.32,1.5,1,1,1
03/08/2025,12:00,N,1.64,1.64,1,1,1
03/08/2025,13:00,N,0.32,1.03,0.64,0.79,0.64
03/08/2025,14:00,N,0.34,0.9,0.51,0.58,0.51
03/08/2025,15:00,N,0.41,1.53,1,1,1
03/08/2025,16:00,N,1.07,1.58,1,1,1
03/08/2025,17:00,N,2.35,2.51,0.85,1,1
03/08/2025,18:00,N,5,6.9,4.94,4.94,4.94
03/08/2025,19:00,N,5.16,1.16,4.48,2.8,4.48
03/08/2025,20:00,N,6.13,1.56,6.13,1.06,0.15
03/08/2025,21:00,N,4.04,2,4.04,1.47,0.92
03/08/2025,22:00,N,2.3,1.42,0.76,1,0.05
03/08/2025,23:00,N,1.02,1.03,0.5,0.25,0.05
03/08/2025,24:00,N,0.92,1.03,0.5,0.25,0.04
03/09/2025,01:00,N,0.29,0.61,0.61,0.06,0.02
03/09/2025,02:00,N,0.29,0.5,0.5,0.08,0.02
03/09/2025,04:00,N,0.29,0.3,0.3,0.08,0.04
03/09/2025,05:00,N,0.29,0.3,0.3,0.09,0.04
03/09/2025,06:00,N,0.29,0.31,0.31,0.1,0.05
03/09/2025,07:00,N,1.29,0.79,0.79,1.04,0.05
03/09/2025,08:00,N,4.05,1.5,1.5,2.9,0.12
03/09/2025,09:00,N,2.56,5.69,5.69,4,5.69
03/09/2025,10:00,N,5.88,6.99,3.35,3.35,3.35
03/09/2025,11:00,N,4.31,4.31,1.2,1.2,1.2
03/09/2025,12:00,N,2.16,2.16,1,1,1
03/09/2025,13:00,N,1.1,1.64,0.75,0.75,0.75
03/09/2025,14:00,N,1.39,0.82,0.54,0.58,0.54
03/09/2025,15:00,N,1.39,1.39,0.75,0.87,0.75
03/09/2025,16:00,N,1.39,1.58,0.98,0.99,0.99
03/09/2025,17:00,N,1.39,1.43,0.83,1,1
03/09/2025,18:00,N,2,7.46,1,1.1,1
03/09/2025,19:00,N,11.79,4.01,0.91,0.94,0.91
03/09/2025,20:00,N,6.98,11.27,11.27,11.27,11.27
03/09/2025,21:00,N,6.3,15.99,18,15.99,18
03/09/2025,22:00,N,0.19,25,22.07,21.57,22.07
03/09/2025,23:00,N,1.98,3.99,3.99,6.67,3.99
03/09/2025,24:00,N,0.31,1,1,3.15,1
03/10/2025,01:00,N,1.41,1,1,1,1
03/10/2025,02:00,N,0.29,0.98,0.98,0.98,0.98
03/10/2025,03:00,N,0.29,0.98,0.98,0.98,0.98
03/10/2025,04:00,N,0.29,0.98,0.98,0.98,0.98
03/10/2025,05:00,N,0.29,0.79,0.79,0.83,0.79
03/10/2025,06:00,N,1.29,0.58,0.58,0.62,0.58
03/10/2025,07:00,N,5.05,0.98,0.98,19.82,0.98
03/10/2025,08:00,N,4.9,26.92,33.81,33.81,33.81
03/10/2025,09:00,N,5.88,39.31,42.11,41.61,42.11
03/10/2025,10:00,N,4,19.75,19.5,18.46,19.5
03/10/2025,11:00,N,5,8.62,5,4.94,5
03/10/2025,12:00,N,4.31,4.31,1,1,1
03/10/2025,13:00,N,2.16,2.94,1,1,1
03/10/2025,14:00,N,1.39,0.99,0.79,0.79,0.79
03/10/2025,15:00,N,1.39,1.49,0.89,0.99,0.89
03/10/2025,16:00,N,1.39,1.58,0.98,1,1
03/10/2025,17:00,N,1.39,1.58,0.98,1,1
03/10/2025,18:00,N,1.41,1.6,1,1,1
03/10/2025,19:00,N,7.14,0.99,0.79,0.79,0.79
03/10/2025,20:00,N,2.22,2,2,2,1.95
03/10/2025,21:00,N,4.98,0.81,1.52,1.52,1.52
03/10/2025,22:00,N,0.19,1.5,0.99,1,0.05
03/10/2025,23:00,N,0.29,0.79,0.79,0.23,0.05
03/10/2025,24:00,N,0.29,0.79,0.79,0.09,0.04
03/11/2025,01:00,N,0.66,0.59,0.59,0.09,0.02
03/11/2025,02:00,N,0.69,0.59,0.5,0.09,0.04
03/11/2025,03:00,N,0.39,0.5,0.5,0.24,0.04
03/11/2025,04:00,N,0.39,0.5,0.5,0.24,0.04
03/11/2025,05:00,N,0.39,0.49,0.35,0.24,0.04
03/11/2025,06:00,N,1.39,0.94,0.32,0.24,0.04
03/11/2025,07:00,N,0.95,0.64,0.79,1.03,0.1
03/11/2025,08:00,N,0.63,1.05,1.05,3,0.11
03/11/2025,09:00,N,5.88,4.4,4.4,4.4,4.4
03/11/2025,10:00,N,4,5.69,5.43,5.43,5.43
03/11/2025,11:00,N,2.99,2.32,1.05,1.05,1.05
03/11/2025,12:00,N,1.16,1.26,1,1,1
03/11/2025,13:00,N,0.32,1.25,0.99,0.99,0.99
03/11/2025,14:00,N,0.88,1,0.56,0.75,0.56
03/11/2025,15:00,N,0.41,1.48,1,1,1
03/11/2025,16:00,N,0.9,1.45,1.04,1.04,1.04
03/11/2025,17:00,N,1.47,2.6,1.06,1.06,1.06
03/11/2025,18:00,N,4.53,4.53,1.1,1.1,1.1
03/11/2025,19:00,N,6.44,3.99,3.99,4,3.99
03/11/2025,20:00,N,2.46,3.42,7.32,7.32,7.32
03/11/2025,21:00,N,3.92,3.8,6.74,6.74,6.74
03/11/2025,22:00,N,1.98,2.03,1.5,4.52,1.5
03/11/2025,23:00,N,1.27,1.27,0.74,0.22,0.05
03/11/2025,24:00,N,1.19,1.29,0.76,0.52,0.04
03/12/2025,01:00,N,0.74,0.75,0.75,0.08,0.02
03/12/2025,02:00,N,0.39,0.59,0.59,0.08,0.04
03/12/2025,03:00,N,0.39,0.5,0.5,0.2,0.04
03/12/2025,04:00,N,0.39,0.49,0.49,0.2,0.04
03/12/2025,05:00,N,0.39,0.49,0.43,0.2,0.04
03/12/2025,06:00,N,1.39,1.49,0.37,0.2,0.04
03/12/2025,07:00,N,1.05,0.49,1.06,1.06,0.1
03/12/2025,08:00,N,1.98,1.2,2,1.06,0.12
03/12/2025,09:00,N,3,8,8,5.1,8
03/12/2025,10:00,N,2,6.87,8,5.67,8
03/12/2025,11:00,N,1.94,2.37,1.05,1.05,1.05
03/12/2025,12:00,N,0.93,1.4,1,1,1
03/12/2025,13:00,N,0.34,1.42,0.98,0.98,0.98
03/12/2025,14:00,N,0.26,0.78,0.54,0.69,0.54
03/12/2025,15:00,N,0.26,1.21,0.99,0.99,0.99
03/12/2025,16:00,N,0.78,1.29,1,1,1
03/12/2025,17:00,N,1.47,1.66,0.85,1,1
03/12/2025,18:00,N,1.47,1.59,1,1,1
03/12/2025,19:00,N,4.95,1.61,1.61,1.61,1.61
03/12/2025,20:00,N,4,3.93,8.17,8.17,8.17
03/12/2025,21:00,N,3.96,2.14,7.34,7.34,7.23
03/12/2025,22:00,N,1.98,4.4,4.4,9.68,4.4
03/12/2025,23:00,N,1.02,1,0.5,0.48,0.05
03/12/2025,24:00,N,0.92,1,0.51,0.25,0.04
03/13/2025,01:00,N,0.7,0.59,0.5,0.07,0.02
03/13/2025,02:00,N,0.59,0.59,0.5,0.07,0.04
03/13/2025,03:00,N,0.59,0.59,0.37,0.2,0.04
03/13/2025,04:00,N,0.59,0.72,0.37,0.19,0.04
03/13/2025,05:00,N,0.59,0.59,0.37,0.19,0.04
03/13/2025,06:00,N,1.59,1.59,0.3,0.1,0.1
03/13/2025,07:00,N,1.5,0.69,1.5,1.06,0.11
03/13/2025,08:00,N,3.42,1.5,2.99,2.99,0.37
03/13/2025,09:00,N,5.94,7.5,7.5,7,7.5
03/13/2025,10:00,N,2.62,9.78,8.02,8.02,8.02
03/13/2025,11:00,N,0.69,1.6,1.25,1.25,1.25
03/13/2025,12:00,N,1.22,1.66,1,1,1
03/13/2025,13:00,N,0.54,1.68,0.89,0.97,0.89
03/13/2025,14:00,N,0.81,1.93,0.61,0.94,0.61
03/13/2025,15:00,N,0.7,2.15,1.05,1.05,1.05
03/13/2025,16:00,N,0.81,2.55,1.1,1.1,1.1
03/13/2025,17:00,N,1.15,3.26,1.1,1.25,1.25
03/13/2025,18:00,N,1.47,3.26,1.26,2.26,1.26
03/13/2025,19:00,N,5.38,4.92,5,5,5
03/13/2025,20:00,N,4.95,12.12,21.24,19.54,21.24
03/13/2025,21:00,N,2.09,1.89,8.12,8.12,8.12
03/13/2025,22:00,N,1.98,3.08,3.99,10.72,3.99
03/13/2025,23:00,N,1.48,1.53,1,1.01,1
03/13/2025,24:00,N,1.02,1.29,0.76,0.24,0.04
03/14/2025,01:00,N,0.59,0.59,0.59,0.06,0.04
03/14/2025,02:00,N,0.59,0.59,0.59,0.06,0.04
03/14/2025,03:00,N,0.59,0.59,0.32,0.19,0.04
03/14/2025,04:00,N,0.59,0.59,0.4,0.18,0.04
03/14/2025,05:00,N,0.59,0.59,0.37,0.18,0.05
03/14/2025,06:00,N,1.59,1.59,0.3,0.08,0.05
03/14/2025,07:00,N,0.98,0.49,0.55,0.99,0.1
03/14/2025,08:00,N,1.96,0.49,1,1,0.87
03/14/2025,09:00,N,1.96,7.5,7.5,4.19,7.5
03/14/2025,10:00,N,1.67,8.75,5,4.1,5
03/14/2025,11:00,N,0.92,1.99,1,1,1
03/14/2025,12:00,N,0.78,1.1,0.81,0.92,0.84
03/14/2025,13:00,N,0.28,0.86,0.6,0.75,0.6
03/14/2025,14:00,N,0.36,0.94,0.5,0.58,0.5
03/14/2025,15:00,N,0.26,1.21,0.99,0.99,0.99
03/14/2025,16:00,N,0.28,1.26,0.99,1,1
03/14/2025,17:00,N,0.45,1.61,0.85,1,1
03/14/2025,18:00,N,0.45,1.59,1,1,1
03/14/2025,19:00,N,2.02,4.81,4.81,5,5
03/14/2025,20:00,N,2,8.95,14.57,18.57,14.57
03/14/2025,21:00,N,2,3.64,6.64,6.64,6.64
03/14/2025,22:00,N,1.98,3.08,4.9,13.39,4.9
03/14/2025,23:00,N,1.12,1.53,1,1,1
03/14/2025,24:00,N,1.02,1.15,0.62,0.62,0.18
03/15/2025,01:00,N,0.59,0.59,0.5,0.07,0.02
03/15/2025,02:00,N,0.59,0.53,0.5,0.07,0.04
03/15/2025,03:00,N,0.59,0.53,0.3,0.18,0.04
03/15/2025,04:00,N,0.59,0.53,0.3,0.17,0.04
03/15/2025,05:00,N,0.59,0.59,0.32,0.17,0.04
03/15/2025,06:00,N,1.59,1.59,0.3,0.08,0.1
03/15/2025,07:00,N,1.15,0.36,0.52,0.99,0.11
03/15/2025,08:00,N,1.48,0.31,1,1,0.12
03/15/2025,09:00,N,2,1.99,1.99,1.49,1.99
03/15/2025,10:00,N,0.99,3.99,2.39,1.8,2.39
03/15/2025,11:00,N,0.92,1.99,1,1,1
03/15/2025,12:00,N,0.69,0.82,0.62,0.94,0.62
03/15/2025,13:00,N,0.24,0.68,0.5,0.71,0.5
03/15/2025,14:00,N,0.24,0.69,0.49,0.64,0.49
03/15/2025,15:00,N,0.19,1.08,0.98,0.98,0.98
03/15/2025,16:00,N,0.19,1.09,0.99,1,1
03/15/2025,17:00,N,0.38,1.48,0.85,1,1
03/15/2025,18:00,N,1.36,1.48,1,1,1
03/15/2025,19:00,N,2.02,1.5,1.1,1,1.1
03/15/2025,20:00,N,2,4.26,4.26,8.26,4.26
03/15/2025,21:00,N,2,3.61,3.61,5,3.61
03/15/2025,22:00,N,1.98,10.42,3.98,18.18,3.98
03/15/2025,23:00,N,1.98,23.51,1,1.06,1
03/15/2025,24:00,N,1.98,13.93,1,1.04,1
03/16/2025,01:00,N,0.79,0.96,0.96,1,0.96
03/16/2025,02:00,N,0.79,1,1,1,1
03/16/2025,03:00,N,0.79,0.96,0.96,1,0.96
03/16/2025,04:00,N,0.79,0.79,0.79,0.92,0.79
03/16/2025,05:00,N,0.79,0.87,0.87,0.92,0.87
03/16/2025,06:00,N,1.79,1.79,0.79,0.91,0.79
03/16/2025,07:00,N,2.33,0.39,1,2,1
03/16/2025,08:00,N,2.46,0.25,1.5,4,1.5
03/16/2025,09:00,N,4,4,6.18,6.18,6.18
03/16/2025,10:00,N,1.36,3.5,4.41,1.95,4.41
03/16/2025,11:00,N,0.29,0.29,1.07,1.06,1.07
03/16/2025,12:00,N,0.77,0.77,0.95,0.95,0.95
03/16/2025,13:00,N,0.24,0.73,0.55,0.69,0.55
03/16/2025,14:00,N,0.24,0.68,0.5,0.52,0.5
03/16/2025,15:00,N,0.19,1.06,0.96,0.96,0.96
03/16/2025,16:00,N,0.19,1.09,0.99,1,1
03/16/2025,17:00,N,0.38,1.48,0.85,1,1
03/16/2025,18:00,N,1.36,1.67,1,1.1,1
03/16/2025,19:00,N,2.51,9.69,7.19,11.19,7.19
03/16/2025,20:00,N,9.79,12.99,12.99,19.64,12.99
03/16/2025,21:00,N,4.98,14.77,25,25,25
03/16/2025,22:00,N,1.98,11.01,10,40.1,10
03/16/2025,23:00,N,1.98,17.03,5.25,5.5,5.25
03/16/2025,24:00,N,1.98,12.73,1.5,1.5,1.5
03/17/2025,01:00,N,0.56,1,1,0.1,0.04
03/17/2025,02:00,N,0.56,1,1,0.11,0.05
03/17/2025,03:00,N,0.56,0.56,0.5,0.25,0.05
03/17/2025,04:00,N,0.56,0.56,0.5,0.25,0.05
03/17/2025,05:00,N,0.56,0.56,0.5,0.25,0.14
03/17/2025,06:00,N,1.56,0.54,0.53,0.15,0.15
03/17/2025,07:00,N,0.57,0.16,1,1,0.16
03/17/2025,08:00,N,0.6,0.1,1.01,1.01,0.17
03/17/2025,09:00,N,1.86,3.3,2.99,1.1,2.99
03/17/2025,10:00,N,1.96,2.32,2.99,1.15,2.99
03/17/2025,11:00,N,0.29,0.29,1,1,1
03/17/2025,12:00,N,0.29,0.77,0.99,0.99,0.99
03/17/2025,13:00,N,0.19,0.86,0.76,0.91,0.76
03/17/2025,14:00,N,0.19,0.59,0.5,0.69,0.5
03/17/2025,15:00,N,0.19,1.09,0.99,0.99,0.99
03/17/2025,16:00,N,0.5,1.1,1,1,1
03/17/2025,17:00,N,1.01,1.52,1,1.04,1.04
03/17/2025,18:00,N,1.12,1.47,1,1,1
03/17/2025,19:00,N,1.02,1.01,1.01,1.01,1.01
03/17/2025,20:00,N,2,2.6,2.87,2.87,2.87
03/17/2025,21:00,N,0.9,0.9,2.99,2.99,2.99
03/17/2025,22:00,N,1.02,1.02,1.1,1.34,1
03/17/2025,23:00,N,1.96,1,1,0.92,0.06
03/17/2025,24:00,N,0.67,1,0.66,0.2,0.03
03/18/2025,01:00,N,0.59,1,1,0.07,0.02
03/18/2025,02:00,N,0.59,0.59,0.59,0.07,0.03
03/18/2025,03:00,N,0.59,0.59,0.5,0.09,0.04
03/18/2025,04:00,N,0.59,0.59,0.37,0.09,0.04
03/18/2025,05:00,N,0.59,0.59,0.35,0.2,0.04
03/18/2025,06:00,N,1.59,1.58,0.37,0.1,0.04
03/18/2025,07:00,N,1.96,0.63,1,1,0.1
03/18/2025,08:00,N,1.98,0.45,1,1.04,0.12
03/18/2025,09:00,N,1.98,2.42,2.42,1.95,2.42
03/18/2025,10:00,N,0.99,2.6,1.95,1.95,1.95
03/18/2025,11:00,N,0.29,0.29,1.5,1.5,1.5
03/18/2025,12:00,N,0.29,0.29,1.03,1.03,1.03
03/18/2025,13:00,N,0.19,0.95,0.86,0.96,0.86
03/18/2025,14:00,N,0.19,0.59,0.5,0.69,0.5
03/18/2025,15:00,N,0.19,1.09,1,1,1
03/18/2025,16:00,N,0.19,1.1,1.01,1.01,1.01
03/18/2025,17:00,N,0.38,1.49,1.01,1.01,1.01
03/18/2025,18:00,N,0.38,1.35,0.99,1.04,0.99
03/18/2025,19:00,N,1.02,1.67,1,1,1
03/18/2025,20:00,N,2.7,1.93,4.48,5,4.48
03/18/2025,21:00,N,2.93,0.98,5,5,5
03/18/2025,22:00,N,1.53,1.53,3.99,8,3.99
03/18/2025,23:00,N,1.96,1.96,1,1,1
03/18/2025,24:00,N,0.67,1.16,0.69,0.2,0.05
03/19/2025,01:00,N,0.59,0.59,0.5,0.07,0.02
03/19/2025,02:00,N,0.59,0.59,0.49,0.07,0.03
03/19/2025,03:00,N,0.59,0.59,0.3,0.1,0.04
03/19/2025,04:00,N,0.59,0.59,0.3,0.1,0.03
03/19/2025,05:00,N,0.49,0.59,0.31,0.2,0.04
03/19/2025,06:00,N,0.54,1.58,0.3,0.09,0.04
03/19/2025,07:00,N,0.16,0.5,1,1.03,0.05
03/19/2025,08:00,N,0.24,1.09,1.09,4,0.11
03/19/2025,09:00,N,2.02,4,4,7,4
03/19/2025,10:00,N,0.78,3.12,2.87,2.87,2.87
03/19/2025,11:00,N,0.29,0.29,1.05,1.05,1.05
03/19/2025,12:00,N,0.29,0.77,1,1,1
03/19/2025,13:00,N,0.19,0.59,0.5,0.93,0.5
03/19/2025,14:00,N,0.19,0.58,0.49,0.92,0.49
03/19/2025,15:00,N,0.59,0.94,0.85,1,0.85
03/19/2025,16:00,N,0.19,1.09,1,1,1
03/19/2025,17:00,N,0.38,1.48,0.81,1,1
03/19/2025,18:00,N,1.36,1.67,1,1,1
03/19/2025,19:00,N,1.02,1.36,0.69,0.69,0.5
03/19/2025,20:00,N,1.05,1.41,1.41,1.06,0.13
03/19/2025,21:00,N,1.87,2.15,2.15,2.15,2.15
03/19/2025,22:00,N,1.03,9.46,1,1.15,0.24
03/19/2025,23:00,N,1.98,18.61,1,1,0.24
03/19/2025,24:00,N,1.98,9.56,1,1,0.24
03/20/2025,01:00,N,0.93,1.23,0.42,0.1,0.04
03/20/2025,02:00,N,0.93,1.23,0.37,0.11,0.05
03/20/2025,03:00,N,0.84,0.93,0.37,0.24,0.12
03/20/2025,04:00,N,0.93,0.93,0.49,0.49,0.13
03/20/2025,05:00,N,0.93,0.93,0.51,0.79,0.51
03/20/2025,06:00,N,1.93,1.93,0.79,0.79,0.79
03/20/2025,07:00,N,4.25,4.97,15.86,24,15.86
03/20/2025,08:00,N,8.34,6.02,21.56,25,21.56
03/20/2025,09:00,N,14,29.2,36.63,36.63,36.63
03/20/2025,10:00,N,5.49,11.63,11.13,11.13,11.13
03/20/2025,11:00,N,2,3.3,2.66,2.65,2.66
03/20/2025,12:00,N,0.57,1.5,1.06,1.06,1.06
03/20/2025,13:00,N,0.36,1.48,1,1,1
03/20/2025,14:00,N,0.36,0.98,0.5,0.65,0.5
03/20/2025,15:00,N,0.36,1.48,1,1,1
03/20/2025,16:00,N,0.78,1.3,1.01,1.04,1.04
03/20/2025,17:00,N,1.47,2.25,1.01,1.01,1.01
03/20/2025,18:00,N,1.47,2.33,1,1,1
03/20/2025,19:00,N,3,4.04,1.1,0.92,1.1
03/20/2025,20:00,N,5.88,6.28,9.31,9.31,9.31
03/20/2025,21:00,N,4.98,5.8,9,9,8.02
03/20/2025,22:00,N,1.98,5.79,5,6.5,5
03/20/2025,23:00,N,1.98,1.11,1,0.24,0.24
03/20/2025,24:00,N,1.98,1.35,0.99,0.2,0.04
03/21/2025,01:00,N,1.17,1.17,1,0.09,0.02
03/21/2025,02:00,N,1.17,1.17,0.5,0.1,0.03
03/21/2025,03:00,N,0.83,0.83,0.4,0.23,0.04
03/21/2025,04:00,N,0.83,0.83,0.5,0.25,0.03
03/21/2025,05:00,N,0.63,0.83,0.3,0.21,0.04
03/21/2025,06:00,N,0.84,2.17,0.37,0.2,0.04
03/21/2025,07:00,N,0.15,0.68,1,1,0.05
03/21/2025,08:00,N,3.01,0.75,1.05,1.05,0.11
03/21/2025,09:00,N,5.55,4.95,4.95,4.95,4.95
03/21/2025,10:00,N,2,3.12,2.2,2.2,2.2
03/21/2025,11:00,N,0.49,0.99,0.99,0.99,0.99
03/21/2025,12:00,N,0.29,0.81,0.81,0.96,0.81
03/21/2025,13:00,N,0.14,0.5,0.5,0.93,0.5
03/21/2025,14:00,N,0.14,0.49,0.49,0.64,0.49
03/21/2025,15:00,N,0.49,0.99,0.99,0.99,0.99
03/21/2025,16:00,N,0.49,1,1,1,1
03/21/2025,17:00,N,0.55,1.8,0.85,1,1
03/21/2025,18:00,N,1.47,1.8,1,1,1
03/21/2025,19:00,N,2.98,2.96,1,0.92,0.89
03/21/2025,20:00,N,5.32,8.04,13.14,10.19,13.14
03/21/2025,21:00,N,3.16,7.53,11.31,10.51,11.31
03/21/2025,22:00,N,1.98,6.6,5,6.1,5
03/21/2025,23:00,N,1.71,3,1,0.5,0.05
03/21/2025,24:00,N,1.53,1.24,1,0.3,0.05
03/22/2025,01:00,N,0.83,0.83,0.54,0.1,0.02
03/22/2025,02:00,N,0.83,0.83,0.37,0.1,0.04
03/22/2025,03:00,N,0.83,0.83,0.37,0.22,0.04
03/22/2025,04:00,N,0.83,0.83,0.35,0.25,0.04
03/22/2025,05:00,N,0.83,0.83,0.37,0.2,0.05
03/22/2025,06:00,N,1.83,1.83,0.35,0.15,0.05
03/22/2025,07:00,N,1.96,0.71,1.01,1.01,0.05
03/22/2025,08:00,N,1.2,0.51,1.06,1.06,0.17
03/22/2025,09:00,N,1.44,5,5,5,5
03/22/2025,10:00,N,0.9,3,2.68,2.65,2.68
03/22/2025,11:00,N,0.29,1,1,1,1
03/22/2025,12:00,N,0.29,1,1,1,1
03/22/2025,13:00,N,0.14,0.77,0.77,0.92,0.77
03/22/2025,14:00,N,0.14,0.5,0.5,0.75,0.5
03/22/2025,15:00,N,0.49,0.99,0.99,0.99,0.99
03/22/2025,16:00,N,0.15,1,1,1,1
03/22/2025,17:00,N,0.35,1.41,1,1.01,1
03/22/2025,18:00,N,1.3,1.41,1,1,1
03/22/2025,19:00,N,1.7,1,1,0.91,0.91
03/22/2025,20:00,N,2.02,1.53,1.58,1.03,0.16
03/22/2025,21:00,N,2.02,1.53,1.53,1.03,0.2
03/22/2025,22:00,N,1.98,3.96,1,1,0.05
03/22/2025,23:00,N,1.98,1.48,0.99,0.3,0.04
03/22/2025,24:00,N,1.05,0.7,0.91,0.29,0.03
03/23/2025,01:00,N,0.49,0.5,0.5,0.09,0.02
03/23/2025,02:00,N,0.48,0.6,0.45,0.09,0.04
03/23/2025,03:00,N,0.49,0.5,0.5,0.21,0.04
03/23/2025,04:00,N,0.48,0.49,0.34,0.24,0.04
03/23/2025,05:00,N,0.49,0.49,0.36,0.19,0.04
03/23/2025,06:00,N,0.64,1.49,0.36,0.14,0.04
03/23/2025,07:00,N,0.16,0.84,1,1.02,0.04
03/23/2025,08:00,N,1.23,0.64,1,1.03,0.06
03/23/2025,09:00,N,1.96,3.75,3.75,3.75,3.75
03/23/2025,10:00,N,1.03,3.56,2.5,2.5,2.5
03/23/2025,11:00,N,0.29,1,1,1,1
03/23/2025,12:00,N,0.29,0.99,0.99,0.99,0.99
03/23/2025,13:00,N,0.14,0.77,0.77,0.92,0.77
03/23/2025,14:00,N,0.14,0.5,0.5,0.75,0.5
03/23/2025,15:00,N,0.49,0.99,0.99,0.99,0.99
03/23/2025,16:00,N,0.49,1,1,1,1
03/23/2025,17:00,N,0.35,1.41,1,1.03,1
03/23/2025,18:00,N,1.3,1.41,1,1.01,1
03/23/2025,19:00,N,4.18,1.03,1.03,1.03,1.03
03/23/2025,20:00,N,1.96,1.71,3.49,3.49,3.49
03/23/2025,21:00,N,1.96,1.04,3,3,3
03/23/2025,22:00,N,1,3.3,1.75,2,1.21
03/23/2025,23:00,N,1.98,1.97,0.93,0.93,0.05
03/23/2025,24:00,N,1.05,0.7,0.91,0.91,0.05
03/24/2025,01:00,N,0.99,1,0.5,0.08,0.02
03/24/2025,02:00,N,0.99,1,0.41,0.08,0.04
03/24/2025,03:00,N,0.99,0.99,0.45,0.09,0.04
03/24/2025,04:00,N,0.99,0.99,0.5,0.09,0.04
03/24/2025,05:00,N,0.74,0.99,0.5,0.14,0.04
03/24/2025,06:00,N,1.98,1.99,0.37,0.11,0.05
03/24/2025,07:00,N,0.33,1,1,5,0.16
03/24/2025,08:00,N,11.65,1.5,1.5,5.5,1.5
03/24/2025,09:00,N,10.02,10.46,13.66,15.75,13.66
03/24/2025,10:00,N,2,6.32,6.85,6.85,6.85
03/24/2025,11:00,N,0.47,1.7,1.5,1.5,1.5
03/24/2025,12:00,N,0.47,1.2,1,1,1
03/24/2025,13:00,N,0.24,0.94,0.74,0.94,0.74
03/24/2025,14:00,N,0.24,0.7,0.5,0.69,0.5
03/24/2025,15:00,N,0.24,1.19,0.99,1,0.99
03/24/2025,16:00,N,0.5,1.41,1.02,1.06,1.06
03/24/2025,17:00,N,1.39,2.37,1.5,3.9,1.7
03/24/2025,18:00,N,1.47,2.44,1.5,6.85,1.77
03/24/2025,19:00,N,25,16.29,9.38,9.38,9.38
03/24/2025,20:00,N,7.2,29.8,54.95,40.17,54.95
03/24/2025,21:00,N,4.98,38.53,56.35,56.35,56.35
03/24/2025,22:00,N,1.98,32.59,39.6,65.25,39.6
03/24/2025,23:00,N,1.98,23.13,20,20,20
03/24/2025,24:00,N,1.98,8.36,9.94,9.94,9.94
03/25/2025,01:00,N,0.83,1,1,0.08,0.02
03/25/2025,02:00,N,0.83,1,1,0.07,0.04
03/25/2025,03:00,N,0.83,0.83,0.83,0.08,0.04
03/25/2025,04:00,N,0.83,0.83,0.54,0.12,0.04
03/25/2025,05:00,N,0.83,0.83,0.51,0.14,0.04
03/25/2025,06:00,N,1.83,1.83,0.5,0.1,0.04
03/25/2025,07:00,N,2.88,0.89,1.1,1.1,0.04
03/25/2025,08:00,N,5.01,1.15,5,5,0.17
03/25/2025,09:00,N,14.77,8.01,8.01,8.01,8.01
03/25/2025,10:00,N,5.25,6.48,6.75,6.75,6.75
03/25/2025,11:00,N,0.51,1.5,1.3,1.3,1.3
03/25/2025,12:00,N,0.69,1.18,1,1,1
03/25/2025,13:00,N,0.69,0.73,0.53,0.75,0.53
03/25/2025,14:00,N,0.69,0.69,0.49,0.64,0.49
03/25/2025,15:00,N,0.69,1.19,0.99,0.99,0.99
03/25/2025,16:00,N,0.88,1.9,1.51,1.75,1.75
03/25/2025,17:00,N,0.55,2.55,1.51,3.99,1.98
03/25/2025,18:00,N,1.47,2.79,1.51,6,1.99
03/25/2025,19:00,N,13.22,11.46,1.51,3.14,3.14
03/25/2025,20:00,N,19,26.07,48.08,10.64,35.63
03/25/2025,21:00,N,4.98,22.35,38.98,14,33.73
03/25/2025,22:00,N,1.98,16.71,19.27,19.27,19.27
03/25/2025,23:00,N,1.98,8.09,1,1,1
03/25/2025,24:00,N,1.98,4.18,1,0.49,0.04
03/26/2025,01:00,N,0.59,0.84,0.51,0.07,0.03
03/26/2025,02:00,N,0.59,0.84,0.5,0.07,0.04
03/26/2025,03:00,N,0.34,0.77,0.49,0.08,0.04
03/26/2025,04:00,N,0.59,0.68,0.37,0.11,0.04
03/26/2025,05:00,N,0.59,0.81,0.33,0.13,0.04
03/26/2025,06:00,N,0.54,0.96,0.49,0.08,0.04
03/26/2025,07:00,N,0.81,0.59,0.59,1,0.05
03/26/2025,08:00,N,1.4,1,1,3,0.88
03/26/2025,09:00,N,3.92,6.41,6.41,6.41,6.41
03/26/2025,10:00,N,1.57,3.94,3.8,3.8,3.8
03/26/2025,11:00,N,0.63,1.03,1,1,1
03/26/2025,12:00,N,0.97,1.12,0.98,1,0.98
03/26/2025,13:00,N,1.01,0.97,0.79,0.94,0.79
03/26/2025,14:00,N,2.21,1.25,0.76,0.91,0.76
03/26/2025,15:00,N,2.21,1.55,0.85,1,0.99
03/26/2025,16:00,N,1.47,1.36,1,1.1,1.1
03/26/2025,17:00,N,1.63,1.62,1.45,1.5,1.5
03/26/2025,18:00,N,1.96,2.44,1.65,2.19,2.19
03/26/2025,19:00,N,1.78,1.7,1.02,1.02,1.02
03/26/2025,20:00,N,1,3,1.5,1.64,0.95
03/26/2025,21:00,N,2.27,4.66,4.66,3.68,3.68
03/26/2025,22:00,N,0.71,1.5,1.5,1.5,0.18
03/26/2025,23:00,N,0.9,1.07,0.87,0.2,0.04
03/26/2025,24:00,N,0.88,1.14,0.99,0.2,0.04
03/27/2025,01:00,N,0.52,0.59,0.47,0.07,0.03
03/27/2025,02:00,N,0.59,0.66,0.46,0.07,0.04
03/27/2025,03:00,N,0.59,0.63,0.44,0.08,0.04
03/27/2025,04:00,N,0.44,0.69,0.44,0.1,0.04
03/27/2025,05:00,N,0.59,0.81,0.44,0.12,0.04
03/27/2025,06:00,N,0.38,1.03,0.37,0.07,0.04
03/27/2025,07:00,N,0.26,0.51,0.51,1.04,0.05
03/27/2025,08:00,N,0.53,0.99,0.98,3,0.88
03/27/2025,09:00,N,2.24,6.6,6.6,6.6,6.6
03/27/2025,10:00,N,1.18,6.5,6.5,6.5,6.5
03/27/2025,11:00,N,0.6,1.16,1.1,1.1,1.1
03/27/2025,12:00,N,0.5,1.09,1,1,1
03/27/2025,13:00,N,0.63,0.76,0.6,0.75,0.6
03/27/2025,14:00,N,0.63,0.69,0.51,0.66,0.51
03/27/2025,15:00,N,0.63,1.18,1,1.02,1
03/27/2025,16:00,N,0.53,1.23,1.07,1.07,1.07
03/27/2025,17:00,N,0.7,1.26,1.1,1.1,1.1
03/27/2025,18:00,N,0.61,1.34,1,1.04,1.04
03/27/2025,19:00,N,0.49,1.36,0.69,0.92,0.69
03/27/2025,20:00,N,0.38,2.12,1,1.75,0.94
03/27/2025,21:00,N,1.59,4.68,4.98,4.98,4.98
03/27/2025,22:00,N,0.9,1.5,1.5,1.65,0.19
03/27/2025,23:00,N,1.6,1.16,1,1,0.2
03/27/2025,24:00,N,0.66,1,1,0.28,0.04
03/28/2025,01:00,N,0.47,0.64,0.51,0.07,0.03
03/28/2025,02:00,N,0.79,0.79,0.46,0.07,0.04
03/28/2025,03:00,N,0.07,0.67,0.48,0.08,0.04
03/28/2025,04:00,N,0.41,0.79,0.38,0.09,0.04
03/28/2025,05:00,N,0.49,1.06,0.47,0.11,0.04
03/28/2025,06:00,N,0.46,1.27,0.37,0.2,0.04
03/28/2025,07:00,N,0.6,1.78,0.65,4.5,0.1
03/28/2025,08:00,N,1.45,1.1,1.1,5.1,1.1
03/28/2025,09:00,N,6,10.27,10.27,10.27,10.27
03/28/2025,10:00,N,1.9,10.17,10,8.25,10
03/28/2025,11:00,N,1.62,3.4,3,3.09,3.09
03/28/2025,12:00,N,0.78,1.29,1,1,1
03/28/2025,13:00,N,0.58,1.29,1,1,1
03/28/2025,14:00,N,0.41,1.08,0.79,0.94,0.79
03/28/2025,15:00,N,0.39,1.28,1,1,1
03/28/2025,16:00,N,1.07,1.58,1,1,1
03/28/2025,17:00,N,0.99,1.56,0.98,1.04,1.04
03/28/2025,18:00,N,1.47,1.61,1.05,1.05,1.05
03/28/2025,19:00,N,0.7,1.62,0.77,1,0.77
03/28/2025,20:00,N,0.6,3.03,1.5,1.5,0.23
03/28/2025,21:00,N,2,1.92,1.5,1.5,0.96
03/28/2025,22:00,N,1.42,1.33,1,1.02,0.04
03/28/2025,23:00,N,1.45,1.16,1,0.3,0.04
03/28/2025,24:00,N,0.98,1.1,1,0.27,0.04
03/29/2025,01:00,N,0.44,1,0.85,0.08,0.04
03/29/2025,02:00,N,0.53,0.79,0.56,0.08,0.04
03/29/2025,03:00,N,0.69,0.79,0.5,0.12,0.04
03/29/2025,04:00,N,0.54,0.79,0.5,0.1,0.04
03/29/2025,05:00,N,0.79,1.11,0.44,0.14,0.05
03/29/2025,06:00,N,0.49,0.96,0.44,0.15,0.05
03/29/2025,07:00,N,0.83,0.67,0.65,1.04,0.05
03/29/2025,08:00,N,2.73,0.99,1,1.03,0.94
03/29/2025,09:00,N,2.64,2.74,2.64,6.1,2.64
03/29/2025,10:00,N,1.9,3.34,3.21,3.34,3.34
03/29/2025,11:00,N,0.63,1.13,0.99,1,1
03/29/2025,12:00,N,0.63,1.13,1,1,1
03/29/2025,13:00,N,0.4,1.13,1,1,1
03/29/2025,14:00,N,0.63,0.77,0.64,0.94,0.64
03/29/2025,15:00,N,0.63,1.16,1,1,1
03/29/2025,16:00,N,0.78,1.19,1,1,1
03/29/2025,17:00,N,1.42,1.08,1.02,1.02,1.02
03/29/2025,18:00,N,1.47,1.39,1.05,1.05,1.05
03/29/2025,19:00,N,0.82,1.08,0.96,1.01,0.96
03/29/2025,20:00,N,0.53,1.5,1,1.24,1
03/29/2025,21:00,N,1.35,1.5,1.5,1.5,1.5
03/29/2025,22:00,N,1.98,1.95,1.5,1.5,0.05
03/29/2025,23:00,N,0.99,3.01,2.69,1,0.05
03/29/2025,24:00,N,0.99,1.25,1,1,0.05
03/30/2025,01:00,N,0.64,1.22,0.98,0.07,0.03
03/30/2025,02:00,N,0.48,1.15,0.79,0.07,0.04
03/30/2025,03:00,N,0.36,0.83,0.51,0.1,0.04
03/30/2025,04:00,N,0.29,0.7,0.5,0.09,0.04
03/30/2025,05:00,N,0.29,0.75,0.4,0.1,0.05
03/30/2025,06:00,N,0.43,1,0.44,0.08,0.05
03/30/2025,07:00,N,0.46,0.99,0.51,1.01,0.05
03/30/2025,08:00,N,0.41,0.65,0.98,1.02,0.65
03/30/2025,09:00,N,0.5,1.27,1.1,1.1,1.1
03/30/2025,10:00,N,0.79,1.4,1.31,1.31,1.31
03/30/2025,11:00,N,0.7,1.06,0.99,0.99,0.99
03/30/2025,12:00,N,0.53,0.6,0.51,0.94,0.51
03/30/2025,13:00,N,0.2,0.64,0.51,0.71,0.51
03/30/2025,14:00,N,0.36,0.69,0.5,0.96,0.5
03/30/2025,15:00,N,0.46,1.18,0.98,1,0.98
03/30/2025,16:00,N,0.6,1.14,0.98,1,1
03/30/2025,17:00,N,0.7,1.2,1,1,1
03/30/2025,18:00,N,1.19,1.26,1,1.5,1
03/30/2025,19:00,N,0.81,1.5,0.85,1.05,0.85
03/30/2025,20:00,N,5,5.25,5,5,5
03/30/2025,21:00,N,4.98,5.02,27.75,18.75,26.75
03/30/2025,22:00,N,1.37,13.24,12.89,19.33,3.33
03/30/2025,23:00,N,0.71,1.34,1,1,0.05
03/30/2025,24:00,N,0.5,1.37,1,1,0.05
03/31/2025,01:00,N,0.34,0.85,0.51,0.09,0.03
03/31/2025,02:00,N,0.43,1.16,0.51,0.09,0.04
03/31/2025,03:00,N,0.08,0.98,0.5,0.12,0.04
03/31/2025,04:00,N,0.11,0.97,0.5,0.13,0.04
03/31/2025,05:00,N,0.29,1,0.31,0.14,0.05
03/31/2025,06:00,N,0.25,0.65,0.5,0.15,0.05
03/31/2025,07:00,N,0.86,0.57,0.57,4,0.05
03/31/2025,08:00,N,0.46,1.1,1.1,5.1,0.94
03/31/2025,09:00,N,0.57,8.37,8,9.63,8
03/31/2025,10:00,N,0.55,2.53,2.5,2.5,2.5
03/31/2025,11:00,N,0.48,1.03,1,1,1
03/31/2025,12:00,N,0.45,0.62,0.51,1,0.51
03/31/2025,13:00,N,0.42,0.65,0.5,0.84,0.5
03/31/2025,14:00,N,0.48,0.75,0.5,0.69,0.5
03/31/2025,15:00,N,0.63,1.25,1,1.15,1
03/31/2025,16:00,N,0.9,1.48,1.25,1.4,1.36
03/31/2025,17:00,N,1.32,1.83,1.5,1.68,1.68
03/31/2025,18:00,N,0.79,1.43,1.05,5.82,1.1
03/31/2025,19:00,N,0.82,2.01,0.98,1.05,0.98
03/31/2025,20:00,N,3.49,9.67,7.88,7.88,7.88
03/31/2025,21:00,N,2.25,25.77,25.77,15,24
03/31/2025,22:00,N,1.98,19.95,19.95,19.95,0.05
03/31/2025,23:00,N,0.97,1.26,1.17,1.05,0.05
03/31/2025,24:00,N,0.6,1,1,0.87,0.04
04/01/2025,01:00,N,0.33,1.25,0.99,0.08,0.04
04/01/2025,02:00,N,0.38,1.29,0.98,0.08,0.04
04/01/2025,03:00,N,0.77,1,1,0.11,0.04
04/01/2025,04:00,N,0.56,0.79,0.52,0.2,0.04
04/01/2025,05:00,N,0.83,0.91,0.81,0.13,0.04
04/01/2025,06:00,N,0.64,1.24,1,0.14,0.05
04/01/2025,07:00,N,0.27,1.19,1,1.01,0.1
04/01/2025,08:00,N,0.62,0.62,1.01,1.01,0.57
04/01/2025,09:00,N,1.37,4.19,4.19,4.19,4.19
04/01/2025,10:00,N,0.99,3.09,2.99,2.99,2.99
04/01/2025,11:00,N,0.44,1.13,1.04,1.04,1.04
04/01/2025,12:00,N,0.42,1.01,1.02,1.02,1.02
04/01/2025,13:00,N,0.63,0.99,0.86,0.94,0.86
04/01/2025,14:00,N,0.38,0.92,0.79,0.94,0.79
04/01/2025,15:00,N,0.97,0.94,0.94,0.94,0.94
04/01/2025,16:00,N,1.04,1.08,0.96,0.96,0.96
04/01/2025,17:00,N,1.12,1.01,0.96,0.96,0.96
04/01/2025,18:00,N,0.45,1.01,0.83,0.96,0.9
04/01/2025,19:00,N,1,1.02,1,1.03,1
04/01/2025,20:00,N,3.24,3.99,3.89,3.89,3.89
04/01/2025,21:00,N,1.46,1.05,3.64,3.64,3.64
04/01/2025,22:00,N,1.75,2.4,2.25,2.25,2.25
04/01/2025,23:00,N,0.54,1.04,1,1,0.16
04/01/2025,24:00,N,0.67,1,0.95,0.86,0.04
04/02/2025,01:00,N,0.26,0.7,0.5,0.07,0.04
04/02/2025,02:00,N,0.29,0.62,0.43,0.07,0.04
04/02/2025,03:00,N,0.27,0.35,0.35,0.2,0.04
04/02/2025,04:00,N,0.22,0.32,0.32,0.19,0.04
04/02/2025,05:00,N,0.29,0.48,0.4,0.12,0.04
04/02/2025,06:00,N,0.27,0.79,0.42,0.13,0.05
04/02/2025,07:00,N,0.5,1.5,0.85,1,0.05
04/02/2025,08:00,N,1.73,1.02,1.02,1.02,0.06
04/02/2025,09:00,N,1.2,1.43,1.12,1.12,1.12
04/02/2025,10:00,N,1.47,1.54,1,1,1
04/02/2025,11:00,N,1.47,1.11,0.98,1,0.98
04/02/2025,12:00,N,1.25,1.04,0.79,0.94,0.79
04/02/2025,13:00,N,1.24,0.95,0.74,0.94,0.74
04/02/2025,14:00,N,0.82,1.18,0.79,0.99,0.79
04/02/2025,15:00,N,1.42,1.38,1,1,1
04/02/2025,16:00,N,1.75,1.6,1,1,1
04/02/2025,17:00,N,2.09,1.57,1,1.15,1.15
04/02/2025,18:00,N,4,4.39,3.45,3.86,3.86
04/02/2025,19:00,N,2.84,3.61,1.65,1.65,1.65
04/02/2025,20:00,N,7.93,39.51,44.39,29.41,44.39
04/02/2025,21:00,N,18.2,33.47,34.62,25,34.62
04/02/2025,22:00,N,3.92,18.86,18.86,25,18.86
04/02/2025,23:00,N,1.96,1.94,1.49,1,1
04/02/2025,24:00,N,0,3.6,3,3,0.21
04/03/2025,01:00,N,0.99,1.49,0.98,0.92,0.1
04/03/2025,02:00,N,0.35,1.66,0.98,0.92,0.06
04/03/2025,03:00,N,0.63,1.54,1,1,0.06
04/03/2025,04:00,N,0.37,1.34,0.94,0.94,0.13
04/03/2025,05:00,N,0.47,1.42,0.82,0.82,0.06
04/03/2025,06:00,N,0.47,1.49,0.58,0.56,0.15
04/03/2025,07:00,N,1.15,1.93,1,2.1,0.11
04/03/2025,08:00,N,2.89,1.5,1.5,2.1,0.17
04/03/2025,09:00,N,2.43,3.99,3.91,3.41,3.91
04/03/2025,10:00,N,0.7,3.84,3.64,3.64,3.64
04/03/2025,11:00,N,0.51,1.55,1,1.04,1
04/03/2025,12:00,N,0.99,1.3,0.98,1.03,0.98
04/03/2025,13:00,N,0.71,1.17,0.86,1.01,0.86
04/03/2025,14:00,N,0.88,1.18,0.64,0.96,0.64
04/03/2025,15:00,N,1.35,1.38,1,1,1
04/03/2025,16:00,N,1.59,1.59,0.85,1,1
04/03/2025,17:00,N,2.21,2.04,1.03,1.03,1.03
04/03/2025,18:00,N,5.46,6.48,1.65,5.93,5.93
04/03/2025,19:00,N,2.46,2.84,1.61,1.61,1.61
04/03/2025,20:00,N,7.33,29.43,32.46,19.33,32.46
04/03/2025,21:00,N,6.27,19.99,19.99,19.99,19.99
04/03/2025,22:00,N,3.92,10.37,10,14,10
04/03/2025,23:00,N,1.96,1.6,1,1,1
04/03/2025,24:00,N,0,1.66,1.32,1.03,1
04/04/2025,01:00,N,0.36,0.79,0.79,0.1,0.05
04/04/2025,02:00,N,0.29,1.3,0.51,0.11,0.04
04/04/2025,03:00,N,0.55,1.08,0.51,0.51,0.04
04/04/2025,04:00,N,0.69,1,0.51,0.51,0.05
04/04/2025,05:00,N,0.66,1.12,0.5,0.5,0.05
04/04/2025,06:00,N,0.57,1.33,0.51,0.3,0.05
04/04/2025,07:00,N,0.61,1.55,1,1.05,0.05
04/04/2025,08:00,N,1.68,2.1,2.1,2.1,0.07
04/04/2025,09:00,N,1.49,2.99,2.99,2.8,2.99
04/04/2025,10:00,N,1.96,5.74,5.56,5.56,5.56
04/04/2025,11:00,N,0.99,1.69,1.61,1.61,1.61
04/04/2025,12:00,N,0.86,1.18,1,1.04,1
04/04/2025,13:00,N,0.99,1.02,0.82,1.02,0.82
04/04/2025,14:00,N,1.19,1.44,1,1.02,1
04/04/2025,15:00,N,1.23,1.31,1,1,1
04/04/2025,16:00,N,1.47,1.68,1.5,1.5,1.5
04/04/2025,17:00,N,1.32,1.93,1.56,1.71,1.71
04/04/2025,18:00,N,3.82,4.07,3.63,3.78,3.78
04/04/2025,19:00,N,2.21,1.5,1.5,1.5,1.5
04/04/2025,20:00,N,4.19,9.2,8.78,8.78,8.78
04/04/2025,21:00,N,3.92,2,5.58,5.58,5.58
04/04/2025,22:00,N,1.11,3.71,3.34,3.34,3.34
04/04/2025,23:00,N,0.66,1,0.99,0.96,0.05
04/04/2025,24:00,N,0,1,1,0.99,0.04
04/05/2025,01:00,N,0.29,0.5,0.5,0.1,0.04
04/05/2025,02:00,N,0.31,0.87,0.5,0.11,0.04
04/05/2025,03:00,N,0.31,0.51,0.5,0.5,0.04
04/05/2025,04:00,N,0.29,0.72,0.51,0.2,0.04
04/05/2025,05:00,N,0.7,0.94,0.5,0.25,0.04
04/05/2025,06:00,N,0.67,0.89,0.5,0.24,0.04
04/05/2025,07:00,N,0.59,0.98,0.98,0.98,0.04
04/05/2025,08:00,N,0.56,1.2,1,0.99,0.05
04/05/2025,09:00,N,0.49,1.96,1.76,1.04,1.76
04/05/2025,10:00,N,0.82,2.61,2.34,1.04,2.34
04/05/2025,11:00,N,0.74,1.04,1,1,1
04/05/2025,12:00,N,0.75,0.86,0.86,0.99,0.86
04/05/2025,13:00,N,0.86,0.86,0.74,0.94,0.74
04/05/2025,14:00,N,0.92,1.01,0.79,0.92,0.79
04/05/2025,15:00,N,0.71,0.91,0.79,0.79,0.79
04/05/2025,16:00,N,0.99,1.03,0.94,0.94,0.94
04/05/2025,17:00,N,1.16,1.16,0.91,0.94,0.91
04/05/2025,18:00,N,1.4,1.42,0.99,0.99,0.99
04/05/2025,19:00,N,3.69,1.26,1,0.9,1
04/05/2025,20:00,N,0.74,1.32,1.14,1.02,1.14
04/05/2025,21:00,N,1.63,1.1,1.05,0.99,0.99
04/05/2025,22:00,N,0.53,1.15,1,0.96,0.16
04/05/2025,23:00,N,0.29,0.78,0.55,0.23,0.04
04/05/2025,24:00,N,0.29,1.3,1,0.08,0.04
04/06/2025,01:00,N,0.6,0.79,0.4,0.08,0.04
04/06/2025,02:00,N,0.66,0.89,0.38,0.08,0.03
04/06/2025,03:00,N,0.87,0.86,0.38,0.24,0.03
04/06/2025,04:00,N,0.79,0.99,0.5,0.21,0.04
04/06/2025,05:00,N,0.95,1,0.5,0.24,0.04
04/06/2025,06:00,N,0.95,1.04,0.37,0.25,0.04
04/06/2025,07:00,N,1.45,1.81,1,1,0.05
04/06/2025,08:00,N,1.62,1.52,1.02,1.02,0.05
04/06/2025,09:00,N,0.78,7.96,7.96,1.06,7.96
04/06/2025,10:00,N,1.14,4.26,4.1,1.06,4.1
04/06/2025,11:00,N,0.99,1.04,1,1,1
04/06/2025,12:00,N,0.99,1.01,0.95,0.95,0.95
04/06/2025,13:00,N,0.48,0.61,0.54,0.69,0.54
04/06/2025,14:00,N,0.77,0.68,0.51,0.66,0.51
04/06/2025,15:00,N,0.67,0.58,0.49,0.5,0.49
04/06/2025,16:00,N,0.51,0.57,0.49,0.5,0.49
04/06/2025,17:00,N,0.55,0.64,0.51,0.59,0.51
04/06/2025,18:00,N,0.73,0.72,0.54,0.69,0.56
04/06/2025,19:00,N,0.95,1.2,0.57,0.76,0.57
04/06/2025,20:00,N,1.74,1.98,1,2.06,1
04/06/2025,21:00,N,2.52,2.1,1.5,3.68,1.5
04/06/2025,22:00,N,5.76,2.8,2.8,2.8,2.8
04/06/2025,23:00,N,4.4,1.14,0.94,0.94,0.94
04/06/2025,24:00,N,0,3.29,1,0.94,0.94
04/07/2025,01:00,N,0.86,1.05,0.5,0.48,0.05
04/07/2025,02:00,N,1.06,1.45,0.43,0.41,0.05
04/07/2025,03:00,N,1.11,1.34,0.5,0.53,0.05
04/07/2025,04:00,N,0.95,1.05,0.5,0.5,0.13
04/07/2025,05:00,N,1.3,1.35,0.45,0.5,0.14
04/07/2025,06:00,N,1.61,1.28,0.48,0.5,0.48
04/07/2025,07:00,N,2.77,3.05,2.13,9.57,2.13
04/07/2025,08:00,N,7.59,15.1,18,18,7.6
04/07/2025,09:00,N,9.82,23.66,23.66,23.66,23.66
04/07/2025,10:00,N,3.44,4.96,4.75,4.75,4.75
04/07/2025,11:00,N,1.11,2.54,2.44,2.44,2.44
04/07/2025,12:00,N,1.15,1.13,1,1,1
04/07/2025,13:00,N,1.01,0.86,0.64,0.79,0.64
04/07/2025,14:00,N,0.61,0.71,0.48,0.62,0.48
04/07/2025,15:00,N,2.09,1.2,0.49,0.49,0.49
04/07/2025,16:00,N,1.43,0.8,0.5,0.5,0.5
04/07/2025,17:00,N,1.08,0.8,0.51,0.51,0.51
04/07/2025,18:00,N,1.43,1.08,0.67,0.75,0.75
04/07/2025,19:00,N,1.71,1.9,0.75,0.92,0.75
04/07/2025,20:00,N,7.01,29.99,29.99,18,29.99
04/07/2025,21:00,N,9.5,29.99,29.99,19,29.99
04/07/2025,22:00,N,6.11,14.73,14.38,14.38,11.51
04/07/2025,23:00,N,1.66,1.96,1.39,1,0.3
04/07/2025,24:00,N,0,4.19,3.9,0.94,0.05
04/08/2025,01:00,N,0.58,0.82,0.51,0.2,0.04
04/08/2025,02:00,N,0.72,0.78,0.41,0.2,0.04
04/08/2025,03:00,N,0.57,0.7,0.51,0.51,0.04
04/08/2025,04:00,N,0.83,0.82,0.37,0.39,0.04
04/08/2025,05:00,N,1.06,0.58,0.37,0.42,0.04
04/08/2025,06:00,N,0.74,0.83,0.46,0.44,0.05
04/08/2025,07:00,N,1.49,2,1.5,1.94,0.06
04/08/2025,08:00,N,1.67,5.1,7,7,0.07
04/08/2025,09:00,N,1.59,9.4,9.4,9.4,9.4
04/08/2025,10:00,N,1.04,5.25,5.16,5.16,5.16
04/08/2025,11:00,N,0.84,1.98,1.94,1.94,1.94
04/08/2025,12:00,N,0.89,1.05,1,1,1
04/08/2025,13:00,N,0.51,0.89,0.79,0.94,0.79
04/08/2025,14:00,N,0.78,0.78,0.64,0.84,0.64
04/08/2025,15:00,N,0.39,0.61,0.54,0.57,0.54
04/08/2025,16:00,N,0.99,0.99,0.71,0.71,0.71
04/08/2025,17:00,N,0.79,0.76,0.64,0.71,0.64
04/08/2025,18:00,N,1.2,0.89,0.75,0.75,0.75
04/08/2025,19:00,N,0.71,1.01,0.6,0.89,0.6
04/08/2025,20:00,N,1.84,9.25,9.99,5,9.99
04/08/2025,21:00,N,1.98,4.69,7.21,5,5.5
04/08/2025,22:00,N,1.62,2.23,3.98,3.98,1.5
04/08/2025,23:00,N,0.44,1.01,0.98,0.09,0.05
04/08/2025,24:00,N,0,1.06,0.9,0.09,0.04
04/09/2025,01:00,N,0.65,1.18,0.8,0.08,0.04
04/09/2025,02:00,N,0.53,0.92,0.5,0.08,0.03
04/09/2025,03:00,N,0.52,0.75,0.5,0.23,0.03
04/09/2025,04:00,N,0.69,0.7,0.5,0.23,0.04
04/09/2025,05:00,N,0.57,0.4,0.4,0.24,0.04
04/09/2025,06:00,N,0.9,0.61,0.37,0.2,0.05
04/09/2025,07:00,N,1.44,1.02,1,1,0.05
04/09/2025,08:00,N,1.39,1.86,2,2,0.07
04/09/2025,09:00,N,3.43,5,5,5,5
04/09/2025,10:00,N,0.99,1.63,1.61,1.61,1.61
04/09/2025,11:00,N,0.4,1.02,1,1,1
04/09/2025,12:00,N,1.2,0.88,0.74,0.89,0.74
04/09/2025,13:00,N,1.5,0.77,0.54,0.74,0.54
04/09/2025,14:00,N,1.12,0.84,0.51,0.71,0.51
04/09/2025,15:00,N,1.38,0.92,0.71,0.71,0.71
04/09/2025,16:00,N,1.72,1.13,0.72,0.72,0.72
04/09/2025,17:00,N,1.51,0.93,0.78,0.78,0.78
04/09/2025,18:00,N,1.15,1.06,0.76,0.76,0.76
04/09/2025,19:00,N,1.55,2.45,1,1,1
04/09/2025,20:00,N,4.06,12,12,11.1,12
04/09/2025,21:00,N,5.88,11.97,12.45,11.76,12.45
04/09/2025,22:00,N,3.92,5.45,6.43,6.43,6.43
04/09/2025,23:00,N,1.26,1.76,1,0.93,0.17
04/09/2025,24:00,N,0,1.37,1,0.18,0.04
04/10/2025,01:00,N,0.66,0.72,0.37,0.08,0.04
04/10/2025,02:00,N,0.43,0.79,0.3,0.08,0.04
04/10/2025,03:00,N,0.41,0.64,0.3,0.26,0.04
04/10/2025,04:00,N,0.43,0.76,0.3,0.24,0.04
04/10/2025,05:00,N,0.73,0.71,0.3,0.28,0.05
04/10/2025,06:00,N,0.82,0.9,0.3,0.2,0.06
04/10/2025,07:00,N,2.18,1.54,1,1.04,0.06
04/10/2025,08:00,N,1.97,1.57,1.57,1.57,0.07
04/10/2025,09:00,N,1.21,6.52,6.11,6.11,6.11
04/10/2025,10:00,N,0.99,1.75,1.5,1.5,1.5
04/10/2025,11:00,N,1.95,1.72,0.88,0.99,0.88
04/10/2025,12:00,N,1.11,1.05,0.66,0.94,0.66
04/10/2025,13:00,N,1.01,0.77,0.51,0.76,0.51
04/10/2025,14:00,N,0.68,0.73,0.5,0.71,0.5
04/10/2025,15:00,N,0.76,0.76,0.54,0.68,0.54
04/10/2025,16:00,N,1.09,1.11,0.92,0.92,0.92
04/10/2025,17:00,N,0.93,1.39,0.98,0.98,0.98
04/10/2025,18:00,N,1.1,1.44,0.98,1,1
04/10/2025,19:00,N,1.59,2.32,1,1.1,1
04/10/2025,20:00,N,3.51,17.81,19.99,18.22,19.99
04/10/2025,21:00,N,5.76,12.15,15.9,15,15.9
04/10/2025,22:00,N,2.62,7.5,7.3,8,7.3
04/10/2025,23:00,N,1.29,1.68,1,0.99,0.99
04/10/2025,24:00,N,0,1.14,1,0.95,0.05
04/11/2025,01:00,N,0.64,0.69,0.37,0.1,0.04
04/11/2025,02:00,N,0.7,1,0.48,0.2,0.04
04/11/2025,03:00,N,0.7,0.7,0.4,0.38,0.03
04/11/2025,04:00,N,0.68,0.58,0.31,0.29,0.04
04/11/2025,05:00,N,0.59,0.76,0.3,0.28,0.04
04/11/2025,06:00,N,0.9,0.92,0.36,0.24,0.05
04/11/2025,07:00,N,1.62,1.57,1.5,2,0.05
04/11/2025,08:00,N,1.84,3.5,3.5,4.78,0.06
04/11/2025,09:00,N,1.98,6.81,6.4,6.4,6.4
04/11/2025,10:00,N,0.76,1.75,1.5,1.5,1.5
04/11/2025,11:00,N,0.99,1.4,0.98,1,0.98
04/11/2025,12:00,N,0.99,1.01,0.76,0.94,0.76
04/11/2025,13:00,N,0.83,0.71,0.5,0.69,0.5
04/11/2025,14:00,N,0.68,0.66,0.5,0.65,0.5
04/11/2025,15:00,N,0.86,0.68,0.51,0.51,0.51
04/11/2025,16:00,N,1.01,1.12,0.94,0.94,0.94
04/11/2025,17:00,N,1.46,1.29,0.87,0.95,0.87
04/11/2025,18:00,N,1.94,1.42,0.98,1,1
04/11/2025,19:00,N,1.9,2.25,0.98,1,0.98
04/11/2025,20:00,N,3.38,21.14,21.11,18.89,21.11
04/11/2025,21:00,N,5.88,12,13.35,12.96,13.35
04/11/2025,22:00,N,1.98,5.03,5.66,9.66,2.59
04/11/2025,23:00,N,1.12,1.16,1,0.2,0.04
04/11/2025,24:00,N,0,1.38,1,0.09,0.04
04/12/2025,01:00,N,0.65,0.8,0.5,0.25,0.05
04/12/2025,02:00,N,0.29,0.65,0.5,0.2,0.04
04/12/2025,03:00,N,0.32,0.5,0.5,0.37,0.04
04/12/2025,04:00,N,0.56,0.53,0.39,0.37,0.05
04/12/2025,05:00,N,0.56,0.49,0.36,0.34,0.05
04/12/2025,06:00,N,0.49,0.54,0.35,0.24,0.05
04/12/2025,07:00,N,0.46,1.11,1.05,1.05,0.05
04/12/2025,08:00,N,0.47,1.19,1.5,1.5,0.06
04/12/2025,09:00,N,0.87,3.77,3.77,3.77,3.77
04/12/2025,10:00,N,0.72,1.52,1.5,1.5,1.5
04/12/2025,11:00,N,0.74,1.03,1,1,1
04/12/2025,12:00,N,0.53,0.87,0.85,1,0.85
04/12/2025,13:00,N,0.99,0.68,0.5,0.95,0.5
04/12/2025,14:00,N,0.34,0.54,0.51,0.92,0.51
04/12/2025,15:00,N,0.42,0.59,0.54,0.69,0.54
04/12/2025,16:00,N,0.5,0.82,0.77,0.92,0.77
04/12/2025,17:00,N,0.68,0.77,0.74,0.89,0.74
04/12/2025,18:00,N,0.86,0.96,0.79,0.94,0.86
04/12/2025,19:00,N,0.7,1.16,0.98,1,0.98
04/12/2025,20:00,N,0.59,3.09,2.78,2.78,2.78
04/12/2025,21:00,N,1.98,6,7.03,7.03,7.03
04/12/2025,22:00,N,1,2.25,2.53,2.53,2.53
04/12/2025,23:00,N,0.87,1.01,1,0.96,0.75
04/12/2025,24:00,N,0,1.12,1,0.52,0.04
04/13/2025,01:00,N,0.43,0.62,0.5,0.24,0.05
04/13/2025,02:00,N,0.86,0.64,0.5,0.2,0.04
04/13/2025,03:00,N,0.55,0.54,0.5,0.36,0.04
04/13/2025,04:00,N,0.38,0.42,0.34,0.32,0.05
04/13/2025,05:00,N,0.35,0.41,0.32,0.3,0.05
04/13/2025,06:00,N,0.37,0.54,0.34,0.23,0.05
04/13/2025,07:00,N,0.45,0.66,0.51,0.98,0.05
04/13/2025,08:00,N,0.78,1.06,1,1,0.06
04/13/2025,09:00,N,0.85,2.03,2.03,1.74,2.03
04/13/2025,10:00,N,0.59,1.07,1,1,1
04/13/2025,11:00,N,0.5,0.55,0.51,0.96,0.51
04/13/2025,12:00,N,0.58,0.57,0.51,0.94,0.51
04/13/2025,13:00,N,0.7,0.6,0.49,0.85,0.49
04/13/2025,14:00,N,0.47,0.58,0.5,0.85,0.5
04/13/2025,15:00,N,0.45,0.57,0.51,0.75,0.51
04/13/2025,16:00,N,0.56,0.93,0.88,0.94,0.88
04/13/2025,17:00,N,0.53,1.01,0.95,0.95,0.95
04/13/2025,18:00,N,0.61,1.06,0.85,1,1
04/13/2025,19:00,N,1.07,1.44,1,1,1
04/13/2025,20:00,N,0.95,7.32,7.32,7.32,7.32
04/13/2025,21:00,N,3.15,6,8.5,8,8.5
04/13/2025,22:00,N,1.48,4.7,4.74,5,4.74
04/13/2025,23:00,N,1.28,2.48,1,1,1
04/13/2025,24:00,N,0,1.44,1,0.75,0.04
04/14/2025,01:00,N,0.91,0.89,0.5,0.2,0.04
04/14/2025,02:00,N,0.84,0.91,0.5,0.2,0.04
04/14/2025,03:00,N,0.66,0.82,0.5,0.48,0.04
04/14/2025,04:00,N,0.81,0.74,0.4,0.33,0.04
04/14/2025,05:00,N,0.82,0.99,0.36,0.34,0.04
04/14/2025,06:00,N,0.57,0.74,0.34,0.24,0.05
04/14/2025,07:00,N,0.96,1.41,1,1,0.05
04/14/2025,08:00,N,1.31,1.05,1.05,1.05,0.07
04/14/2025,09:00,N,1.21,1.9,1.5,1.5,1.5
04/14/2025,10:00,N,0.56,1.09,1.04,1.04,1.04
04/14/2025,11:00,N,0.57,0.6,0.57,1,0.57
04/14/2025,12:00,N,0.45,0.53,0.52,0.94,0.52
04/14/2025,13:00,N,0.46,0.61,0.5,0.76,0.5
04/14/2025,14:00,N,0.59,0.62,0.5,0.71,0.5
04/14/2025,15:00,N,0.52,0.62,0.51,0.66,0.51
04/14/2025,16:00,N,0.82,1.05,0.98,1.04,0.98
04/14/2025,17:00,N,0.76,1.07,1,1.15,1
04/14/2025,18:00,N,1.21,1.17,1,1.23,1.1
04/14/2025,19:00,N,1.5,1.62,1,1,1
04/14/2025,20:00,N,1.24,21.38,25.38,19.5,25.38
04/14/2025,21:00,N,3.92,14.88,18.38,18.38,18.38
04/14/2025,22:00,N,1.92,4.7,5.68,18.75,5.68
04/14/2025,23:00,N,1.21,1.52,1,1,1
04/14/2025,24:00,N,0,1.78,1,1,1
04/15/2025,01:00,N,0.71,0.78,0.5,0.25,0.05
04/15/2025,02:00,N,0.68,0.7,0.37,0.25,0.04
04/15/2025,03:00,N,1.09,1.06,0.51,0.51,0.04
04/15/2025,04:00,N,0.89,0.69,0.5,0.5,0.05
04/15/2025,05:00,N,0.7,1.15,0.5,0.5,0.05
04/15/2025,06:00,N,0.65,0.97,0.44,0.44,0.06
04/15/2025,07:00,N,1.3,1.79,1.71,6.65,0.06
04/15/2025,08:00,N,1.09,4.5,4.5,6,0.12
04/15/2025,09:00,N,1.96,5.11,5,5,5
04/15/2025,10:00,N,0.84,4.12,4.08,4.08,4.08
04/15/2025,11:00,N,0.99,1.14,0.98,1.13,0.98
04/15/2025,12:00,N,0.92,0.79,0.76,1,0.76
04/15/2025,13:00,N,0.42,0.6,0.5,1,0.5
04/15/2025,14:00,N,0.64,0.63,0.5,1,0.5
04/15/2025,15:00,N,0.65,0.63,0.52,0.94,0.52
04/15/2025,16:00,N,0.99,1.12,0.99,1,0.99
04/15/2025,17:00,N,0.92,0.99,0.88,0.99,0.88
04/15/2025,18:00,N,1.35,1.1,0.98,1,1
04/15/2025,19:00,N,1.71,1.78,1,1,1
04/15/2025,20:00,N,2,24.24,27.74,27.74,27.74
04/15/2025,21:00,N,5.94,24.65,26.38,26.25,26.38
04/15/2025,22:00,N,3.5,9.87,9.87,18.75,9.87
04/15/2025,23:00,N,1.98,1.86,1.05,1.05,1.05
04/15/2025,24:00,N,0,1.78,1,0.94,0.07
04/16/2025,01:00,N,0.58,0.82,0.51,0.24,0.06
04/16/2025,02:00,N,0.44,0.58,0.44,0.24,0.06
04/16/2025,03:00,N,0.38,0.63,0.41,0.41,0.06
04/16/2025,04:00,N,0.48,0.68,0.44,0.44,0.06
04/16/2025,05:00,N,0.32,0.63,0.44,0.44,0.06
04/16/2025,06:00,N,0.46,0.67,0.38,0.36,0.1
04/16/2025,07:00,N,0.51,1.47,1,2.2,0.16
04/16/2025,08:00,N,1.01,2.95,2.97,3,0.3
04/16/2025,09:00,N,2,4.77,4.77,4.77,4.77
04/16/2025,10:00,N,0.99,4.59,4.5,4.5,4.5
04/16/2025,11:00,N,1.09,1.93,1.65,1.65,1.65
04/16/2025,12:00,N,1.8,1.5,1.15,1.15,1.15
04/16/2025,13:00,N,0.99,1.65,0.75,0.94,0.75
04/16/2025,14:00,N,0.74,0.98,0.81,0.96,0.81
04/16/2025,15:00,N,1.29,1.52,0.98,0.98,0.98
04/16/2025,16:00,N,0.99,1.2,0.99,1,1
04/16/2025,17:00,N,1.57,1.17,1,1,1
04/16/2025,18:00,N,1.65,1.35,0.98,1.13,1.13
04/16/2025,19:00,N,1.26,1.48,1.02,1.02,1.02
04/16/2025,20:00,N,1.41,3,2.99,4.99,2.99
04/16/2025,21:00,N,3.03,3.42,3.42,4.99,3.42
04/16/2025,22:00,N,2,4.24,3.99,3.99,3.99
04/16/2025,23:00,N,2,2.64,1,0.99,1
04/16/2025,24:00,N,0,1.33,0.76,0.75,0.05
04/17/2025,01:00,N,0.85,1,0.7,0.23,0.06
04/17/2025,02:00,N,0.57,0.77,0.5,0.21,0.06
04/17/2025,03:00,N,0.3,0.71,0.38,0.36,0.05
04/17/2025,04:00,N,0.48,0.57,0.37,0.37,0.06
04/17/2025,05:00,N,0.31,0.67,0.34,0.34,0.06
04/17/2025,06:00,N,0.36,0.59,0.3,0.28,0.06
04/17/2025,07:00,N,0.5,1.13,0.98,1.01,0.07
04/17/2025,08:00,N,0.49,1.38,1.5,1.5,0.11
04/17/2025,09:00,N,2,3.02,2.99,2.99,2.99
04/17/2025,10:00,N,1,1.51,1.5,1.5,1.5
04/17/2025,11:00,N,0.59,1.06,1.06,1.06,1.06
04/17/2025,12:00,N,0.99,1,0.98,1.05,0.98
04/17/2025,13:00,N,0.71,0.6,0.51,1,0.51
04/17/2025,14:00,N,0.51,0.59,0.51,1,0.51
04/17/2025,15:00,N,0.99,1.05,0.99,1,0.99
04/17/2025,16:00,N,0.91,1.01,1,1,1
04/17/2025,17:00,N,0.72,1.13,1.02,1.05,1.05
04/17/2025,18:00,N,1.71,1.56,1.39,1.53,1.53
04/17/2025,19:00,N,0.87,1.24,1,1,1
04/17/2025,20:00,N,0.47,5.34,5,5,5
04/17/2025,21:00,N,3.19,6.5,8.5,8,8.5
04/17/2025,22:00,N,1.77,4.75,4.75,4.75,4.75
04/17/2025,23:00,N,1.41,1.04,1,1,1
04/17/2025,24:00,N,0,0.95,0.92,0.92,0.07
04/18/2025,01:00,N,0.76,0.73,0.51,0.23,0.06
04/18/2025,02:00,N,0.49,0.59,0.42,0.25,0.06
04/18/2025,03:00,N,0.44,0.73,0.46,0.46,0.06
04/18/2025,04:00,N,0.45,0.57,0.43,0.43,0.06
04/18/2025,05:00,N,0.36,0.63,0.33,0.33,0.06
04/18/2025,06:00,N,0.33,0.77,0.3,0.3,0.07
04/18/2025,07:00,N,0.4,0.57,0.51,1.52,0.1
04/18/2025,08:00,N,0.54,1.18,1.03,2.35,0.5
04/18/2025,09:00,N,1.99,5.3,5.3,5.3,5.3
04/18/2025,10:00,N,1,2.53,2.52,4.1,2.52
04/18/2025,11:00,N,0.54,1.18,1.15,1.3,1.15
04/18/2025,12:00,N,0.99,1.09,1,1.88,1
04/18/2025,13:00,N,0.99,0.92,0.52,1.04,0.52
04/18/2025,14:00,N,0.98,0.99,0.75,1,0.75
04/18/2025,15:00,N,1.26,1.21,0.99,1.14,0.99
04/18/2025,16:00,N,1.25,1.49,1.36,1.78,1.36
04/18/2025,17:00,N,1.86,1.73,1.49,4,1.49
04/18/2025,18:00,N,2.62,2.53,2,7.03,2.47
04/18/2025,19:00,N,0.94,1.52,1.5,5,1.5
04/18/2025,20:00,N,1.76,3.36,3.05,7.05,3.05
04/18/2025,21:00,N,2.02,5.74,6.45,8,6.45
04/18/2025,22:00,N,1.98,4.7,4.73,8.73,4.73
04/18/2025,23:00,N,1.6,1.21,1,1,1
04/18/2025,24:00,N,0,2.99,2.76,2.76,2.76
04/19/2025,01:00,N,0.57,0.57,0.37,0.35,0.06
04/19/2025,02:00,N,0.51,0.43,0.3,0.28,0.06
04/19/2025,03:00,N,0.36,0.54,0.45,0.45,0.06
04/19/2025,04:00,N,0.37,0.56,0.44,0.44,0.06
04/19/2025,05:00,N,0.22,0.57,0.37,0.37,0.06
04/19/2025,06:00,N,0.23,0.66,0.3,0.3,0.07
04/19/2025,07:00,N,0.31,0.73,0.44,2.26,0.44
04/19/2025,08:00,N,0.52,0.77,1,2.26,1
04/19/2025,09:00,N,2,4.9,4.9,4.9,4.9
04/19/2025,10:00,N,0.92,3.42,3.31,4.1,3.42
04/19/2025,11:00,N,0.68,1.05,1,1.5,1
04/19/2025,12:00,N,0.66,0.99,0.92,1.07,0.92
04/19/2025,13:00,N,0.8,0.69,0.51,1,0.51
04/19/2025,14:00,N,0.55,0.72,0.54,1,0.54
04/19/2025,15:00,N,1.04,1.13,0.99,1,0.99
04/19/2025,16:00,N,1.21,1.32,1.1,1.23,1.2
04/19/2025,17:00,N,0.78,1.43,1.1,1.25,1.25
04/19/2025,18:00,N,1.47,1.54,1.42,1.57,1.49
04/19/2025,19:00,N,0.77,1.22,1.1,1.1,1.1
04/19/2025,20:00,N,1.96,2.7,2.41,2.41,2.41
04/19/2025,21:00,N,2.43,5.97,7.99,7.99,7.99
04/19/2025,22:00,N,1.98,6.86,8.09,8.09,8.09
04/19/2025,23:00,N,1.72,1.48,1,1,1
04/19/2025,24:00,N,0,1.02,1,1,1
04/20/2025,01:00,N,0.92,1,0.58,0.56,0.58
04/20/2025,02:00,N,1.14,0.83,0.51,0.5,0.51
04/20/2025,03:00,N,0.67,0.54,0.54,0.54,0.28
04/20/2025,04:00,N,1.05,1.2,0.96,0.96,0.96
04/20/2025,05:00,N,0.59,1.33,0.94,0.94,0.94
04/20/2025,06:00,N,0.44,0.85,0.51,0.55,0.51
04/20/2025,07:00,N,1.51,1.18,1,7.01,1
04/20/2025,08:00,N,1.49,1.22,1.5,7.01,1.5
04/20/2025,09:00,N,5.29,7.23,7.23,8,7.23
04/20/2025,10:00,N,0.99,1.82,1.77,4.35,1.78
04/20/2025,11:00,N,3.28,1.32,0.98,3,0.98
04/20/2025,12:00,N,2.36,1.08,0.98,1.99,0.98
04/20/2025,13:00,N,0.83,0.65,0.5,1,0.5
04/20/2025,14:00,N,0.62,0.72,0.51,1,0.51
04/20/2025,15:00,N,0.88,0.98,0.73,0.95,0.73
04/20/2025,16:00,N,0.98,1.27,0.98,1,1
04/20/2025,17:00,N,1.35,1.53,0.98,1.04,1.04
04/20/2025,18:00,N,1.67,2.06,1.1,1.24,1.24
04/20/2025,19:00,N,2.3,3.96,1.04,3.99,1.04
04/20/2025,20:00,N,3.44,37.69,34.25,30.88,34.25
04/20/2025,21:00,N,35,41,55.02,25,55.02
04/20/2025,22:00,N,13.96,34.15,34.15,34.15,34.15
04/20/2025,23:00,N,4.25,15.04,14.9,14.9,14.9
04/20/2025,24:00,N,0,9.76,9.67,9.67,9.67
04/21/2025,01:00,N,0.97,1.28,1,1,1
04/21/2025,02:00,N,0.99,1.23,1,1,1
04/21/2025,03:00,N,0.52,1,1,1,1
04/21/2025,04:00,N,0.81,1.14,1,1,1
04/21/2025,05:00,N,0.75,0.92,0.58,0.93,0.58
04/21/2025,06:00,N,0.72,1.32,0.88,0.94,0.88
04/21/2025,07:00,N,3.01,5.38,4.96,14,4.96
04/21/2025,08:00,N,1.07,7.88,9.85,12.5,9.85
04/21/2025,09:00,N,3.48,15.5,15.5,15.5,15.5
04/21/2025,10:00,N,0.88,5,4.98,8.65,4.99
04/21/2025,11:00,N,0.99,1.56,1.5,4.74,1.5
04/21/2025,12:00,N,0.99,1.07,0.98,1.99,0.98
04/21/2025,13:00,N,0.94,0.64,0.54,1.53,0.54
04/21/2025,14:00,N,0.37,1.07,0.92,1.91,0.92
04/21/2025,15:00,N,0.46,1.1,0.98,1.13,0.98
04/21/2025,16:00,N,0.45,1.2,1,1.13,1
04/21/2025,17:00,N,0.43,1.27,0.98,1.1,1
04/21/2025,18:00,N,1.11,1.86,1.5,1.65,1.65
04/21/2025,19:00,N,1.02,1.95,1.07,1.07,1.07
04/21/2025,20:00,N,1.21,26.63,31.79,22.4,31.79
04/21/2025,21:00,N,3.96,18.56,22.03,20.53,22.03
04/21/2025,22:00,N,1.29,9.28,9.28,18.22,9.28
04/21/2025,23:00,N,1.79,1.46,1.06,1.06,1.06
04/21/2025,24:00,N,0,1.22,1.04,1.04,1.04
04/22/2025,01:00,N,0.77,0.82,0.81,0.79,0.08
04/22/2025,02:00,N,0.42,0.53,0.51,0.49,0.07
04/22/2025,03:00,N,0.36,0.54,0.51,0.51,0.06
04/22/2025,04:00,N,0.28,0.53,0.5,0.5,0.08
04/22/2025,05:00,N,0.38,0.55,0.51,0.51,0.08
04/22/2025,06:00,N,0.66,1,0.64,0.69,0.37
04/22/2025,07:00,N,1.69,1.55,1.5,2.5,1.5
04/22/2025,08:00,N,0.79,2.12,2.12,2.5,2.12
04/22/2025,09:00,N,1.05,6.34,6.96,6.96,6.96
04/22/2025,10:00,N,1,5.8,5.8,5.8,5.8
04/22/2025,11:00,N,0.81,1.2,1.14,1.14,1.14
04/22/2025,12:00,N,0.99,1.02,1,1.02,1
04/22/2025,13:00,N,0.38,0.67,0.57,1,0.57
04/22/2025,14:00,N,0.34,0.85,0.81,1.01,0.81
04/22/2025,15:00,N,0.99,1.15,1,1.03,1
04/22/2025,16:00,N,0.77,1.18,1.1,1.1,1.1
04/22/2025,17:00,N,0.35,1.17,1.1,1.1,1.1
04/22/2025,18:00,N,0.62,1.59,1.36,1.43,1.43
04/22/2025,19:00,N,0.74,1.6,1.1,1.1,1.1
04/22/2025,20:00,N,5.21,6.91,6.09,7.99,6.09
04/22/2025,21:00,N,3.33,12,15.47,15.47,15.47
04/22/2025,22:00,N,1.35,14.71,15.71,18.65,15.71
04/22/2025,23:00,N,1.47,1.39,1.01,1.01,1.01
04/22/2025,24:00,N,0,1.19,1,1,1
04/23/2025,01:00,N,0.84,0.72,0.56,0.5,0.08
04/23/2025,02:00,N,0.82,0.74,0.5,0.48,0.07
04/23/2025,03:00,N,0.39,0.7,0.5,0.5,0.06
04/23/2025,04:00,N,0.47,0.74,0.49,0.49,0.08
04/23/2025,05:00,N,0.54,0.74,0.5,0.5,0.08
04/23/2025,06:00,N,0.55,0.97,0.5,0.55,0.5
04/23/2025,07:00,N,1.46,1.56,0.98,3.19,0.98
04/23/2025,08:00,N,1.25,3.33,2.9,3.95,2.9
04/23/2025,09:00,N,4.13,11.25,11.25,11.25,11.25
04/23/2025,10:00,N,1.24,7.27,7.23,7.23,7.23
04/23/2025,11:00,N,0.54,1.72,1.66,1.66,1.66
04/23/2025,12:00,N,0.38,1.18,1,1,1
04/23/2025,13:00,N,0.39,1.09,0.84,0.99,0.84
04/23/2025,14:00,N,0.3,1.24,0.98,1,0.98
04/23/2025,15:00,N,0.61,1.21,0.99,0.99,0.99
04/23/2025,16:00,N,0.72,1.2,1,1,1
04/23/2025,17:00,N,0.59,1.26,1.01,1.01,1.01
04/23/2025,18:00,N,0.71,1.39,1.1,1.1,1.1
04/23/2025,19:00,N,0.8,1.94,1.49,1.49,1.49
04/23/2025,20:00,N,4.3,5.42,5,5,5
04/23/2025,21:00,N,1.41,5.54,6.76,6.76,6.76
04/23/2025,22:00,N,0.17,6.92,6.92,10.92,6.92
04/23/2025,23:00,N,0.99,1.04,1,1,1
04/23/2025,24:00,N,0,1.02,1,1,1
04/24/2025,01:00,N,1.05,1.12,0.97,0.95,0.06
04/24/2025,02:00,N,0.85,1.08,0.77,0.77,0.06
04/24/2025,03:00,N,0.47,1.04,0.74,0.94,0.06
04/24/2025,04:00,N,0.6,1.03,0.74,0.94,0.06
04/24/2025,05:00,N,0.57,1,0.69,0.89,0.06
04/24/2025,06:00,N,0.53,0.82,0.51,0.92,0.1
04/24/2025,07:00,N,2.73,2.03,1.5,3.95,0.11
04/24/2025,08:00,N,3.24,2.64,2.64,2.64,0.5
04/24/2025,09:00,N,3.02,4.66,4.4,4.4,4.4
04/24/2025,10:00,N,1,3.04,2.97,2.97,2.97
04/24/2025,11:00,N,0.62,1.16,1,3,1
04/24/2025,12:00,N,0.83,0.95,0.79,1.56,0.79
04/24/2025,13:00,N,0.7,0.82,0.5,1.01,0.5
04/24/2025,14:00,N,0.59,0.88,0.51,1.01,0.51
04/24/2025,15:00,N,2,1.47,1,1.03,1
04/24/2025,16:00,N,1.38,1.39,1.1,1.1,1.1
04/24/2025,17:00,N,1.77,1.99,1.5,1.5,1.5
04/24/2025,18:00,N,2.38,2.45,1.75,1.99,1.99
04/24/2025,19:00,N,1.79,2,1.5,1.5,1.5
04/24/2025,20:00,N,4.04,11.52,10.68,10.68,10.68
04/24/2025,21:00,N,4.49,14.3,18.22,18.22,18.22
04/24/2025,22:00,N,3.96,9.48,11.44,19.33,11.44
04/24/2025,23:00,N,1.98,4.03,3.83,3.83,3.83
04/24/2025,24:00,N,0,2.66,2.46,2.46,2.46
04/25/2025,01:00,N,1.2,1.05,0.94,0.94,0.06
04/25/2025,02:00,N,0.93,1,0.77,0.77,0.06
04/25/2025,03:00,N,0.69,1,0.64,1,0.06
04/25/2025,04:00,N,0.77,1,0.52,1,0.06
04/25/2025,05:00,N,0.66,0.84,0.51,0.94,0.06
04/25/2025,06:00,N,0.61,0.99,0.51,1,0.51
04/25/2025,07:00,N,1.62,1.44,1,6,1
04/25/2025,08:00,N,1.33,1.84,1.5,4,1.5
04/25/2025,09:00,N,4.54,9.79,9.79,9.79,9.79
04/25/2025,10:00,N,1.03,1.57,1.5,3,1.5
04/25/2025,11:00,N,0.77,1.32,1,3,1
04/25/2025,12:00,N,1.14,1.28,0.98,1.99,0.98
04/25/2025,13:00,N,0.99,0.94,0.51,1.02,0.51
04/25/2025,14:00,N,0.78,1.35,0.83,1.05,0.83
04/25/2025,15:00,N,0.94,1.51,0.99,1.03,0.99
04/25/2025,16:00,N,0.98,1.82,1.02,1.02,1.02
04/25/2025,17:00,N,1.03,1.99,1,1.03,1.03
04/25/2025,18:00,N,1.04,2.09,1.06,1.21,1.21
04/25/2025,19:00,N,0.76,2,1,1,1
04/25/2025,20:00,N,1.24,9.33,8.29,8.29,8.29
04/25/2025,21:00,N,5.12,7.99,7.99,7.99,7.99
04/25/2025,22:00,N,1.8,5.45,6.44,18.67,6.44
04/25/2025,23:00,N,1.86,2.22,1.49,1.49,1.49
04/25/2025,24:00,N,0,1.24,1.04,1.04,1
04/26/2025,01:00,N,1.06,1.13,1,1,0.1
04/26/2025,02:00,N,0.8,1.02,0.89,0.89,0.1
04/26/2025,03:00,N,0.7,1.15,1,1,0.07
04/26/2025,04:00,N,0.69,1.27,1,1,0.13
04/26/2025,05:00,N,0.81,1.07,0.74,0.94,0.1
04/26/2025,06:00,N,0.7,1,0.7,0.94,0.37
04/26/2025,07:00,N,1,0.55,0.51,1.35,0.5
04/26/2025,08:00,N,0.6,1,1,1.95,1
04/26/2025,09:00,N,1.37,3.87,3.67,3.67,3.67
04/26/2025,10:00,N,0.98,1.91,1.86,1.86,1.86
04/26/2025,11:00,N,0.74,1.04,1,1.44,1
04/26/2025,12:00,N,0.99,1.11,0.97,1.17,0.97
04/26/2025,13:00,N,0.66,0.73,0.55,1.05,0.55
04/26/2025,14:00,N,0.44,1.1,0.9,1.15,0.9
04/26/2025,15:00,N,0.45,1.22,1,1.1,1
04/26/2025,16:00,N,0.64,1.44,1.13,1.22,1.13
04/26/2025,17:00,N,0.55,1.39,0.98,1.04,1
04/26/2025,18:00,N,0.85,1.48,0.98,1.13,1.13
04/26/2025,19:00,N,0.89,1.58,1,1.01,1
04/26/2025,20:00,N,0.98,13.5,15,15,15
04/26/2025,21:00,N,3.96,17.61,19.11,19.11,19.11
04/26/2025,22:00,N,1.25,10,10,10,10
04/26/2025,23:00,N,1.56,4.01,3.92,3.92,3.92
04/26/2025,24:00,N,0,1.41,1.35,1.35,1.35
04/27/2025,01:00,N,0.9,1.22,1,0.99,0.07
04/27/2025,02:00,N,0.88,1.15,1,0.94,0.07
04/27/2025,03:00,N,0.46,1.14,1,1,0.06
04/27/2025,04:00,N,0.57,1.1,0.98,0.99,0.08
04/27/2025,05:00,N,0.55,1.09,0.95,0.95,0.07
04/27/2025,06:00,N,0.51,1.17,0.92,0.92,0.09
04/27/2025,07:00,N,0.84,1.14,1,1.03,0.06
04/27/2025,08:00,N,0.69,1.07,1.05,1.05,0.08
04/27/2025,09:00,N,1.37,2.52,2.47,2.47,2.47
04/27/2025,10:00,N,0.99,3.16,3,3,3
04/27/2025,11:00,N,0.99,3.14,2.74,2.74,2.74
04/27/2025,12:00,N,1.93,1.65,1.15,1.15,1.15
04/27/2025,13:00,N,0.99,1.14,0.52,1.03,0.52
04/27/2025,14:00,N,0.9,1.17,0.98,1.31,0.98
04/27/2025,15:00,N,0.85,1.72,1,1.03,1
04/27/2025,16:00,N,1.01,1.28,1.1,1.1,1.1
04/27/2025,17:00,N,1.02,1.21,0.98,1.02,0.99
04/27/2025,18:00,N,1.32,1.34,0.87,1.02,1.02
04/27/2025,19:00,N,1.01,1.51,1,1.01,1
04/27/2025,20:00,N,2.45,3.31,2.99,3.31,2.99
04/27/2025,21:00,N,1.32,4.42,4.95,4.95,4.95
04/27/2025,22:00,N,1.13,6.06,6.06,6.06,6.06
04/27/2025,23:00,N,1.9,1.46,1.02,1.02,1.02
04/27/2025,24:00,N,0,1.24,1,1,1
04/28/2025,01:00,N,0.86,1.32,1,0.98,0.06
04/28/2025,02:00,N,0.69,1.24,1,0.93,0.06
04/28/2025,03:00,N,0.5,1.29,0.99,0.99,0.06
04/28/2025,04:00,N,0.65,1.28,0.98,0.98,0.06
04/28/2025,05:00,N,0.62,1.06,0.76,0.94,0.06
04/28/2025,06:00,N,0.78,1.37,0.91,0.91,0.06
04/28/2025,07:00,N,0.7,0.9,0.5,2.9,0.06
04/28/2025,08:00,N,0.84,1.43,1,3.9,0.07
04/28/2025,09:00,N,1.61,4.17,4.17,4.17,4.17
04/28/2025,10:00,N,1.12,3.39,3.38,3.38,3.38
04/28/2025,11:00,N,1.51,1.71,1.61,3,1.61
04/28/2025,12:00,N,1.04,1.19,1.08,3,1.08
04/28/2025,13:00,N,1.11,1.05,0.51,1.35,0.51
04/28/2025,14:00,N,0.5,0.53,0.51,1.36,0.51
04/28/2025,15:00,N,0.99,1.24,1,1.05,1
04/28/2025,16:00,N,1.46,1.93,1.5,1.5,1.5
04/28/2025,17:00,N,1.69,1.19,1,1.02,1
04/28/2025,18:00,N,1.89,1.72,1.5,1.65,1.65
04/28/2025,19:00,N,0.83,1.63,1.17,1.17,1.17
04/28/2025,20:00,N,2.21,3.99,3.43,7,3.43
04/28/2025,21:00,N,1.75,7.72,9.53,12.5,9.53
04/28/2025,22:00,N,1.89,10.8,10.8,18.55,10.8
04/28/2025,23:00,N,1.96,4.22,4.19,4.19,4.19
04/28/2025,24:00,N,0,1.47,1.05,1.05,1.05
04/29/2025,01:00,N,4,1.01,0.92,0.92,0.92
04/29/2025,02:00,N,2.93,1.07,0.9,0.9,0.11
04/29/2025,03:00,N,1.49,1.08,0.98,0.98,0.08
04/29/2025,04:00,N,2.81,1.32,0.97,0.97,0.44
04/29/2025,05:00,N,3.96,0.82,0.72,0.92,0.26
04/29/2025,06:00,N,5.23,1.24,0.91,1,0.44
04/29/2025,07:00,N,4.95,1.06,0.98,4.69,0.5
04/29/2025,08:00,N,4.95,1,1,5.8,0.53
04/29/2025,09:00,N,4.95,4.45,5.38,5.94,5.38
04/29/2025,10:00,N,3.99,3.88,3.86,8.1,3.87
04/29/2025,11:00,N,3.96,1.13,1.03,8.1,1.03
04/29/2025,12:00,N,3.63,1.07,1,5.4,1
04/29/2025,13:00,N,3.92,0.75,0.64,7.32,0.64
04/29/2025,14:00,N,3.96,1.05,0.94,6,0.94
04/29/2025,15:00,N,3.92,1.09,0.99,3,0.99
04/29/2025,16:00,N,5.88,1.65,1.49,9.25,1.49
04/29/2025,17:00,N,5.94,1.4,1.1,1.49,1.22
04/29/2025,18:00,N,6,2.15,1.5,2,1.98
04/29/2025,19:00,N,8.81,1.94,1.1,2,1.1
04/29/2025,20:00,N,15,3.75,2.99,8.08,2.99
04/29/2025,21:00,N,7.9,13.7,17.04,17.04,17.04
04/29/2025,22:00,N,5.88,16.16,17.15,19.99,17.15
04/29/2025,23:00,N,2.02,5.55,5.31,5.51,5.31
04/29/2025,24:00,N,3.96,3.73,3.57,3.57,3.57
04/30/2025,01:00,N,5.53,1.08,0.99,0.99,0.06
04/30/2025,02:00,N,3.25,1.04,0.95,0.95,0.06
04/30/2025,03:00,N,2.85,1.05,1,1,0.06
04/30/2025,04:00,N,1.94,1.08,0.8,0.96,0.06
04/30/2025,05:00,N,3.36,0.98,0.74,0.94,0.06
04/30/2025,06:00,N,5.88,1.29,0.98,1,0.44
04/30/2025,07:00,N,9.8,1.45,0.98,8.95,0.98
04/30/2025,08:00,N,9.8,1.6,0.98,8.95,0.98
04/30/2025,09:00,N,9.8,11.08,12.69,12.69,12.69
04/30/2025,10:00,N,6.3,11.5,11.5,11.5,11.5
04/30/2025,11:00,N,5,3.52,3.38,16.95,3.4
04/30/2025,12:00,N,5.76,1.63,1.5,10,1.5
04/30/2025,13:00,N,4.22,1.58,0.98,5.7,0.98
04/30/2025,14:00,N,5.76,1.31,0.98,5.7,0.98
04/30/2025,15:00,N,6.3,1.35,1,1.55,1
04/30/2025,16:00,N,9.6,1.48,1.1,1.65,1.1
04/30/2025,17:00,N,7.24,1.41,0.98,1.05,1
04/30/2025,18:00,N,10,1.63,0.98,1.13,1.13
04/30/2025,19:00,N,14.21,1.87,1,2.5,1
04/30/2025,20:00,N,19.2,2.36,1.5,18,1.5
04/30/2025,21:00,N,13.25,15.96,20.06,19.6,20.06
04/30/2025,22:00,N,9.8,21.78,21.78,27.41,21.78
04/30/2025,23:00,N,5,6.83,6.67,18.22,6.67
04/30/2025,24:00,N,5.25,4.14,4.04,18,4.04
05/01/2025,01:00,N,0.94,1.1,0.89,1.01,0.25
05/01/2025,02:00,N,1.36,1.38,1,1,1
05/01/2025,03:00,N,1.06,1.32,1,4,1
05/01/2025,04:00,N,0.72,0.98,0.51,1.25,0.25
05/01/2025,05:00,N,0.64,1.1,0.51,1.04,0.44
05/01/2025,06:00,N,0.86,1.29,0.73,1.1,0.31
05/01/2025,07:00,N,1.72,3.99,2.75,47.06,1
05/01/2025,08:00,N,5.21,13.08,13.08,33.05,13.08
05/01/2025,09:00,N,4.91,10.51,10.16,16.25,10.26
05/01/2025,10:00,N,2.09,2.09,2,16.25,2
05/01/2025,11:00,N,3.66,3.06,2.85,48,2.85
05/01/2025,12:00,N,4.55,2.44,2,49,2
05/01/2025,13:00,N,2.49,2.07,1.65,96,1.65
05/01/2025,14:00,N,3.67,4.62,4.09,96,4.33
05/01/2025,15:00,N,9,9.75,9.3,11.9,9.98
05/01/2025,16:00,N,9.5,10.76,9.84,19.11,11.64
05/01/2025,17:00,N,14.1,16.48,15.74,19.02,19.02
05/01/2025,18:00,N,21.68,25.36,24.46,25.17,25.17
05/01/2025,19:00,N,21.43,22.18,21.33,67.91,21.48
05/01/2025,20:00,N,23.75,60.66,68.19,124.59,68.19
05/01/2025,21:00,N,5.53,39.14,46.82,83.41,46.82
05/01/2025,22:00,N,19,49.96,49.96,70.22,49.96
05/01/2025,23:00,N,3.98,8.95,8.75,13.67,8.75
05/01/2025,24:00,N,0,4.27,4.18,4.18,1
05/02/2025,01:00,N,0.85,1.21,1,1,0.06
05/02/2025,02:00,N,1.24,1.17,1,1,0.07
05/02/2025,03:00,N,0.93,1.21,1,1,0.08
05/02/2025,04:00,N,0.92,1.21,1,1,0.06
05/02/2025,05:00,N,0.82,1.17,0.58,0.94,0.29
05/02/2025,06:00,N,0.65,1.36,1,1,0.06
05/02/2025,07:00,N,1.32,1.84,1.1,12,0.41
05/02/2025,08:00,N,3,6.69,6.69,11.1,6.69
05/02/2025,09:00,N,3.68,7.15,7,11.25,7
05/02/2025,10:00,N,1.18,3.06,2.99,10,2.99
05/02/2025,11:00,N,1.6,2.43,2.36,11.45,2.45
05/02/2025,12:00,N,1.65,1.58,1.5,16.2,1.59
05/02/2025,13:00,N,1.93,1.75,1.5,22.35,1.51
05/02/2025,14:00,N,1.32,1.67,1.5,22.36,1.63
05/02/2025,15:00,N,2.33,3.08,2.86,3.6,3.6
05/02/2025,16:00,N,2.9,3.24,2.58,4.83,4.83
05/02/2025,17:00,N,3.21,3.34,2.78,3.34,3.34
05/02/2025,18:00,N,3.92,4.44,3.36,4.14,4.14
05/02/2025,19:00,N,4.18,4.8,4.14,4.31,4.14
05/02/2025,20:00,N,1.13,2.56,1.5,4.9,1.5
05/02/2025,21:00,N,3,10.67,11.23,12.17,11.23
05/02/2025,22:00,N,4,13.85,13.99,14,13.99
05/02/2025,23:00,N,1.66,2.52,1.03,1.03,1
05/02/2025,24:00,N,0,3.25,2.48,2.48,2.48
05/03/2025,01:00,N,0.92,1.21,1,1,0.06
05/03/2025,02:00,N,1.23,1.47,1,1,0.07
05/03/2025,03:00,N,1.24,1.46,1,1,0.44
05/03/2025,04:00,N,0.98,1.38,1,1,0.06
05/03/2025,05:00,N,1,1.25,0.52,1,0.44
05/03/2025,06:00,N,0.73,1.4,1,1,0.06
05/03/2025,07:00,N,1.3,2.23,1.5,10.34,1
05/03/2025,08:00,N,2,8,8,8,8
05/03/2025,09:00,N,3.13,6.92,6.78,6.78,6.78
05/03/2025,10:00,N,1.85,3.96,3.88,7.1,3.88
05/03/2025,11:00,N,2.94,3.72,3.63,11.2,3.64
05/03/2025,12:00,N,2.97,1.82,1.41,7,1.54
05/03/2025,13:00,N,2.94,1.4,1.1,8.52,1.1
05/03/2025,14:00,N,1,1.23,1,8.2,1
05/03/2025,15:00,N,0.99,1.38,1.1,1.13,1.13
05/03/2025,16:00,N,1.26,1.93,1.5,1.57,1.57
05/03/2025,17:00,N,0.92,1.57,1.1,1.25,1.25
05/03/2025,18:00,N,1.2,1.53,0.94,1.1,1.1
05/03/2025,19:00,N,1.69,2.19,1.41,2.94,1.41
05/03/2025,20:00,N,1.96,14.82,14.82,14.82,14.82
05/03/2025,21:00,N,2.97,28.54,31.54,31.54,31.54
05/03/2025,22:00,N,3.92,19.68,19.68,22,20.69
05/03/2025,23:00,N,1.96,3.39,3.34,3.34,1
05/03/2025,24:00,N,0,2.18,2.38,2.38,2.38
05/04/2025,01:00,N,0.58,1.07,1,1,0.06
05/04/2025,02:00,N,0.76,0.97,0.96,0.96,0.07
05/04/2025,03:00,N,0.85,1,0.98,0.99,0.27
05/04/2025,04:00,N,0.82,1.09,0.88,0.99,0.07
05/04/2025,05:00,N,0.61,0.85,0.83,0.85,0.08
05/04/2025,06:00,N,0.42,1.01,0.93,0.94,0.06
05/04/2025,07:00,N,0.8,1.5,1,4.1,0.08
05/04/2025,08:00,N,1.98,4.26,4.35,4.35,4.35
05/04/2025,09:00,N,2,5.39,5.35,5.35,5.35
05/04/2025,10:00,N,2,4.08,3.85,5,3.85
05/04/2025,11:00,N,3,5.18,4.83,10.5,4.93
05/04/2025,12:00,N,2.72,3.26,3.16,5.5,3.16
05/04/2025,13:00,N,2.7,2,1.5,6.35,1.5
05/04/2025,14:00,N,1.42,1.61,1.15,6,1.15
05/04/2025,15:00,N,2.12,1.7,1.1,1.1,1.1
05/04/2025,16:00,N,1.04,1.21,1.09,1.1,1.1
05/04/2025,17:00,N,2.94,2.67,1.65,2.5,2.5
05/04/2025,18:00,N,2.94,2.63,1.5,2.38,2.38
05/04/2025,19:00,N,1.93,1.79,1.35,1.35,1.35
05/04/2025,20:00,N,1.07,1.9,1.65,2.15,1.65
05/04/2025,21:00,N,2.05,4.94,4.94,4.94,4.94
05/04/2025,22:00,N,3.92,10.84,10.84,10.84,10.84
05/04/2025,23:00,N,1.96,1.81,1,1,0.16
05/04/2025,24:00,N,0,1.37,1,1,1
05/05/2025,01:00,N,0.51,1.05,0.99,0.99,0.06
05/05/2025,02:00,N,0.69,0.79,0.75,0.75,0.07
05/05/2025,03:00,N,1.1,0.9,0.69,0.98,0.69
05/05/2025,04:00,N,0.75,0.67,0.51,1,0.44
05/05/2025,05:00,N,0.56,0.78,0.52,0.94,0.52
05/05/2025,06:00,N,0.39,1.09,0.71,0.99,0.08
05/05/2025,07:00,N,0.84,1.46,0.98,4.1,0.98
05/05/2025,08:00,N,1.41,5.26,5.9,5.9,5.9
05/05/2025,09:00,N,3.92,8.25,8.25,8.25,8.25
05/05/2025,10:00,N,1.72,4.44,4.41,4.41,4.41
05/05/2025,11:00,N,2.77,4.71,4.68,5.23,5
05/05/2025,12:00,N,2.5,3,2.99,5,3
05/05/2025,13:00,N,2.22,2.26,2.19,7.07,2.22
05/05/2025,14:00,N,1.17,2.14,1.94,7.1,2.25
05/05/2025,15:00,N,2.28,3,2.63,5,5
05/05/2025,16:00,N,2.97,3.52,3.09,9.77,9.77
05/05/2025,17:00,N,2.94,2.08,1.68,11,11
05/05/2025,18:00,N,2.97,3.03,2.32,5.8,5.8
05/05/2025,19:00,N,1.96,2.24,1.65,2.2,2.2
05/05/2025,20:00,N,1.85,3.18,2.6,3,2.61
05/05/2025,21:00,N,1.36,5.67,6.76,6.76,6.76
05/05/2025,22:00,N,2,9.84,9.84,9.84,9.84
05/05/2025,23:00,N,0.75,1.03,1,1,1
05/05/2025,24:00,N,0,1.13,1,1,1
05/06/2025,01:00,N,0.46,1.35,0.98,0.98,0.07
05/06/2025,02:00,N,0.86,0.82,0.75,0.75,0.44
05/06/2025,03:00,N,0.83,1.02,0.86,0.96,0.86
05/06/2025,04:00,N,0.71,0.64,0.51,0.94,0.3
05/06/2025,05:00,N,0.72,0.83,0.51,0.83,0.51
05/06/2025,06:00,N,0.59,1.1,0.56,0.7,0.08
05/06/2025,07:00,N,1.1,1.55,0.68,5,0.45
05/06/2025,08:00,N,2.97,5.58,5.05,5.58,5.05
05/06/2025,09:00,N,5.04,9.03,9.02,9.03,9.03
05/06/2025,10:00,N,2.32,4.16,3.96,5,4.06
05/06/2025,11:00,N,4.84,3.41,2.67,10,3.56
05/06/2025,12:00,N,5,2.12,1.89,8.93,1.99
05/06/2025,13:00,N,2.19,1.95,1.65,6.1,1.65
05/06/2025,14:00,N,1.5,1.89,1.53,8.58,1.54
05/06/2025,15:00,N,2.52,2.89,2.5,2.6,2.6
05/06/2025,16:00,N,3.46,3.91,3.49,3.64,3.64
05/06/2025,17:00,N,4.64,5.03,4.17,5,5
05/06/2025,18:00,N,3.76,4.47,3.01,5,5
05/06/2025,19:00,N,3.91,3.32,1.65,2.59,2.33
05/06/2025,20:00,N,5.94,10.22,6.06,18.8,6.06
05/06/2025,21:00,N,5.22,46.96,56.92,54.92,56.92
05/06/2025,22:00,N,6.3,71.2,71.2,71.2,71.2
05/06/2025,23:00,N,1.98,19.79,19.18,19.18,19.18
05/06/2025,24:00,N,0,11.83,11.54,11.54,11.54
05/07/2025,01:00,N,0.85,1.7,1,1,0.06
05/07/2025,02:00,N,1.49,1.22,1,1,0.07
05/07/2025,03:00,N,1.38,1.33,0.98,1.06,0.31
05/07/2025,04:00,N,1.5,1.39,1,1.06,0.07
05/07/2025,05:00,N,1,1.16,0.66,1.01,0.31
05/07/2025,06:00,N,0.99,1.65,1,1,0.06
05/07/2025,07:00,N,2.23,8.03,1.5,16.2,0.24
05/07/2025,08:00,N,10.92,11.02,11.02,16.02,11.02
05/07/2025,09:00,N,4.54,5.84,5.73,13.27,7.77
05/07/2025,10:00,N,1.87,2.33,2.24,5,2.25
05/07/2025,11:00,N,1.46,1.74,1.61,6.36,1.88
05/07/2025,12:00,N,1.4,1.16,1,5,1
05/07/2025,13:00,N,1.88,1.45,1.1,5,1.1
05/07/2025,14:00,N,1,1.33,1,7,1
05/07/2025,15:00,N,1.53,1.84,1.49,1.57,1.57
05/07/2025,16:00,N,1.7,2.19,1.5,2.04,2.04
05/07/2025,17:00,N,2.31,2.58,1.8,2.14,2.14
05/07/2025,18:00,N,3.56,4.22,2.58,3.32,3.32
05/07/2025,19:00,N,2.74,2.56,1.5,6.16,2.56
05/07/2025,20:00,N,5.94,11.43,10.03,18.6,10.04
05/07/2025,21:00,N,3.96,31.43,37.96,37.96,37.96
05/07/2025,22:00,N,6,51.9,51.9,53.23,51.9
05/07/2025,23:00,N,2.69,8.58,8.28,8.28,8.28
05/07/2025,24:00,N,0,6.19,6.02,6.02,6.02
05/08/2025,01:00,N,0.79,1.51,1,1,0.07
05/08/2025,02:00,N,1.56,1.27,1,1,0.09
05/08/2025,03:00,N,1.21,1.49,1,1.02,0.3
05/08/2025,04:00,N,0.51,1.31,0.99,1,0.09
05/08/2025,05:00,N,0.87,1.46,1,1,0.3
05/08/2025,06:00,N,1.17,1.61,1,1,0.08
05/08/2025,07:00,N,2.01,6.5,2.79,7.5,0.42
05/08/2025,08:00,N,4.9,7.88,7.88,7.88,7.88
05/08/2025,09:00,N,1.95,5.08,4.88,5,4.98
05/08/2025,10:00,N,1.65,2.55,2.39,4.1,2.39
05/08/2025,11:00,N,3.92,3,2.5,4.1,2.72
05/08/2025,12:00,N,3.92,2,1.59,2.25,1.59
05/08/2025,13:00,N,1.75,1.5,1.12,3,1.12
05/08/2025,14:00,N,1,1.5,1.25,5,1.25
05/08/2025,15:00,N,1.45,1.77,1.48,1.5,1.5
05/08/2025,16:00,N,1.49,2.23,1.65,2.04,2.04
05/08/2025,17:00,N,2.76,3,2.34,3.28,3.28
05/08/2025,18:00,N,3.4,4,2.44,5,5
05/08/2025,19:00,N,3.87,3.58,1.61,5,1.61
05/08/2025,20:00,N,1.97,22.05,22.05,22.6,22.05
05/08/2025,21:00,N,10,55.13,58.07,58.07,58.07
05/08/2025,22:00,N,6,36.75,35.87,45.48,35.87
05/08/2025,23:00,N,3.92,10.79,10.38,10.38,10.38
05/08/2025,24:00,N,0,11.92,11.63,11.63,11.63
05/09/2025,01:00,N,0.75,1.44,1.01,1.01,0.37
05/09/2025,02:00,N,1.3,1.24,1,1,1
05/09/2025,03:00,N,0.85,1.38,1,1.03,1
05/09/2025,04:00,N,0.7,1.35,1,1.03,0.13
05/09/2025,05:00,N,0.61,1.39,1,1.03,0.37
05/09/2025,06:00,N,1.07,1.79,1,1,0.1
05/09/2025,07:00,N,1.58,2.51,1.5,5,0.44
05/09/2025,08:00,N,3.2,5.21,5.21,5.21,5.21
05/09/2025,09:00,N,4.43,7.26,7.14,7.14,7.14
05/09/2025,10:00,N,1.16,2.58,2.5,4.1,2.5
05/09/2025,11:00,N,1.45,1.61,1.5,4.1,1.54
05/09/2025,12:00,N,3.28,1.2,1,2.5,1
05/09/2025,13:00,N,5.37,1.41,1,2.5,1
05/09/2025,14:00,N,1.68,1.11,1,5,1
05/09/2025,15:00,N,1.25,1.3,1.1,1.16,1.1
05/09/2025,16:00,N,1.35,1.77,1.49,1.51,1.5
05/09/2025,17:00,N,1.8,2.01,1.65,1.85,1.85
05/09/2025,18:00,N,2.17,2.12,1.65,1.82,1.82
05/09/2025,19:00,N,2.28,2.02,1.3,2.02,1.31
05/09/2025,20:00,N,0.83,3.02,1.1,14.7,1.1
05/09/2025,21:00,N,3.92,6.37,5,15.39,5
05/09/2025,22:00,N,5.45,19.86,22.86,22.86,22.86
05/09/2025,23:00,N,3.83,10.39,10,2,1
05/09/2025,24:00,N,0,3.23,2.64,2,2
05/10/2025,01:00,N,0.9,1.51,1,1,0.07
05/10/2025,02:00,N,1.56,1.27,1,1,0.11
05/10/2025,03:00,N,1.96,1.53,1,1,0.12
05/10/2025,04:00,N,0.88,1.01,1,1,0.1
05/10/2025,05:00,N,1.04,1.31,1,1,0.09
05/10/2025,06:00,N,1.18,1.68,1,1,0.06
05/10/2025,07:00,N,0.87,3.72,1.5,3.75,0.1
05/10/2025,08:00,N,4.45,4.2,3.98,4,3.98
05/10/2025,09:00,N,2.42,4.78,4.7,4.7,4.7
05/10/2025,10:00,N,1,2.12,2.05,2.9,2.05
05/10/2025,11:00,N,1.36,1.58,1.5,2.65,1.51
05/10/2025,12:00,N,1.33,1.1,1.02,2.25,1.02
05/10/2025,13:00,N,5.12,1.37,1,2.5,1
05/10/2025,14:00,N,1.45,1.1,1,2.5,1
05/10/2025,15:00,N,0.76,1.22,1.06,1.06,1.06
05/10/2025,16:00,N,0.99,1.32,1.16,1.16,1.16
05/10/2025,17:00,N,1.31,1.62,1.5,1.5,1.5
05/10/2025,18:00,N,1.76,1.76,1.5,1.5,1.5
05/10/2025,19:00,N,2.02,1.55,1,2,1
05/10/2025,20:00,N,1.32,3.14,1.32,4.9,1.32
05/10/2025,21:00,N,2.95,13.3,17.5,17.5,17.5
05/10/2025,22:00,N,6.72,15.12,17.5,17.5,17.5
05/10/2025,23:00,N,1.79,5,4.88,4.88,0.19
05/10/2025,24:00,N,0,2.67,2.61,2.61,2.61
05/11/2025,01:00,N,0.79,1.73,1,1,0.07
05/11/2025,02:00,N,2.86,1.39,1,1,0.1
05/11/2025,03:00,N,1.46,1.26,1.05,1.05,0.12
05/11/2025,04:00,N,1.33,1.32,1.01,1.01,0.09
05/11/2025,05:00,N,0.93,1.29,1.01,1.01,0.14
05/11/2025,06:00,N,0.99,1.49,1,1.01,0.09
05/11/2025,07:00,N,0.83,2.27,1.63,4,0.16
05/11/2025,08:00,N,1.59,3.14,3.03,4,3.03
05/11/2025,09:00,N,3.02,4.75,4.65,4.65,4.65
05/11/2025,10:00,N,0.99,2.09,2.04,2.65,2.04
05/11/2025,11:00,N,0.99,1.22,1.15,2.5,1.15
05/11/2025,12:00,N,5.48,1.06,0.98,2.15,1
05/11/2025,13:00,N,6.85,1.24,0.98,2.15,0.98
05/11/2025,14:00,N,1.56,1.07,0.99,2.15,0.99
05/11/2025,15:00,N,1.07,1.18,0.98,1,1
05/11/2025,16:00,N,0.78,1.28,1.02,1.02,1.02
05/11/2025,17:00,N,1.01,1.29,1.1,1.1,1.1
05/11/2025,18:00,N,1.97,1.81,1.5,1.5,1.5
05/11/2025,19:00,N,2.18,2.05,1,2.5,1
05/11/2025,20:00,N,0.82,2.97,1.39,12.5,1.39
05/11/2025,21:00,N,3.38,16.69,22,20,22
05/11/2025,22:00,N,5,29.53,29.53,29.47,29.53
05/11/2025,23:00,N,5,7.15,6.63,6.63,6.63
05/11/2025,24:00,N,0,5.21,4.77,4.77,4.77
05/12/2025,01:00,N,0.66,1.45,1,1,0.07
05/12/2025,02:00,N,1,1.21,1,1,0.1
05/12/2025,03:00,N,1.09,1.34,1,1,0.12
05/12/2025,04:00,N,1.04,1.22,0.88,0.99,0.1
05/12/2025,05:00,N,1.18,1.07,0.78,0.99,0.14
05/12/2025,06:00,N,1.06,1.44,0.98,1,0.09
05/12/2025,07:00,N,0.99,1.55,1,10.5,0.16
05/12/2025,08:00,N,4.54,8.27,8.96,10.25,8.96
05/12/2025,09:00,N,8.24,15,15,15,15
05/12/2025,10:00,N,1.3,2.22,2.16,4.99,2.16
05/12/2025,11:00,N,2.82,1.85,1.5,2.5,1.5
05/12/2025,12:00,N,5.24,1.38,1.1,3,1.1
05/12/2025,13:00,N,1.44,1.23,1.02,4,1.02
05/12/2025,14:00,N,1,1.16,1,2.5,1
05/12/2025,15:00,N,0.97,1.37,1.09,1.1,1.1
05/12/2025,16:00,N,1.19,1.88,1.5,1.5,1.5
05/12/2025,17:00,N,2.13,2.32,1.98,2,2
05/12/2025,18:00,N,2.67,2.61,2,2.04,2.04
05/12/2025,19:00,N,5.98,6.02,4.26,7.12,5
05/12/2025,20:00,N,1.55,24.1,30.58,30.58,30.58
05/12/2025,21:00,N,8.68,31.5,31.5,31.5,31.5
05/12/2025,22:00,N,7.29,19.4,19.4,19.4,19.4
05/12/2025,23:00,N,1.73,3.32,2.93,2.93,0.24
05/12/2025,24:00,N,0,2.15,2,2,1
05/13/2025,01:00,N,0.55,1.23,1,1,0.05
05/13/2025,02:00,N,0.45,0.99,0.99,0.99,0.06
05/13/2025,03:00,N,0.72,1.19,0.97,0.99,0.08
05/13/2025,04:00,N,0.77,1.06,0.94,1,0.06
05/13/2025,05:00,N,0.75,0.83,0.7,0.94,0.09
05/13/2025,06:00,N,0.75,0.99,0.92,0.94,0.06
05/13/2025,07:00,N,0.99,2.2,1.5,6,0.09
05/13/2025,08:00,N,3.25,5.36,5.36,10.25,5.36
05/13/2025,09:00,N,5,9.29,9.18,10.25,9.19
05/13/2025,10:00,N,1.11,1.96,1.93,2.25,1.93
05/13/2025,11:00,N,3.87,1.16,1.1,3,1.1
05/13/2025,12:00,N,3.73,1.05,1,2.25,1
05/13/2025,13:00,N,1.88,1.14,1,2.25,1
05/13/2025,14:00,N,1,1.12,1,4.69,1
05/13/2025,15:00,N,1.3,1.75,1.21,1.66,1.66
05/13/2025,16:00,N,1.53,2.24,1.65,2.24,2.24
05/13/2025,17:00,N,2.74,3.12,2.58,5,5.06
05/13/2025,18:00,N,5.21,5.73,4.91,7.83,7.83
05/13/2025,19:00,N,3.54,4.16,3.03,12.6,3.6
05/13/2025,20:00,N,6,7.85,6.94,19.2,6.94
05/13/2025,21:00,N,3.64,27,35.69,35.71,35.69
05/13/2025,22:00,N,6.44,38.88,38.88,42.89,38.88
05/13/2025,23:00,N,3.78,8.42,8.12,8.14,8.12
05/13/2025,24:00,N,0,6.08,5.93,5.93,5.93
05/14/2025,01:00,N,0.41,1.21,1,1,0.05
05/14/2025,02:00,N,0.88,1.36,1,1,0.06
05/14/2025,03:00,N,0.58,1.22,1,1,0.08
05/14/2025,04:00,N,0.66,1.08,0.89,0.94,0.06
05/14/2025,05:00,N,0.8,0.95,0.75,0.94,0.09
05/14/2025,06:00,N,0.81,1.15,0.94,0.96,0.05
05/14/2025,07:00,N,0.77,1.5,1,2,0.09
05/14/2025,08:00,N,1.95,1.5,1.37,8.02,1.37
05/14/2025,09:00,N,2.81,2.13,2,5,2
05/14/2025,10:00,N,1.85,1.48,1.23,2,1.23
05/14/2025,11:00,N,2.16,1.56,1.5,4,1.5
05/14/2025,12:00,N,1.56,1.63,1.5,5,1.5
05/14/2025,13:00,N,1.11,1.77,1.5,15,1.5
05/14/2025,14:00,N,1.15,1.62,1.28,10.88,1.36
05/14/2025,15:00,N,3.03,3.44,2,5,5
05/14/2025,16:00,N,4.04,4.67,1.65,10.65,10.65
05/14/2025,17:00,N,5.88,6.69,6.19,6.69,6.69
05/14/2025,18:00,N,9.6,12.85,12.07,12.85,12.85
05/14/2025,19:00,N,5.94,6.01,5.2,30.56,5.2
05/14/2025,20:00,N,14.42,19.77,18.43,41.13,18.43
05/14/2025,21:00,N,8.54,39.07,48.26,75,48.26
05/14/2025,22:00,N,9.9,58.07,59.39,59.41,59.39
05/14/2025,23:00,N,4.65,10.77,10.6,15,10.6
05/14/2025,24:00,N,0,10.08,10,10,10
05/15/2025,01:00,N,0.57,1.33,1,1,0.05
05/15/2025,02:00,N,0.73,1.18,0.99,0.99,0.06
05/15/2025,03:00,N,0.45,1.1,0.84,1,0.08
05/15/2025,04:00,N,0.04,0.74,0.46,1,0.06
05/15/2025,05:00,N,0.5,0.77,0.5,0.96,0.09
05/15/2025,06:00,N,0.77,0.98,0.52,1,0.05
05/15/2025,07:00,N,0.75,1.89,0.77,4,0.1
05/15/2025,08:00,N,1.55,1.42,1.13,3.91,1.13
05/15/2025,09:00,N,1.59,1.5,1.43,2.79,1.43
05/15/2025,10:00,N,2.63,1.08,0.98,2,1
05/15/2025,11:00,N,2.41,1.32,0.99,4.99,1
05/15/2025,12:00,N,2.12,1.25,1,4.99,1
05/15/2025,13:00,N,1.21,1.44,1,8,1
05/15/2025,14:00,N,1.58,1.57,1,10.79,1
05/15/2025,15:00,N,5.38,5.61,4.17,8.46,5
05/15/2025,16:00,N,10.64,11.25,9.47,12.85,10.49
05/15/2025,17:00,N,19.17,19.55,18.45,18.73,18.73
05/15/2025,18:00,N,20.01,20.88,18.99,19.5,19.5
05/15/2025,19:00,N,8.04,9.66,5.34,56.07,5.34
05/15/2025,20:00,N,33.29,38.9,32.81,44.37,32.81
05/15/2025,21:00,N,11.14,59.32,80.44,80,80.44
05/15/2025,22:00,N,58.16,91.06,96.06,80.56,96.06
05/15/2025,23:00,N,11.28,22.42,20.9,20.9,20.9
05/15/2025,24:00,N,0,10.95,10.66,7.94,10.66
05/16/2025,01:00,N,0.56,1.18,1,0.99,0.05
05/16/2025,02:00,N,0.75,0.86,0.84,0.84,0.06
05/16/2025,03:00,N,0.51,0.76,0.61,0.94,0.07
05/16/2025,04:00,N,0.46,0.69,0.46,0.92,0.05
05/16/2025,05:00,N,0.47,0.63,0.5,0.83,0.07
05/16/2025,06:00,N,0.43,0.78,0.51,0.83,0.05
05/16/2025,07:00,N,0.47,1.75,1,4,0.08
05/16/2025,08:00,N,1.03,1.5,1.4,4,1.4
05/16/2025,09:00,N,1.56,1.39,1.17,3.91,1.17
05/16/2025,10:00,N,1.24,1.4,0.82,2,0.82
05/16/2025,11:00,N,1.1,0.9,0.76,2,0.76
05/16/2025,12:00,N,0.95,0.91,0.72,2,0.72
05/16/2025,13:00,N,1.1,1.26,0.87,2,0.87
05/16/2025,14:00,N,1.29,1.5,1,5,1
05/16/2025,15:00,N,1.91,1.93,1.5,1.5,1.5
05/16/2025,16:00,N,5.21,5.5,4.96,4.99,4.99
05/16/2025,17:00,N,9.46,10,9.45,9.59,9.59
05/16/2025,18:00,N,10.59,11.24,10.49,10.49,10.49
05/16/2025,19:00,N,3.43,4.45,2,23.99,2
05/16/2025,20:00,N,33.77,39.37,32.95,41.25,32.95
05/16/2025,21:00,N,8.28,47.44,67.18,67.18,67.18
05/16/2025,22:00,N,40.31,81.7,81.7,68.76,81.7
05/16/2025,23:00,N,8.32,19.8,18.91,18.91,18.91
05/16/2025,24:00,N,0,8.83,8.69,8.69,8.69
05/17/2025,01:00,N,0.74,1.33,1,1,0.05
05/17/2025,02:00,N,0.91,1.22,1,1,0.06
05/17/2025,03:00,N,0.89,1.25,1,1,0.07
05/17/2025,04:00,N,0.7,1.17,0.91,1,0.06
05/17/2025,05:00,N,0.7,0.86,0.5,0.94,0.07
05/17/2025,06:00,N,0.91,1.29,0.92,0.94,0.05
05/17/2025,07:00,N,0.69,2.76,1,4.47,0.07
05/17/2025,08:00,N,2.39,1.91,1.1,5,1.1
05/17/2025,09:00,N,1.78,2.1,2,5,2
05/17/2025,10:00,N,1.09,1.09,1,2,1
05/17/2025,11:00,N,1.03,1.1,0.98,3,1
05/17/2025,12:00,N,1.27,1.17,0.95,3,0.95
05/17/2025,13:00,N,0.99,1.22,0.96,6.25,0.97
05/17/2025,14:00,N,1.09,1.35,0.98,9.65,1
05/17/2025,15:00,N,1.69,1.94,1.25,2,2
05/17/2025,16:00,N,1.68,2.47,1.5,2.15,2.14
05/17/2025,17:00,N,1.79,2.7,2.23,2.25,2.25
05/17/2025,18:00,N,3.47,3.96,3.32,3.32,3.32
05/17/2025,19:00,N,2.01,2.45,1.69,5,1.69
05/17/2025,20:00,N,2.19,5.61,4.92,5,4.92
05/17/2025,21:00,N,2.98,8.46,8.46,10,8.46
05/17/2025,22:00,N,5.96,9.8,9.8,10,9.8
05/17/2025,23:00,N,2,2.07,2,2,0.08
05/17/2025,24:00,N,0,1.94,1.61,1.61,0.23
05/18/2025,01:00,N,0.99,1.6,1,1,0.04
05/18/2025,02:00,N,1.9,1.69,1,1,0.05
05/18/2025,03:00,N,1.06,1.45,1,1,0.06
05/18/2025,04:00,N,1.12,1.56,0.98,1,0.05
05/18/2025,05:00,N,1.02,1.42,0.91,0.96,0.06
05/18/2025,06:00,N,1.36,1.7,0.94,0.94,0.04
05/18/2025,07:00,N,1,2.02,1,5,0.06
05/18/2025,08:00,N,2.7,2.21,1.69,5,1.69
05/18/2025,09:00,N,3.06,5.15,4.98,5,4.98
05/18/2025,10:00,N,1.45,1.37,1.36,2,1.36
05/18/2025,11:00,N,1.54,1.11,1,3,1
05/18/2025,12:00,N,1.14,1.2,1,2.14,1
05/18/2025,13:00,N,1.1,1.18,0.95,3,0.95
05/18/2025,14:00,N,1.04,1.28,0.99,3.8,0.99
05/18/2025,15:00,N,1.66,1.5,1,1.06,1
05/18/2025,16:00,N,1.86,2.22,1.55,2,1.55
05/18/2025,17:00,N,2.47,2.48,2.15,2.15,2.15
05/18/2025,18:00,N,2.65,3.08,2.64,2.64,2.64
05/18/2025,19:00,N,1.25,1.83,1.18,5,1.18
05/18/2025,20:00,N,1.84,4.39,4.9,4.9,4.9
05/18/2025,21:00,N,2.47,6.06,6.06,6.06,6.06
05/18/2025,22:00,N,7,8.24,8.24,8.24,8.24
05/18/2025,23:00,N,1.58,2.7,1.6,1.6,0.07
05/18/2025,24:00,N,0,2.44,1.9,1.9,0.08
05/19/2025,01:00,N,0.77,0.99,0.99,0.99,0.04
05/19/2025,02:00,N,0.83,0.93,0.64,0.64,0.05
05/19/2025,03:00,N,0.86,1.11,0.81,0.92,0.06
05/19/2025,04:00,N,0.7,0.71,0.5,0.92,0.05
05/19/2025,05:00,N,0.74,0.84,0.5,0.85,0.06
05/19/2025,06:00,N,0.76,1.11,0.5,0.85,0.05
05/19/2025,07:00,N,0.72,1.53,0.51,2.5,0.06
05/19/2025,08:00,N,1.64,1.1,1,2,1
05/19/2025,09:00,N,3.83,3.73,3.43,5,3.43
05/19/2025,10:00,N,2.05,1.2,1.07,2.15,1.07
05/19/2025,11:00,N,1.19,1.41,1.25,2.25,1.25
05/19/2025,12:00,N,1,1.4,1,2.5,1
05/19/2025,13:00,N,1,1.41,1,8.18,1
05/19/2025,14:00,N,2.14,1.34,0.99,6.25,1
05/19/2025,15:00,N,1,1.43,1.09,2,1.1
05/19/2025,16:00,N,1.74,2.48,2,2,2
05/19/2025,17:00,N,1.95,2.32,2.04,2.04,2.04
05/19/2025,18:00,N,2.8,2.92,2.25,2.25,2.25
05/19/2025,19:00,N,1.61,2.03,1.41,5,1.42
05/19/2025,20:00,N,0.78,2.22,1,5.88,1
05/19/2025,21:00,N,1.82,6.61,7,7,7
05/19/2025,22:00,N,5,13.45,15,15.02,15
05/19/2025,23:00,N,1.48,2.48,2,2,0.5
05/19/2025,24:00,N,0,3.03,2.76,2.76,2.76
05/20/2025,01:00,N,0.77,1.39,1,0.98,0.04
05/20/2025,02:00,N,0.74,1.23,0.94,0.94,0.05
05/20/2025,03:00,N,0.5,1.1,0.94,0.96,0.06
05/20/2025,04:00,N,0.5,0.66,0.46,0.55,0.05
05/20/2025,05:00,N,0.5,0.47,0.47,0.5,0.06
05/20/2025,06:00,N,0.65,0.52,0.51,0.51,0.04
05/20/2025,07:00,N,0.5,0.55,0.97,5,0.07
05/20/2025,08:00,N,1.02,1.03,1.03,6.9,1.03
05/20/2025,09:00,N,1.26,1.21,1,7,1
05/20/2025,10:00,N,1.05,1.18,1,5,1
05/20/2025,11:00,N,1.6,1.13,1,5,1
05/20/2025,12:00,N,1.42,1.3,1.02,5,1.02
05/20/2025,13:00,N,1.64,1.48,1,17.3,1
05/20/2025,14:00,N,1.54,1.74,1.1,29.52,1.1
05/20/2025,15:00,N,3.98,4.35,3.33,3.88,3.83
05/20/2025,16:00,N,5.38,6.29,4.72,5.69,5.69
05/20/2025,17:00,N,9.63,10.74,8.19,10,10
05/20/2025,18:00,N,26.48,28.41,18.48,54.8,44.52
05/20/2025,19:00,N,14.18,16.31,11.5,150.81,12
05/20/2025,20:00,N,39.02,76.87,116.11,425,116.11
05/20/2025,21:00,N,18,176.69,238.59,470.92,238.59
05/20/2025,22:00,N,15.75,223.25,223.25,233.4,223.25
05/20/2025,23:00,N,5.93,17.65,17.44,17.57,17.44
05/20/2025,24:00,N,0,10.29,10.11,10.11,10.11
05/21/2025,01:00,N,0.82,1.27,1,1,0.04
05/21/2025,02:00,N,0.5,1.16,1,1,0.06
05/21/2025,03:00,N,0.5,1.18,1,1,0.06
05/21/2025,04:00,N,0.79,0.99,0.75,0.95,0.05
05/21/2025,05:00,N,0.64,0.85,0.64,0.92,0.07
05/21/2025,06:00,N,0.73,1.24,0.9,0.92,0.05
05/21/2025,07:00,N,0.7,1.74,1.29,2,0.07
05/21/2025,08:00,N,1.89,2.7,2.7,2.72,2.7
05/21/2025,09:00,N,1.26,2.3,2.17,2.18,2.18
05/21/2025,10:00,N,0.99,1.19,1,2,1
05/21/2025,11:00,N,0.99,1.38,1.3,2.14,1.3
05/21/2025,12:00,N,2.15,1.71,1.5,2.25,1.5
05/21/2025,13:00,N,1.6,1.84,1.6,2.5,1.61
05/21/2025,14:00,N,1.47,2,1.77,5.8,1.81
05/21/2025,15:00,N,1.61,2.18,1.65,2.25,2.25
05/21/2025,16:00,N,1.36,2.37,1.5,2.37,2.37
05/21/2025,17:00,N,1.33,2.41,1,6.72,6.72
05/21/2025,18:00,N,2,3.19,1.5,10.49,10.49
05/21/2025,19:00,N,3.57,7.53,6.83,22.59,6.99
05/21/2025,20:00,N,1.88,14.94,20.09,24.99,20.09
05/21/2025,21:00,N,7.1,27.29,31.95,37.54,31.95
05/21/2025,22:00,N,5,27.42,27.42,27.42,27.42
05/21/2025,23:00,N,3.74,5,4.67,5,2
05/21/2025,24:00,N,0,1.35,1.35,1.35,0.09
05/22/2025,01:00,N,0.74,1.04,1,1,0.04
05/22/2025,02:00,N,0.66,1,0.99,0.99,0.05
05/22/2025,03:00,N,0.78,0.97,0.79,0.96,0.06
05/22/2025,04:00,N,0.59,0.71,0.5,0.95,0.05
05/22/2025,05:00,N,0.46,0.61,0.44,0.94,0.06
05/22/2025,06:00,N,0.5,0.73,0.5,0.94,0.04
05/22/2025,07:00,N,0.61,0.86,0.86,4,0.06
05/22/2025,08:00,N,1,0.58,1.1,5,1.1
05/22/2025,09:00,N,2.95,1.77,1.41,2.73,1.41
05/22/2025,10:00,N,1.99,1.45,1,2.04,1
05/22/2025,11:00,N,1.46,1.22,1,2.25,1
05/22/2025,12:00,N,1,1.21,0.98,3.31,0.98
05/22/2025,13:00,N,1.02,1.17,1,6.42,1
05/22/2025,14:00,N,0.96,1.41,0.98,11.12,1.15
05/22/2025,15:00,N,1,1.93,1.4,2,1.45
05/22/2025,16:00,N,1.14,2.34,1.48,2.04,2.04
05/22/2025,17:00,N,2,3.21,1.65,5,5
05/22/2025,18:00,N,2.88,4.25,1.99,5.2,5.2
05/22/2025,19:00,N,0.92,2.72,1,7,2.72
05/22/2025,20:00,N,2.55,9.68,9.68,9.7,9.68
05/22/2025,21:00,N,5.11,13.95,16.84,16.84,16.84
05/22/2025,22:00,N,3.57,14.39,14.39,17.94,14.39
05/22/2025,23:00,N,1.5,5.18,5.05,5.05,0.19
05/22/2025,24:00,N,0,6.74,6.74,4.9,0.09
05/23/2025,01:00,N,0.94,1.39,1,0.99,0.05
05/23/2025,02:00,N,0.93,1.25,0.94,0.94,0.06
05/23/2025,03:00,N,0.87,1.42,1,1,0.06
05/23/2025,04:00,N,0.73,1.15,0.85,0.94,0.05
05/23/2025,05:00,N,0.72,1,0.57,0.85,0.06
05/23/2025,06:00,N,0.65,1.25,0.82,0.86,0.04
05/23/2025,07:00,N,0.91,1,1.4,2.25,0.07
05/23/2025,08:00,N,1.12,1.99,1.5,2.25,1.5
05/23/2025,09:00,N,2,3.1,2.82,2.9,2.82
05/23/2025,10:00,N,1.33,1.5,1.17,2.15,1.17
05/23/2025,11:00,N,1.9,1.49,1.1,3,1.1
05/23/2025,12:00,N,1.38,1.28,1,3,1
05/23/2025,13:00,N,1.24,1.18,1,5,1
05/23/2025,14:00,N,1.12,1.41,1,7.6,1
05/23/2025,15:00,N,1.59,2.09,1.52,1.95,1.88
05/23/2025,16:00,N,1.46,2.38,1.5,2.04,2.04
05/23/2025,17:00,N,0.63,2.5,1.5,2.25,2.25
05/23/2025,18:00,N,2,2.68,1.95,2.5,2.5
05/23/2025,19:00,N,1.62,1.65,1.5,5,1.5
05/23/2025,20:00,N,2.61,5.23,5.23,8.45,5.23
05/23/2025,21:00,N,2.78,9.25,11.26,15,11.26
05/23/2025,22:00,N,2.59,12.25,13.04,13.04,13.04
05/23/2025,23:00,N,1.2,2.56,2.27,1.04,0.2
05/23/2025,24:00,N,0,3.31,3.28,1.04,0.09
05/24/2025,01:00,N,1.21,1.21,1,0.96,0.04
05/24/2025,02:00,N,1.42,1.18,1,0.94,0.06
05/24/2025,03:00,N,0.76,1.15,0.99,0.99,0.06
05/24/2025,04:00,N,0.81,1.03,0.75,0.85,0.05
05/24/2025,05:00,N,0.8,0.78,0.52,0.75,0.07
05/24/2025,06:00,N,0.63,1,0.68,0.75,0.05
05/24/2025,07:00,N,0.73,1,1.5,1.95,0.07
05/24/2025,08:00,N,1.7,1.91,1.58,2,1.58
05/24/2025,09:00,N,1.64,2,1.93,1.95,1.93
05/24/2025,10:00,N,1.24,1.06,1,1.94,1
05/24/2025,11:00,N,1.29,1.09,1,2,1
05/24/2025,12:00,N,0.85,0.81,0.71,2.14,0.71
05/24/2025,13:00,N,1.28,1.19,1,2.7,1
05/24/2025,14:00,N,1.37,1.07,1,5,1
05/24/2025,15:00,N,1.38,1.6,1.5,1.94,1.53
05/24/2025,16:00,N,1.11,2,1.56,2,1.87
05/24/2025,17:00,N,1.22,2.25,1.75,2.25,2.25
05/24/2025,18:00,N,2.18,3.22,2.39,3,3
05/24/2025,19:00,N,1,1.46,1.16,5.6,1.17
05/24/2025,20:00,N,2.57,7.06,7.06,10,7.06
05/24/2025,21:00,N,4.18,8.97,10,13.23,10
05/24/2025,22:00,N,4.34,12.41,12.41,12.63,12.41
05/24/2025,23:00,N,1.79,3.49,3.47,3.47,1
05/24/2025,24:00,N,0,2.08,2,2,0.09
05/25/2025,01:00,N,1,1.12,1,0.95,0.04
05/25/2025,02:00,N,1,1.09,0.93,0.93,0.06
05/25/2025,03:00,N,0.81,1.16,0.94,0.94,0.06
05/25/2025,04:00,N,0.65,1.16,0.94,0.94,0.05
05/25/2025,05:00,N,0.61,1.09,0.84,0.85,0.07
05/25/2025,06:00,N,0.61,1.08,0.77,0.84,0.05
05/25/2025,07:00,N,0.75,2,1.19,2,0.07
05/25/2025,08:00,N,1.54,2.04,1.5,2,1.5
05/25/2025,09:00,N,1.48,2.15,2,2,2
05/25/2025,10:00,N,1.2,1.15,0.98,1.94,1
05/25/2025,11:00,N,1.25,1,0.92,2.04,0.93
05/25/2025,12:00,N,1.49,0.76,0.64,2,0.64
05/25/2025,13:00,N,1.62,1.13,0.99,2.5,1
05/25/2025,14:00,N,1,1.15,0.93,2.5,1
05/25/2025,15:00,N,1.1,1.99,1.34,2,2
05/25/2025,16:00,N,1.2,2.22,1.65,2,2
05/25/2025,17:00,N,2.77,4.72,4.41,4.58,4.58
05/25/2025,18:00,N,4.71,5.75,5.17,5.58,5.58
05/25/2025,19:00,N,1.8,2.46,1.53,7,1.77
05/25/2025,20:00,N,2.76,11.09,10.62,10.62,10.62
05/25/2025,21:00,N,3.47,19.16,22.74,23.63,22.74
05/25/2025,22:00,N,9.67,22.57,22.57,27,22.57
05/25/2025,23:00,N,3.27,5.01,5,5,5
05/25/2025,24:00,N,0,2,1.96,1.96,0.09
05/26/2025,01:00,N,0.93,1.31,1,0.95,0.05
05/26/2025,02:00,N,0.65,1.07,0.9,0.9,0.06
05/26/2025,03:00,N,0.52,1.13,0.77,0.92,0.07
05/26/2025,04:00,N,0.29,0.79,0.59,0.9,0.06
05/26/2025,05:00,N,0.39,0.81,0.5,0.85,0.07
05/26/2025,06:00,N,0.57,0.89,0.53,0.92,0.05
05/26/2025,07:00,N,1,1.57,1.1,3.34,0.08
05/26/2025,08:00,N,0.74,1.23,1.23,3.34,1.23
05/26/2025,09:00,N,1.37,1.75,1.51,3.34,1.55
05/26/2025,10:00,N,1.16,1.03,0.78,2.14,0.78
05/26/2025,11:00,N,1.16,1.19,0.78,2.25,0.89
05/26/2025,12:00,N,1,1,0.63,2.15,0.64
05/26/2025,13:00,N,1,1.34,0.89,5,1
05/26/2025,14:00,N,1.33,1.35,0.91,7,1
05/26/2025,15:00,N,1.14,2,1.37,2,2
05/26/2025,16:00,N,1.66,2.45,1.5,2.14,2.14
05/26/2025,17:00,N,3.95,5.61,4.71,5.7,5.7
05/26/2025,18:00,N,2.55,3.31,2.24,3,3
05/26/2025,19:00,N,1.5,2.34,1.27,5,1.86
05/26/2025,20:00,N,2,4.66,4.04,6.32,4.04
05/26/2025,21:00,N,1.82,9.49,11.51,11.51,11.51
05/26/2025,22:00,N,5.22,15.12,15.12,15.12,15.12
05/26/2025,23:00,N,1.76,5.11,5,5,5
05/26/2025,24:00,N,0,3.01,2.94,2,0.27
05/27/2025,01:00,N,0.72,1.32,1,1,0.05
05/27/2025,02:00,N,0.77,1.33,0.96,0.96,0.06
05/27/2025,03:00,N,0.32,1.07,0.63,0.95,0.07
05/27/2025,04:00,N,0.29,0.75,0.5,0.96,0.06
05/27/2025,05:00,N,0.43,0.82,0.5,0.95,0.07
05/27/2025,06:00,N,0.55,0.84,0.54,0.95,0.06
05/27/2025,07:00,N,1.29,1.34,1,4,0.1
05/27/2025,08:00,N,1,2.18,1.12,4.29,1.12
05/27/2025,09:00,N,2.69,3.34,3.2,4.99,3.2
05/27/2025,10:00,N,1.24,1.1,1,2.5,1
05/27/2025,11:00,N,1.49,1.23,0.98,4.99,0.99
05/27/2025,12:00,N,1.11,1.25,0.98,3,0.98
05/27/2025,13:00,N,0.98,1.31,1,5,1
05/27/2025,14:00,N,1.08,1.29,0.99,5.7,1
05/27/2025,15:00,N,1.01,1.42,1,2.14,2.14
05/27/2025,16:00,N,1.45,2.14,1.7,2.14,2.14
05/27/2025,17:00,N,2.09,2.96,2.19,2.59,2.59
05/27/2025,18:00,N,2.6,3.51,2,2.82,2.82
05/27/2025,19:00,N,1.99,3.02,1.1,5,5
05/27/2025,20:00,N,2.57,12.47,18.26,18.26,18.26
05/27/2025,21:00,N,7.21,14.38,23.46,23.46,23.46
05/27/2025,22:00,N,5.8,23,26.45,31.61,26.45
05/27/2025,23:00,N,2.38,8.58,8.58,8.58,8.58
05/27/2025,24:00,N,0,8.51,8.27,8.51,8.27
05/28/2025,01:00,N,1,1,1,1,0.06
05/28/2025,02:00,N,1.12,1.27,1,1,0.07
05/28/2025,03:00,N,1,1.52,0.86,1,0.09
05/28/2025,04:00,N,0.8,1.08,0.79,1,0.07
05/28/2025,05:00,N,1,1.07,0.75,1,0.1
05/28/2025,06:00,N,1.02,1,1,1,0.06
05/28/2025,07:00,N,2.08,2,1.3,8.04,0.1
05/28/2025,08:00,N,3.97,5.06,4.81,7.89,4.81
05/28/2025,09:00,N,6.42,8.76,8.6,8.6,8.6
05/28/2025,10:00,N,2.07,3.09,2.93,7.1,2.93
05/28/2025,11:00,N,1.99,2.67,2.39,8.13,2.4
05/28/2025,12:00,N,1.22,1.49,1.1,7.1,1.1
05/28/2025,13:00,N,1.27,1.3,1,7.1,1
05/28/2025,14:00,N,1.5,1.25,0.99,10.1,1
05/28/2025,15:00,N,2.83,2.49,1.5,2,2
05/28/2025,16:00,N,2.49,2.34,1.5,2.14,2.14
05/28/2025,17:00,N,2.36,2.61,1.92,2.25,2.25
05/28/2025,18:00,N,2.32,2.95,1.87,2.5,2.5
05/28/2025,19:00,N,1.23,1.8,1,3.99,1
05/28/2025,20:00,N,2.22,3.71,2.66,4.9,2.66
05/28/2025,21:00,N,1.97,6.44,5.51,9,5.51
05/28/2025,22:00,N,2.31,13.28,13.28,13.28,13.28
05/28/2025,23:00,N,2.89,3.44,2.75,2.75,0.1
05/28/2025,24:00,N,0,3.64,3.15,3.15,0.1
05/29/2025,01:00,N,1,1.3,1,1,0.05
05/29/2025,02:00,N,1.1,1.25,1,1,0.06
05/29/2025,03:00,N,1,1.5,0.91,1,0.07
05/29/2025,04:00,N,0.95,1.01,0.8,1,0.06
05/29/2025,05:00,N,0.85,1,0.8,1,0.08
05/29/2025,06:00,N,0.98,1,0.99,0.99,0.05
05/29/2025,07:00,N,1.45,1.22,0.99,4.29,0.09
05/29/2025,08:00,N,1.04,1,1,5.94,1
05/29/2025,09:00,N,1.66,1.78,1.67,4.29,1.67
05/29/2025,10:00,N,1.35,1.07,1,2.47,1
05/29/2025,11:00,N,1.14,1.29,1.1,5,1.1
05/29/2025,12:00,N,1.11,1.84,1.5,5.85,1.5
05/29/2025,13:00,N,1.09,1.38,1.07,6.39,1.07
05/29/2025,14:00,N,1.53,1.78,1.5,9.68,1.5
05/29/2025,15:00,N,2,2.02,1.75,2.02,2.02
05/29/2025,16:00,N,2.33,2.63,2.02,2.15,2.15
05/29/2025,17:00,N,4.73,5.52,4.62,5,5
05/29/2025,18:00,N,6.2,6.17,5.08,5.36,5.36
05/29/2025,19:00,N,2.82,2.08,1.75,5,2.11
05/29/2025,20:00,N,2.19,4.72,4.72,9.78,4.72
05/29/2025,21:00,N,2.16,8.85,9.98,10,9.98
05/29/2025,22:00,N,7.7,21,21,21,21
05/29/2025,23:00,N,2,4.43,4.05,4.05,1
05/29/2025,24:00,N,0,3.44,2.97,2.97,0.27
05/30/2025,01:00,N,0.99,1,1,1,0.05
05/30/2025,02:00,N,1.29,1.47,1,1,0.06
05/30/2025,03:00,N,1,1.48,0.95,1,0.08
05/30/2025,04:00,N,1,1.55,0.93,1,0.06
05/30/2025,05:00,N,1.03,1.23,0.76,0.96,0.08
05/30/2025,06:00,N,0.97,1.2,0.86,0.97,0.06
05/30/2025,07:00,N,2.17,1.62,0.99,5,0.1
05/30/2025,08:00,N,2.57,1.5,1.5,5,1.5
05/30/2025,09:00,N,2.12,1.64,1.5,5,1.5
05/30/2025,10:00,N,2.49,1.81,1,2.47,1
05/30/2025,11:00,N,1.89,1.36,1,3,1
05/30/2025,12:00,N,1.32,1.5,1,2.5,1
05/30/2025,13:00,N,1.29,1.62,0.99,2.5,1
05/30/2025,14:00,N,1.08,1.56,0.98,5,1
05/30/2025,15:00,N,2.15,3.09,1.65,2.47,2.47
05/30/2025,16:00,N,3.14,4.08,1.99,4.24,4.24
05/30/2025,17:00,N,4.32,4.9,2.79,9.77,9.77
05/30/2025,18:00,N,7.9,9.31,2.68,15,15
05/30/2025,19:00,N,3.42,3.88,1.65,5.67,2.99
05/30/2025,20:00,N,2,23,31.73,31.73,31.73
05/30/2025,21:00,N,20.64,38.18,45.18,45.18,45.18
05/30/2025,22:00,N,15.12,47.05,47.05,47.05,47.05
05/30/2025,23:00,N,5.36,15.21,15,15,15
05/30/2025,24:00,N,3.42,16.84,16.6,16.6,16.6
05/31/2025,01:00,N,1.04,1.41,1.02,1.02,1.02
05/31/2025,02:00,N,1.31,1.32,0.99,0.99,0.08
05/31/2025,03:00,N,1.01,1.33,1,1,0.11
05/31/2025,04:00,N,0.67,1.39,1,1,0.08
05/31/2025,05:00,N,0.67,1.39,1,1,0.13
05/31/2025,06:00,N,0.75,1.15,0.69,0.94,0.07
05/31/2025,07:00,N,1.82,1.68,1.1,3.97,0.08
05/31/2025,08:00,N,2.1,3.44,1.93,3.64,1.93
05/31/2025,09:00,N,1.8,2,1.92,3.91,1.92
05/31/2025,10:00,N,1.74,1.23,0.98,2.14,0.98
05/31/2025,11:00,N,1.99,1.32,1,2.04,1
05/31/2025,12:00,N,1,1,0.74,2.14,0.74
05/31/2025,13:00,N,1,1.21,0.9,2.15,0.9
05/31/2025,14:00,N,1,1.44,1,2.15,1
05/31/2025,15:00,N,1.15,1.52,1.1,1.1,1.1
05/31/2025,16:00,N,1.26,1.9,1.35,1.35,1.35
05/31/2025,17:00,N,2,2.09,1.65,1.9,1.9
05/31/2025,18:00,N,3.32,3.76,2.02,3.05,3.05
05/31/2025,19:00,N,2.33,3.17,1.5,15,2.08
05/31/2025,20:00,N,1.78,23.89,31.85,31.85,31.85
05/31/2025,21:00,N,18.02,35.63,44.63,44.63,44.63
05/31/2025,22:00,N,8.59,31.75,31.15,31.75,31.75
05/31/2025,23:00,N,3.03,9.84,9.55,9.55,9.55
05/31/2025,24:00,N,0,6.34,5.77,5,1
06/01/2025,01:00,N,1.01,1.32,1,0.24,0.06
06/01/2025,02:00,N,1.06,1.02,1,0.24,0.06
06/01/2025,03:00,N,0.86,0.95,0.75,0.75,0.06
06/01/2025,04:00,N,0.69,0.84,0.6,0.6,0.06
06/01/2025,05:00,N,0.64,0.73,0.6,0.6,0.08
06/01/2025,06:00,N,0.42,0.64,0.44,0.44,0.06
06/01/2025,07:00,N,1,1,1,1,0.06
06/01/2025,08:00,N,2.14,1,1,1,1
06/01/2025,09:00,N,2.24,1.34,1,1,1
06/01/2025,10:00,N,1.63,1.07,1,1,1
06/01/2025,11:00,N,1.26,1.18,1,1.1,1
06/01/2025,12:00,N,1.2,1.1,0.91,1.1,0.91
06/01/2025,13:00,N,1,1.02,0.88,1.25,0.88
06/01/2025,14:00,N,0.97,1.1,0.81,2,0.81
06/01/2025,15:00,N,0.85,1.09,0.66,1,0.66
06/01/2025,16:00,N,1.17,1.38,0.83,1.02,1.02
06/01/2025,17:00,N,1.57,1.48,1.04,1.05,1.05
06/01/2025,18:00,N,1.84,1.75,1.1,1.1,1.1
06/01/2025,19:00,N,1.6,1.5,1.5,3.97,1.5
06/01/2025,20:00,N,1.31,12.8,18.13,18.13,18.13
06/01/2025,21:00,N,6.58,13.65,15.73,15.73,15.73
06/01/2025,22:00,N,5.18,14,14,14,14
06/01/2025,23:00,N,2,5.64,5.64,5.64,5.64
06/01/2025,24:00,N,0,3.85,3.8,1.01,0.1
06/02/2025,01:00,N,0.88,1.58,1,0.23,0.07
06/02/2025,02:00,N,1,1.51,1,0.23,0.06
06/02/2025,03:00,N,1,1.51,1,0.94,0.08
06/02/2025,04:00,N,1,2.85,1,0.92,0.08
06/02/2025,05:00,N,1,1.55,0.84,0.75,0.37
06/02/2025,06:00,N,1,1.15,0.5,0.3,0.07
06/02/2025,07:00,N,0.82,1.58,1,1,0.07
06/02/2025,08:00,N,2.16,1.24,1,1,1
06/02/2025,09:00,N,1.5,1.19,1.1,1.05,1.1
06/02/2025,10:00,N,0.99,1.05,1,1,1
06/02/2025,11:00,N,1.21,1.18,1.1,1.11,1.1
06/02/2025,12:00,N,1.68,1.15,1,1.14,1
06/02/2025,13:00,N,1.99,1.14,1,2,1
06/02/2025,14:00,N,1.44,1.45,1,2.5,1
06/02/2025,15:00,N,0.94,1.08,1,1,1
06/02/2025,16:00,N,2.21,2.23,1.65,1.94,1.94
06/02/2025,17:00,N,2.28,1.23,1.04,1.06,1.06
06/02/2025,18:00,N,1.91,1.47,1.09,1.1,1.1
06/02/2025,19:00,N,1.71,1.75,1.26,2.07,1.27
06/02/2025,20:00,N,1.41,7.43,9.7,9.7,9.7
06/02/2025,21:00,N,2.08,3.37,12.81,12.81,12.81
06/02/2025,22:00,N,4.2,11.96,11.72,14.24,11.72
06/02/2025,23:00,N,2,5.17,5,4.27,5
06/02/2025,24:00,N,0,5,4.67,0.99,0.37
06/03/2025,01:00,N,0.45,1.2,1,0.09,0.06
06/03/2025,02:00,N,1,1.21,1,0.09,0.06
06/03/2025,03:00,N,0.52,0.62,0.51,0.3,0.07
06/03/2025,04:00,N,0.4,0.68,0.5,0.3,0.07
06/03/2025,05:00,N,0.49,0.76,0.5,0.25,0.1
06/03/2025,06:00,N,0.44,0.79,0.5,0.23,0.07
06/03/2025,07:00,N,0.74,1.23,0.99,0.99,0.07
06/03/2025,08:00,N,1.25,1.18,1,1,1
06/03/2025,09:00,N,1.12,1.22,1.09,1.01,1.09
06/03/2025,10:00,N,0.65,1.13,1,1,1
06/03/2025,11:00,N,0.88,1.05,1,1,1
06/03/2025,12:00,N,1,1.02,0.98,1,0.98
06/03/2025,13:00,N,1,0.91,0.84,1.05,0.84
06/03/2025,14:00,N,0.67,1.05,0.98,2,0.98
06/03/2025,15:00,N,0.42,1.01,0.96,0.96,0.96
06/03/2025,16:00,N,1.05,1.32,1,1.01,1.01
06/03/2025,17:00,N,1.1,1.21,1,1,1
06/03/2025,18:00,N,1.57,1.39,1.04,1.04,1.04
06/03/2025,19:00,N,1.36,1.64,1,1.3,1
06/03/2025,20:00,N,1.36,4.73,7.44,7.44,7.44
06/03/2025,21:00,N,2,9.27,12.85,12.85,12.85
06/03/2025,22:00,N,5,13.32,13.12,13.12,13.12
06/03/2025,23:00,N,3.34,8.2,8.2,8.2,8.2
06/03/2025,24:00,N,0,5,5,2,2
06/04/2025,01:00,N,0.82,1,0.63,0.08,0.06
06/04/2025,02:00,N,1,1,0.51,0.08,0.06
06/04/2025,03:00,N,1,1.21,0.51,0.29,0.07
06/04/2025,04:00,N,0.7,0.8,0.51,0.3,0.07
06/04/2025,05:00,N,0.58,0.8,0.51,0.25,0.1
06/04/2025,06:00,N,0.52,0.73,0.44,0.25,0.07
06/04/2025,07:00,N,0.74,0.92,0.59,0.98,0.08
06/04/2025,08:00,N,1.07,0.98,0.98,1,0.98
06/04/2025,09:00,N,1.4,1.11,1,1,1
06/04/2025,10:00,N,1.69,1.08,1,1,1
06/04/2025,11:00,N,1.28,1.2,0.98,2.44,1.02
06/04/2025,12:00,N,1.66,1.47,1,3,1
06/04/2025,13:00,N,1.55,1.43,0.99,7.59,1
06/04/2025,14:00,N,1.12,1.48,1,7.71,1
06/04/2025,15:00,N,1,1.72,0.94,1,0.94
06/04/2025,16:00,N,1.35,1.66,1.01,1.03,1.03
06/04/2025,17:00,N,1.57,1.57,1,1,1
06/04/2025,18:00,N,2.48,2.5,1.1,1.1,1.1
06/04/2025,19:00,N,2.76,3.22,1.57,4,1.57
06/04/2025,20:00,N,2.7,13.23,11.81,11.81,11.81
06/04/2025,21:00,N,5,20,23.5,19.82,23.5
06/04/2025,22:00,N,5,19.8,19.13,19.13,19.13
06/04/2025,23:00,N,5.2,10.33,9.93,9.53,9.93
06/04/2025,24:00,N,0,5.09,4.82,3.65,3.65
06/05/2025,01:00,N,0.92,1,1,0.08,0.06
06/05/2025,02:00,N,0.74,1.39,1,0.08,0.06
06/05/2025,03:00,N,0.72,0.95,0.5,0.28,0.07
06/05/2025,04:00,N,0.56,0.8,0.5,0.29,0.07
06/05/2025,05:00,N,0.61,0.88,0.5,0.32,0.1
06/05/2025,06:00,N,0.41,0.8,0.44,0.24,0.1
06/05/2025,07:00,N,0.3,0.95,0.95,0.95,0.08
06/05/2025,08:00,N,1.78,1,1,1,1
06/05/2025,09:00,N,1.4,1.15,1,1,1
06/05/2025,10:00,N,1,1.17,1,1,1
06/05/2025,11:00,N,1.77,1.52,0.99,1.04,1
06/05/2025,12:00,N,1.27,1.22,0.88,1.03,0.88
06/05/2025,13:00,N,1.15,1.17,0.79,2,0.79
06/05/2025,14:00,N,1.02,1.3,0.94,2.5,0.94
06/05/2025,15:00,N,1,1.37,0.98,1,0.98
06/05/2025,16:00,N,0.78,1.54,0.99,1,1
06/05/2025,17:00,N,1.24,1.41,1,1,1
06/05/2025,18:00,N,1.62,1.62,1,1,1
06/05/2025,19:00,N,1.46,1.98,1,1.95,1.3
06/05/2025,20:00,N,0.92,4.28,4.9,4.9,4.9
06/05/2025,21:00,N,1.3,8,12.08,12.08,12.08
06/05/2025,22:00,N,7.21,18.02,18.02,18.02,18.02
06/05/2025,23:00,N,2.31,5.44,5,5,5
06/05/2025,24:00,N,0,4.93,4.65,0.96,0.37
06/06/2025,01:00,N,0.71,1.22,1,0.2,0.06
06/06/2025,02:00,N,0.79,0.92,0.5,0.2,0.06
06/06/2025,03:00,N,0.53,0.66,0.44,0.44,0.07
06/06/2025,04:00,N,0.59,0.82,0.5,0.5,0.07
06/06/2025,05:00,N,0.42,0.85,0.5,0.5,0.5
06/06/2025,06:00,N,0.46,1.04,0.5,0.24,0.08
06/06/2025,07:00,N,0.81,1.3,1,1,0.07
06/06/2025,08:00,N,1.81,1,1,1,1
06/06/2025,09:00,N,1.21,1.07,1,1,1
06/06/2025,10:00,N,1,1,0.95,0.95,0.95
06/06/2025,11:00,N,1.72,1.22,1,1.01,1
06/06/2025,12:00,N,1.11,1.06,0.92,1.1,0.92
06/06/2025,13:00,N,0.85,0.97,0.72,1.96,0.72
06/06/2025,14:00,N,0.78,1.44,1,2.43,1
06/06/2025,15:00,N,0.72,1.44,1,1,1
06/06/2025,16:00,N,1.58,1.87,1.5,1.52,1.52
06/06/2025,17:00,N,1.65,1.7,1.35,1.35,1.35
06/06/2025,18:00,N,2,1.91,1.25,1.25,1.25
06/06/2025,19:00,N,2.64,3.65,1.5,3.26,2.85
06/06/2025,20:00,N,1.38,8.2,8.2,8.2,8.2
06/06/2025,21:00,N,0.9,9.09,14.99,14.99,14.99
06/06/2025,22:00,N,5.03,20.97,20.97,20.97,20.97
06/06/2025,23:00,N,2,7.4,7.23,7.23,7.23
06/06/2025,24:00,N,0,3.4,3.26,1.35,1.35
06/07/2025,01:00,N,0.41,1.32,1,0.19,0.06
06/07/2025,02:00,N,1.07,1.31,1,0.19,0.05
06/07/2025,03:00,N,0.83,1.1,1,0.92,0.06
06/07/2025,04:00,N,0.63,1.02,0.9,0.9,0.06
06/07/2025,05:00,N,0.43,0.9,0.69,0.69,0.1
06/07/2025,06:00,N,0.31,0.91,0.61,0.24,0.06
06/07/2025,07:00,N,0.44,1.81,1,1,0.06
06/07/2025,08:00,N,1.78,1.2,1,1,1
06/07/2025,09:00,N,1.5,1.12,1,1,1
06/07/2025,10:00,N,1.87,1.23,1,1,1
06/07/2025,11:00,N,1.38,1.12,1,1.02,1
06/07/2025,12:00,N,1.06,1.25,1,1.36,1
06/07/2025,13:00,N,0.81,1.5,1,2.04,1
06/07/2025,14:00,N,1.01,1.53,1,2.52,1
06/07/2025,15:00,N,0.98,1.45,1,1.01,1.01
06/07/2025,16:00,N,1.86,2.19,1.58,1.58,1.58
06/07/2025,17:00,N,1.76,1.94,1.35,1.35,1.35
06/07/2025,18:00,N,2.21,2.27,1.35,1.35,1.35
06/07/2025,19:00,N,4.45,5.36,3.63,5,3.63
06/07/2025,20:00,N,5.42,16.81,20,20,20
06/07/2025,21:00,N,1.93,24.43,37.97,37.97,37.97
06/07/2025,22:00,N,5.02,42.07,42.07,41.57,42.07
06/07/2025,23:00,N,2.44,15.18,15,15,15
06/07/2025,24:00,N,0,6.26,6.22,6.22,6.22
06/08/2025,01:00,N,0.41,1.28,1,0.94,0.08
06/08/2025,02:00,N,1,1.24,1,0.18,0.07
06/08/2025,03:00,N,0.74,1.1,1,1,0.1
06/08/2025,04:00,N,0.61,1.06,0.94,0.94,0.06
06/08/2025,05:00,N,0.45,0.89,0.68,0.68,0.1
06/08/2025,06:00,N,0.32,0.91,0.53,0.53,0.07
06/08/2025,07:00,N,0.44,1.62,1.03,1.03,0.06
06/08/2025,08:00,N,1.3,1.5,1.24,1.24,1.24
06/08/2025,09:00,N,1.1,1.13,1.01,1.01,1.01
06/08/2025,10:00,N,0.5,1.21,0.98,1,0.98
06/08/2025,11:00,N,0.94,1.12,1,1.05,1
06/08/2025,12:00,N,0.69,1.23,0.98,1.1,0.98
06/08/2025,13:00,N,0.69,1.4,1,2.04,1
06/08/2025,14:00,N,1.05,1.52,1.1,2.52,1.1
06/08/2025,15:00,N,0.67,1.41,0.98,1.06,1.06
06/08/2025,16:00,N,1.77,2.26,1.5,1.86,1.86
06/08/2025,17:00,N,1.36,1.8,1,1.1,1.1
06/08/2025,18:00,N,1.84,2.18,0.98,1.35,1.35
06/08/2025,19:00,N,3.58,4.55,2.82,4.05,2.82
06/08/2025,20:00,N,3.53,12,12,12,12
06/08/2025,21:00,N,1.71,14.8,23.85,22.85,23.85
06/08/2025,22:00,N,2.05,28.33,28.33,24.86,28.33
06/08/2025,23:00,N,1.53,8.58,8.37,2,8.37
06/08/2025,24:00,N,0,5.34,5.19,1.06,1.15
06/09/2025,01:00,N,0.71,1.5,1,0.23,0.06
06/09/2025,02:00,N,0.72,1.17,0.5,0.17,0.05
06/09/2025,03:00,N,0.46,0.86,0.5,0.5,0.06
06/09/2025,04:00,N,0.6,1.03,0.48,0.48,0.06
06/09/2025,05:00,N,0.47,1.01,0.47,0.47,0.1
06/09/2025,06:00,N,0.27,1.05,0.44,0.44,0.07
06/09/2025,07:00,N,0.77,1.49,0.99,0.99,0.06
06/09/2025,08:00,N,1.86,1.22,1,1,1
06/09/2025,09:00,N,2.44,1.29,1,1,1
06/09/2025,10:00,N,1.04,1.55,1,1,1
06/09/2025,11:00,N,1.76,1.32,1.04,1.04,1.04
06/09/2025,12:00,N,1.37,1.42,1,1.33,1
06/09/2025,13:00,N,1.04,1.59,1,2,1
06/09/2025,14:00,N,0.95,1.53,1.07,2.43,1.07
06/09/2025,15:00,N,1.51,1.53,1.04,1.04,1.04
06/09/2025,16:00,N,2.24,2.1,1.5,2.04,2.04
06/09/2025,17:00,N,3.11,1.76,0.98,1.1,1.1
06/09/2025,18:00,N,2.78,1.71,0.81,1.1,1.1
06/09/2025,19:00,N,1.95,2.81,1,2.8,1.49
06/09/2025,20:00,N,2,6.37,6.37,6.37,6.37
06/09/2025,21:00,N,1.06,12.91,20.5,20,20.5
06/09/2025,22:00,N,3.33,35.7,35.7,35.2,35.7
06/09/2025,23:00,N,2.11,16.14,15.78,15.78,15.78
06/09/2025,24:00,N,2.06,15.36,15,15,15
06/10/2025,01:00,N,0.89,1.85,1.02,1.02,1.02
06/10/2025,02:00,N,1,1.69,1,0.16,0.05
06/10/2025,03:00,N,0.44,1.25,0.94,0.94,0.06
06/10/2025,04:00,N,0.47,1.13,0.5,0.5,0.06
06/10/2025,05:00,N,0.63,0.99,0.5,0.5,0.1
06/10/2025,06:00,N,0.52,1.49,0.96,0.96,0.1
06/10/2025,07:00,N,1.08,1.94,1,1.01,0.11
06/10/2025,08:00,N,2.38,1.96,1.44,1.44,1.44
06/10/2025,09:00,N,1.66,2.08,2,2,2
06/10/2025,10:00,N,1,1.9,1,1,1
06/10/2025,11:00,N,1,1.85,1.47,1.6,1.48
06/10/2025,12:00,N,1,1.35,1,1.35,1
06/10/2025,13:00,N,0.67,1.51,1,1.36,1
06/10/2025,14:00,N,0.82,1.47,1,1.35,1
06/10/2025,15:00,N,0.83,1.16,0.72,0.73,0.73
06/10/2025,16:00,N,1.36,1.46,1,1,1
06/10/2025,17:00,N,1.26,1.55,1,1,1
06/10/2025,18:00,N,2.02,1.65,1,1,1
06/10/2025,19:00,N,1.98,3.18,1.65,2,1.66
06/10/2025,20:00,N,4.03,9.6,9,8.8,9
06/10/2025,21:00,N,6.54,15.57,15.59,13.59,15.59
06/10/2025,22:00,N,5.12,19.27,18.82,18.67,18.82
06/10/2025,23:00,N,3.25,13.04,12.62,6.23,12.62
06/10/2025,24:00,N,0,6.71,6.4,5,6.4
06/11/2025,01:00,N,0.96,1.56,1,0.9,0.07
06/11/2025,02:00,N,1,1.49,1,0.15,0.06
06/11/2025,03:00,N,0.63,1.32,0.93,0.93,0.09
06/11/2025,04:00,N,0.65,1,0.49,0.49,0.09
06/11/2025,05:00,N,0.65,1.18,0.44,0.44,0.44
06/11/2025,06:00,N,0.55,1.09,0.5,0.5,0.1
06/11/2025,07:00,N,1.02,1.42,0.52,1,0.11
06/11/2025,08:00,N,4.2,1.35,1.02,1.02,1.02
06/11/2025,09:00,N,2.87,2.2,2,1.5,2
06/11/2025,10:00,N,1,1.5,1.3,1.3,1.3
06/11/2025,11:00,N,1.09,2.3,2,2,2
06/11/2025,12:00,N,1,1.5,1.06,1.08,1.06
06/11/2025,13:00,N,1.52,1.65,1,1.47,1
06/11/2025,14:00,N,3.04,2.23,0.98,1.5,0.99
06/11/2025,15:00,N,1.93,1.31,0.92,0.92,0.92
06/11/2025,16:00,N,1.35,1.56,0.99,1,1
06/11/2025,17:00,N,1,1.3,0.61,0.8,0.8
06/11/2025,18:00,N,1.48,1.5,0.58,0.97,0.97
06/11/2025,19:00,N,1.02,2.44,0.7,1.99,1.1
06/11/2025,20:00,N,1.09,2.07,1,3.48,1
06/11/2025,21:00,N,1.38,9.31,10,10,10
06/11/2025,22:00,N,4.65,15.42,15.42,15.42,15.42
06/11/2025,23:00,N,2.21,10.32,9.45,3.65,9.45
06/11/2025,24:00,N,0,5.35,4.77,4.37,4.77
06/12/2025,01:00,N,0.94,1.62,1,0.9,0.07
06/12/2025,02:00,N,0.9,1.1,0.5,0.14,0.06
06/12/2025,03:00,N,0.67,1.2,0.51,0.51,0.09
06/12/2025,04:00,N,0.86,1.08,0.5,0.5,0.09
06/12/2025,05:00,N,0.66,1,0.44,0.44,0.44
06/12/2025,06:00,N,0.65,1,0.44,0.44,0.1
06/12/2025,07:00,N,1.45,1.48,1,1,0.1
06/12/2025,08:00,N,4.46,1.35,1.35,1.35,1.35
06/12/2025,09:00,N,2.6,2.49,2.33,2.33,2.33
06/12/2025,10:00,N,1.65,1.8,1.5,1.5,1.5
06/12/2025,11:00,N,1,2,1.66,2,1.66
06/12/2025,12:00,N,1,1.5,1.1,2,1.1
06/12/2025,13:00,N,1,1.32,0.77,1.96,0.77
06/12/2025,14:00,N,1.07,1.71,0.98,2.04,0.98
06/12/2025,15:00,N,1.07,1.41,0.95,0.95,0.95
06/12/2025,16:00,N,1,1.41,1,1,1
06/12/2025,17:00,N,1,1.46,0.83,1,1
06/12/2025,18:00,N,1.63,1.35,0.98,1,1
06/12/2025,19:00,N,1.54,2.09,1.35,2.05,1.35
06/12/2025,20:00,N,1.67,2.6,1.99,3.8,2
06/12/2025,21:00,N,1.73,8.44,14.85,14.85,14.85
06/12/2025,22:00,N,3.52,16.55,19.4,17.67,19.4
06/12/2025,23:00,N,1.4,11.43,10.94,7.2,10.94
06/12/2025,24:00,N,0,5.81,5.37,1.06,1
06/13/2025,01:00,N,0.77,1.25,1,0.23,0.07
06/13/2025,02:00,N,0.6,0.81,0.5,0.13,0.06
06/13/2025,03:00,N,0.37,0.65,0.5,0.5,0.09
06/13/2025,04:00,N,0.42,0.82,0.5,0.49,0.09
06/13/2025,05:00,N,0.45,0.71,0.44,0.44,0.44
06/13/2025,06:00,N,0.55,0.79,0.44,0.39,0.1
06/13/2025,07:00,N,0.98,1,1,1,0.1
06/13/2025,08:00,N,1.07,1.01,1.01,1.01,1.01
06/13/2025,09:00,N,1.2,1.05,1,1,1
06/13/2025,10:00,N,0.59,1.07,0.99,0.99,0.99
06/13/2025,11:00,N,0.92,1.1,1,1.03,1
06/13/2025,12:00,N,0.85,1.16,1,1.09,1
06/13/2025,13:00,N,0.59,1.04,0.74,1.35,0.74
06/13/2025,14:00,N,1,1.28,0.98,1.35,0.98
06/13/2025,15:00,N,0.93,1.29,1,1,1
06/13/2025,16:00,N,1.17,1.39,1.04,1.04,1.04
06/13/2025,17:00,N,1.32,1.34,1,1,1
06/13/2025,18:00,N,2.11,1.51,1.07,1.07,1.07
06/13/2025,19:00,N,2.04,2.03,1.5,2.03,1.5
06/13/2025,20:00,N,4.4,5.41,5,5.18,5
06/13/2025,21:00,N,1.49,8.79,13.67,13.67,13.67
06/13/2025,22:00,N,2.21,7.28,16.32,16.32,16.32
06/13/2025,23:00,N,1,6.98,6.93,6.93,6.93
06/13/2025,24:00,N,0,3.07,3,1.01,1.01
06/14/2025,01:00,N,0.77,1.45,1,0.23,0.07
06/14/2025,02:00,N,0.84,1.39,1,0.2,0.06
06/14/2025,03:00,N,0.36,1.32,0.94,0.94,0.09
06/14/2025,04:00,N,0.41,1.11,0.5,0.5,0.09
06/14/2025,05:00,N,0.58,1.06,0.44,0.44,0.44
06/14/2025,06:00,N,0.58,1,0.44,0.38,0.07
06/14/2025,07:00,N,1,1.6,1,1,0.06
06/14/2025,08:00,N,1.25,1.17,1,1,1
06/14/2025,09:00,N,1.3,1.05,1,1,1
06/14/2025,10:00,N,1,1.08,1,1,1
06/14/2025,11:00,N,0.94,1.2,1,1.03,1
06/14/2025,12:00,N,1,1.08,0.95,1.04,0.95
06/14/2025,13:00,N,1.02,1.18,0.98,1.1,0.98
06/14/2025,14:00,N,1,1.08,0.94,1.1,0.94
06/14/2025,15:00,N,1.04,1.09,0.92,0.92,0.92
06/14/2025,16:00,N,1.16,1.23,1,1,1
06/14/2025,17:00,N,1.32,1.27,1,1,1
06/14/2025,18:00,N,1.54,1.21,1,1,1
06/14/2025,19:00,N,1.66,1.6,1,1.11,1
06/14/2025,20:00,N,1.63,2.06,2,5,2
06/14/2025,21:00,N,1.68,9.07,13.27,13.27,13.27
06/14/2025,22:00,N,5,13.75,15.21,15.21,15.21
06/14/2025,23:00,N,3.31,7.12,6.93,6.93,6.93
06/14/2025,24:00,N,0,4.3,4.1,1.04,1.04
06/15/2025,01:00,N,1,1.38,1,0.22,0.07
06/15/2025,02:00,N,1.04,1.32,1,0.19,0.06
06/15/2025,03:00,N,0.92,1.4,1,0.94,0.09
06/15/2025,04:00,N,0.74,1.04,0.51,0.49,0.09
06/15/2025,05:00,N,0.84,1,0.44,0.44,0.44
06/15/2025,06:00,N,0.74,1.14,0.44,0.38,0.07
06/15/2025,07:00,N,1.09,1.62,1,1,0.06
06/15/2025,08:00,N,1.17,1.1,1,1,1
06/15/2025,09:00,N,1.33,1.09,1.03,1.03,1.03
06/15/2025,10:00,N,0.97,1.12,1,1,1
06/15/2025,11:00,N,1,1.08,1,1.03,1
06/15/2025,12:00,N,1,1.13,0.98,1.05,0.98
06/15/2025,13:00,N,1.15,1.21,0.91,1.08,0.91
06/15/2025,14:00,N,1.32,1.27,1,1.16,1
06/15/2025,15:00,N,1.33,1.14,0.91,0.91,0.91
06/15/2025,16:00,N,1.23,1.35,1,1,1
06/15/2025,17:00,N,1.24,1.37,1,1,1
06/15/2025,18:00,N,1.62,1.27,1,1,1
06/15/2025,19:00,N,2.11,2.36,1.65,2.13,1.65
06/15/2025,20:00,N,3.39,4.38,3.78,3.8,3.78
06/15/2025,21:00,N,1.79,11.07,15.77,15.77,15.77
06/15/2025,22:00,N,2.91,18.08,21.11,21.11,21.11
06/15/2025,23:00,N,2.04,10.08,9.91,9.91,9.91
06/15/2025,24:00,N,0,3.98,3.8,1,1
06/16/2025,01:00,N,1,1.38,1,0.21,0.07
06/16/2025,02:00,N,1,1,0.64,0.18,0.06
06/16/2025,03:00,N,0.96,0.84,0.51,0.51,0.09
06/16/2025,04:00,N,0.96,0.82,0.5,0.5,0.09
06/16/2025,05:00,N,0.99,0.92,0.44,0.44,0.44
06/16/2025,06:00,N,1.07,1.11,0.44,0.37,0.07
06/16/2025,07:00,N,2.07,1.5,1,1,0.06
06/16/2025,08:00,N,2.38,1.5,1.03,1.03,1.03
06/16/2025,09:00,N,1.99,1.27,1.09,1.03,1.09
06/16/2025,10:00,N,1,1.67,1,1,1
06/16/2025,11:00,N,1.04,1.22,1,1.03,1
06/16/2025,12:00,N,1.25,1.36,1,1.09,1
06/16/2025,13:00,N,1.32,1.45,1,1.5,1
06/16/2025,14:00,N,1.59,1.34,1,2,1
06/16/2025,15:00,N,1.5,1.56,1,1,1
06/16/2025,16:00,N,1.13,1.47,1.06,1.06,1.06
06/16/2025,17:00,N,1.34,1.28,1,1,1
06/16/2025,18:00,N,1.65,1.33,1,1.01,1.01
06/16/2025,19:00,N,2.61,2.17,1.5,2.05,1.5
06/16/2025,20:00,N,0.51,5,5,5,5
06/16/2025,21:00,N,1.49,7.09,13.22,13.22,13.22
06/16/2025,22:00,N,5,14.14,17.11,17.11,17.11
06/16/2025,23:00,N,2,10.4,9.98,5,9.98
06/16/2025,24:00,N,0,4.54,4.18,1,1
06/17/2025,01:00,N,1.05,1,1,0.2,0.07
06/17/2025,02:00,N,1,1.85,1.84,0.17,0.06
06/17/2025,03:00,N,0.96,0.64,0.64,0.64,0.09
06/17/2025,04:00,N,0.93,1,0.87,0.49,0.09
06/17/2025,05:00,N,1,0.61,0.44,0.43,0.43
06/17/2025,06:00,N,0.52,0.65,0.44,0.31,0.06
06/17/2025,07:00,N,1,1.24,1.01,1.01,0.06
06/17/2025,08:00,N,2.46,1.79,1.5,1.29,1.5
06/17/2025,09:00,N,3.67,4.98,4.95,4.94,4.95
06/17/2025,10:00,N,1,1.16,1.06,1.06,1.06
06/17/2025,11:00,N,1.24,1.62,1.5,1.8,1.5
06/17/2025,12:00,N,1.7,1.1,1,1.1,1
06/17/2025,13:00,N,0.98,1.05,1,1.06,1
06/17/2025,14:00,N,0.91,1.02,1,1.06,1
06/17/2025,15:00,N,0.96,0.96,0.94,0.94,0.94
06/17/2025,16:00,N,1.35,1.12,1,1,1
06/17/2025,17:00,N,1.22,1.02,0.99,0.99,0.99
06/17/2025,18:00,N,1.27,1.29,1,1,1
06/17/2025,19:00,N,1.41,1.57,1.13,1.28,1.13
06/17/2025,20:00,N,1.04,2,1.5,2,1.5
06/17/2025,21:00,N,1.26,4.22,5,5,5
06/17/2025,22:00,N,2.58,4.94,4.94,4.94,4.94
06/17/2025,23:00,N,1,1.85,1.76,1,1
06/17/2025,24:00,N,0,2.04,1.98,0.99,1
06/18/2025,01:00,N,0.68,1.13,1,0.23,0.06
06/18/2025,02:00,N,0.53,0.65,0.58,0.23,0.06
06/18/2025,03:00,N,0.69,0.74,0.5,0.5,0.07
06/18/2025,04:00,N,0.76,0.59,0.5,0.48,0.07
06/18/2025,05:00,N,0.74,0.61,0.44,0.44,0.44
06/18/2025,06:00,N,0.44,0.79,0.44,0.3,0.06
06/18/2025,07:00,N,1.14,1.39,1,1,0.06
06/18/2025,08:00,N,1.95,1.01,1.01,1.01,1.01
06/18/2025,09:00,N,1.79,1.15,1.1,1.03,1.1
06/18/2025,10:00,N,1,1.3,1,1,1
06/18/2025,11:00,N,1,1.17,1.01,1.03,1.01
06/18/2025,12:00,N,1,1.11,1,1.04,1
06/18/2025,13:00,N,0.9,1.18,1,1.09,1
06/18/2025,14:00,N,1.25,1.41,1.04,2,1.04
06/18/2025,15:00,N,1.31,1.35,1,1,1
06/18/2025,16:00,N,1.24,1.43,1.1,1.1,1.1
06/18/2025,17:00,N,1.21,1.36,1,1,1
06/18/2025,18:00,N,1.69,1.38,1.01,1.01,1.01
06/18/2025,19:00,N,5.17,3.71,2.99,3,2.99
06/18/2025,20:00,N,4.44,12.11,14,14,14
06/18/2025,21:00,N,5,31.86,42.77,28.77,42.77
06/18/2025,22:00,N,25,34.91,34.91,33.91,34.91
06/18/2025,23:00,N,1.71,15.23,15.07,12.98,15.07
06/18/2025,24:00,N,0,7.38,7.31,7.31,7.31
06/19/2025,01:00,N,1,1.27,1,0.23,0.06
06/19/2025,02:00,N,0.64,0.86,0.5,0.21,0.05
06/19/2025,03:00,N,0.59,0.81,0.5,0.5,0.06
06/19/2025,04:00,N,0.68,0.71,0.49,0.49,0.06
06/19/2025,05:00,N,0.69,0.77,0.44,0.43,0.1
06/19/2025,06:00,N,0.64,1,0.47,0.3,0.07
06/19/2025,07:00,N,1.68,1.52,1,1,0.06
06/19/2025,08:00,N,1.35,1.47,1.02,1.01,1.02
06/19/2025,09:00,N,1.59,1.07,1,1,1
06/19/2025,10:00,N,0.89,1.25,0.98,0.98,0.98
06/19/2025,11:00,N,0.67,1.19,1,1.02,1
06/19/2025,12:00,N,0.79,1.16,1,1.04,1
06/19/2025,13:00,N,1.03,1.31,1,1.18,1
06/19/2025,14:00,N,1.05,1.39,1,2.04,1
06/19/2025,15:00,N,1.22,1.39,1,1,1
06/19/2025,16:00,N,1.31,1.37,1.02,1.02,1.02
06/19/2025,17:00,N,1.12,1.38,1,1,1
06/19/2025,18:00,N,2,1.66,1,1,1
06/19/2025,19:00,N,2.52,1.58,1.1,1.12,1.1
06/19/2025,20:00,N,4.38,5.86,4.91,4.91,4.91
06/19/2025,21:00,N,2.16,16.07,20.5,18.48,20.5
06/19/2025,22:00,N,5,22.05,25.39,25.39,25.39
06/19/2025,23:00,N,2.7,8.95,8.76,5,8.76
06/19/2025,24:00,N,0,4.5,4.34,1.01,1.01
06/20/2025,01:00,N,0.79,1.24,1.02,0.21,0.06
06/20/2025,02:00,N,0.56,1.1,1,0.2,0.06
06/20/2025,03:00,N,0.55,1,0.87,0.76,0.07
06/20/2025,04:00,N,0.54,0.98,0.83,0.48,0.07
06/20/2025,05:00,N,0.56,0.66,0.44,0.42,0.1
06/20/2025,06:00,N,0.49,0.79,0.5,0.29,0.07
06/20/2025,07:00,N,0.35,1.57,1,1,0.06
06/20/2025,08:00,N,1.92,1.45,1,1,1
06/20/2025,09:00,N,1.86,1.59,1.5,1.02,1.5
06/20/2025,10:00,N,0.71,1.13,1,1,1
06/20/2025,11:00,N,0.86,1,0.99,1,1
06/20/2025,12:00,N,0.95,1.09,1,1,1
06/20/2025,13:00,N,1.07,1.08,1,1.04,1
06/20/2025,14:00,N,1.4,1.1,1,1.03,1
06/20/2025,15:00,N,1,0.98,0.95,0.95,0.95
06/20/2025,16:00,N,1.33,1.11,1,0.99,1
06/20/2025,17:00,N,1.12,1.03,0.99,0.99,0.99
06/20/2025,18:00,N,1.32,1.11,1,1,1
06/20/2025,19:00,N,1.32,1.38,1,1.25,1
06/20/2025,20:00,N,0.66,1.2,1.1,1.2,1.1
06/20/2025,21:00,N,1.29,3.67,3.8,3.8,3.8
06/20/2025,22:00,N,1.57,4.24,4.24,4.24,4.24
06/20/2025,23:00,N,1.35,5.45,5.24,1,1
06/20/2025,24:00,N,0,3.3,3.15,0.92,0.44
06/21/2025,01:00,N,1,1,1,0.2,0.06
06/21/2025,02:00,N,0.75,1.11,1,0.19,0.06
06/21/2025,03:00,N,0.83,1.25,1,0.75,0.06
06/21/2025,04:00,N,0.77,0.8,0.72,0.4,0.06
06/21/2025,05:00,N,0.52,0.83,0.44,0.39,0.1
06/21/2025,06:00,N,0.41,0.71,0.5,0.28,0.06
06/21/2025,07:00,N,0.41,1.49,1,0.99,0.06
06/21/2025,08:00,N,2.08,1.41,1,1,1
06/21/2025,09:00,N,2,1.72,1.5,1.01,1.5
06/21/2025,10:00,N,0.77,1.12,1,1,1
06/21/2025,11:00,N,1,1.23,1,1,1
06/21/2025,12:00,N,1.04,1.25,1,1.02,1
06/21/2025,13:00,N,1,1.39,1,1.5,1
06/21/2025,14:00,N,1,1.12,1,2.06,1
06/21/2025,15:00,N,0.77,0.96,0.96,0.96,0.96
06/21/2025,16:00,N,1.51,1.16,1,1,1
06/21/2025,17:00,N,1.57,1.15,0.98,0.98,0.98
06/21/2025,18:00,N,1.67,1.03,0.99,0.99,0.99
06/21/2025,19:00,N,1.41,1.38,1,1.06,1
06/21/2025,20:00,N,0.77,1.13,1.01,1.03,1.01
06/21/2025,21:00,N,1.33,2.76,2.76,2.76,2.76
06/21/2025,22:00,N,1.5,2.04,2.67,2.67,2.67
06/21/2025,23:00,N,1,4.17,4.07,1,1
06/21/2025,24:00,N,0,4.95,4.77,0.76,0.22
06/22/2025,01:00,N,1,1,1,0.2,0.06
06/22/2025,02:00,N,0.84,1.1,1,0.2,0.05
06/22/2025,03:00,N,0.68,1.09,1,0.9,0.06
06/22/2025,04:00,N,0.98,1.36,1,0.39,0.06
06/22/2025,05:00,N,1,0.69,0.44,0.38,0.1
06/22/2025,06:00,N,0.48,0.83,0.5,0.27,0.06
06/22/2025,07:00,N,0.48,1.48,0.98,0.98,0.06
06/22/2025,08:00,N,1.8,1.54,1,1,1
06/22/2025,09:00,N,1.61,1.37,1.2,1.01,1.2
06/22/2025,10:00,N,0.9,1.18,1,1,1
06/22/2025,11:00,N,0.77,1.03,1,1,1
06/22/2025,12:00,N,1.03,1.02,0.98,1,0.98
06/22/2025,13:00,N,0.91,1.06,1,1.06,1
06/22/2025,14:00,N,1.45,1.03,1,2.02,1
06/22/2025,15:00,N,0.62,1.02,0.95,0.95,0.95
06/22/2025,16:00,N,1.09,1.04,1,1,1
06/22/2025,17:00,N,1.11,1.01,0.99,0.99,0.99
06/22/2025,18:00,N,1.34,1.06,1,1,1
06/22/2025,19:00,N,1.54,1.72,1.09,1.65,1.09
06/22/2025,20:00,N,0.67,1.25,1,2.08,1
06/22/2025,21:00,N,0.98,3.22,4.2,4.2,4.2
06/22/2025,22:00,N,1.5,0.56,5,5,5
06/22/2025,23:00,N,1.26,3.99,3.83,1.06,1.06
06/22/2025,24:00,N,0,5.27,5,1,1
06/23/2025,01:00,N,0.86,1.35,1,0.2,0.06
06/23/2025,02:00,N,0.63,1.26,1,0.2,0.05
06/23/2025,03:00,N,0.63,1.29,0.98,0.76,0.06
06/23/2025,04:00,N,0.84,1.21,0.94,0.38,0.06
06/23/2025,05:00,N,0.68,0.78,0.44,0.37,0.1
06/23/2025,06:00,N,0.52,0.98,0.47,0.26,0.06
06/23/2025,07:00,N,0.73,1.89,1,0.97,0.06
06/23/2025,08:00,N,2.69,1.31,1,1,1
06/23/2025,09:00,N,2.03,2.07,2,2,2
06/23/2025,10:00,N,1,1.21,1,1,1
06/23/2025,11:00,N,1.12,1.21,1.17,1.17,1.17
06/23/2025,12:00,N,0.95,1.5,1,1.47,1
06/23/2025,13:00,N,0.8,1.13,1,2.46,1
06/23/2025,14:00,N,1.48,1.33,1.2,5,1.2
06/23/2025,15:00,N,1.08,1.08,1,1,1
06/23/2025,16:00,N,1.97,1.19,1.1,1.1,1.1
06/23/2025,17:00,N,1.73,1.14,1,1,1
06/23/2025,18:00,N,1.75,1.07,1,1,1
06/23/2025,19:00,N,1.6,1.91,1.02,2,1.02
06/23/2025,20:00,N,2.1,3.13,2.61,3.8,2.61
06/23/2025,21:00,N,2.35,6.89,10.81,10.81,10.81
06/23/2025,22:00,N,2.59,13.8,16.13,15.4,16.13
06/23/2025,23:00,N,2.14,12.25,12.25,11.26,12.25
06/23/2025,24:00,N,0,5.5,5.37,5.37,5.37
06/24/2025,01:00,N,0.88,1.43,1,0.19,0.05
06/24/2025,02:00,N,0.84,1.24,0.76,0.19,0.05
06/24/2025,03:00,N,0.41,0.82,0.51,0.5,0.05
06/24/2025,04:00,N,0.45,0.79,0.51,0.37,0.05
06/24/2025,05:00,N,0.63,0.75,0.44,0.36,0.07
06/24/2025,06:00,N,0.56,1,0.45,0.3,0.06
06/24/2025,07:00,N,0.9,1.5,1,1,0.06
06/24/2025,08:00,N,2.61,1,1,1,1
06/24/2025,09:00,N,2.14,1.58,1.5,1,1.5
06/24/2025,10:00,N,1,1.04,0.99,0.99,0.99
06/24/2025,11:00,N,1.01,1.21,0.9,1,1
06/24/2025,12:00,N,0.92,1.18,0.98,1,0.99
06/24/2025,13:00,N,0.65,1.44,1,1.44,1
06/24/2025,14:00,N,1.09,1.52,1,2.49,1
06/24/2025,15:00,N,1.08,1.43,0.99,0.99,0.99
06/24/2025,16:00,N,1.28,1.45,0.98,0.99,1.1
06/24/2025,17:00,N,2,1.31,0.79,0.99,0.99
06/24/2025,18:00,N,2.21,1.57,1,1,1
06/24/2025,19:00,N,3.24,2,0.98,1.5,1
06/24/2025,20:00,N,2.39,3.87,3.06,3.06,3.06
06/24/2025,21:00,N,0.79,12,17.97,16.97,17.97
06/24/2025,22:00,N,2.76,15.27,17.34,16.94,17.34
06/24/2025,23:00,N,1.96,12.47,12.23,11.83,12.23
06/24/2025,24:00,N,0,5.6,5.45,2,2
06/25/2025,01:00,N,0.6,1.3,1,0.2,0.05
06/25/2025,02:00,N,0.81,1.44,1,0.2,0.05
06/25/2025,03:00,N,0.44,0.78,0.5,0.3,0.05
06/25/2025,04:00,N,0.36,0.76,0.5,0.24,0.05
06/25/2025,05:00,N,0.52,0.69,0.39,0.25,0.06
06/25/2025,06:00,N,0.5,0.97,0.44,0.29,0.05
06/25/2025,07:00,N,0.79,1.47,1,1,0.05
06/25/2025,08:00,N,1.2,1,1,1,1
06/25/2025,09:00,N,1.56,1.1,1,1,1
06/25/2025,10:00,N,1.06,1.07,0.98,0.98,0.98
06/25/2025,11:00,N,1.03,1.25,1,1.04,1
06/25/2025,12:00,N,1.32,1.09,0.77,1,0.77
06/25/2025,13:00,N,0.72,1.48,1,1.49,1
06/25/2025,14:00,N,0.92,1.51,1,2.14,1
06/25/2025,15:00,N,1.07,1.51,0.98,0.98,0.98
06/25/2025,16:00,N,1.23,1.43,1,1,1
06/25/2025,17:00,N,1.16,1.37,0.99,1,1
06/25/2025,18:00,N,1.18,1.49,0.77,1,1
06/25/2025,19:00,N,1.46,2.17,0.98,2.01,1.05
06/25/2025,20:00,N,1.38,3.17,1.99,5,2
06/25/2025,21:00,N,0.89,8.14,11.21,11.21,11.21
06/25/2025,22:00,N,5,14.14,15.58,15.58,15.58
06/25/2025,23:00,N,2.32,7.14,6.93,6.93,6.93
06/25/2025,24:00,N,0,3.5,3.33,1,0.37
06/26/2025,01:00,N,0.66,1.27,1,0.19,0.05
06/26/2025,02:00,N,0.8,1.28,0.88,0.19,0.05
06/26/2025,03:00,N,0.44,0.75,0.5,0.3,0.05
06/26/2025,04:00,N,0.35,0.74,0.5,0.24,0.05
06/26/2025,05:00,N,0.45,0.79,0.44,0.24,0.06
06/26/2025,06:00,N,0.34,0.92,0.44,0.28,0.05
06/26/2025,07:00,N,0.83,1.49,0.99,0.99,0.05
06/26/2025,08:00,N,1.5,1,1,1,1
06/26/2025,09:00,N,2.18,1.25,1,1,1
06/26/2025,10:00,N,1,1.06,0.71,0.94,0.71
06/26/2025,11:00,N,1.45,1.27,0.98,1,0.98
06/26/2025,12:00,N,0.98,0.9,0.57,1.05,0.57
06/26/2025,13:00,N,0.79,1.46,0.98,1.35,0.98
06/26/2025,14:00,N,1.12,1.5,1,2.04,1
06/26/2025,15:00,N,1.22,1.46,0.99,1,0.99
06/26/2025,16:00,N,1.47,1.46,1.01,1.02,1.02
06/26/2025,17:00,N,1.25,1.33,0.98,1,1
06/26/2025,18:00,N,1.41,1.72,0.91,1,1
06/26/2025,19:00,N,1.57,1.95,1,1.35,1
06/26/2025,20:00,N,0.76,2.5,1.28,2,1.28
06/26/2025,21:00,N,1.09,9.41,9.41,9.41,9.41
06/26/2025,22:00,N,4.2,13.8,15,14.6,15
06/26/2025,23:00,N,2,5.5,5.2,5,5.15
06/26/2025,24:00,N,2.7,3.86,3.64,1,0.37
06/27/2025,01:00,N,0.71,1.2,1,0.18,0.05
06/27/2025,02:00,N,0.91,1.3,0.9,0.18,0.05
06/27/2025,03:00,N,0.68,0.76,0.51,0.51,0.05
06/27/2025,04:00,N,0.48,0.71,0.51,0.23,0.05
06/27/2025,05:00,N,0.39,0.81,0.44,0.23,0.06
06/27/2025,06:00,N,0.41,0.85,0.44,0.27,0.05
06/27/2025,07:00,N,0.87,1.8,1,1,0.05
06/27/2025,08:00,N,1.7,1,1,1,1
06/27/2025,09:00,N,1.52,1.1,1,1,1
06/27/2025,10:00,N,1.26,1.37,0.95,0.95,0.95
06/27/2025,11:00,N,1.39,1.1,0.8,1.05,0.8
06/27/2025,12:00,N,1.27,1.17,0.75,1,0.75
06/27/2025,13:00,N,0.74,1.45,0.98,1.5,0.98
06/27/2025,14:00,N,1.22,1.5,1,2.55,1
06/27/2025,15:00,N,1.01,1.1,0.67,0.99,0.67
06/27/2025,16:00,N,1.38,1.63,1,1,1
06/27/2025,17:00,N,1.28,1.38,1,1,1
06/27/2025,18:00,N,1.48,1.65,1,1,1
06/27/2025,19:00,N,1.61,1.91,0.98,1.36,1
06/27/2025,20:00,N,2.98,5,2.98,5,2.98
06/27/2025,21:00,N,0.98,9.89,15.32,15.32,15.32
06/27/2025,22:00,N,4.21,13.86,16.7,16.7,16.7
06/27/2025,23:00,N,1.97,7.22,6.93,6.93,6.93
06/27/2025,24:00,N,1.37,3.94,3.7,1,0.37
06/28/2025,01:00,N,0.85,1.36,1,0.17,0.05
06/28/2025,02:00,N,1,1.44,1,0.17,0.05
06/28/2025,03:00,N,0.66,1.1,0.79,0.5,0.05
06/28/2025,04:00,N,0.48,1,0.79,0.22,0.05
06/28/2025,05:00,N,0.41,0.85,0.51,0.22,0.06
06/28/2025,06:00,N,0.35,1.06,0.51,0.22,0.05
06/28/2025,07:00,N,0.86,1.95,1,1,0.05
06/28/2025,08:00,N,3.33,1.27,1,1,1
06/28/2025,09:00,N,1.87,1.08,1,1,1
06/28/2025,10:00,N,1.1,1.23,0.94,0.94,0.94
06/28/2025,11:00,N,1.46,1.24,0.98,1,0.98
06/28/2025,12:00,N,1.06,0.9,0.51,1,0.51
06/28/2025,13:00,N,0.81,1.04,0.55,1.05,0.55
06/28/2025,14:00,N,1.22,1.48,0.98,1.44,0.98
06/28/2025,15:00,N,1.08,1.02,0.76,0.9,0.76
06/28/2025,16:00,N,1.33,1.43,1,1,1
06/28/2025,17:00,N,1.27,1.48,1,1,1
06/28/2025,18:00,N,1.3,1.57,1,1,1
06/28/2025,19:00,N,1.25,1.76,1,1.35,1
06/28/2025,20:00,N,2.14,4,2,3.09,2
06/28/2025,21:00,N,0.37,8.14,12.2,12.05,12.2
06/28/2025,22:00,N,5,15.85,15.85,15.7,15.85
06/28/2025,23:00,N,2,6.01,5.63,5,5.63
06/28/2025,24:00,N,2.84,3.76,3.35,0.96,0.21
06/29/2025,01:00,N,0.84,1.34,1,0.2,0.05
06/29/2025,02:00,N,0.93,1.38,0.98,0.16,0.05
06/29/2025,03:00,N,0.55,0.82,0.51,0.49,0.05
06/29/2025,04:00,N,0.58,0.73,0.51,0.38,0.05
06/29/2025,05:00,N,0.41,0.87,0.51,0.3,0.06
06/29/2025,06:00,N,0.3,1,0.51,0.21,0.05
06/29/2025,07:00,N,0.71,1.81,1,1,0.05
06/29/2025,08:00,N,3.09,1.05,1,1,1
06/29/2025,09:00,N,1.9,1.24,1,1,1
06/29/2025,10:00,N,1.1,1.36,0.95,0.95,0.95
06/29/2025,11:00,N,1.43,1.16,0.98,1,0.98
06/29/2025,12:00,N,1.14,0.96,0.58,1,0.58
06/29/2025,13:00,N,0.74,1.09,0.54,1,0.54
06/29/2025,14:00,N,1.68,1.52,0.92,1.1,0.92
06/29/2025,15:00,N,1.54,1.42,0.69,0.69,0.69
06/29/2025,16:00,N,1.61,1.44,1,0.99,1
06/29/2025,17:00,N,1.16,1.33,0.99,0.99,0.99
06/29/2025,18:00,N,1.44,1.62,0.99,0.99,0.99
06/29/2025,19:00,N,1.64,1.77,0.98,1.05,0.98
06/29/2025,20:00,N,3.05,4.45,3.26,3.26,3.26
06/29/2025,21:00,N,0.33,7.91,12.71,12.21,12.71
06/29/2025,22:00,N,6.05,14.04,14.04,13.74,14.04
06/29/2025,23:00,N,2,5.99,5.64,5.49,5.64
06/29/2025,24:00,N,1.46,4.13,3.78,0.96,0.21
06/30/2025,01:00,N,0.8,1.48,1,0.2,0.05
06/30/2025,02:00,N,0.85,1.3,1,0.2,0.04
06/30/2025,03:00,N,0.51,0.81,0.51,0.48,0.05
06/30/2025,04:00,N,0.53,0.82,0.51,0.37,0.05
06/30/2025,05:00,N,0.55,1,0.49,0.33,0.05
06/30/2025,06:00,N,0.37,1.01,0.5,0.2,0.05
06/30/2025,07:00,N,0.74,1.7,1,0.99,0.05
06/30/2025,08:00,N,2.3,1.01,1,1,1
06/30/2025,09:00,N,2,1.09,1,1,1
06/30/2025,10:00,N,1.08,1.15,0.84,0.94,0.84
06/30/2025,11:00,N,1.62,1.17,1,1.03,1
06/30/2025,12:00,N,1.35,1.31,0.98,1.03,0.98
06/30/2025,13:00,N,1.08,1.63,0.98,1.36,0.98
06/30/2025,14:00,N,1.54,1.88,1,2.14,1
06/30/2025,15:00,N,1.41,1.77,1,1,1
06/30/2025,16:00,N,2.01,1.78,1,1,1
06/30/2025,17:00,N,2.16,1.58,1,1,1
06/30/2025,18:00,N,2.22,2.8,1.01,1.01,1.01
06/30/2025,19:00,N,2.73,4.04,1.5,2.26,1.5
06/30/2025,20:00,N,6.82,8.79,6.48,6.48,6.48
06/30/2025,21:00,N,0.85,20.51,29.61,15.61,29.61
06/30/2025,22:00,N,2,29.4,33.69,19.69,33.69
06/30/2025,23:00,N,1.5,13.25,12.85,12.85,12.85
06/30/2025,24:00,N,1.5,10,9.74,9.74,9.74
07/01/2025,01:00,N,0.93,1.62,1,0.94,0.06
07/01/2025,02:00,N,1,1.59,1,0.94,0.05
07/01/2025,03:00,N,0.6,1.4,0.92,0.92,0.05
07/01/2025,04:00,N,0.76,0.89,0.51,0.51,0.06
07/01/2025,05:00,N,0.89,1.32,0.51,0.51,0.05
07/01/2025,06:00,N,0.35,1.68,0.9,0.9,0.1
07/01/2025,07:00,N,0.82,1.95,1,1.03,0.11
07/01/2025,08:00,N,2.26,1.58,1,1.08,1
07/01/2025,09:00,N,2,1.78,1.75,1.75,1.75
07/01/2025,10:00,N,1.42,1.19,1.03,1.05,1.03
07/01/2025,11:00,N,1.34,1.16,1,1.02,1
07/01/2025,12:00,N,1.4,1.43,1,1.04,1
07/01/2025,13:00,N,1.25,1.55,0.98,1.03,0.98
07/01/2025,14:00,N,1.17,1.72,1,1.06,1
07/01/2025,15:00,N,1.18,1.31,0.64,0.94,0.64
07/01/2025,16:00,N,1.6,1.74,0.9,0.94,0.9
07/01/2025,17:00,N,1.95,1.98,0.99,0.99,0.99
07/01/2025,18:00,N,1.53,2.48,1,0.99,1
07/01/2025,19:00,N,2.12,2.71,1.02,1.02,1.02
07/01/2025,20:00,N,2.1,4.87,2.5,2.5,2.5
07/01/2025,21:00,N,0.99,15.67,24,7,24
07/01/2025,22:00,N,3.61,20,24,5.8,23.94
07/01/2025,23:00,N,1.13,15.33,14.88,14.88,14.88
07/01/2025,24:00,N,1,11.92,11.65,11.65,11.65
07/02/2025,01:00,N,0.97,1.77,1,1,0.1
07/02/2025,02:00,N,1,1.69,1,1,0.07
07/02/2025,03:00,N,0.69,1.69,0.99,0.99,0.07
07/02/2025,04:00,N,0.6,1.23,0.9,0.9,0.1
07/02/2025,05:00,N,0.58,1.49,0.8,0.8,0.06
07/02/2025,06:00,N,0.49,1.76,0.94,0.94,0.1
07/02/2025,07:00,N,0.68,1.87,1,1.33,0.16
07/02/2025,08:00,N,1.89,1.46,1,1.46,1
07/02/2025,09:00,N,2.35,2.32,2.3,2.3,2.3
07/02/2025,10:00,N,1.11,1.2,1.06,1.36,1.06
07/02/2025,11:00,N,1.34,1.16,0.89,1.04,0.9
07/02/2025,12:00,N,1.81,1.47,0.9,1.04,0.9
07/02/2025,13:00,N,1.45,1.42,0.98,1.02,0.98
07/02/2025,14:00,N,1,1.57,1,1.05,1
07/02/2025,15:00,N,0.98,1.18,0.56,0.95,0.64
07/02/2025,16:00,N,1.42,1.66,0.93,0.94,0.94
07/02/2025,17:00,N,1,1.58,0.68,0.9,0.9
07/02/2025,18:00,N,0.97,1.7,0.79,0.96,0.96
07/02/2025,19:00,N,1.5,2.12,0.98,0.99,0.98
07/02/2025,20:00,N,1.43,2.77,1.5,1.5,1.5
07/02/2025,21:00,N,1.08,1,13.82,5,13.82
07/02/2025,22:00,N,3.38,14.97,15.07,5,14.97
07/02/2025,23:00,N,1,5.95,5.7,5,5.7
07/02/2025,24:00,N,1,4.61,4.22,2.12,2.12
07/03/2025,01:00,N,0.88,1.51,0.99,0.99,0.05
07/03/2025,02:00,N,1,1.14,0.83,0.83,0.05
07/03/2025,03:00,N,0.81,1.67,0.77,0.77,0.05
07/03/2025,04:00,N,0.57,0.89,0.51,0.51,0.05
07/03/2025,05:00,N,0.41,1.05,0.44,0.5,0.04
07/03/2025,06:00,N,0.34,1.12,0.55,0.55,0.05
07/03/2025,07:00,N,0.83,1.8,0.9,1.03,0.07
07/03/2025,08:00,N,2.09,1.17,1,1,1
07/03/2025,09:00,N,3.47,1.29,1.21,1.21,1.21
07/03/2025,10:00,N,1.99,1.52,1.05,1.05,1.05
07/03/2025,11:00,N,1.45,1.18,1.03,1.03,1.03
07/03/2025,12:00,N,1.35,1.45,1,1,1
07/03/2025,13:00,N,1.26,1.44,1,1.12,1
07/03/2025,14:00,N,1.01,1.83,1,1.03,1
07/03/2025,15:00,N,1.07,1.5,0.92,0.92,0.92
07/03/2025,16:00,N,1.34,1.42,0.91,0.93,0.91
07/03/2025,17:00,N,1.09,1.5,0.94,0.94,0.94
07/03/2025,18:00,N,1,1.56,1,1,1
07/03/2025,19:00,N,1.21,1.65,0.79,0.94,0.79
07/03/2025,20:00,N,0.84,1.97,1,1,1
07/03/2025,21:00,N,0.88,3,3,2.34,3
07/03/2025,22:00,N,1.75,5.19,5.19,1.06,5.19
07/03/2025,23:00,N,1,2.83,2,2,2
07/03/2025,24:00,N,1.01,2.07,1.43,0.94,0.37
07/04/2025,01:00,N,0.89,1,1,0.95,0.05
07/04/2025,02:00,N,0.98,1.28,1,0.95,0.05
07/04/2025,03:00,N,0.7,1.48,0.96,0.96,0.05
07/04/2025,04:00,N,0.54,1.22,0.92,0.92,0.05
07/04/2025,05:00,N,0.4,1,0.51,0.51,0.05
07/04/2025,06:00,N,0.35,1.11,0.54,0.54,0.05
07/04/2025,07:00,N,0.83,1.5,1,1,0.05
07/04/2025,08:00,N,1,1.5,1,1,0.96
07/04/2025,09:00,N,1.57,1.14,1.08,1.08,1.08
07/04/2025,10:00,N,1,1.37,1,1,1
07/04/2025,11:00,N,1.14,1.49,1,1,1
07/04/2025,12:00,N,1.06,1.25,0.86,1,0.86
07/04/2025,13:00,N,1.13,1.02,0.7,0.99,0.7
07/04/2025,14:00,N,0.83,1.32,0.98,0.99,0.98
07/04/2025,15:00,N,0.83,0.85,0.51,0.51,0.51
07/04/2025,16:00,N,1.05,1.04,0.64,0.64,0.64
07/04/2025,17:00,N,0.76,1.03,0.55,0.57,0.55
07/04/2025,18:00,N,0.75,1.29,0.73,0.73,0.73
07/04/2025,19:00,N,1.06,1.35,0.67,0.74,0.67
07/04/2025,20:00,N,0.7,1.71,0.76,0.87,0.44
07/04/2025,21:00,N,0.67,1.03,1.28,1,1.28
07/04/2025,22:00,N,0.72,1.21,1.21,1,1.21
07/04/2025,23:00,N,1,1.51,1,1,1
07/04/2025,24:00,N,1,1.59,1,0.92,0.37
07/05/2025,01:00,N,0.61,1.5,1,0.94,0.05
07/05/2025,02:00,N,0.87,1.23,0.76,0.76,0.05
07/05/2025,03:00,N,0.63,0.85,0.52,0.52,0.05
07/05/2025,04:00,N,0.44,0.78,0.51,0.51,0.05
07/05/2025,05:00,N,0.36,0.92,0.44,0.44,0.05
07/05/2025,06:00,N,0.35,0.62,0.49,0.49,0.05
07/05/2025,07:00,N,0.78,1.5,1,1,0.05
07/05/2025,08:00,N,1.42,1,1,1,0.72
07/05/2025,09:00,N,2.06,1,1,1,1
07/05/2025,10:00,N,2.04,1.03,0.7,1,0.7
07/05/2025,11:00,N,1.31,1.13,0.98,1,0.98
07/05/2025,12:00,N,0.94,0.86,0.58,1,0.58
07/05/2025,13:00,N,1,0.88,0.51,1,0.51
07/05/2025,14:00,N,1.02,1.22,0.6,1,0.6
07/05/2025,15:00,N,0.94,0.98,0.5,0.5,0.5
07/05/2025,16:00,N,1,1.13,0.61,0.63,0.61
07/05/2025,17:00,N,1,1.3,0.69,0.69,0.69
07/05/2025,18:00,N,0.93,1.51,0.71,0.71,0.71
07/05/2025,19:00,N,1.26,1.45,0.64,0.74,0.64
07/05/2025,20:00,N,0.86,1.76,0.93,1,0.93
07/05/2025,21:00,N,0.77,4.92,7.16,2.53,7.16
07/05/2025,22:00,N,1.5,2.94,4.53,2.53,4.53
07/05/2025,23:00,N,1,3.6,3,3,3
07/05/2025,24:00,N,1,2.7,1.94,1.94,1.94
07/06/2025,01:00,N,0.74,1.87,1,1,0.05
07/06/2025,02:00,N,0.82,1.29,0.94,0.94,0.05
07/06/2025,03:00,N,0.81,1.3,0.98,0.98,0.05
07/06/2025,04:00,N,0.67,1.3,0.92,0.92,0.05
07/06/2025,05:00,N,0.59,1.31,0.76,0.76,0.05
07/06/2025,06:00,N,0.55,1.14,0.58,0.58,0.05
07/06/2025,07:00,N,1,1.99,1.01,1.01,0.05
07/06/2025,08:00,N,2.72,1.62,1.01,1.01,1.01
07/06/2025,09:00,N,2.43,1.29,1.14,1.14,1.14
07/06/2025,10:00,N,1.99,1.68,0.99,1,1
07/06/2025,11:00,N,1.49,1.16,0.98,1,0.98
07/06/2025,12:00,N,1,0.91,0.6,1,0.6
07/06/2025,13:00,N,0.91,0.8,0.51,1,0.51
07/06/2025,14:00,N,0.91,1.12,0.62,1,0.62
07/06/2025,15:00,N,0.8,0.9,0.51,0.51,0.51
07/06/2025,16:00,N,0.98,1.22,0.64,0.65,0.64
07/06/2025,17:00,N,0.89,1.31,0.66,0.66,0.66
07/06/2025,18:00,N,1.05,1.6,0.76,0.76,0.76
07/06/2025,19:00,N,1.48,1.87,0.71,0.71,0.71
07/06/2025,20:00,N,1.81,2.3,1.06,1.06,1.06
07/06/2025,21:00,N,1.97,9.26,13.27,5,13.27
07/06/2025,22:00,N,1.87,5.11,7,5,7
07/06/2025,23:00,N,1,8.06,7.45,7.45,7.45
07/06/2025,24:00,N,1,3.95,3.59,3.35,3.59
07/07/2025,01:00,N,0.55,1.43,0.95,0.95,0.06
07/07/2025,02:00,N,0.61,1.5,0.89,0.89,0.05
07/07/2025,03:00,N,0.62,1.17,0.8,0.8,0.05
07/07/2025,04:00,N,0.61,0.96,0.51,0.51,0.05
07/07/2025,05:00,N,0.45,1,0.5,0.5,0.05
07/07/2025,06:00,N,0.49,1.05,0.57,0.57,0.05
07/07/2025,07:00,N,0.88,1.51,1.01,1.01,0.06
07/07/2025,08:00,N,2,1.03,1.03,1.03,1.03
07/07/2025,09:00,N,1.79,1.38,1.09,1.09,1.09
07/07/2025,10:00,N,1.5,1.81,1,1,1
07/07/2025,11:00,N,1.45,1.16,1,1,1
07/07/2025,12:00,N,1,1.29,1,1,1
07/07/2025,13:00,N,1.25,1.26,1,1,1
07/07/2025,14:00,N,1.19,1.5,1.01,1.14,1.01
07/07/2025,15:00,N,1.14,1.25,0.9,0.9,0.9
07/07/2025,16:00,N,1.19,1.54,1,1,1
07/07/2025,17:00,N,0.96,1.71,0.99,0.99,0.99
07/07/2025,18:00,N,1.36,1.8,0.99,1,1
07/07/2025,19:00,N,1.49,1.95,0.73,0.94,0.73
07/07/2025,20:00,N,1.34,2.44,1.3,1.3,1.3
07/07/2025,21:00,N,1.97,6.31,16.17,5,16.17
07/07/2025,22:00,N,1.5,8.9,10.9,5.25,10.9
07/07/2025,23:00,N,1,7.3,6.66,5,6.66
07/07/2025,24:00,N,1.76,3.51,2.87,2.31,2.87
07/08/2025,01:00,N,0.49,1.62,1,0.94,0.06
07/08/2025,02:00,N,0.73,1.65,0.98,0.94,0.05
07/08/2025,03:00,N,0.67,1.31,0.95,0.95,0.05
07/08/2025,04:00,N,0.5,1,0.67,0.67,0.05
07/08/2025,05:00,N,0.39,1,0.5,0.5,0.05
07/08/2025,06:00,N,0.61,1.14,0.66,0.62,0.05
07/08/2025,07:00,N,0.95,1.61,1.02,1.02,0.07
07/08/2025,08:00,N,1.88,1.21,1.21,1.21,1.21
07/08/2025,09:00,N,0.98,1.13,0.99,1.03,1.03
07/08/2025,10:00,N,1.32,1.03,0.98,1,0.98
07/08/2025,11:00,N,1.24,1.08,0.98,1,0.99
07/08/2025,12:00,N,1.1,1,0.71,1,0.71
07/08/2025,13:00,N,1.24,0.9,0.64,1,0.64
07/08/2025,14:00,N,2.18,1.69,1.21,1.21,1.21
07/08/2025,15:00,N,1.31,0.95,0.95,0.95,0.95
07/08/2025,16:00,N,2.11,1.87,1,1,1
07/08/2025,17:00,N,1.06,1.66,0.97,0.98,0.98
07/08/2025,18:00,N,1.37,1.84,0.97,0.99,0.99
07/08/2025,19:00,N,1.48,1.95,0.73,0.94,0.73
07/08/2025,20:00,N,1.02,2.13,1,1,1
07/08/2025,21:00,N,1.5,7.68,7.68,5,7.68
07/08/2025,22:00,N,1.83,12.73,12.73,12.38,12.73
07/08/2025,23:00,N,2,7.57,6.86,6.86,6.86
07/08/2025,24:00,N,3.31,2.17,1.56,1,1
07/09/2025,01:00,N,0.53,1.76,0.95,0.93,0.06
07/09/2025,02:00,N,0.67,1.22,0.81,0.81,0.05
07/09/2025,03:00,N,0.59,1.02,0.51,0.51,0.05
07/09/2025,04:00,N,0.34,0.85,0.5,0.5,0.05
07/09/2025,05:00,N,0.46,1.03,0.44,0.44,0.05
07/09/2025,06:00,N,0.55,1,0.56,0.56,0.1
07/09/2025,07:00,N,1.08,1.49,1.02,1.02,0.11
07/09/2025,08:00,N,1.5,1,1,1,1
07/09/2025,09:00,N,1.01,1.07,1,1,1
07/09/2025,10:00,N,1,1.3,1,1,1
07/09/2025,11:00,N,1.44,1.38,1,1,1
07/09/2025,12:00,N,1.44,1.2,0.91,0.99,0.91
07/09/2025,13:00,N,1.23,0.93,0.68,0.95,0.68
07/09/2025,14:00,N,1.08,1.26,0.69,1,0.69
07/09/2025,15:00,N,1.11,1,0.6,0.65,0.6
07/09/2025,16:00,N,1.23,1.35,0.71,0.71,0.71
07/09/2025,17:00,N,1.02,1.36,0.67,0.75,0.67
07/09/2025,18:00,N,1.04,1.38,0.77,0.77,0.77
07/09/2025,19:00,N,1.52,1.75,0.9,0.9,0.9
07/09/2025,20:00,N,1.22,1.91,1.06,1.06,1.06
07/09/2025,21:00,N,1.5,4.12,6.41,4.19,6.41
07/09/2025,22:00,N,1.5,3.68,3.68,2.9,3.68
07/09/2025,23:00,N,1,2.24,1.01,1.01,1.01
07/09/2025,24:00,N,1,1.78,1,1,0.37
07/10/2025,01:00,N,0.46,1.81,1,0.95,0.05
07/10/2025,02:00,N,0.52,1.64,1,0.92,0.05
07/10/2025,03:00,N,0.49,1.31,1,0.94,0.05
07/10/2025,04:00,N,0.41,1.37,0.97,0.92,0.05
07/10/2025,05:00,N,0.37,1.18,0.77,0.76,0.05
07/10/2025,06:00,N,0.54,1.05,0.62,0.55,0.05
07/10/2025,07:00,N,0.97,1.53,1,1,0.06
07/10/2025,08:00,N,1.54,1.2,1,1,1
07/10/2025,09:00,N,1.07,1.23,1.12,1.12,1.12
07/10/2025,10:00,N,1,1.13,1,1,1
07/10/2025,11:00,N,1.45,1.3,1,1,1
07/10/2025,12:00,N,1.26,1.22,1,1,1
07/10/2025,13:00,N,1.18,1.13,0.98,1,0.98
07/10/2025,14:00,N,1.24,1.29,1,1,1
07/10/2025,15:00,N,0.85,0.92,0.64,0.69,0.64
07/10/2025,16:00,N,0.82,1.16,0.68,0.7,0.68
07/10/2025,17:00,N,0.74,1.24,0.73,0.75,0.73
07/10/2025,18:00,N,0.87,1.2,0.75,0.76,0.76
07/10/2025,19:00,N,1.18,1.37,0.79,0.85,0.79
07/10/2025,20:00,N,1.12,1.41,1,1,1
07/10/2025,21:00,N,1,3.54,4.83,3.8,4.83
07/10/2025,22:00,N,2,4.79,4.79,4.72,4.79
07/10/2025,23:00,N,1,4.7,3.71,3,3.71
07/10/2025,24:00,N,1,1.75,1,0.94,1
07/11/2025,01:00,N,0.59,1,1,0.94,0.06
07/11/2025,02:00,N,0.95,1.52,1,0.91,0.05
07/11/2025,03:00,N,0.87,1.05,1,0.93,0.05
07/11/2025,04:00,N,0.52,1,0.89,0.89,0.05
07/11/2025,05:00,N,0.41,0.86,0.75,0.75,0.05
07/11/2025,06:00,N,0.48,1,0.96,0.54,0.05
07/11/2025,07:00,N,0.49,1,1,1,0.06
07/11/2025,08:00,N,1.45,1.33,1,1,1
07/11/2025,09:00,N,0.81,1.28,1.13,1.13,1.13
07/11/2025,10:00,N,0.86,1.4,1,1,1
07/11/2025,11:00,N,0.94,1,1,1,1
07/11/2025,12:00,N,1.14,1.01,0.99,1,0.99
07/11/2025,13:00,N,1.35,0.81,0.64,1,0.64
07/11/2025,14:00,N,1.41,1,0.99,1,1
07/11/2025,15:00,N,0.6,0.72,0.51,0.53,0.51
07/11/2025,16:00,N,1.11,1.22,0.95,0.95,0.95
07/11/2025,17:00,N,1.15,1.26,0.94,0.94,0.94
07/11/2025,18:00,N,0.9,1.14,0.75,0.75,0.75
07/11/2025,19:00,N,0.78,0.98,0.51,0.78,0.51
07/11/2025,20:00,N,0.91,1.16,1,1,1
07/11/2025,21:00,N,0.9,2.34,2,2,2
07/11/2025,22:00,N,1,1.56,1.56,1.56,1.56
07/11/2025,23:00,N,3.19,2.28,1.49,1.49,1.49
07/11/2025,24:00,N,1.94,1.66,1,0.95,0.95
07/12/2025,01:00,N,0.55,1.52,1,0.93,0.06
07/12/2025,02:00,N,0.69,1.34,1,0.9,0.05
07/12/2025,03:00,N,0.58,1.1,0.92,0.92,0.05
07/12/2025,04:00,N,0.42,0.95,0.76,0.76,0.05
07/12/2025,05:00,N,0.39,0.88,0.5,0.5,0.05
07/12/2025,06:00,N,0.62,0.94,0.55,0.53,0.05
07/12/2025,07:00,N,1.22,1.5,1,1,0.06
07/12/2025,08:00,N,0.79,1,1,1,1
07/12/2025,09:00,N,0.75,1.07,1,1,1
07/12/2025,10:00,N,1.01,1.56,1,1,1
07/12/2025,11:00,N,1.24,1.15,1,1,1
07/12/2025,12:00,N,1.13,1.11,0.88,0.99,0.88
07/12/2025,13:00,N,1.03,0.87,0.64,0.96,0.64
07/12/2025,14:00,N,1.28,1.28,0.98,1,0.98
07/12/2025,15:00,N,1.04,1.04,0.51,0.71,0.51
07/12/2025,16:00,N,1.17,1.66,0.92,0.92,0.92
07/12/2025,17:00,N,2.07,2.33,1,1,1
07/12/2025,18:00,N,3.3,2.37,1,1,1
07/12/2025,19:00,N,1.92,1.98,1,1,1
07/12/2025,20:00,N,0.96,1.77,1,1,1
07/12/2025,21:00,N,1.18,7,7,3.8,7
07/12/2025,22:00,N,1.82,4.96,4.96,3.63,4.96
07/12/2025,23:00,N,1.38,5.24,4.55,4.55,4.55
07/12/2025,24:00,N,1,3.41,3.12,3,3.12
07/13/2025,01:00,N,0.63,1.76,1,0.95,0.06
07/13/2025,02:00,N,0.88,1.57,1,0.94,0.05
07/13/2025,03:00,N,0.86,1.22,0.94,0.94,0.05
07/13/2025,04:00,N,0.66,1.62,0.92,0.92,0.05
07/13/2025,05:00,N,0.64,1.06,0.5,0.5,0.05
07/13/2025,06:00,N,0.78,1.12,0.6,0.6,0.05
07/13/2025,07:00,N,1.39,1.56,1.02,1.02,0.06
07/13/2025,08:00,N,1.67,1.93,1.02,1.02,1.02
07/13/2025,09:00,N,1.33,1.15,1.08,1.08,1.08
07/13/2025,10:00,N,1.99,1.19,1,1,1
07/13/2025,11:00,N,1.5,1.21,1,1,1
07/13/2025,12:00,N,1.7,1.17,0.96,1,0.96
07/13/2025,13:00,N,0.81,0.89,0.64,0.97,0.64
07/13/2025,14:00,N,0.94,1.16,0.88,1,0.88
07/13/2025,15:00,N,0.82,0.87,0.53,0.69,0.53
07/13/2025,16:00,N,0.75,1.51,0.94,0.94,0.94
07/13/2025,17:00,N,0.79,1.38,0.85,0.95,0.85
07/13/2025,18:00,N,1,1.59,1,1,1
07/13/2025,19:00,N,1.28,1.59,0.98,1,0.98
07/13/2025,20:00,N,1,1,1,1,1
07/13/2025,21:00,N,1.03,8.28,11.94,3.94,11.94
07/13/2025,22:00,N,2,8.52,9.99,3.47,9.99
07/13/2025,23:00,N,1.57,5.47,4.83,3.65,4.83
07/13/2025,24:00,N,1,3.69,3.31,3.29,3.31
07/14/2025,01:00,N,0.59,1.63,1,0.99,0.06
07/14/2025,02:00,N,1,1.36,0.81,0.81,0.05
07/14/2025,03:00,N,0.45,1,0.6,0.71,0.05
07/14/2025,04:00,N,0.5,1.31,0.51,0.51,0.05
07/14/2025,05:00,N,0.51,1.08,0.44,0.49,0.05
07/14/2025,06:00,N,0.71,1,0.51,0.53,0.05
07/14/2025,07:00,N,1.31,1.06,1,1,0.07
07/14/2025,08:00,N,1,1,1,1,1
07/14/2025,09:00,N,2.13,1.26,1.03,1.04,1.04
07/14/2025,10:00,N,1.99,1.83,1,1,1
07/14/2025,11:00,N,1.73,1.24,1,1,1
07/14/2025,12:00,N,1,1.31,1,1,1
07/14/2025,13:00,N,1.33,1.31,1,1,1
07/14/2025,14:00,N,1.1,1.43,1,1.04,1
07/14/2025,15:00,N,1.28,1.46,1,1,1
07/14/2025,16:00,N,1.14,1.99,1,1,1
07/14/2025,17:00,N,1.34,1.99,1,1,1
07/14/2025,18:00,N,1.44,2.14,1,1,1
07/14/2025,19:00,N,1.8,2.15,1,1,1
07/14/2025,20:00,N,3.5,7.62,7.62,5.6,7.62
07/14/2025,21:00,N,3.35,10.19,13.19,5.14,13.19
07/14/2025,22:00,N,1.75,9.5,9.5,7.5,9.5
07/14/2025,23:00,N,3.23,4.38,3.92,3.92,3.92
07/14/2025,24:00,N,1,3.41,3.03,3,3.03
07/15/2025,01:00,N,0,1.71,1,0.98,0.05
07/15/2025,02:00,N,0.81,1.55,1,0.95,0.05
07/15/2025,03:00,N,0.32,1.27,0.98,0.98,0.05
07/15/2025,04:00,N,0.45,1.13,0.76,0.76,0.05
07/15/2025,05:00,N,0.37,1.22,0.76,0.76,0.05
07/15/2025,06:00,N,0.22,1.25,0.8,0.8,0.06
07/15/2025,07:00,N,1.23,1.52,1.06,1.06,0.1
07/15/2025,08:00,N,1.27,1.86,1.86,1.86,1.86
07/15/2025,09:00,N,1.19,1.79,1.74,1.74,1.74
07/15/2025,10:00,N,0.85,1.08,1,1,1
07/15/2025,11:00,N,0.87,1.12,1,1,1
07/15/2025,12:00,N,1,1.18,0.98,1,0.98
07/15/2025,13:00,N,1,1.27,1,1,1
07/15/2025,14:00,N,1.4,1.66,1.01,1.01,1.01
07/15/2025,15:00,N,1.62,1.43,0.89,0.92,0.89
07/15/2025,16:00,N,1.61,1.57,0.98,0.98,0.98
07/15/2025,17:00,N,1.51,1.44,0.95,0.95,0.95
07/15/2025,18:00,N,1.2,1.28,0.84,0.95,0.84
07/15/2025,19:00,N,1.07,1.24,0.5,0.97,0.5
07/15/2025,20:00,N,1.41,3.03,2.21,2.21,2.21
07/15/2025,21:00,N,0.98,2.81,11.35,10,11.35
07/15/2025,22:00,N,1.92,2.11,10.38,7.38,10.38
07/15/2025,23:00,N,1.43,7.15,6.87,6.87,6.87
07/15/2025,24:00,N,1.01,3.04,2.8,1.03,1.03
07/16/2025,01:00,N,0.61,1.39,1,0.94,0.05
07/16/2025,02:00,N,0.7,1.63,1,0.92,0.05
07/16/2025,03:00,N,0.34,1.42,1,0.94,0.05
07/16/2025,04:00,N,0.48,1.5,1,0.75,0.05
07/16/2025,05:00,N,0.36,1.23,0.72,0.7,0.05
07/16/2025,06:00,N,0.56,1.51,0.98,0.58,0.05
07/16/2025,07:00,N,1.2,1.72,1,1,0.06
07/16/2025,08:00,N,0.95,1.23,1.04,1.04,1.04
07/16/2025,09:00,N,1.53,1.61,1.54,1.52,1.54
07/16/2025,10:00,N,1,1.28,1,1,1
07/16/2025,11:00,N,1.25,1.17,1,1,1
07/16/2025,12:00,N,1.19,1.15,0.99,1,0.99
07/16/2025,13:00,N,0.89,1.18,1,1,1
07/16/2025,14:00,N,1.13,1.52,1.06,1.06,1.06
07/16/2025,15:00,N,1.52,1.43,1,1,1
07/16/2025,16:00,N,2,1.75,1,0.99,1
07/16/2025,17:00,N,1.21,1.44,1,0.97,1
07/16/2025,18:00,N,1.12,1.46,1,1,1
07/16/2025,19:00,N,1.28,1.33,0.89,0.92,0.89
07/16/2025,20:00,N,1,2,1.31,1.03,1.31
07/16/2025,21:00,N,1,9.08,9.99,5,9.99
07/16/2025,22:00,N,2.62,13.1,17.1,3.8,17.1
07/16/2025,23:00,N,1.35,6.24,5.95,5.26,5.95
07/16/2025,24:00,N,1.8,3.54,3.31,3.28,3.31
07/17/2025,01:00,N,0.56,1.51,1,0.93,0.05
07/17/2025,02:00,N,0.75,1,0.68,0.68,0.05
07/17/2025,03:00,N,0.34,1,0.71,0.71,0.05
07/17/2025,04:00,N,0.49,0.93,0.5,0.5,0.05
07/17/2025,05:00,N,0.39,1,0.5,0.5,0.05
07/17/2025,06:00,N,0.68,1.05,0.6,0.57,0.06
07/17/2025,07:00,N,1.49,1.25,1,1,0.07
07/17/2025,08:00,N,0.97,1.05,1.05,1.05,1.05
07/17/2025,09:00,N,1.16,1.22,1.15,1.15,1.15
07/17/2025,10:00,N,0.56,1.19,1,1,1
07/17/2025,11:00,N,1,1.21,1,1,1
07/17/2025,12:00,N,1,1.24,1,1.01,1
07/17/2025,13:00,N,0.85,1.26,1,1,1
07/17/2025,14:00,N,1.42,1.61,1,1.01,1
07/17/2025,15:00,N,1.41,1.31,0.99,0.99,0.99
07/17/2025,16:00,N,1.64,1.85,1,0.98,1
07/17/2025,17:00,N,1.43,1.71,1,1,1
07/17/2025,18:00,N,1,1.56,1,1,1
07/17/2025,19:00,N,1.18,1.65,1,1,1
07/17/2025,20:00,N,0.88,2,1.11,1.05,1.11
07/17/2025,21:00,N,0.72,9,14.04,12.04,14.04
07/17/2025,22:00,N,3.14,12.78,15.72,9.8,15.72
07/17/2025,23:00,N,1.5,7.63,7.35,7.32,7.35
07/17/2025,24:00,N,1.34,3.26,3.03,1,1
07/18/2025,01:00,N,0.5,1.64,1,0.92,0.05
07/18/2025,02:00,N,0.48,1.08,0.67,0.67,0.05
07/18/2025,03:00,N,0.28,0.85,0.5,0.5,0.05
07/18/2025,04:00,N,0.15,0.87,0.44,0.44,0.05
07/18/2025,05:00,N,0.31,0.89,0.46,0.46,0.04
07/18/2025,06:00,N,0.48,1.01,0.59,0.56,0.05
07/18/2025,07:00,N,1.34,1.36,1,1,0.06
07/18/2025,08:00,N,0.89,1.07,1,1,1
07/18/2025,09:00,N,1.63,1.24,1.16,1.14,1.16
07/18/2025,10:00,N,0.54,1.22,1,1,1
07/18/2025,11:00,N,0.69,1.36,1,1,1
07/18/2025,12:00,N,1.01,1.2,1,1,1
07/18/2025,13:00,N,1.11,1.31,0.99,0.99,0.99
07/18/2025,14:00,N,1.09,1.42,1,1,1
07/18/2025,15:00,N,1,0.78,0.54,0.69,0.54
07/18/2025,16:00,N,1.76,1.58,0.96,0.96,0.96
07/18/2025,17:00,N,1.55,1.35,0.95,0.95,0.95
07/18/2025,18:00,N,1.16,1.44,0.94,0.94,0.94
07/18/2025,19:00,N,0.92,1.26,0.56,0.69,0.56
07/18/2025,20:00,N,0.8,1.68,1,1,1
07/18/2025,21:00,N,0.88,1.18,8.3,6.3,8.3
07/18/2025,22:00,N,1.97,5.88,8.18,5,8.18
07/18/2025,23:00,N,1.71,4.43,4.13,4.1,4.13
07/18/2025,24:00,N,1.74,3.19,2.9,0.89,1
07/19/2025,01:00,N,0.71,1,1,0.94,0.05
07/19/2025,02:00,N,0.88,1.35,1,0.76,0.05
07/19/2025,03:00,N,0.79,1.21,1,0.92,0.05
07/19/2025,04:00,N,0.62,1.19,0.78,0.76,0.05
07/19/2025,05:00,N,0.64,1.26,0.79,0.45,0.05
07/19/2025,06:00,N,1,1.47,0.99,0.55,0.05
07/19/2025,07:00,N,0.99,1.51,1.01,1.01,0.06
07/19/2025,08:00,N,1.15,1.5,1.06,1.06,1.06
07/19/2025,09:00,N,1.71,1.87,1.81,1.8,1.81
07/19/2025,10:00,N,1.15,1.33,1,1,1
07/19/2025,11:00,N,1.01,1.13,1,1,1
07/19/2025,12:00,N,1.21,1.18,0.98,0.99,0.98
07/19/2025,13:00,N,0.97,1.04,0.89,0.94,0.89
07/19/2025,14:00,N,1.18,1.23,1,1,1
07/19/2025,15:00,N,1.82,0.75,0.51,0.51,0.51
07/19/2025,16:00,N,1.72,1.05,0.8,0.77,0.8
07/19/2025,17:00,N,0.73,1.06,0.71,0.71,0.71
07/19/2025,18:00,N,1.04,1,0.74,0.74,0.74
07/19/2025,19:00,N,0.85,1.13,0.5,0.71,0.5
07/19/2025,20:00,N,0.96,1.82,0.97,0.99,0.95
07/19/2025,21:00,N,0.82,6.98,8.98,3.8,8.98
07/19/2025,22:00,N,2.31,9.27,9.27,2.5,9.27
07/19/2025,23:00,N,1.38,2.64,2.16,2.12,2.12
07/19/2025,24:00,N,1,3.51,3.28,0.76,1
07/20/2025,01:00,N,0.74,1,0.89,0.24,0.05
07/20/2025,02:00,N,0.86,1.43,1,0.24,0.05
07/20/2025,03:00,N,0.75,0.87,0.76,0.76,0.05
07/20/2025,04:00,N,0.59,0.77,0.5,0.49,0.05
07/20/2025,05:00,N,0.57,0.79,0.5,0.44,0.04
07/20/2025,06:00,N,0.89,1,0.55,0.52,0.05
07/20/2025,07:00,N,1,1.46,1,1,0.05
07/20/2025,08:00,N,1.48,1.38,1.03,1.03,1.03
07/20/2025,09:00,N,1.71,1.56,1.5,1.5,1.5
07/20/2025,10:00,N,1.07,1.16,1,1,1
07/20/2025,11:00,N,1.03,1.09,0.98,0.99,0.98
07/20/2025,12:00,N,1.1,0.96,0.89,0.94,0.89
07/20/2025,13:00,N,1.21,0.91,0.8,0.87,0.8
07/20/2025,14:00,N,1.1,1.03,0.89,0.96,0.89
07/20/2025,15:00,N,1.24,0.67,0.5,0.5,0.5
07/20/2025,16:00,N,0.99,0.76,0.55,0.53,0.55
07/20/2025,17:00,N,0.6,0.79,0.56,0.56,0.56
07/20/2025,18:00,N,0.82,0.84,0.62,0.62,0.62
07/20/2025,19:00,N,0.75,1.03,0.51,0.49,0.51
07/20/2025,20:00,N,0.8,1.59,1,1,1
07/20/2025,21:00,N,1.06,2,4.67,2.72,4.67
07/20/2025,22:00,N,2.62,3.73,4.6,2.5,4.6
07/20/2025,23:00,N,1.81,2.5,2.27,2.23,2.27
07/20/2025,24:00,N,2.35,3.71,3.41,0.55,0.21
07/21/2025,01:00,N,0.73,0.99,0.72,0.23,0.05
07/21/2025,02:00,N,0.88,1.2,0.62,0.23,0.05
07/21/2025,03:00,N,0.78,0.8,0.5,0.5,0.05
07/21/2025,04:00,N,0.69,0.82,0.5,0.48,0.05
07/21/2025,05:00,N,0.65,0.87,0.49,0.43,0.05
07/21/2025,06:00,N,0.68,1.01,0.55,0.24,0.05
07/21/2025,07:00,N,1.5,1.59,1,1,0.05
07/21/2025,08:00,N,1.5,1.28,1.04,1.04,1.04
07/21/2025,09:00,N,1.3,2.1,2,1.5,2
07/21/2025,10:00,N,1.03,1.41,1,1,1
07/21/2025,11:00,N,1.99,1.15,1,1,1
07/21/2025,12:00,N,1.99,1.13,1,1,1
07/21/2025,13:00,N,1.03,1.01,0.73,1,0.73
07/21/2025,14:00,N,0.92,1.1,0.89,1,0.89
07/21/2025,15:00,N,0.89,0.67,0.52,0.52,0.52
07/21/2025,16:00,N,0.82,1.18,0.8,0.78,0.8
07/21/2025,17:00,N,0.94,1.24,0.8,0.8,0.8
07/21/2025,18:00,N,1.27,1.24,0.8,0.8,0.8
07/21/2025,19:00,N,0.77,1.23,0.54,0.92,0.54
07/21/2025,20:00,N,0.71,1.77,1,1,1
07/21/2025,21:00,N,1.08,5.64,10.71,2.5,10.71
07/21/2025,22:00,N,2.49,2.91,9.05,2.53,9.05
07/21/2025,23:00,N,1.35,4.69,4.51,4.51,4.51
07/21/2025,24:00,N,1.55,3.6,3.37,2,3.37
07/22/2025,01:00,N,0.76,1,0.94,0.23,0.05
07/22/2025,02:00,N,0.94,1.29,1,0.23,0.04
07/22/2025,03:00,N,0.55,1,0.75,0.73,0.04
07/22/2025,04:00,N,0.57,0.79,0.5,0.47,0.04
07/22/2025,05:00,N,0.51,0.85,0.5,0.43,0.04
07/22/2025,06:00,N,0.62,1.06,0.6,0.55,0.04
07/22/2025,07:00,N,1.45,1.89,1.5,1.5,0.05
07/22/2025,08:00,N,1.17,1.74,1.74,1.74,1.74
07/22/2025,09:00,N,1.9,2.53,2.46,2.36,2.46
07/22/2025,10:00,N,1.26,1.48,1.04,1.04,1.04
07/22/2025,11:00,N,1,1.12,0.99,0.99,0.99
07/22/2025,12:00,N,1.18,1.07,0.89,0.96,0.89
07/22/2025,13:00,N,1.16,1.16,0.98,1,0.98
07/22/2025,14:00,N,1,1.36,1,1.01,1
07/22/2025,15:00,N,1.46,0.91,0.64,0.64,0.64
07/22/2025,16:00,N,0.92,1.13,0.77,0.77,0.77
07/22/2025,17:00,N,0.75,1.21,0.76,0.76,0.76
07/22/2025,18:00,N,1.22,1.27,0.82,0.79,0.82
07/22/2025,19:00,N,0.74,1.4,0.75,0.75,0.75
07/22/2025,20:00,N,0.7,1.6,1,1.06,1
07/22/2025,21:00,N,0.57,2.24,5.62,5,5.62
07/22/2025,22:00,N,2.12,6.01,6.01,4.9,6.01
07/22/2025,23:00,N,1.73,4.52,4.3,4.3,4.3
07/22/2025,24:00,N,1.17,2.55,2,1.03,1.03
07/23/2025,01:00,N,0.58,0.88,0.53,0.22,0.05
07/23/2025,02:00,N,0.75,0.87,0.5,0.22,0.04
07/23/2025,03:00,N,0.7,0.86,0.51,0.51,0.04
07/23/2025,04:00,N,0.57,0.8,0.5,0.46,0.04
07/23/2025,05:00,N,0.59,0.92,0.5,0.43,0.04
07/23/2025,06:00,N,0.63,1.04,0.61,0.61,0.05
07/23/2025,07:00,N,1.43,1.5,1.03,1.05,0.06
07/23/2025,08:00,N,0.87,1.66,1.5,1.5,1.5
07/23/2025,09:00,N,1.53,2.07,1.96,1.96,1.96
07/23/2025,10:00,N,1,1.16,1.04,1.04,1.04
07/23/2025,11:00,N,0.84,1.17,1,1,1
07/23/2025,12:00,N,1.05,1.12,0.95,1.04,0.95
07/23/2025,13:00,N,0.83,0.93,0.75,1,0.75
07/23/2025,14:00,N,1.04,1.52,1.06,1.06,1.06
07/23/2025,15:00,N,1.23,1.21,0.98,0.95,0.98
07/23/2025,16:00,N,0.96,1.33,1,0.96,1
07/23/2025,17:00,N,1.29,1.29,0.94,0.94,0.94
07/23/2025,18:00,N,1.89,1.44,1,0.96,1
07/23/2025,19:00,N,1.24,1.68,0.94,0.94,0.94
07/23/2025,20:00,N,0.78,1.71,1,1.13,1
07/23/2025,21:00,N,0.77,5,5.61,5,5.61
07/23/2025,22:00,N,2,3.46,6.22,4.9,6.22
07/23/2025,23:00,N,1,7.53,7.29,7.29,7.29
07/23/2025,24:00,N,1,4.21,4,3.95,4
07/24/2025,01:00,N,0.61,1.36,1,0.24,0.05
07/24/2025,02:00,N,0.97,1.18,1,0.24,0.04
07/24/2025,03:00,N,0.79,1.27,0.98,0.94,0.04
07/24/2025,04:00,N,0.77,0.9,0.65,0.5,0.04
07/24/2025,05:00,N,0.62,0.91,0.7,0.53,0.04
07/24/2025,06:00,N,0.58,1.08,0.72,0.6,0.04
07/24/2025,07:00,N,1,1.49,1.04,1.05,0.05
07/24/2025,08:00,N,1.24,1.42,1.06,1.06,1.06
07/24/2025,09:00,N,1.5,1.41,1.35,1.35,1.35
07/24/2025,10:00,N,1.23,1.29,1,1,1
07/24/2025,11:00,N,1.24,1.06,0.98,0.99,0.98
07/24/2025,12:00,N,1.54,1.06,0.89,1.01,0.89
07/24/2025,13:00,N,0.83,1.22,0.94,1.03,0.94
07/24/2025,14:00,N,0.95,1.5,1.09,1.35,1.09
07/24/2025,15:00,N,1.21,1.21,0.98,0.98,0.98
07/24/2025,16:00,N,1.22,1.54,1,1,1
07/24/2025,17:00,N,1.31,1.5,1,1,1
07/24/2025,18:00,N,1.39,1.66,1,1,1
07/24/2025,19:00,N,0.89,1.95,1.02,1.02,1.02
07/24/2025,20:00,N,2.62,4,2.93,3.22,2.93
07/24/2025,21:00,N,0.87,17.35,23.9,13.4,23.9
07/24/2025,22:00,N,2,19.99,19.99,14.66,19.99
07/24/2025,23:00,N,1,11.2,10.87,10.73,10.87
07/24/2025,24:00,N,1,6.44,6.29,6.01,6.29
07/25/2025,01:00,N,0.78,1.32,1,1,1
07/25/2025,02:00,N,1,1.25,1,1,1
07/25/2025,03:00,N,1,0.89,0.54,0.54,0.05
07/25/2025,04:00,N,0.74,0.81,0.5,0.5,0.05
07/25/2025,05:00,N,0.82,0.87,0.58,0.58,0.04
07/25/2025,06:00,N,0.67,1.2,0.74,0.72,0.05
07/25/2025,07:00,N,0.89,1.5,1,1.36,0.06
07/25/2025,08:00,N,1.28,1.47,1,1.35,1
07/25/2025,09:00,N,2,1.67,1.36,1.36,1.36
07/25/2025,10:00,N,1,1.02,1,1.01,1
07/25/2025,11:00,N,1.9,1.11,1,1,1
07/25/2025,12:00,N,1.17,1.17,0.89,1,0.89
07/25/2025,13:00,N,1.2,1.41,1,1.27,1
07/25/2025,14:00,N,1.27,1.41,1,2,1
07/25/2025,15:00,N,1.63,1.19,0.98,1,0.99
07/25/2025,16:00,N,1.39,1.44,0.98,1,1
07/25/2025,17:00,N,1.66,1.46,1,1.01,1
07/25/2025,18:00,N,1.62,1.78,1.04,1.04,1.04
07/25/2025,19:00,N,0.9,2.12,0.97,1.36,0.97
07/25/2025,20:00,N,4.63,6.26,4.98,4.98,4.98
07/25/2025,21:00,N,0.88,11.86,17.49,12.5,17.49
07/25/2025,22:00,N,3.47,16.67,20.49,18.48,20.49
07/25/2025,23:00,N,1.5,14.24,13.9,13.76,13.9
07/25/2025,24:00,N,1.5,8.86,8.72,7.72,8.72
07/26/2025,01:00,N,0.74,1,1,0.99,1
07/26/2025,02:00,N,0.83,1.25,1,1,1
07/26/2025,03:00,N,0.75,1.15,0.97,0.97,0.97
07/26/2025,04:00,N,0.69,0.81,0.5,0.48,0.04
07/26/2025,05:00,N,0.62,0.82,0.52,0.52,0.04
07/26/2025,06:00,N,0.56,0.83,0.66,0.3,0.04
07/26/2025,07:00,N,1.01,1.46,1,1,0.05
07/26/2025,08:00,N,0.83,1,1,1,1
07/26/2025,09:00,N,0.73,1.12,1,1,1
07/26/2025,10:00,N,0.69,1.51,1,1,1
07/26/2025,11:00,N,0.71,0.91,0.75,0.99,0.75
07/26/2025,12:00,N,0.75,0.95,0.7,0.96,0.7
07/26/2025,13:00,N,0.69,1.02,0.57,0.94,0.57
07/26/2025,14:00,N,1.29,1.52,0.98,0.98,0.98
07/26/2025,15:00,N,1.47,1.08,0.75,0.75,0.75
07/26/2025,16:00,N,0.99,1.32,1,1,1
07/26/2025,17:00,N,1.5,1.28,0.99,0.99,0.99
07/26/2025,18:00,N,1.83,1.79,0.99,0.99,0.99
07/26/2025,19:00,N,1.04,1.62,0.87,0.97,0.87
07/26/2025,20:00,N,0.85,2.01,1,1,1
07/26/2025,21:00,N,0.75,1.85,3.61,1.75,3.61
07/26/2025,22:00,N,1.75,2.38,2.38,1.68,2.38
07/26/2025,23:00,N,1.12,1.95,1.56,0.37,1
07/26/2025,24:00,N,1.08,1.95,1.74,0.21,0.21
07/27/2025,01:00,N,0.07,1.16,0.91,0.82,0.05
07/27/2025,02:00,N,0.76,1.03,0.84,0.24,0.04
07/27/2025,03:00,N,0.75,1.05,0.88,0.88,0.04
07/27/2025,04:00,N,0.68,0.76,0.5,0.47,0.04
07/27/2025,05:00,N,0.59,1,0.81,0.51,0.04
07/27/2025,06:00,N,0.26,1,0.63,0.29,0.04
07/27/2025,07:00,N,1.05,1.5,1.06,1.06,0.05
07/27/2025,08:00,N,1.46,1.47,1.36,1.36,1.36
07/27/2025,09:00,N,1.5,1.92,1.86,1.83,1.86
07/27/2025,10:00,N,0.86,1.1,1,1,1
07/27/2025,11:00,N,0.94,1.1,0.97,0.97,0.97
07/27/2025,12:00,N,1,0.94,0.75,1,0.75
07/27/2025,13:00,N,0.63,0.91,0.7,0.95,0.7
07/27/2025,14:00,N,0.76,1.23,0.95,0.97,0.95
07/27/2025,15:00,N,0.82,0.72,0.53,0.53,0.53
07/27/2025,16:00,N,0.73,0.89,0.57,0.57,0.57
07/27/2025,17:00,N,0.93,0.85,0.6,0.6,0.6
07/27/2025,18:00,N,1.27,1.23,0.65,0.65,0.65
07/27/2025,19:00,N,1.1,1.1,0.69,0.69,0.69
07/27/2025,20:00,N,0.88,1.85,1.01,1.01,1.01
07/27/2025,21:00,N,0.8,1.11,3.92,1.92,3.92
07/27/2025,22:00,N,2.01,4.32,4.32,2.32,4.32
07/27/2025,23:00,N,1.01,4.01,3.76,3.06,3.76
07/27/2025,24:00,N,1.27,1.83,1.56,0.21,0.21
07/28/2025,01:00,N,0.68,1.26,1,0.81,0.05
07/28/2025,02:00,N,0.84,1.14,0.95,0.24,0.04
07/28/2025,03:00,N,0.7,0.88,0.7,0.7,0.04
07/28/2025,04:00,N,0.73,0.81,0.5,0.46,0.04
07/28/2025,05:00,N,0.6,0.77,0.5,0.49,0.04
07/28/2025,06:00,N,0.36,1.01,0.63,0.28,0.04
07/28/2025,07:00,N,1.25,1.43,1,1.04,0.05
07/28/2025,08:00,N,2.29,1.5,1.5,1.5,1.5
07/28/2025,09:00,N,1.29,1.41,1.36,1.36,1.36
07/28/2025,10:00,N,0.58,1.05,1,1.01,1
07/28/2025,11:00,N,1.05,1.18,1,1,1
07/28/2025,12:00,N,1.24,1.22,1,1,1
07/28/2025,13:00,N,0.53,1.24,0.89,1,0.89
07/28/2025,14:00,N,0.82,1.5,1,1.04,1
07/28/2025,15:00,N,0.96,1.05,0.75,0.75,0.75
07/28/2025,16:00,N,0.76,1.11,0.75,0.75,0.75
07/28/2025,17:00,N,3.34,1.64,0.75,0.75,0.75
07/28/2025,18:00,N,1.95,1.28,0.75,0.75,0.75
07/28/2025,19:00,N,1.93,1.44,0.75,0.75,0.75
07/28/2025,20:00,N,2.08,2.86,1.5,1.5,1.5
07/28/2025,21:00,N,1.46,5.2,14.26,5.2,14.26
07/28/2025,22:00,N,2,14.96,14.96,5,14.96
07/28/2025,23:00,N,1.45,7.77,7.37,5,7.37
07/28/2025,24:00,N,1.47,5.17,5,4.83,5
07/29/2025,01:00,N,0.69,0.93,0.65,0.3,0.05
07/29/2025,02:00,N,0.72,1.35,1,0.23,0.04
07/29/2025,03:00,N,0.43,0.74,0.5,0.5,0.04
07/29/2025,04:00,N,0.31,0.8,0.5,0.45,0.04
07/29/2025,05:00,N,0.32,0.77,0.51,0.48,0.04
07/29/2025,06:00,N,0.45,0.99,0.5,0.27,0.04
07/29/2025,07:00,N,0.95,1.42,1,1,0.05
07/29/2025,08:00,N,0.7,1.1,1.1,1.1,1.1
07/29/2025,09:00,N,0.88,1.06,1,1.04,1
07/29/2025,10:00,N,1,1.13,0.9,1,0.9
07/29/2025,11:00,N,0.94,0.87,0.75,0.95,0.75
07/29/2025,12:00,N,0.81,0.99,0.68,0.99,0.68
07/29/2025,13:00,N,0.87,0.9,0.56,0.97,0.56
07/29/2025,14:00,N,1.03,1.52,0.98,1,0.98
07/29/2025,15:00,N,1.1,1.11,0.75,0.75,0.75
07/29/2025,16:00,N,1.26,1.53,1,1,1
07/29/2025,17:00,N,2.79,1.95,0.99,1,1
07/29/2025,18:00,N,1.86,1.63,1,1,1
07/29/2025,19:00,N,1.66,2.1,1,1,1
07/29/2025,20:00,N,1.04,6.18,4.99,2.98,4.99
07/29/2025,21:00,N,2.31,20.08,30.35,8.31,30.35
07/29/2025,22:00,N,2.05,25.29,27.3,13.3,27.3
07/29/2025,23:00,N,1,12.06,11.66,11.51,11.66
07/29/2025,24:00,N,1,6.46,6.26,5.9,6.26
07/30/2025,01:00,N,0.67,1.2,0.83,0.43,0.05
07/30/2025,02:00,N,0.62,1,0.67,0.23,0.05
07/30/2025,03:00,N,0.23,0.76,0.5,0.49,0.04
07/30/2025,04:00,N,0.01,0.64,0.44,0.44,0.04
07/30/2025,05:00,N,0.47,0.74,0.47,0.46,0.04
07/30/2025,06:00,N,0.3,0.36,0.37,0.23,0.04
07/30/2025,07:00,N,0.76,1.44,1,1,0.05
07/30/2025,08:00,N,0.8,1,1,1,1
07/30/2025,09:00,N,0.69,1.03,0.98,1,0.98
07/30/2025,10:00,N,0.74,1.05,0.98,1,0.98
07/30/2025,11:00,N,1.08,0.92,0.75,0.94,0.75
07/30/2025,12:00,N,0.86,1.17,0.64,1,0.64
07/30/2025,13:00,N,0.72,1.41,0.59,1.03,0.59
07/30/2025,14:00,N,1.18,0.96,1,1.45,1
07/30/2025,15:00,N,2.29,1.93,1,1,1
07/30/2025,16:00,N,1.6,1.74,1.36,1.36,1.36
07/30/2025,17:00,N,3.51,2.4,0.98,1,1
07/30/2025,18:00,N,2.82,1.91,1,1,1
07/30/2025,19:00,N,3.58,2.83,1,1,1
07/30/2025,20:00,N,46.36,13.68,5.65,5.65,5.65
07/30/2025,21:00,N,8.22,89.73,136.42,18.62,136.42
07/30/2025,22:00,N,4.25,97.56,111.81,64.31,111.81
07/30/2025,23:00,N,2,21.27,20.81,18.15,20.81
07/30/2025,24:00,N,2.38,15,14.77,13.96,14.77
07/31/2025,01:00,N,0.71,1.36,1,1,1
07/31/2025,02:00,N,0.86,1.28,1,1,1
07/31/2025,03:00,N,0.66,0.84,0.48,0.48,0.04
07/31/2025,04:00,N,0.16,0.82,0.45,0.43,0.05
07/31/2025,05:00,N,0.43,0.5,0.44,0.44,0.04
07/31/2025,06:00,N,0.57,0.52,0.44,0.23,0.04
07/31/2025,07:00,N,0.79,1.5,1,1,0.05
07/31/2025,08:00,N,1.33,1.41,0.99,1.01,0.99
07/31/2025,09:00,N,1.25,1.11,1,1.01,1
07/31/2025,10:00,N,0.77,1.9,0.98,1,0.98
07/31/2025,11:00,N,1.49,0.99,0.75,0.94,0.75
07/31/2025,12:00,N,0.79,1.1,0.6,1,0.6
07/31/2025,13:00,N,0.69,1.36,0.64,1,0.64
07/31/2025,14:00,N,0.77,1.28,0.67,1.5,1
07/31/2025,15:00,N,1.42,1.47,0.85,0.99,0.92
07/31/2025,16:00,N,1.09,1.65,0.98,1,1
07/31/2025,17:00,N,2.1,1.61,0.96,1,1
07/31/2025,18:00,N,2.03,2.25,0.98,1,1
07/31/2025,19:00,N,1.59,3.95,0.75,0.99,0.75
07/31/2025,20:00,N,5.64,7.48,5,5,5
07/31/2025,21:00,N,2.31,25.26,39.14,9.39,39.14
07/31/2025,22:00,N,1.91,36.74,36.74,19.38,36.74
07/31/2025,23:00,N,1.18,16.83,16.17,16.17,16.17
07/31/2025,24:00,N,1.36,10.52,10.31,10.17,10.31
08/01/2025,01:00,N,1,1.58,1.04,1.04,1.04
08/01/2025,02:00,N,1,1.27,1,1,1
08/01/2025,03:00,N,1,1.34,0.97,0.97,0.97
08/01/2025,04:00,N,1,0.82,0.47,0.46,0.12
08/01/2025,05:00,N,0.81,0.81,0.44,0.42,0.13
08/01/2025,06:00,N,0.67,0.5,0.44,0.29,0.29
08/01/2025,07:00,N,0.97,1.69,1,1,0.37
08/01/2025,08:00,N,1.95,1.5,0.82,1,0.37
08/01/2025,09:00,N,0.71,1.16,0.98,0.98,0.98
08/01/2025,10:00,N,0.57,1.59,0.57,0.92,0.57
08/01/2025,11:00,N,1.41,0.98,0.57,0.57,0.57
08/01/2025,12:00,N,1.08,1.33,0.57,0.71,0.57
08/01/2025,13:00,N,0.7,1.63,0.51,0.95,0.51
08/01/2025,14:00,N,0.91,1.56,0.75,1,0.75
08/01/2025,15:00,N,1.66,1.46,0.84,0.96,0.84
08/01/2025,16:00,N,1.49,1.85,0.93,1,1
08/01/2025,17:00,N,2.16,1.95,0.87,1,1
08/01/2025,18:00,N,2.37,2.34,0.81,1,1
08/01/2025,19:00,N,1.74,3.71,0.66,0.66,0.66
08/01/2025,20:00,N,2.21,4.07,2.96,2,2.96
08/01/2025,21:00,N,2,1,15.22,2.69,15.22
08/01/2025,22:00,N,2.58,15.97,22.41,2.97,22.41
08/01/2025,23:00,N,1.5,17.4,16.62,12.5,16.62
08/01/2025,24:00,N,3.19,12.1,11.75,7.75,11.75
08/02/2025,01:00,N,1,2.32,1.93,1.93,1.93
08/02/2025,02:00,N,1,1.33,1,1,1
08/02/2025,03:00,N,1,1.12,0.95,0.95,0.95
08/02/2025,04:00,N,1,1.17,0.49,0.48,0.37
08/02/2025,05:00,N,0.87,0.84,0.5,0.49,0.13
08/02/2025,06:00,N,0.6,1.04,0.59,0.59,0.37
08/02/2025,07:00,N,1.17,1.71,1,1,0.37
08/02/2025,08:00,N,1.88,1.52,1,1,0.37
08/02/2025,09:00,N,1.43,1.14,1.05,1.05,1.05
08/02/2025,10:00,N,0.95,1.5,0.98,0.98,0.98
08/02/2025,11:00,N,1.24,1.2,0.54,0.54,0.54
08/02/2025,12:00,N,1.15,1.29,0.54,0.54,0.54
08/02/2025,13:00,N,0.61,1.45,0.5,0.5,0.5
08/02/2025,14:00,N,0.68,1.45,0.7,1,0.7
08/02/2025,15:00,N,1.5,1.66,1,1,1
08/02/2025,16:00,N,1.43,1.68,1,1,1
08/02/2025,17:00,N,1.83,2.08,1.17,1.17,1.17
08/02/2025,18:00,N,2.35,2.61,1.6,1.5,1.6
08/02/2025,19:00,N,1.83,2.98,1,0.97,1
08/02/2025,20:00,N,3.58,12.96,13.14,1.76,13.14
08/02/2025,21:00,N,2.8,14.69,16.82,5,16.82
08/02/2025,22:00,N,1.5,13.86,12.77,3.29,12.77
08/02/2025,23:00,N,1,9.43,8.79,5,8.79
08/02/2025,24:00,N,1,4.43,4.01,1.04,3.95
08/03/2025,01:00,N,0.9,1.3,0.94,0.92,0.06
08/03/2025,02:00,N,0.93,1.15,0.89,0.88,0.06
08/03/2025,03:00,N,0.94,0.7,0.51,0.45,0.06
08/03/2025,04:00,N,0.88,0.98,0.57,0.47,0.05
08/03/2025,05:00,N,0.64,0.83,0.5,0.49,0.05
08/03/2025,06:00,N,0.55,1.16,0.62,0.29,0.05
08/03/2025,07:00,N,0.9,1.87,1,1,0.05
08/03/2025,08:00,N,1.06,1.13,1,1,0.06
08/03/2025,09:00,N,0.58,1.07,1.01,1.01,1.01
08/03/2025,10:00,N,0.57,1.29,0.97,0.97,0.97
08/03/2025,11:00,N,1.09,0.9,0.57,0.57,0.57
08/03/2025,12:00,N,0.94,1.02,0.57,0.57,0.57
08/03/2025,13:00,N,0.69,1.29,0.5,0.5,0.5
08/03/2025,14:00,N,0.91,1.26,0.54,0.54,0.54
08/03/2025,15:00,N,1.31,1.38,0.84,0.84,0.84
08/03/2025,16:00,N,1.69,1.66,0.99,0.99,0.99
08/03/2025,17:00,N,2.58,1.99,1.49,1.02,1.49
08/03/2025,18:00,N,2.49,2.34,1.8,1.04,1.8
08/03/2025,19:00,N,2.16,2.58,1,1,1
08/03/2025,20:00,N,3.26,15.55,22.59,1.27,22.59
08/03/2025,21:00,N,4.94,13.16,21.94,1.05,21.94
08/03/2025,22:00,N,1.62,14.76,14.26,2,14.26
08/03/2025,23:00,N,1,6.99,6.39,5,6.39
08/03/2025,24:00,N,1,3.82,3.42,1.02,3.32
08/04/2025,01:00,N,0.85,1.2,0.75,0.74,0.37
08/04/2025,02:00,N,0.81,0.77,0.51,0.5,0.07
08/04/2025,03:00,N,0.88,0.92,0.43,0.43,0.06
08/04/2025,04:00,N,0.95,0.77,0.45,0.44,0.06
08/04/2025,05:00,N,0.67,0.8,0.47,0.46,0.06
08/04/2025,06:00,N,0.63,1.03,0.51,0.28,0.06
08/04/2025,07:00,N,0.96,1.4,1,1,0.06
08/04/2025,08:00,N,1.68,1,1,1,0.07
08/04/2025,09:00,N,0.74,1.08,1,1,1
08/04/2025,10:00,N,0.54,1.37,0.98,0.98,0.98
08/04/2025,11:00,N,1.73,1.08,0.56,0.56,0.56
08/04/2025,12:00,N,1.24,1.11,0.56,0.56,0.56
08/04/2025,13:00,N,0.87,1.31,0.51,0.51,0.51
08/04/2025,14:00,N,0.75,1.06,0.52,0.62,0.52
08/04/2025,15:00,N,1,1.21,0.53,0.69,0.53
08/04/2025,16:00,N,0.96,1.42,0.71,0.71,0.71
08/04/2025,17:00,N,1,1.81,1,1,1
08/04/2025,18:00,N,1.26,1.95,1,1,1
08/04/2025,19:00,N,1.25,1.8,0.69,0.69,0.69
08/04/2025,20:00,N,2.02,8.59,12.14,1.1,12.14
08/04/2025,21:00,N,2.83,9.27,9.27,2,9.27
08/04/2025,22:00,N,1.15,6.14,5.2,1.93,5.2
08/04/2025,23:00,N,1.41,5.03,4.29,2,4.29
08/04/2025,24:00,N,1.01,3.29,2.9,0.56,1
08/05/2025,01:00,N,0.89,1.18,0.79,0.24,0.07
08/05/2025,02:00,N,0.26,0.54,0.41,0.23,0.06
08/05/2025,03:00,N,0.84,0.66,0.41,0.24,0.06
08/05/2025,04:00,N,0.95,0.7,0.43,0.24,0.05
08/05/2025,05:00,N,0.8,0.78,0.44,0.24,0.05
08/05/2025,06:00,N,0.53,0.38,0.43,0.2,0.06
08/05/2025,07:00,N,1.15,1.5,1,1,0.06
08/05/2025,08:00,N,1.66,1,1,1,0.07
08/05/2025,09:00,N,1,1.34,1.25,1.25,1.25
08/05/2025,10:00,N,0.71,1.12,0.91,0.94,0.91
08/05/2025,11:00,N,0.86,0.92,0.64,0.64,0.64
08/05/2025,12:00,N,1.16,1.09,0.75,0.75,0.75
08/05/2025,13:00,N,1.08,0.78,0.51,0.51,0.51
08/05/2025,14:00,N,1.12,1.7,0.96,0.96,0.96
08/05/2025,15:00,N,1.35,1.95,1,1,1
08/05/2025,16:00,N,1.14,1.66,1,1,1
08/05/2025,17:00,N,3.41,2.25,1.1,0.99,1.1
08/05/2025,18:00,N,3.06,2.02,1.5,1,1.5
08/05/2025,19:00,N,1.64,1.99,0.96,0.96,0.96
08/05/2025,20:00,N,1.89,2.87,1.92,1.31,1.92
08/05/2025,21:00,N,0.96,7.16,9.68,2,9.68
08/05/2025,22:00,N,1.3,12.89,11.89,2,11.89
08/05/2025,23:00,N,1.36,4.98,3.91,1.03,3.91
08/05/2025,24:00,N,2,3.27,2.73,0.67,2.63
08/06/2025,01:00,N,0.8,1.26,1,0.23,0.07
08/06/2025,02:00,N,0.71,0.62,0.5,0.2,0.06
08/06/2025,03:00,N,0.71,0.57,0.39,0.23,0.06
08/06/2025,04:00,N,0.68,0.57,0.4,0.23,0.05
08/06/2025,05:00,N,0.59,0.56,0.42,0.23,0.05
08/06/2025,06:00,N,0.53,0.72,0.44,0.19,0.06
08/06/2025,07:00,N,1.02,1.27,1,1,0.05
08/06/2025,08:00,N,1.37,1,1,1,0.06
08/06/2025,09:00,N,1.04,1.24,1.14,1.04,1.14
08/06/2025,10:00,N,1,1.05,0.94,0.96,0.94
08/06/2025,11:00,N,1.02,0.9,0.64,0.64,0.64
08/06/2025,12:00,N,1.15,0.64,0.52,0.52,0.52
08/06/2025,13:00,N,0.91,0.87,0.5,0.49,0.5
08/06/2025,14:00,N,0.93,1.07,0.5,0.5,0.5
08/06/2025,15:00,N,1.1,1.23,0.68,0.68,0.68
08/06/2025,16:00,N,1,1.46,0.88,0.75,0.88
08/06/2025,17:00,N,1.13,1.48,1,0.64,1
08/06/2025,18:00,N,1.61,1.41,1,0.75,1
08/06/2025,19:00,N,0.95,1.49,0.75,0.53,0.75
08/06/2025,20:00,N,1.21,1.83,1.03,1.03,1.03
08/06/2025,21:00,N,0.91,5.15,8.58,3,8.58
08/06/2025,22:00,N,1.18,5.4,4.25,2.25,4.25
08/06/2025,23:00,N,2.12,3.75,3.09,1.05,3.09
08/06/2025,24:00,N,1.82,2.73,2.45,0.1,2
08/07/2025,01:00,N,0.91,1.31,1,0.22,0.07
08/07/2025,02:00,N,0.76,0.61,0.41,0.2,0.06
08/07/2025,03:00,N,0.68,0.57,0.41,0.22,0.06
08/07/2025,04:00,N,0.57,0.56,0.42,0.22,0.05
08/07/2025,05:00,N,0.58,0.57,0.44,0.22,0.05
08/07/2025,06:00,N,0.59,0.89,0.44,0.12,0.06
08/07/2025,07:00,N,1,1.28,0.97,0.99,0.06
08/07/2025,08:00,N,1.29,1,1,1,0.06
08/07/2025,09:00,N,1,1.03,1,1,1
08/07/2025,10:00,N,0.97,1,0.65,0.94,0.65
08/07/2025,11:00,N,0.98,0.81,0.5,0.5,0.5
08/07/2025,12:00,N,1.08,0.74,0.5,0.5,0.5
08/07/2025,13:00,N,0.96,0.8,0.47,0.47,0.47
08/07/2025,14:00,N,0.86,0.87,0.51,0.51,0.51
08/07/2025,15:00,N,0.77,0.89,0.51,0.51,0.51
08/07/2025,16:00,N,0.75,0.99,0.51,0.51,0.51
08/07/2025,17:00,N,1.12,1.24,0.75,0.75,0.75
08/07/2025,18:00,N,1.12,1.47,0.99,0.94,0.99
08/07/2025,19:00,N,0.83,1.74,0.75,0.75,0.75
08/07/2025,20:00,N,1.56,2.5,1.5,1.05,1.5
08/07/2025,21:00,N,1.48,1,13.26,4.02,13.26
08/07/2025,22:00,N,1.8,8.52,8.52,3.62,8.52
08/07/2025,23:00,N,1.04,5.15,4.52,3.82,4.52
08/07/2025,24:00,N,1.01,2.8,2.48,0.92,2.48
08/08/2025,01:00,N,0.93,1.37,1,0.21,0.07
08/08/2025,02:00,N,0.8,0.7,0.46,0.2,0.06
08/08/2025,03:00,N,0.57,0.54,0.39,0.21,0.06
08/08/2025,04:00,N,0.75,0.57,0.4,0.21,0.05
08/08/2025,05:00,N,0.68,0.62,0.42,0.21,0.05
08/08/2025,06:00,N,0.63,0.95,0.44,0.11,0.06
08/08/2025,07:00,N,0.99,0.87,0.56,0.97,0.06
08/08/2025,08:00,N,1,1,1,1,0.06
08/08/2025,09:00,N,1.01,1.16,1.04,1.04,1.04
08/08/2025,10:00,N,0.88,1.03,0.86,1,0.86
08/08/2025,11:00,N,0.88,0.67,0.5,0.5,0.5
08/08/2025,12:00,N,0.95,0.76,0.5,0.5,0.5
08/08/2025,13:00,N,0.68,0.8,0.44,0.46,0.44
08/08/2025,14:00,N,1.36,1.01,0.5,0.5,0.5
08/08/2025,15:00,N,1.45,1,0.5,0.5,0.5
08/08/2025,16:00,N,1.06,1.02,0.63,0.63,0.63
08/08/2025,17:00,N,2.18,1.48,0.75,0.74,0.75
08/08/2025,18:00,N,2.47,1.31,0.92,0.92,0.92
08/08/2025,19:00,N,1.56,1.46,0.54,0.56,0.54
08/08/2025,20:00,N,1.2,2.44,1.41,1.02,1.41
08/08/2025,21:00,N,1.45,8.01,10,2,10
08/08/2025,22:00,N,2.18,9.72,9.47,2.84,9.47
08/08/2025,23:00,N,1.22,5.72,4.98,3.2,4.98
08/08/2025,24:00,N,1.09,2.66,1.99,0.21,1
08/09/2025,01:00,N,0.74,0.86,0.51,0.2,0.06
08/09/2025,02:00,N,0.79,0.72,0.5,0.2,0.06
08/09/2025,03:00,N,0.56,0.55,0.37,0.2,0.05
08/09/2025,04:00,N,0.71,0.63,0.38,0.2,0.05
08/09/2025,05:00,N,0.58,0.6,0.4,0.2,0.05
08/09/2025,06:00,N,0.17,0.39,0.31,0.29,0.07
08/09/2025,07:00,N,0.79,0.81,0.53,1,0.07
08/09/2025,08:00,N,1.04,1.25,1,1,0.37
08/09/2025,09:00,N,1.22,1.22,1.14,1.14,1.14
08/09/2025,10:00,N,0.91,1,0.69,0.94,0.69
08/09/2025,11:00,N,0.91,0.84,0.5,0.5,0.5
08/09/2025,12:00,N,1.21,0.76,0.5,0.5,0.5
08/09/2025,13:00,N,0.73,0.64,0.44,0.44,0.44
08/09/2025,14:00,N,0.81,0.89,0.44,0.49,0.44
08/09/2025,15:00,N,0.71,0.96,0.49,0.49,0.49
08/09/2025,16:00,N,0.77,0.97,0.49,0.49,0.49
08/09/2025,17:00,N,0.81,1.14,0.5,0.49,0.5
08/09/2025,18:00,N,0.98,1,0.5,0.45,0.5
08/09/2025,19:00,N,0.69,1.48,0.47,0.47,0.47
08/09/2025,20:00,N,2.31,1.69,0.99,0.99,0.99
08/09/2025,21:00,N,1.5,4,4,1.35,4
08/09/2025,22:00,N,2,5.26,5.26,1.8,5.26
08/09/2025,23:00,N,1.01,3.68,3.04,1,3.04
08/09/2025,24:00,N,1.14,2.51,1.61,0.2,1.61
08/10/2025,01:00,N,0,0.54,0.34,0.19,0.06
08/10/2025,02:00,N,0.96,0.81,0.5,0.19,0.06
08/10/2025,03:00,N,0.85,0.59,0.34,0.19,0.05
08/10/2025,04:00,N,0.92,0.57,0.35,0.19,0.05
08/10/2025,05:00,N,0.77,0.76,0.37,0.2,0.05
08/10/2025,06:00,N,0.18,0.48,0.38,0.1,0.05
08/10/2025,07:00,N,0.96,1.24,0.68,0.85,0.05
08/10/2025,08:00,N,1.31,1.41,0.99,0.99,0.06
08/10/2025,09:00,N,1.23,1.08,1,1,1
08/10/2025,10:00,N,1,0.99,0.5,0.86,0.5
08/10/2025,11:00,N,0.56,0.95,0.5,0.5,0.5
08/10/2025,12:00,N,1.24,0.98,0.5,0.5,0.5
08/10/2025,13:00,N,0.83,0.87,0.44,0.43,0.44
08/10/2025,14:00,N,0.89,0.95,0.44,0.44,0.44
08/10/2025,15:00,N,0.85,1,0.44,0.44,0.44
08/10/2025,16:00,N,0.77,1.14,0.44,0.44,0.44
08/10/2025,17:00,N,0.96,1.2,0.5,0.48,0.5
08/10/2025,18:00,N,0.9,1.19,0.5,0.48,0.5
08/10/2025,19:00,N,1,1.95,0.5,0.5,0.5
08/10/2025,20:00,N,2.1,2.48,1.5,1,1.5
08/10/2025,21:00,N,2,1.74,9.02,2,9.02
08/10/2025,22:00,N,2.11,12.98,12.98,3,12.98
08/10/2025,23:00,N,1.5,5.56,4.79,1.05,4.79
08/10/2025,24:00,N,1.47,2.8,1.55,0.19,1
08/11/2025,01:00,N,1,1.46,1,0.89,0.07
08/11/2025,02:00,N,1,1.06,0.61,0.54,0.06
08/11/2025,03:00,N,0.81,0.73,0.35,0.35,0.06
08/11/2025,04:00,N,1,0.65,0.36,0.2,0.05
08/11/2025,05:00,N,0.94,0.8,0.38,0.23,0.05
08/11/2025,06:00,N,0.75,1,0.39,0.1,0.06
08/11/2025,07:00,N,0.91,0.51,0.51,1,0.07
08/11/2025,08:00,N,1.37,1,0.51,1,0.11
08/11/2025,09:00,N,2.55,0.74,0.63,0.97,0.63
08/11/2025,10:00,N,0.64,0.68,0.51,0.51,0.51
08/11/2025,11:00,N,1.49,0.85,0.5,0.5,0.5
08/11/2025,12:00,N,1.41,1.25,0.5,0.5,0.5
08/11/2025,13:00,N,1.38,1.07,0.5,0.5,0.5
08/11/2025,14:00,N,1.47,1.29,0.51,0.93,0.51
08/11/2025,15:00,N,1.41,1.6,0.61,0.61,0.61
08/11/2025,16:00,N,1.1,2.1,0.86,0.92,0.92
08/11/2025,17:00,N,1.03,1.66,0.73,0.96,1
08/11/2025,18:00,N,1.39,2,0.65,1,1
08/11/2025,19:00,N,1.63,4.61,0.5,0.51,0.51
08/11/2025,20:00,N,9.55,8.64,4.7,1,4.7
08/11/2025,21:00,N,5,13.72,16.66,2,16.66
08/11/2025,22:00,N,4,18.11,19.09,8.52,19.09
08/11/2025,23:00,N,1.73,11.85,11.09,11.07,11.09
08/11/2025,24:00,N,2.28,4.54,4.24,1.04,4.24
08/12/2025,01:00,N,1,1.92,1.33,1.33,1.33
08/12/2025,02:00,N,0.96,1.22,1,1,1
08/12/2025,03:00,N,1.17,1,0.37,0.37,0.37
08/12/2025,04:00,N,1,0.71,0.38,0.2,0.07
08/12/2025,05:00,N,0.89,0.62,0.39,0.22,0.07
08/12/2025,06:00,N,0.73,0.82,0.41,0.13,0.1
08/12/2025,07:00,N,1.13,1.2,0.51,0.97,0.11
08/12/2025,08:00,N,1.67,0.53,0.53,1,0.15
08/12/2025,09:00,N,1.99,0.62,0.55,0.95,0.55
08/12/2025,10:00,N,0.54,1.34,0.5,0.82,0.5
08/12/2025,11:00,N,1.35,0.84,0.5,0.5,0.5
08/12/2025,12:00,N,1.05,1,0.5,0.5,0.5
08/12/2025,13:00,N,1,0.96,0.48,0.49,0.48
08/12/2025,14:00,N,1.13,1.08,0.5,0.72,0.5
08/12/2025,15:00,N,0.87,1.27,0.51,0.76,0.51
08/12/2025,16:00,N,0.89,1.95,0.98,0.99,0.99
08/12/2025,17:00,N,1.17,1.66,0.98,1,1
08/12/2025,18:00,N,1.32,2.09,0.98,1.13,1.13
08/12/2025,19:00,N,2.6,4.51,0.62,0.62,0.62
08/12/2025,20:00,N,6.11,12.9,10,1.8,10
08/12/2025,21:00,N,7.2,29.15,28.3,4.17,28.3
08/12/2025,22:00,N,3.32,53.2,53.2,12.51,53.2
08/12/2025,23:00,N,1.95,20.47,20,15,20
08/12/2025,24:00,N,1.99,9.66,9.53,9.39,9.53
08/13/2025,01:00,N,1.34,2.25,1.79,1.65,1.79
08/13/2025,02:00,N,1.01,1.91,1,1,1
08/13/2025,03:00,N,1,0.88,0.55,0.55,0.55
08/13/2025,04:00,N,1,0.71,0.5,0.5,0.5
08/13/2025,05:00,N,1,0.79,0.44,0.44,0.44
08/13/2025,06:00,N,1,0.93,0.43,0.43,0.43
08/13/2025,07:00,N,1.6,0.55,1,1.04,1
08/13/2025,08:00,N,2.18,1.13,1.01,1.13,1.01
08/13/2025,09:00,N,1.85,1.06,1.04,1.04,1.04
08/13/2025,10:00,N,1,1.5,0.95,0.95,0.95
08/13/2025,11:00,N,1.49,1.01,0.5,0.5,0.5
08/13/2025,12:00,N,1.71,1,0.5,0.5,0.5
08/13/2025,13:00,N,1,1,0.5,0.5,0.5
08/13/2025,14:00,N,1.49,1.17,0.5,0.97,0.5
08/13/2025,15:00,N,1.25,2.14,0.51,0.96,0.51
08/13/2025,16:00,N,1.39,2.77,0.98,0.98,0.98
08/13/2025,17:00,N,1.97,2.71,0.98,1,1
08/13/2025,18:00,N,2.35,3.5,0.98,1.13,1.13
08/13/2025,19:00,N,1.99,3.92,0.52,0.52,0.52
08/13/2025,20:00,N,3.47,22.23,19.57,1.99,19.57
08/13/2025,21:00,N,7.34,9.8,11.76,4.32,11.76
08/13/2025,22:00,N,2.99,14.59,14.14,12.63,14.14
08/13/2025,23:00,N,1.69,12.03,11.58,10.58,11.58
08/13/2025,24:00,N,2.13,6.07,5.8,3.91,5.8
08/14/2025,01:00,N,1,1.3,1,0.94,0.37
08/14/2025,02:00,N,1,1.04,0.79,0.76,0.06
08/14/2025,03:00,N,0.98,0.88,0.5,0.35,0.06
08/14/2025,04:00,N,1,0.64,0.38,0.35,0.05
08/14/2025,05:00,N,0.8,0.91,0.4,0.35,0.05
08/14/2025,06:00,N,0.68,0.77,0.41,0.27,0.06
08/14/2025,07:00,N,1.1,0.93,0.53,0.99,0.06
08/14/2025,08:00,N,1.5,1.25,1,1,0.06
08/14/2025,09:00,N,1.13,1.04,1.01,1.01,1.01
08/14/2025,10:00,N,0.49,0.85,0.51,0.53,0.51
08/14/2025,11:00,N,0.8,0.66,0.5,0.5,0.5
08/14/2025,12:00,N,1.07,0.81,0.5,0.5,0.5
08/14/2025,13:00,N,0.88,0.99,0.49,0.49,0.49
08/14/2025,14:00,N,1.06,1.03,0.51,0.64,0.51
08/14/2025,15:00,N,0.95,1.55,0.95,0.95,0.95
08/14/2025,16:00,N,0.92,1.61,0.97,0.97,0.97
08/14/2025,17:00,N,1.28,1.55,0.99,1.01,1.01
08/14/2025,18:00,N,1.77,1.82,1,1.02,1.02
08/14/2025,19:00,N,1.22,2.3,0.51,0.51,0.51
08/14/2025,20:00,N,2.09,8.42,4.99,2.52,4.99
08/14/2025,21:00,N,7.06,7.84,7.84,5,7.84
08/14/2025,22:00,N,3.08,7.44,7.04,5.6,7.04
08/14/2025,23:00,N,1.11,4.09,3.79,2.58,3.79
08/14/2025,24:00,N,1.5,2.97,2.58,0.71,1
08/15/2025,01:00,N,0.9,1.17,1,0.93,0.06
08/15/2025,02:00,N,0.83,0.85,0.49,0.47,0.06
08/15/2025,03:00,N,0.9,0.51,0.36,0.29,0.05
08/15/2025,04:00,N,0.7,0.48,0.37,0.3,0.05
08/15/2025,05:00,N,0.61,0.61,0.39,0.32,0.05
08/15/2025,06:00,N,0.49,0.75,0.41,0.25,0.05
08/15/2025,07:00,N,0.75,1.41,0.88,1,0.07
08/15/2025,08:00,N,1.3,1.5,1,1,0.5
08/15/2025,09:00,N,1,1.05,1.02,1.02,1.02
08/15/2025,10:00,N,0.46,1.13,1,1,1
08/15/2025,11:00,N,0.65,0.66,0.49,0.5,0.5
08/15/2025,12:00,N,0.75,0.78,0.5,0.5,0.5
08/15/2025,13:00,N,0.5,0.76,0.49,0.49,0.49
08/15/2025,14:00,N,0.78,0.88,0.5,0.52,0.5
08/15/2025,15:00,N,0.78,1,0.5,0.5,0.5
08/15/2025,16:00,N,0.84,1.15,0.5,0.5,0.5
08/15/2025,17:00,N,1.99,1.36,0.89,0.89,0.89
08/15/2025,18:00,N,3,1.39,0.96,0.96,0.96
08/15/2025,19:00,N,1.39,1.33,0.5,0.5,0.5
08/15/2025,20:00,N,1.3,3.46,2.5,1.35,2.5
08/15/2025,21:00,N,2.6,3.82,3.82,1.8,3.82
08/15/2025,22:00,N,2.5,4.88,4.67,2.92,4.67
08/15/2025,23:00,N,1,3.11,2.78,1.78,2.78
08/15/2025,24:00,N,1.27,1.42,1,0.21,1
08/16/2025,01:00,N,1,1.15,0.94,0.92,0.06
08/16/2025,02:00,N,0.73,0.7,0.37,0.37,0.06
08/16/2025,03:00,N,0.71,0.57,0.3,0.28,0.05
08/16/2025,04:00,N,0.78,0.5,0.3,0.29,0.05
08/16/2025,05:00,N,0.44,0.52,0.3,0.3,0.05
08/16/2025,06:00,N,0.41,0.79,0.3,0.28,0.25
08/16/2025,07:00,N,0.6,1.03,0.49,1,0.25
08/16/2025,08:00,N,1.12,1,0.68,1,0.25
08/16/2025,09:00,N,1.01,0.99,1,1,1
08/16/2025,10:00,N,0.51,0.85,0.57,0.99,0.57
08/16/2025,11:00,N,0.55,0.95,0.64,0.72,0.64
08/16/2025,12:00,N,0.45,0.93,0.49,0.49,0.49
08/16/2025,13:00,N,0.42,0.83,0.44,0.44,0.44
08/16/2025,14:00,N,1.05,0.96,0.45,0.49,0.45
08/16/2025,15:00,N,0.84,1.07,0.47,0.47,0.47
08/16/2025,16:00,N,0.85,1.05,0.5,0.5,0.5
08/16/2025,17:00,N,1.97,1.32,0.89,0.94,0.94
08/16/2025,18:00,N,2.67,1.32,0.96,0.96,0.96
08/16/2025,19:00,N,1.75,1.55,0.64,0.64,0.64
08/16/2025,20:00,N,0.64,5.45,4.95,1.35,4.95
08/16/2025,21:00,N,4.21,2.94,4.99,3.11,4.99
08/16/2025,22:00,N,2.96,6.31,6.3,4.35,6.3
08/16/2025,23:00,N,1.18,4.14,3.9,3.55,3.9
08/16/2025,24:00,N,1.31,1.95,1.5,1,1.5
08/17/2025,01:00,N,0.46,0.6,0.5,0.48,0.06
08/17/2025,02:00,N,0.26,0.77,0.3,0.23,0.06
08/17/2025,03:00,N,0.73,0.53,0.3,0.27,0.06
08/17/2025,04:00,N,0.66,0.56,0.3,0.08,0.05
08/17/2025,05:00,N,0.36,0.73,0.3,0.08,0.05
08/17/2025,06:00,N,0.32,0.35,0.29,0.07,0.05
08/17/2025,07:00,N,0.54,1,0.49,0.5,0.05
08/17/2025,08:00,N,1.07,1,0.95,0.95,0.06
08/17/2025,09:00,N,1,1.03,1,0.99,1
08/17/2025,10:00,N,0.48,0.83,0.49,0.92,0.49
08/17/2025,11:00,N,0.72,0.7,0.49,0.5,0.49
08/17/2025,12:00,N,0.74,0.77,0.48,0.48,0.48
08/17/2025,13:00,N,0.46,0.78,0.44,0.37,0.44
08/17/2025,14:00,N,0.67,0.85,0.44,0.44,0.44
08/17/2025,15:00,N,0.5,0.9,0.46,0.46,0.46
08/17/2025,16:00,N,0.52,1,0.5,0.5,0.5
08/17/2025,17:00,N,1.01,1.29,0.98,0.98,0.98
08/17/2025,18:00,N,1.36,1.57,1,1,1
08/17/2025,19:00,N,1.29,1.51,0.63,0.63,0.63
08/17/2025,20:00,N,1.25,3.15,2.99,1.02,2.99
08/17/2025,21:00,N,2.07,8.32,13.22,2.11,13.22
08/17/2025,22:00,N,2.74,12.14,13.64,10.64,13.64
08/17/2025,23:00,N,1.06,5.34,5,3.49,5
08/17/2025,24:00,N,1.5,3.3,3.12,3.09,3.12
08/18/2025,01:00,N,1,1.16,1,0.47,0.06
08/18/2025,02:00,N,0.93,1.05,0.66,0.26,0.06
08/18/2025,03:00,N,0.97,0.66,0.3,0.3,0.06
08/18/2025,04:00,N,1,0.64,0.27,0.1,0.05
08/18/2025,05:00,N,0.59,0.94,0.3,0.1,0.05
08/18/2025,06:00,N,0.5,1.02,0.29,0.1,0.07
08/18/2025,07:00,N,0.83,1,0.44,0.93,0.07
08/18/2025,08:00,N,1.8,1.14,1,1,0.12
08/18/2025,09:00,N,2,1.06,0.98,0.98,0.98
08/18/2025,10:00,N,0.94,1,0.5,0.52,0.5
08/18/2025,11:00,N,1.15,0.9,0.5,0.5,0.5
08/18/2025,12:00,N,1.1,0.98,0.49,0.49,0.49
08/18/2025,13:00,N,0.7,0.97,0.44,0.5,0.44
08/18/2025,14:00,N,0.94,1.03,0.49,0.69,0.49
08/18/2025,15:00,N,0.7,1.25,0.5,0.5,0.5
08/18/2025,16:00,N,0.81,1.49,0.64,0.69,0.64
08/18/2025,17:00,N,1.57,1.57,0.84,1,1
08/18/2025,18:00,N,2.32,1.67,0.89,1,1
08/18/2025,19:00,N,3.57,4.4,0.5,0.5,0.5
08/18/2025,20:00,N,3.1,34.92,53.51,2.45,53.51
08/18/2025,21:00,N,27.28,8.17,46.17,8.17,46.17
08/18/2025,22:00,N,3,23.72,23.27,17.85,23.27
08/18/2025,23:00,N,1.61,15.56,15.04,14.74,15.04
08/18/2025,24:00,N,2.57,9.42,9.09,9.09,9.09
08/19/2025,01:00,N,1.05,1.79,1.36,1.36,1.36
08/19/2025,02:00,N,1,1.28,1.01,1.01,1.01
08/19/2025,03:00,N,1,1.27,1,1,1
08/19/2025,04:00,N,1,0.81,0.5,0.5,0.5
08/19/2025,05:00,N,0.86,1,0.47,0.47,0.47
08/19/2025,06:00,N,1,0.91,0.37,0.37,0.37
08/19/2025,07:00,N,1.13,1.54,0.89,1.04,0.89
08/19/2025,08:00,N,2.32,1.03,1,1.03,0.5
08/19/2025,09:00,N,2.2,1.12,1.05,1.05,1.05
08/19/2025,10:00,N,1.49,1.46,0.5,1,0.5
08/19/2025,11:00,N,1.49,1.1,0.63,0.88,0.64
08/19/2025,12:00,N,1.42,1.12,0.5,0.94,0.5
08/19/2025,13:00,N,0.86,1.18,0.5,0.97,0.5
08/19/2025,14:00,N,1.75,1.36,0.5,1.03,0.5
08/19/2025,15:00,N,1.27,2,0.5,0.96,0.5
08/19/2025,16:00,N,1.26,2.37,0.89,1,1
08/19/2025,17:00,N,2.14,2.26,1,1.26,1.15
08/19/2025,18:00,N,3.77,2.82,0.89,1.94,1.94
08/19/2025,19:00,N,8.5,8.43,0.94,0.94,0.94
08/19/2025,20:00,N,22.71,35.63,35.85,2.93,35.85
08/19/2025,21:00,N,16.36,68.5,100,9.94,100
08/19/2025,22:00,N,6.17,130.86,130.86,43.38,130.86
08/19/2025,23:00,N,1.64,20.76,20.27,19.97,20.27
08/19/2025,24:00,N,2,15.14,14.86,14.86,14.86
08/20/2025,01:00,N,1,1.88,1.6,1.6,1.6
08/20/2025,02:00,N,1.19,1.29,1,1,1
08/20/2025,03:00,N,1.4,1.38,1,1,1
08/20/2025,04:00,N,1.62,1.29,0.94,0.94,0.94
08/20/2025,05:00,N,1,1.46,0.97,0.97,0.97
08/20/2025,06:00,N,1,1.71,1,1,1
08/20/2025,07:00,N,1.14,2.29,0.89,2.54,0.89
08/20/2025,08:00,N,5.5,3.99,1,3.99,1
08/20/2025,09:00,N,2.24,2.06,2,2,2
08/20/2025,10:00,N,1.49,1.67,0.89,1,0.89
08/20/2025,11:00,N,1.24,1.07,0.57,0.93,0.58
08/20/2025,12:00,N,1.64,0.95,0.49,0.5,0.49
08/20/2025,13:00,N,0.75,1,0.49,0.69,0.49
08/20/2025,14:00,N,1.14,1.16,0.5,1,0.5
08/20/2025,15:00,N,0.91,1.47,0.5,0.94,0.5
08/20/2025,16:00,N,1.04,2.16,1,1,1
08/20/2025,17:00,N,2.07,2.13,0.89,1,1
08/20/2025,18:00,N,2.42,3.06,1,1.3,1.3
08/20/2025,19:00,N,2.39,4.37,1,0.93,1
08/20/2025,20:00,N,1.66,14.94,12.64,1.79,12.64
08/20/2025,21:00,N,21.06,10.18,19.91,5,19.91
08/20/2025,22:00,N,3,24.43,23.59,15.09,23.59
08/20/2025,23:00,N,1,16.29,15.54,15.54,15.54
08/20/2025,24:00,N,1,10.88,10.41,10.41,10.41
08/21/2025,01:00,N,1.37,1.46,1.04,1.04,1.04
08/21/2025,02:00,N,1,1.35,1.02,1.02,1.02
08/21/2025,03:00,N,1,1.83,1,1,1
08/21/2025,04:00,N,1,1,0.61,0.95,0.61
08/21/2025,05:00,N,0.93,1.18,0.56,0.75,0.56
08/21/2025,06:00,N,0.94,1.65,0.85,0.85,0.85
08/21/2025,07:00,N,1.39,0.99,1,1.6,1
08/21/2025,08:00,N,2.28,1,1,2,1
08/21/2025,09:00,N,1,1.6,1.55,1.55,1.55
08/21/2025,10:00,N,0.54,1.67,0.59,0.97,0.59
08/21/2025,11:00,N,1.25,0.97,0.5,0.52,0.5
08/21/2025,12:00,N,1.54,0.9,0.44,0.5,0.44
08/21/2025,13:00,N,0.92,1,0.44,0.44,0.44
08/21/2025,14:00,N,1.39,1,0.44,0.5,0.44
08/21/2025,15:00,N,0.93,1.46,0.5,0.96,0.5
08/21/2025,16:00,N,0.85,1.92,0.5,0.99,0.73
08/21/2025,17:00,N,1.68,2,0.5,1.01,1
08/21/2025,18:00,N,2.09,2.2,0.52,1,1
08/21/2025,19:00,N,2.52,2.8,0.63,0.65,0.64
08/21/2025,20:00,N,1.75,9.31,4.97,1.43,4.97
08/21/2025,21:00,N,11.1,18.64,18.64,2.35,18.64
08/21/2025,22:00,N,3.29,19.45,19,5,19
08/21/2025,23:00,N,2.25,15.45,14.48,12.5,14.48
08/21/2025,24:00,N,2.31,9.49,9,8.75,9
08/22/2025,01:00,N,1.17,1.95,1.02,1.02,1.02
08/22/2025,02:00,N,1,1.59,1,1,1
08/22/2025,03:00,N,1,1.32,1,1,1
08/22/2025,04:00,N,1,1.09,0.61,0.61,0.61
08/22/2025,05:00,N,1,1.13,0.5,0.58,0.5
08/22/2025,06:00,N,1.11,1.11,0.61,0.61,0.61
08/22/2025,07:00,N,1.56,1,1,1.04,1
08/22/2025,08:00,N,5.52,1,1,1.05,1
08/22/2025,09:00,N,1.53,1.98,1.9,1.9,1.9
08/22/2025,10:00,N,0.73,1.04,0.89,1,0.89
08/22/2025,11:00,N,1.02,1,0.5,0.92,0.5
08/22/2025,12:00,N,1.23,0.95,0.44,0.69,0.44
08/22/2025,13:00,N,0.99,0.95,0.44,0.44,0.44
08/22/2025,14:00,N,1.22,1,0.44,0.44,0.44
08/22/2025,15:00,N,1,1.3,0.44,0.44,0.44
08/22/2025,16:00,N,0.82,1.85,0.49,0.49,0.49
08/22/2025,17:00,N,1.43,1.86,0.5,0.5,0.5
08/22/2025,18:00,N,1.86,1.92,0.84,0.93,0.85
08/22/2025,19:00,N,1.66,2.16,0.49,0.54,0.49
08/22/2025,20:00,N,1.68,4.23,2.18,1.23,2.18
08/22/2025,21:00,N,6.33,4,4,1.62,4
08/22/2025,22:00,N,1.86,10.7,10.7,8.7,10.7
08/22/2025,23:00,N,1.15,9.7,9.24,8.5,9.24
08/22/2025,24:00,N,2.18,6.35,5.84,5.18,5.84
08/23/2025,01:00,N,1,1.65,1,0.92,0.35
08/23/2025,02:00,N,1,0.97,0.5,0.31,0.13
08/23/2025,03:00,N,1,1.1,0.5,0.47,0.12
08/23/2025,04:00,N,1,0.98,0.37,0.23,0.07
08/23/2025,05:00,N,0.89,1,0.34,0.23,0.12
08/23/2025,06:00,N,0.73,0.96,0.25,0.25,0.13
08/23/2025,07:00,N,1.02,1.5,0.89,1,0.14
08/23/2025,08:00,N,2.25,1.42,1,1,0.17
08/23/2025,09:00,N,2.1,1.11,1,1,1
08/23/2025,10:00,N,0.94,0.62,0.5,0.92,0.5
08/23/2025,11:00,N,1.49,0.64,0.5,0.5,0.5
08/23/2025,12:00,N,1.08,0.95,0.49,0.49,0.49
08/23/2025,13:00,N,0.76,0.96,0.37,0.37,0.37
08/23/2025,14:00,N,1.04,1,0.44,0.48,0.44
08/23/2025,15:00,N,0.85,1.31,0.44,0.44,0.44
08/23/2025,16:00,N,0.62,1.65,0.44,0.44,0.44
08/23/2025,17:00,N,1,1.57,0.44,0.44,0.44
08/23/2025,18:00,N,1.49,1.33,0.49,0.49,0.49
08/23/2025,19:00,N,1.86,2.47,0.49,0.49,0.49
08/23/2025,20:00,N,2.58,4.53,3,1.22,3
08/23/2025,21:00,N,6.83,0.72,7,5,7
08/23/2025,22:00,N,2,7.07,8.81,6.81,8.81
08/23/2025,23:00,N,1.42,7.5,7.5,6.31,7.5
08/23/2025,24:00,N,2,3.68,2.99,1.75,2.99
08/24/2025,01:00,N,1,1.95,1.22,0.96,1.22
08/24/2025,02:00,N,1,1.37,0.89,0.89,0.89
08/24/2025,03:00,N,1,1.61,0.77,0.77,0.77
08/24/2025,04:00,N,1,0.85,0.3,0.22,0.05
08/24/2025,05:00,N,0.96,1.05,0.26,0.22,0.06
08/24/2025,06:00,N,0.73,0.89,0.27,0.21,0.05
08/24/2025,07:00,N,1.06,1.47,0.75,0.95,0.05
08/24/2025,08:00,N,2.86,1.43,0.99,0.99,0.06
08/24/2025,09:00,N,1,1.11,1,1,1
08/24/2025,10:00,N,0.94,0.81,0.49,0.85,0.49
08/24/2025,11:00,N,1,0.74,0.49,0.49,0.49
08/24/2025,12:00,N,1.23,0.8,0.44,0.44,0.44
08/24/2025,13:00,N,0.7,0.77,0.36,0.36,0.36
08/24/2025,14:00,N,1.13,0.97,0.44,0.44,0.44
08/24/2025,15:00,N,0.88,1.17,0.43,0.43,0.43
08/24/2025,16:00,N,0.7,1.43,0.49,0.69,0.64
08/24/2025,17:00,N,1.11,1.67,0.49,1,1
08/24/2025,18:00,N,1.45,1.5,0.49,1,1
08/24/2025,19:00,N,2.25,2.46,0.5,0.5,0.5
08/24/2025,20:00,N,3.04,7.74,6.64,1.22,6.64
08/24/2025,21:00,N,4.63,10.93,10.93,4.73,10.93
08/24/2025,22:00,N,2.32,9.59,18.05,16.05,18.05
08/24/2025,23:00,N,1.56,8.56,8.03,6.21,8.03
08/24/2025,24:00,N,1,3.89,2.99,1.66,2.99
08/25/2025,01:00,N,0.99,1.48,1,0.92,0.07
08/25/2025,02:00,N,0.97,0.85,0.49,0.47,0.06
08/25/2025,03:00,N,0.67,0.65,0.37,0.37,0.06
08/25/2025,04:00,N,0.71,0.71,0.3,0.24,0.05
08/25/2025,05:00,N,0.61,0.61,0.25,0.25,0.05
08/25/2025,06:00,N,0.53,0.75,0.26,0.26,0.06
08/25/2025,07:00,N,0.84,1.22,0.61,1,0.07
08/25/2025,08:00,N,1.56,1,0.8,1,0.11
08/25/2025,09:00,N,1.47,1.03,1,1,1
08/25/2025,10:00,N,0.75,0.55,0.49,0.94,0.49
08/25/2025,11:00,N,1.39,0.99,0.74,0.74,0.74
08/25/2025,12:00,N,1.5,0.94,0.5,0.5,0.5
08/25/2025,13:00,N,0.81,0.96,0.44,0.44,0.44
08/25/2025,14:00,N,1.64,1.23,0.49,0.5,0.49
08/25/2025,15:00,N,0.87,0.5,0.49,0.5,0.49
08/25/2025,16:00,N,1.4,1.66,0.62,0.93,0.62
08/25/2025,17:00,N,1.58,1.76,0.91,1,0.93
08/25/2025,18:00,N,1.92,1.65,0.9,1,1
08/25/2025,19:00,N,2.64,1.95,0.53,0.54,0.54
08/25/2025,20:00,N,3.58,16.1,18.06,1.01,18.06
08/25/2025,21:00,N,6.91,18.13,20.09,3,20.09
08/25/2025,22:00,N,2.29,10.16,9.21,8.2,9.21
08/25/2025,23:00,N,1.15,5.82,5,4.19,5
08/25/2025,24:00,N,1,3.01,1.96,0.96,0.44
08/26/2025,01:00,N,0.69,1.34,1,0.94,0.07
08/26/2025,02:00,N,0.8,0.67,0.4,0.39,0.07
08/26/2025,03:00,N,1,0.59,0.3,0.29,0.06
08/26/2025,04:00,N,1,0.49,0.25,0.24,0.05
08/26/2025,05:00,N,0.81,0.81,0.25,0.24,0.06
08/26/2025,06:00,N,0.63,0.77,0.26,0.25,0.06
08/26/2025,07:00,N,1.01,1,0.44,1,0.1
08/26/2025,08:00,N,2,0.94,0.94,1,0.11
08/26/2025,09:00,N,1.26,1,1,1,1
08/26/2025,10:00,N,0.45,0.74,0.49,0.94,0.49
08/26/2025,11:00,N,0.98,0.86,0.73,0.73,0.73
08/26/2025,12:00,N,1.12,1,0.5,0.5,0.5
08/26/2025,13:00,N,0.95,1,0.44,0.43,0.44
08/26/2025,14:00,N,1.17,1,0.49,0.69,0.49
08/26/2025,15:00,N,1.07,1.31,0.49,0.82,0.5
08/26/2025,16:00,N,0.89,1.81,0.5,0.95,0.5
08/26/2025,17:00,N,1.28,1.86,0.72,1,1
08/26/2025,18:00,N,1.4,1.52,0.85,1,1
08/26/2025,19:00,N,1.5,1.67,0.75,0.76,0.76
08/26/2025,20:00,N,2.4,3.27,2.94,1.04,2.94
08/26/2025,21:00,N,7.16,1,5.95,1.36,5.95
08/26/2025,22:00,N,1.35,5.91,5.46,3.85,5.46
08/26/2025,23:00,N,1,4.35,1.38,1.31,1.38
08/26/2025,24:00,N,1,3.5,2.4,0.71,1
08/27/2025,01:00,N,0.71,1.2,0.9,0.89,0.07
08/27/2025,02:00,N,0.69,0.51,0.3,0.29,0.07
08/27/2025,03:00,N,0.84,1.01,0.3,0.29,0.06
08/27/2025,04:00,N,0.56,0.66,0.24,0.23,0.06
08/27/2025,05:00,N,0.74,0.6,0.24,0.24,0.06
08/27/2025,06:00,N,0.55,0.69,0.25,0.25,0.06
08/27/2025,07:00,N,1.04,0.5,0.5,1,0.07
08/27/2025,08:00,N,2.61,1,1,1,0.11
08/27/2025,09:00,N,1.77,1.05,1,1,1
08/27/2025,10:00,N,0.59,0.85,0.52,0.93,0.52
08/27/2025,11:00,N,0.4,0.58,0.5,0.54,0.5
08/27/2025,12:00,N,0.7,0.81,0.49,0.5,0.5
08/27/2025,13:00,N,0.61,0.92,0.44,0.43,0.44
08/27/2025,14:00,N,0.85,1,0.44,0.44,0.44
08/27/2025,15:00,N,0.75,1,0.44,0.44,0.44
08/27/2025,16:00,N,0.53,1.45,0.49,0.65,0.64
08/27/2025,17:00,N,0.83,1.8,0.78,0.96,0.96
08/27/2025,18:00,N,1.12,1.32,0.63,1,1
08/27/2025,19:00,N,1.5,1.63,0.64,0.69,0.64
08/27/2025,20:00,N,2.73,6.4,5,1.45,5
08/27/2025,21:00,N,7.78,6.14,6.14,2,6.14
08/27/2025,22:00,N,1.11,5.99,5.63,3.99,5.63
08/27/2025,23:00,N,1,4.37,3.72,2,3.72
08/27/2025,24:00,N,1,2.47,1.96,0.54,0.84
08/28/2025,01:00,N,0.64,1.23,1,0.2,0.37
08/28/2025,02:00,N,0.68,0.7,0.4,0.2,0.37
08/28/2025,03:00,N,0.52,0.55,0.37,0.28,0.07
08/28/2025,04:00,N,0.47,0.47,0.3,0.22,0.06
08/28/2025,05:00,N,0.59,0.82,0.5,0.23,0.06
08/28/2025,06:00,N,0.44,1,0.43,0.2,0.07
08/28/2025,07:00,N,0.68,1.39,1,1,0.07
08/28/2025,08:00,N,1.65,1.16,1,0.99,0.25
08/28/2025,09:00,N,1.77,1,1.01,1.01,1.01
08/28/2025,10:00,N,1.09,0.67,0.5,0.93,0.5
08/28/2025,11:00,N,0.96,0.56,0.5,0.5,0.5
08/28/2025,12:00,N,1.23,0.7,0.49,0.49,0.49
08/28/2025,13:00,N,0.61,1.05,0.44,0.42,0.44
08/28/2025,14:00,N,0.96,1.28,0.5,0.5,0.5
08/28/2025,15:00,N,1.24,1.8,1,0.96,1
08/28/2025,16:00,N,0.81,2.02,0.99,1,1
08/28/2025,17:00,N,1.36,2.35,0.65,1.36,1.36
08/28/2025,18:00,N,2.2,2.05,0.89,1.36,1.36
08/28/2025,19:00,N,2.26,1.82,0.92,0.92,0.92
08/28/2025,20:00,N,3.89,13.62,12.41,1.98,12.41
08/28/2025,21:00,N,10,12.32,17.22,2,17.22
08/28/2025,22:00,N,1.93,14.25,14,5,14
08/28/2025,23:00,N,1,9.07,8.52,8.45,8.52
08/28/2025,24:00,N,1.19,5.02,4.75,2,4.75
08/29/2025,01:00,N,0.71,1.27,0.86,0.19,0.37
08/29/2025,02:00,N,0.89,0.79,0.3,0.19,0.07
08/29/2025,03:00,N,0.75,0.72,0.3,0.2,0.06
08/29/2025,04:00,N,0.58,0.8,0.29,0.2,0.06
08/29/2025,05:00,N,0.77,0.7,0.3,0.2,0.06
08/29/2025,06:00,N,0.64,0.84,0.3,0.19,0.06
08/29/2025,07:00,N,1.16,1.5,0.51,0.96,0.07
08/29/2025,08:00,N,1.93,1,1,1,0.12
08/29/2025,09:00,N,4,1.22,1,1,1
08/29/2025,10:00,N,1.24,1.99,0.95,0.95,0.95
08/29/2025,11:00,N,1,0.63,0.5,0.5,0.5
08/29/2025,12:00,N,1.49,1.07,0.49,0.49,0.49
08/29/2025,13:00,N,0.82,1.03,0.49,0.5,0.5
08/29/2025,14:00,N,1.2,1.36,0.49,0.69,0.51
08/29/2025,15:00,N,1.42,1.57,0.5,0.95,0.95
08/29/2025,16:00,N,1.11,2.28,0.49,1,1
08/29/2025,17:00,N,1.57,2.53,0.5,1.48,1.48
08/29/2025,18:00,N,2.58,2.83,0.74,1.95,1.95
08/29/2025,19:00,N,3.26,3.34,0.97,0.97,0.97
08/29/2025,20:00,N,4.9,17.71,19.16,2,19.16
08/29/2025,21:00,N,23.23,17.33,19.29,3,19.29
08/29/2025,22:00,N,2.45,12.01,11.23,7.5,11.23
08/29/2025,23:00,N,1,12.04,11.14,11.01,11.14
08/29/2025,24:00,N,1.13,5,4.65,1.05,4.65
08/30/2025,01:00,N,0.9,1.41,1,0.95,1
08/30/2025,02:00,N,0.86,1.15,0.94,0.94,0.94
08/30/2025,03:00,N,0.68,0.79,0.5,0.49,0.5
08/30/2025,04:00,N,0.94,1,0.28,0.2,0.06
08/30/2025,05:00,N,0.91,0.84,0.29,0.2,0.06
08/30/2025,06:00,N,0.6,0.98,0.3,0.18,0.07
08/30/2025,07:00,N,0.58,0.92,0.44,0.92,0.07
08/30/2025,08:00,N,2.58,0.93,0.44,0.99,0.37
08/30/2025,09:00,N,2,1,1,1,1
08/30/2025,10:00,N,1,0.95,0.49,0.92,0.49
08/30/2025,11:00,N,1.29,0.78,0.5,0.5,0.5
08/30/2025,12:00,N,1.49,0.9,0.49,0.49,0.49
08/30/2025,13:00,N,0.68,1,0.44,0.43,0.44
08/30/2025,14:00,N,0.89,1.13,0.44,0.44,0.44
08/30/2025,15:00,N,0.93,1.32,0.44,0.44,0.44
08/30/2025,16:00,N,0.74,1.19,0.44,0.44,0.44
08/30/2025,17:00,N,1.08,1.65,0.5,0.94,0.94
08/30/2025,18:00,N,1.78,1.6,0.85,1,1
08/30/2025,19:00,N,2.13,1.95,0.5,0.75,0.75
08/30/2025,20:00,N,3.66,6.09,4.97,1.21,4.97
08/30/2025,21:00,N,3.88,4.96,4.96,2.96,4.96
08/30/2025,22:00,N,1.9,2.33,5.27,3,5.27
08/30/2025,23:00,N,1.24,6.07,5.38,4.87,5.38
08/30/2025,24:00,N,1.15,3.89,3.48,1.03,3.48
08/31/2025,01:00,N,1,1.6,1,0.97,1
08/31/2025,02:00,N,0.78,1.38,0.9,0.9,0.9
08/31/2025,03:00,N,0.77,0.92,0.37,0.36,0.37
08/31/2025,04:00,N,0.5,0.84,0.27,0.1,0.06
08/31/2025,05:00,N,0.49,0.92,0.28,0.1,0.06
08/31/2025,06:00,N,0.57,0.81,0.3,0.09,0.07
08/31/2025,07:00,N,0.87,0.94,0.49,0.94,0.07
08/31/2025,08:00,N,1.94,1,0.5,1,0.37
08/31/2025,09:00,N,2.15,1,0.93,0.99,0.93
08/31/2025,10:00,N,1.24,0.63,0.5,0.92,0.5
08/31/2025,11:00,N,1.49,0.96,0.5,0.5,0.5
08/31/2025,12:00,N,1.49,1.16,0.49,0.49,0.49
08/31/2025,13:00,N,0.83,1.04,0.44,0.43,0.44
08/31/2025,14:00,N,0.59,1.18,0.44,0.44,0.44
08/31/2025,15:00,N,0.72,1.32,0.44,0.43,0.44
08/31/2025,16:00,N,0.74,1.29,0.44,0.43,0.44
08/31/2025,17:00,N,0.89,1.25,0.49,0.49,0.49
08/31/2025,18:00,N,1.47,1.35,0.5,0.5,0.5
08/31/2025,19:00,N,1.66,1.39,0.49,0.49,0.49
08/31/2025,20:00,N,2.64,2.73,1.93,1.1,1.93
08/31/2025,21:00,N,3.34,2.69,3.65,1.65,3.65
08/31/2025,22:00,N,1.9,5.45,5,2.48,5
08/31/2025,23:00,N,1.41,8.42,7.81,5,7.81
08/31/2025,24:00,N,1.21,4.4,4.14,1.02,4.14
09/01/2025,01:00,N,1,1.3,1,0.95,0.07
09/01/2025,02:00,N,0.84,1.12,0.5,0.49,0.06
09/01/2025,03:00,N,0.99,1,0.39,0.38,0.06
09/01/2025,04:00,N,0.68,0.84,0.3,0.13,0.06
09/01/2025,05:00,N,0.71,1,0.32,0.14,0.06
09/01/2025,06:00,N,0.53,0.95,0.4,0.1,0.06
09/01/2025,07:00,N,0.84,1.38,0.98,0.97,0.07
09/01/2025,08:00,N,1.69,1.15,1,0.98,0.05
09/01/2025,09:00,N,2.25,1.2,1,1,1
09/01/2025,10:00,N,1.14,1.5,0.89,0.89,0.89
09/01/2025,11:00,N,0.56,0.81,0.5,0.5,0.5
09/01/2025,12:00,N,0.87,0.95,0.44,0.44,0.44
09/01/2025,13:00,N,0.54,1.09,0.42,0.42,0.42
09/01/2025,14:00,N,0.62,1.19,0.44,0.44,0.44
09/01/2025,15:00,N,0.65,1.13,0.44,0.42,0.44
09/01/2025,16:00,N,0.67,1.3,0.49,0.43,0.49
09/01/2025,17:00,N,0.82,1.62,0.49,1.03,1.03
09/01/2025,18:00,N,1.39,1.71,0.5,1.05,1.29
09/01/2025,19:00,N,1.76,1.77,0.49,1,1
09/01/2025,20:00,N,3.58,9.61,8.25,5.25,8.25
09/01/2025,21:00,N,5,10.93,14.16,7.42,14.16
09/01/2025,22:00,N,2,17.14,16.61,13.54,16.61
09/01/2025,23:00,N,1.62,7.63,6.96,6.9,6.96
09/01/2025,24:00,N,1.09,4,3.69,3.55,3.69
09/02/2025,01:00,N,1,1.27,1,0.95,1
09/02/2025,02:00,N,0.83,1.21,0.71,0.7,0.71
09/02/2025,03:00,N,0.98,0.98,0.5,0.49,0.5
09/02/2025,04:00,N,0.8,0.93,0.49,0.13,0.07
09/02/2025,05:00,N,0.74,1.06,0.63,0.14,0.07
09/02/2025,06:00,N,0.52,1,0.56,0.1,0.13
09/02/2025,07:00,N,1,1.53,0.89,0.89,0.14
09/02/2025,08:00,N,1.51,1.12,1.12,0.96,0.07
09/02/2025,09:00,N,2.06,1.66,1.5,1,1.5
09/02/2025,10:00,N,0.68,0.75,0.5,0.5,0.5
09/02/2025,11:00,N,0.44,0.81,0.44,0.44,0.44
09/02/2025,12:00,N,0.82,0.74,0.37,0.37,0.37
09/02/2025,13:00,N,0.52,0.93,0.35,0.35,0.35
09/02/2025,14:00,N,0.58,1.08,0.37,0.37,0.37
09/02/2025,15:00,N,0.62,1.1,0.44,0.42,0.44
09/02/2025,16:00,N,0.69,1.2,0.49,0.44,0.5
09/02/2025,17:00,N,0.86,1.48,0.54,0.69,0.69
09/02/2025,18:00,N,1.15,1.71,0.87,0.96,1
09/02/2025,19:00,N,1.91,1.87,0.88,1.02,0.89
09/02/2025,20:00,N,4.87,11.67,11.04,3,11.04
09/02/2025,21:00,N,5,13.23,13.23,3.43,13.23
09/02/2025,22:00,N,2.27,15.27,16.25,12.5,16.25
09/02/2025,23:00,N,1.2,9.04,8.2,7.2,8.2
09/02/2025,24:00,N,1.44,4.45,4.04,1.04,4.04
09/03/2025,01:00,N,1,1.53,1,0.94,0.94
09/03/2025,02:00,N,0.85,1.38,0.7,0.69,0.37
09/03/2025,03:00,N,0.91,0.95,0.49,0.2,0.37
09/03/2025,04:00,N,0.72,1,0.4,0.11,0.05
09/03/2025,05:00,N,0.78,1.05,0.5,0.12,0.05
09/03/2025,06:00,N,0.67,1,0.5,0.09,0.06
09/03/2025,07:00,N,0.86,0.88,0.49,0.49,0.07
09/03/2025,08:00,N,1.5,1.74,1,0.96,0.05
09/03/2025,09:00,N,1.49,1.26,1.11,0.95,1.11
09/03/2025,10:00,N,1,1,0.5,0.49,0.5
09/03/2025,11:00,N,0.82,0.68,0.44,0.43,0.44
09/03/2025,12:00,N,1.12,0.72,0.4,0.37,0.4
09/03/2025,13:00,N,0.6,1,0.44,0.34,0.44
09/03/2025,14:00,N,0.61,1,0.44,0.37,0.44
09/03/2025,15:00,N,0.71,1.13,0.44,0.42,0.44
09/03/2025,16:00,N,0.61,1.33,0.5,0.5,0.5
09/03/2025,17:00,N,0.9,1.36,0.68,0.69,0.69
09/03/2025,18:00,N,1.67,1.78,0.89,1.1,1.1
09/03/2025,19:00,N,1.87,2,0.63,1,0.89
09/03/2025,20:00,N,3.23,6.31,5.3,5.11,5.3
09/03/2025,21:00,N,2.22,1,10.83,7.29,10.83
09/03/2025,22:00,N,1.61,15.72,16.7,14.7,16.7
09/03/2025,23:00,N,1.97,6.52,5.61,5,5.61
09/03/2025,24:00,N,1,3.81,1.56,0.92,1
09/04/2025,01:00,N,0.76,1,0.71,0.1,0.05
09/04/2025,02:00,N,0.62,0.5,0.3,0.1,0.05
09/04/2025,03:00,N,0.74,0.26,0.26,0.08,0.05
09/04/2025,04:00,N,0.58,0.27,0.27,0.08,0.05
09/04/2025,05:00,N,0.62,0.47,0.28,0.08,0.05
09/04/2025,06:00,N,0.51,0.54,0.29,0.07,0.05
09/04/2025,07:00,N,0.6,0.77,0.49,0.45,0.05
09/04/2025,08:00,N,1,1.17,1,0.93,0.05
09/04/2025,09:00,N,1.77,1.1,1,0.94,1
09/04/2025,10:00,N,1.07,0.59,0.45,0.44,0.45
09/04/2025,11:00,N,1,0.63,0.44,0.44,0.44
09/04/2025,12:00,N,1,0.58,0.44,0.44,0.44
09/04/2025,13:00,N,0.63,1.03,0.44,0.37,0.44
09/04/2025,14:00,N,0.76,1.33,0.49,0.75,0.49
09/04/2025,15:00,N,1.12,1.82,0.8,1,1
09/04/2025,16:00,N,1.15,1.95,0.81,1.01,1.01
09/04/2025,17:00,N,1.57,2.07,0.89,1.03,1.09
09/04/2025,18:00,N,1.54,2.03,0.67,1.36,1.36
09/04/2025,19:00,N,2.28,2.81,2.03,2,2.03
09/04/2025,20:00,N,1.79,11.59,14.29,11.59,14.29
09/04/2025,21:00,N,6.21,7.29,7.29,5.29,7.29
09/04/2025,22:00,N,1.13,7.52,7.19,5.56,7.19
09/04/2025,23:00,N,1.54,2.8,2.03,1.03,2.03
09/04/2025,24:00,N,1,2.01,1,0.09,0.25
09/05/2025,01:00,N,0.54,0.79,0.5,0.1,0.05
09/05/2025,02:00,N,0.3,0.5,0.3,0.1,0.05
09/05/2025,03:00,N,0.54,0.42,0.25,0.08,0.05
09/05/2025,04:00,N,0.45,0.44,0.25,0.08,0.05
09/05/2025,05:00,N,0.32,0.46,0.26,0.08,0.05
09/05/2025,06:00,N,0.25,0.54,0.27,0.06,0.05
09/05/2025,07:00,N,0.57,0.65,0.35,0.34,0.06
09/05/2025,08:00,N,0.98,0.5,0.44,0.43,0.05
09/05/2025,09:00,N,2.42,0.74,0.5,0.5,0.5
09/05/2025,10:00,N,1.33,0.75,0.44,0.43,0.44
09/05/2025,11:00,N,1.75,0.62,0.44,0.43,0.44
09/05/2025,12:00,N,1.58,0.82,0.44,0.43,0.44
09/05/2025,13:00,N,0.81,1.1,0.44,0.44,0.44
09/05/2025,14:00,N,0.77,1.2,0.44,0.5,0.44
09/05/2025,15:00,N,1,1.61,0.89,0.91,0.91
09/05/2025,16:00,N,0.93,1.58,0.83,1,1
09/05/2025,17:00,N,1.2,1.64,0.85,1,1
09/05/2025,18:00,N,1.35,1.97,0.92,1.17,1.17
09/05/2025,19:00,N,1.58,2.45,1.35,1.35,1.45
09/05/2025,20:00,N,1.51,9.17,8.53,3,8.53
09/05/2025,21:00,N,4,7.88,7.88,5.88,7.88
09/05/2025,22:00,N,1.51,7.49,6.89,6.29,6.89
09/05/2025,23:00,N,1,3.38,1.32,1.05,1.32
09/05/2025,24:00,N,1,3.18,1,0.2,0.37
09/06/2025,01:00,N,0.96,1.13,0.5,0.1,0.05
09/06/2025,02:00,N,0.74,1,0.3,0.1,0.05
09/06/2025,03:00,N,0.96,0.67,0.3,0.07,0.05
09/06/2025,04:00,N,0.85,0.9,0.28,0.07,0.05
09/06/2025,05:00,N,1,0.9,0.28,0.07,0.05
09/06/2025,06:00,N,0.61,0.73,0.29,0.05,0.05
09/06/2025,07:00,N,0.64,0.81,0.36,0.31,0.06
09/06/2025,08:00,N,1.5,1,0.36,0.32,0.05
09/06/2025,09:00,N,1.95,0.83,0.5,0.49,0.5
09/06/2025,10:00,N,1.49,1.34,0.46,0.42,0.46
09/06/2025,11:00,N,1.33,0.92,0.45,0.42,0.45
09/06/2025,12:00,N,1.63,0.88,0.44,0.41,0.44
09/06/2025,13:00,N,0.65,1.15,0.39,0.35,0.39
09/06/2025,14:00,N,0.62,1.33,0.44,0.44,0.44
09/06/2025,15:00,N,0.79,1.38,0.49,0.44,0.49
09/06/2025,16:00,N,0.82,1.29,0.49,0.49,0.49
09/06/2025,17:00,N,1.01,1.31,0.5,0.5,0.5
09/06/2025,18:00,N,1.43,2.17,0.89,0.96,1
09/06/2025,19:00,N,1.34,2.55,1,1,1
09/06/2025,20:00,N,2.35,6,4.42,1.1,4.42
09/06/2025,21:00,N,2.16,5,4.96,3,4.96
09/06/2025,22:00,N,1.59,6.3,6.3,5,6.3
09/06/2025,23:00,N,1.15,2.93,1.96,1.04,1.96
09/06/2025,24:00,N,1.26,3,1.56,0.43,1
09/07/2025,01:00,N,1,1.49,0.85,0.1,0.06
09/07/2025,02:00,N,0.84,0.79,0.3,0.1,0.05
09/07/2025,03:00,N,1,0.66,0.3,0.06,0.05
09/07/2025,04:00,N,0.95,1,0.4,0.06,0.05
09/07/2025,05:00,N,0.79,0.9,0.3,0.06,0.05
09/07/2025,06:00,N,0.66,1,0.4,0.04,0.06
09/07/2025,07:00,N,0.8,1.35,0.5,0.3,0.06
09/07/2025,08:00,N,1.43,1.25,0.9,0.51,0.05
09/07/2025,09:00,N,1.5,1.43,1,0.87,1
09/07/2025,10:00,N,1,1.27,0.49,0.46,0.49
09/07/2025,11:00,N,0.91,0.78,0.44,0.41,0.44
09/07/2025,12:00,N,1.03,0.66,0.39,0.39,0.39
09/07/2025,13:00,N,0.49,0.83,0.37,0.34,0.37
09/07/2025,14:00,N,0.52,0.93,0.39,0.39,0.39
09/07/2025,15:00,N,0.66,0.99,0.44,0.4,0.44
09/07/2025,16:00,N,0.66,0.98,0.44,0.35,0.44
09/07/2025,17:00,N,0.75,1.21,0.49,0.39,0.49
09/07/2025,18:00,N,1.12,1.57,0.49,0.39,0.5
09/07/2025,19:00,N,1.2,2.11,0.75,0.75,0.75
09/07/2025,20:00,N,1.51,4.18,2.86,1.01,2.86
09/07/2025,21:00,N,2.15,1.1,2,1.1,2
09/07/2025,22:00,N,1,3.71,3.82,2,3.82
09/07/2025,23:00,N,1.54,4.01,2.66,0.1,1
09/07/2025,24:00,N,1,4.12,1.8,0.1,0.3
09/08/2025,01:00,N,0.69,0.47,0.47,0.1,0.05
09/08/2025,02:00,N,0.6,0.53,0.3,0.1,0.05
09/08/2025,03:00,N,0.81,0.5,0.3,0.06,0.05
09/08/2025,04:00,N,0.76,0.5,0.3,0.06,0.05
09/08/2025,05:00,N,0.49,0.64,0.3,0.06,0.05
09/08/2025,06:00,N,0.55,0.77,0.3,0.05,0.05
09/08/2025,07:00,N,1,1.18,0.49,0.29,0.06
09/08/2025,08:00,N,1.33,1.07,1,0.63,0.05
09/08/2025,09:00,N,1.71,1.3,1,0.88,1
09/08/2025,10:00,N,1,1.03,0.49,0.46,0.49
09/08/2025,11:00,N,1,0.75,0.44,0.41,0.44
09/08/2025,12:00,N,1.15,0.63,0.38,0.38,0.38
09/08/2025,13:00,N,0.67,0.8,0.36,0.33,0.36
09/08/2025,14:00,N,0.75,0.75,0.37,0.37,0.37
09/08/2025,15:00,N,0.71,0.95,0.44,0.39,0.44
09/08/2025,16:00,N,0.51,0.91,0.44,0.36,0.44
09/08/2025,17:00,N,0.52,1.07,0.49,0.38,0.49
09/08/2025,18:00,N,0.82,1.22,0.49,0.44,0.5
09/08/2025,19:00,N,1.14,2,0.64,0.63,0.64
09/08/2025,20:00,N,1.25,3.19,2.09,0.96,2.09
09/08/2025,21:00,N,5,1.05,1,0.99,1
09/08/2025,22:00,N,1,0.95,2.66,1,2
09/08/2025,23:00,N,1,1.64,1.19,0.09,0.37
09/08/2025,24:00,N,0.62,1.2,1,0.1,0.08
09/09/2025,01:00,N,0.72,1,0.77,0.1,0.05
09/09/2025,02:00,N,0.91,0.92,0.49,0.1,0.05
09/09/2025,03:00,N,1,0.4,0.25,0.06,0.05
09/09/2025,04:00,N,0.75,0.57,0.37,0.06,0.05
09/09/2025,05:00,N,0.61,0.54,0.3,0.05,0.05
09/09/2025,06:00,N,0.57,0.54,0.25,0.04,0.05
09/09/2025,07:00,N,1.01,0.87,0.5,0.49,0.06
09/09/2025,08:00,N,1.39,1,1,0.93,0.05
09/09/2025,09:00,N,2.12,1.81,1.31,0.94,1.31
09/09/2025,10:00,N,0.94,0.92,0.5,0.47,0.5
09/09/2025,11:00,N,1,0.71,0.5,0.49,0.5
09/09/2025,12:00,N,1.63,0.69,0.49,0.37,0.49
09/09/2025,13:00,N,0.87,0.81,0.49,0.32,0.49
09/09/2025,14:00,N,0.74,0.8,0.44,0.36,0.44
09/09/2025,15:00,N,0.62,0.79,0.44,0.35,0.44
09/09/2025,16:00,N,0.5,0.9,0.49,0.35,0.49
09/09/2025,17:00,N,0.55,1,0.49,0.35,0.5
09/09/2025,18:00,N,0.68,1.09,0.49,0.37,0.53
09/09/2025,19:00,N,0.76,1.65,0.6,0.6,0.6
09/09/2025,20:00,N,0.88,2.6,1.56,0.96,1.56
09/09/2025,21:00,N,1.23,1.43,1,0.96,1
09/09/2025,22:00,N,1.62,2.85,2.18,0.94,2.18
09/09/2025,23:00,N,1.29,1.4,1,0.09,1
09/09/2025,24:00,N,1,1.05,1,0.1,0.08
09/10/2025,01:00,N,0.47,1.35,1,0.1,0.05
09/10/2025,02:00,N,0.66,0.8,0.49,0.1,0.05
09/10/2025,03:00,N,0.71,0.69,0.36,0.05,0.05
09/10/2025,04:00,N,0.54,0.54,0.3,0.05,0.05
09/10/2025,05:00,N,0.48,0.57,0.25,0.05,0.05
09/10/2025,06:00,N,0.46,0.53,0.23,0.04,0.05
09/10/2025,07:00,N,1.06,0.94,0.44,0.43,0.06
09/10/2025,08:00,N,1.22,1.21,1,0.92,0.05
09/10/2025,09:00,N,2.08,1.7,1.17,1,1.17
09/10/2025,10:00,N,1,0.95,0.49,0.46,0.49
09/10/2025,11:00,N,1.21,0.74,0.49,0.48,0.49
09/10/2025,12:00,N,1.49,0.62,0.44,0.44,0.44
09/10/2025,13:00,N,0.83,0.66,0.44,0.31,0.44
09/10/2025,14:00,N,0.83,0.73,0.44,0.35,0.44
09/10/2025,15:00,N,0.7,0.75,0.49,0.34,0.49
09/10/2025,16:00,N,0.44,0.88,0.49,0.34,0.49
09/10/2025,17:00,N,0.49,1,0.49,0.3,0.5
09/10/2025,18:00,N,0.78,1.1,0.66,0.44,0.66
09/10/2025,19:00,N,0.74,1.36,0.5,0.5,0.5
09/10/2025,20:00,N,0.91,2.88,1.89,0.97,1.89
09/10/2025,21:00,N,2.85,2.65,1.58,0.96,1.58
09/10/2025,22:00,N,1.33,2.7,2.7,0.93,2
09/10/2025,23:00,N,0.89,1.68,1.22,0.09,1
09/10/2025,24:00,N,0.68,1.23,1.01,0.1,0.08
09/11/2025,01:00,N,0.28,1.33,1,0.1,0.05
09/11/2025,02:00,N,0.01,0.82,0.5,0.1,0.05
09/11/2025,03:00,N,0.01,0.46,0.29,0.06,0.05
09/11/2025,04:00,N,0.01,0.37,0.27,0.06,0.05
09/11/2025,05:00,N,0.01,0.48,0.25,0.06,0.05
09/11/2025,06:00,N,0.3,0.74,0.25,0.05,0.05
09/11/2025,07:00,N,0.76,0.81,0.33,0.33,0.05
09/11/2025,08:00,N,0.82,1.44,1,0.94,0.05
09/11/2025,09:00,N,1.44,1.64,1.11,0.99,1.11
09/11/2025,10:00,N,1,1.18,0.94,0.94,0.94
09/11/2025,11:00,N,1.05,1.29,0.94,0.94,0.94
09/11/2025,12:00,N,1.51,1,0.88,0.88,0.88
09/11/2025,13:00,N,0.7,0.99,0.75,0.75,0.75
09/11/2025,14:00,N,0.99,0.97,0.5,0.35,0.5
09/11/2025,15:00,N,0.93,0.83,0.49,0.33,0.49
09/11/2025,16:00,N,0.6,0.97,0.49,0.33,0.49
09/11/2025,17:00,N,0.93,0.97,0.49,0.37,0.5
09/11/2025,18:00,N,1.28,1.18,0.5,0.75,0.75
09/11/2025,19:00,N,1.06,1.69,0.89,0.89,0.89
09/11/2025,20:00,N,0.85,3.72,4.95,2,4.95
09/11/2025,21:00,N,2.38,4,4,3.34,4
09/11/2025,22:00,N,0.87,4.94,4.94,3.34,4.94
09/11/2025,23:00,N,0.68,2.23,1.5,0.99,1.5
09/11/2025,24:00,N,0.42,1.93,1.05,0.1,0.07
09/12/2025,01:00,N,0.45,1.52,1,0.1,0.05
09/12/2025,02:00,N,0.55,0.73,0.5,0.1,0.05
09/12/2025,03:00,N,0.55,0.65,0.5,0.05,0.05
09/12/2025,04:00,N,0.6,0.76,0.49,0.05,0.05
09/12/2025,05:00,N,0.49,0.73,0.3,0.05,0.05
09/12/2025,06:00,N,0.47,0.88,0.25,0.06,0.05
09/12/2025,07:00,N,0.77,0.76,0.32,0.32,0.05
09/12/2025,08:00,N,1.45,1.44,1,0.94,0.05
09/12/2025,09:00,N,1.84,1.57,1.13,1,1.13
09/12/2025,10:00,N,0.67,1.01,0.84,0.84,0.84
09/12/2025,11:00,N,0.81,0.72,0.49,0.49,0.49
09/12/2025,12:00,N,0.63,0.57,0.44,0.44,0.44
09/12/2025,13:00,N,0.56,0.63,0.39,0.39,0.39
09/12/2025,14:00,N,0.77,0.69,0.44,0.41,0.44
09/12/2025,15:00,N,0.62,0.89,0.5,0.44,0.5
09/12/2025,16:00,N,0.6,1,0.5,0.5,0.5
09/12/2025,17:00,N,1.04,0.94,0.5,0.49,0.5
09/12/2025,18:00,N,1.45,1.1,0.75,0.75,0.75
09/12/2025,19:00,N,1.02,1.6,0.92,0.92,0.92
09/12/2025,20:00,N,1.1,2.52,1.95,1.27,1.95
09/12/2025,21:00,N,2.05,3.09,2.56,1.36,2.56
09/12/2025,22:00,N,1.34,3.99,4.76,2.97,4.76
09/12/2025,23:00,N,1.15,3.63,1.51,0.63,1.51
09/12/2025,24:00,N,1,3,1,0.1,0.08
09/13/2025,01:00,N,0.52,1.31,1,0.1,0.05
09/13/2025,02:00,N,0.62,0.73,0.5,0.1,0.05
09/13/2025,03:00,N,0.62,0.77,0.5,0.05,0.05
09/13/2025,04:00,N,0.56,0.53,0.33,0.05,0.05
09/13/2025,05:00,N,0.39,0.68,0.3,0.05,0.05
09/13/2025,06:00,N,0.4,0.83,0.29,0.05,0.05
09/13/2025,07:00,N,0.69,0.71,0.42,0.41,0.05
09/13/2025,08:00,N,1.28,1.43,1,0.94,0.05
09/13/2025,09:00,N,1.96,1.67,1.26,1,1.26
09/13/2025,10:00,N,1,1.13,0.93,0.93,0.93
09/13/2025,11:00,N,1.22,0.72,0.49,0.49,0.49
09/13/2025,12:00,N,1.46,0.65,0.44,0.44,0.44
09/13/2025,13:00,N,0.69,0.73,0.39,0.39,0.39
09/13/2025,14:00,N,0.79,0.74,0.44,0.4,0.44
09/13/2025,15:00,N,0.66,0.82,0.49,0.43,0.49
09/13/2025,16:00,N,0.45,0.84,0.5,0.44,0.5
09/13/2025,17:00,N,0.55,0.94,0.59,0.48,0.59
09/13/2025,18:00,N,1.42,1.21,0.74,0.74,0.74
09/13/2025,19:00,N,1.1,1.62,0.91,0.91,0.91
09/13/2025,20:00,N,0.92,2.56,1.84,1.12,1.84
09/13/2025,21:00,N,2,1.6,1.6,1.44,1.6
09/13/2025,22:00,N,1.93,4.56,4.56,2.98,4.56
09/13/2025,23:00,N,1.24,2.22,1,0.9,1
09/13/2025,24:00,N,1,1.91,1,0.1,0.07
09/14/2025,01:00,N,0.55,0.85,0.5,0.1,0.05
09/14/2025,02:00,N,0.69,0.74,0.37,0.1,0.05
09/14/2025,03:00,N,0.65,0.58,0.37,0.06,0.05
09/14/2025,04:00,N,0.58,0.73,0.49,0.06,0.05
09/14/2025,05:00,N,0.72,1.02,0.49,0.06,0.05
09/14/2025,06:00,N,0.43,1.07,0.37,0.04,0.05
09/14/2025,07:00,N,0.56,0.99,0.49,0.48,0.06
09/14/2025,08:00,N,1.06,1.25,1,0.92,0.05
09/14/2025,09:00,N,3.61,1.35,0.92,0.92,0.92
09/14/2025,10:00,N,1,0.76,0.5,0.5,0.5
09/14/2025,11:00,N,1,0.71,0.49,0.49,0.49
09/14/2025,12:00,N,1.24,0.71,0.43,0.43,0.43
09/14/2025,13:00,N,0.65,0.89,0.4,0.38,0.4
09/14/2025,14:00,N,0.84,0.83,0.4,0.39,0.4
09/14/2025,15:00,N,0.7,0.9,0.49,0.37,0.49
09/14/2025,16:00,N,0.79,1.12,0.5,0.37,0.5
09/14/2025,17:00,N,0.93,1.4,0.81,0.96,0.96
09/14/2025,18:00,N,1.34,1.51,0.89,1.01,1.01
09/14/2025,19:00,N,0.89,2.24,1.02,1.02,1.02
09/14/2025,20:00,N,1.47,4.12,2.72,1.72,2.72
09/14/2025,21:00,N,2.73,4.75,4.75,3,4.75
09/14/2025,22:00,N,4,6.6,6.6,5,6.6
09/14/2025,23:00,N,3.33,3.42,2.9,1.03,2.9
09/14/2025,24:00,N,2.17,2.97,1.5,1.02,1.5
09/15/2025,01:00,N,0.52,1.51,1,0.1,0.05
09/15/2025,02:00,N,0.76,0.65,0.36,0.1,0.05
09/15/2025,03:00,N,0.75,0.66,0.3,0.06,0.04
09/15/2025,04:00,N,0.81,0.5,0.31,0.06,0.04
09/15/2025,05:00,N,0.6,0.9,0.3,0.06,0.04
09/15/2025,06:00,N,0.39,0.69,0.28,0.06,0.05
09/15/2025,07:00,N,0.65,0.97,0.49,0.47,0.05
09/15/2025,08:00,N,1.25,1,1,0.95,0.04
09/15/2025,09:00,N,1.52,1.37,1,1,1
09/15/2025,10:00,N,0.92,0.84,0.5,0.5,0.5
09/15/2025,11:00,N,0.9,0.64,0.49,0.49,0.49
09/15/2025,12:00,N,1,0.68,0.44,0.44,0.44
09/15/2025,13:00,N,0.86,0.91,0.39,0.39,0.39
09/15/2025,14:00,N,1.06,0.98,0.43,0.43,0.43
09/15/2025,15:00,N,0.92,1.41,0.75,0.75,0.75
09/15/2025,16:00,N,1,1.4,0.7,0.75,0.75
09/15/2025,17:00,N,1.03,1.44,0.89,0.95,0.95
09/15/2025,18:00,N,2.05,1.95,1,1.29,1.29
09/15/2025,19:00,N,2.26,4,2,2,2.73
09/15/2025,20:00,N,2.59,10.03,11.99,5.13,11.99
09/15/2025,21:00,N,16.5,13.96,13.96,11.77,13.96
09/15/2025,22:00,N,2.48,8.04,8.04,6.5,8.04
09/15/2025,23:00,N,1.89,2.74,2.61,1.05,2.61
09/15/2025,24:00,N,1,3.46,1,0.77,0.08
09/16/2025,01:00,N,0.48,1.42,1,0.1,0.05
09/16/2025,02:00,N,0.57,0.69,0.32,0.1,0.05
09/16/2025,03:00,N,0.45,0.54,0.33,0.06,0.05
09/16/2025,04:00,N,0.5,0.5,0.35,0.06,0.05
09/16/2025,05:00,N,0.44,0.75,0.3,0.06,0.05
09/16/2025,06:00,N,0.33,0.71,0.29,0.06,0.05
09/16/2025,07:00,N,0.56,0.98,0.39,0.38,0.05
09/16/2025,08:00,N,1.39,1.48,1,0.93,0.05
09/16/2025,09:00,N,1.21,1.25,1,0.94,1
09/16/2025,10:00,N,0.69,0.59,0.49,0.49,0.49
09/16/2025,11:00,N,0.47,0.56,0.44,0.44,0.44
09/16/2025,12:00,N,0.85,0.68,0.4,0.4,0.4
09/16/2025,13:00,N,0.77,0.8,0.39,0.37,0.39
09/16/2025,14:00,N,0.99,0.9,0.44,0.37,0.44
09/16/2025,15:00,N,0.86,1.1,0.49,0.28,0.49
09/16/2025,16:00,N,1.66,1.72,1,1,1
09/16/2025,17:00,N,0.85,1.46,1,1,1
09/16/2025,18:00,N,1.71,1.71,1.07,1.07,1.07
09/16/2025,19:00,N,2.73,4,2.64,2.5,2.64
09/16/2025,20:00,N,2.32,10.85,10,5,10
09/16/2025,21:00,N,5,17.42,17.42,15.12,17.42
09/16/2025,22:00,N,2,10.67,10.27,8.71,10.27
09/16/2025,23:00,N,1,3.58,3.11,2,3.11
09/16/2025,24:00,N,1,2.8,2.25,1.02,2.19
09/17/2025,01:00,N,0.3,1.04,0.5,0.1,0.05
09/17/2025,02:00,N,0.44,0.71,0.35,0.1,0.05
09/17/2025,03:00,N,0.56,0.6,0.3,0.06,0.05
09/17/2025,04:00,N,0.63,0.5,0.33,0.06,0.05
09/17/2025,05:00,N,0.47,0.62,0.31,0.06,0.05
09/17/2025,06:00,N,0.47,0.33,0.3,0.05,0.05
09/17/2025,07:00,N,0.44,0.87,0.37,0.37,0.05
09/17/2025,08:00,N,0.99,0.5,0.5,0.39,0.05
09/17/2025,09:00,N,1.29,0.95,0.68,0.68,0.68
09/17/2025,10:00,N,1,1,0.49,0.48,0.49
09/17/2025,11:00,N,1,0.88,0.49,0.44,0.49
09/17/2025,12:00,N,1.73,0.75,0.37,0.37,0.37
09/17/2025,13:00,N,0.77,0.9,0.36,0.35,0.36
09/17/2025,14:00,N,0.87,1.02,0.36,0.35,0.36
09/17/2025,15:00,N,0.73,1.3,0.49,0.3,0.49
09/17/2025,16:00,N,0.89,1.33,0.5,0.37,0.5
09/17/2025,17:00,N,0.97,1.44,0.95,0.96,0.96
09/17/2025,18:00,N,3.11,1.86,1.04,1.04,1.15
09/17/2025,19:00,N,2.36,4.18,2.26,2.22,2.26
09/17/2025,20:00,N,2.21,6.98,6.53,4.83,6.53
09/17/2025,21:00,N,5,4.88,4.88,4.68,4.88
09/17/2025,22:00,N,1.58,5.2,4.75,3.05,4.75
09/17/2025,23:00,N,1.3,1.95,1.56,0.96,1.5
09/17/2025,24:00,N,1,3,2.28,0.1,0.07
09/18/2025,01:00,N,0.48,0.76,0.5,0.1,0.05
09/18/2025,02:00,N,0.36,0.53,0.3,0.1,0.04
09/18/2025,03:00,N,0.43,0.5,0.29,0.06,0.04
09/18/2025,04:00,N,0.46,0.3,0.3,0.06,0.04
09/18/2025,05:00,N,0.32,0.6,0.27,0.06,0.04
09/18/2025,06:00,N,0.33,0.64,0.19,0.05,0.05
09/18/2025,07:00,N,0.47,1,0.38,0.36,0.05
09/18/2025,08:00,N,1.08,0.97,0.56,0.38,0.05
09/18/2025,09:00,N,1.42,1,0.88,0.88,0.88
09/18/2025,10:00,N,1,1,0.44,0.44,0.44
09/18/2025,11:00,N,1.03,0.76,0.44,0.43,0.44
09/18/2025,12:00,N,1.49,0.67,0.36,0.36,0.36
09/18/2025,13:00,N,0.68,0.96,0.37,0.34,0.37
09/18/2025,14:00,N,0.62,1,0.37,0.34,0.37
09/18/2025,15:00,N,0.7,1.29,0.49,0.3,0.49
09/18/2025,16:00,N,0.98,1.37,0.75,0.75,0.75
09/18/2025,17:00,N,1.13,1.38,0.89,0.99,0.99
09/18/2025,18:00,N,2.4,1.94,1.41,1.36,1.41
09/18/2025,19:00,N,1.68,3.82,3.02,2.94,3.02
09/18/2025,20:00,N,1.52,8.82,8.82,5,8.82
09/18/2025,21:00,N,5,9.79,9.85,5.51,9.79
09/18/2025,22:00,N,2.01,5.61,5.43,4.9,5.43
09/18/2025,23:00,N,1.32,2.01,1.72,1.52,1.66
09/18/2025,24:00,N,1.19,2.8,2.1,0.35,0.78
09/19/2025,01:00,N,0.5,1.33,0.75,0.1,0.05
09/19/2025,02:00,N,0.51,0.81,0.32,0.1,0.04
09/19/2025,03:00,N,0.44,0.67,0.31,0.06,0.04
09/19/2025,04:00,N,0.65,0.68,0.32,0.06,0.04
09/19/2025,05:00,N,0.59,1.2,0.33,0.06,0.04
09/19/2025,06:00,N,0.26,0.84,0.28,0.05,0.05
09/19/2025,07:00,N,0.43,0.88,0.36,0.35,0.05
09/19/2025,08:00,N,1.86,1,0.5,0.37,0.04
09/19/2025,09:00,N,1.68,1.02,0.96,0.79,0.96
09/19/2025,10:00,N,0.65,0.39,0.31,0.3,0.31
09/19/2025,11:00,N,0.96,0.99,0.37,0.37,0.37
09/19/2025,12:00,N,0.98,0.55,0.31,0.31,0.31
09/19/2025,13:00,N,0.49,1,0.3,0.3,0.3
09/19/2025,14:00,N,0.59,1.12,0.3,0.3,0.3
09/19/2025,15:00,N,0.67,1.44,0.44,0.27,0.44
09/19/2025,16:00,N,0.89,1.22,0.44,0.37,0.44
09/19/2025,17:00,N,0.98,1.32,0.75,0.75,0.75
09/19/2025,18:00,N,1.61,1.76,0.89,0.99,1
09/19/2025,19:00,N,1.41,2.3,1.05,1.05,1.05
09/19/2025,20:00,N,1.85,3.84,2,1.84,2
09/19/2025,21:00,N,5.18,2.8,2.8,2,2.74
09/19/2025,22:00,N,1.81,4.65,4.45,2.67,4.37
09/19/2025,23:00,N,2,2.32,2.04,0.92,0.9
09/19/2025,24:00,N,1,2.19,2,0.1,0.06
09/20/2025,01:00,N,0.57,0.94,0.5,0.1,0.05
09/20/2025,02:00,N,0.54,0.84,0.3,0.1,0.04
09/20/2025,03:00,N,0.44,0.66,0.29,0.06,0.04
09/20/2025,04:00,N,0.72,0.64,0.29,0.06,0.04
09/20/2025,05:00,N,0.45,0.9,0.31,0.06,0.04
09/20/2025,06:00,N,0.23,0.94,0.3,0.05,0.05
09/20/2025,07:00,N,0.39,0.92,0.31,0.3,0.05
09/20/2025,08:00,N,2.04,0.8,0.57,0.3,0.04
09/20/2025,09:00,N,1.76,0.79,0.74,0.3,0.74
09/20/2025,10:00,N,0.94,0.72,0.43,0.3,0.43
09/20/2025,11:00,N,0.71,0.64,0.44,0.4,0.44
09/20/2025,12:00,N,0.84,0.74,0.3,0.3,0.3
09/20/2025,13:00,N,0.41,0.97,0.3,0.3,0.3
09/20/2025,14:00,N,0.39,1,0.3,0.3,0.3
09/20/2025,15:00,N,0.51,1.19,0.44,0.24,0.44
09/20/2025,16:00,N,0.75,1.19,0.44,0.36,0.44
09/20/2025,17:00,N,0.78,1,0.49,0.49,0.49
09/20/2025,18:00,N,1.27,1.4,0.8,0.8,0.8
09/20/2025,19:00,N,1.2,2.16,0.95,0.95,0.95
09/20/2025,20:00,N,1.36,2.82,1.93,1.05,1.93
09/20/2025,21:00,N,4.67,2.36,2.36,0.99,0.99
09/20/2025,22:00,N,1.37,4.21,3.78,1.01,0.7
09/20/2025,23:00,N,1.25,4.23,2.75,0.16,0.25
09/20/2025,24:00,N,1,3.32,2.42,0.1,0.06
09/21/2025,01:00,N,0.58,0.87,0.5,0.1,0.05
09/21/2025,02:00,N,0.53,0.6,0.3,0.09,0.04
09/21/2025,03:00,N,0.48,0.76,0.26,0.06,0.04
09/21/2025,04:00,N,0.73,0.61,0.26,0.06,0.04
09/21/2025,05:00,N,0.54,0.81,0.28,0.06,0.04
09/21/2025,06:00,N,0.25,0.74,0.25,0.05,0.05
09/21/2025,07:00,N,0.29,0.78,0.28,0.28,0.05
09/21/2025,08:00,N,1.6,0.77,0.44,0.29,0.04
09/21/2025,09:00,N,2,0.6,0.5,0.29,0.5
09/21/2025,10:00,N,1,0.93,0.37,0.3,0.37
09/21/2025,11:00,N,1.33,0.75,0.44,0.4,0.44
09/21/2025,12:00,N,2.16,0.71,0.3,0.3,0.3
09/21/2025,13:00,N,0.52,0.9,0.3,0.29,0.3
09/21/2025,14:00,N,0.41,0.98,0.3,0.3,0.3
09/21/2025,15:00,N,0.44,1.04,0.44,0.23,0.44
09/21/2025,16:00,N,0.67,1,0.44,0.35,0.44
09/21/2025,17:00,N,0.86,1.18,0.61,0.61,0.61
09/21/2025,18:00,N,1.69,1.79,1,0.97,1
09/21/2025,19:00,N,1.43,2.43,1.03,1.02,1.03
09/21/2025,20:00,N,1.55,4.01,5.23,1.84,5.17
09/21/2025,21:00,N,5.12,3.73,3.73,1.73,3.73
09/21/2025,22:00,N,2.91,5.72,5.72,2.65,2
09/21/2025,23:00,N,1,2.5,2.34,0.1,0.25
09/21/2025,24:00,N,1,3.13,2.23,0.1,0.06
09/22/2025,01:00,N,0.63,0.89,0.49,0.09,0.04
09/22/2025,02:00,N,0.51,0.52,0.3,0.08,0.04
09/22/2025,03:00,N,0.49,0.54,0.23,0.06,0.04
09/22/2025,04:00,N,0.53,0.47,0.27,0.06,0.04
09/22/2025,05:00,N,0.42,0.62,0.3,0.06,0.04
09/22/2025,06:00,N,0.29,0.74,0.3,0.05,0.05
09/22/2025,07:00,N,0.38,1,0.41,0.3,0.05
09/22/2025,08:00,N,1.42,0.75,0.44,0.3,0.04
09/22/2025,09:00,N,1.75,0.61,0.5,0.3,0.5
09/22/2025,10:00,N,1,0.59,0.37,0.32,0.37
09/22/2025,11:00,N,1,0.99,0.44,0.4,0.44
09/22/2025,12:00,N,1.64,0.74,0.3,0.3,0.3
09/22/2025,13:00,N,0.59,1.06,0.3,0.3,0.3
09/22/2025,14:00,N,0.68,1.47,0.44,0.44,0.44
09/22/2025,15:00,N,0.79,1.45,0.5,0.5,0.5
09/22/2025,16:00,N,1.18,1.47,0.64,0.64,0.64
09/22/2025,17:00,N,1.22,1.41,0.8,0.8,0.8
09/22/2025,18:00,N,2,1.8,1.05,1.05,1.25
09/22/2025,19:00,N,2.96,4,3.17,3,3.17
09/22/2025,20:00,N,1.72,8.06,10,5.25,10
09/22/2025,21:00,N,9.45,9.9,9.9,5,9.9
09/22/2025,22:00,N,1.96,5.42,5,3.37,5
09/22/2025,23:00,N,1.52,3.39,2.81,0.19,0.64
09/22/2025,24:00,N,1.07,2.85,2.02,0.09,0.05
09/23/2025,01:00,N,0.57,0.89,0.5,0.1,0.05
09/23/2025,02:00,N,0.4,0.56,0.3,0.08,0.05
09/23/2025,03:00,N,0.57,0.71,0.3,0.07,0.05
09/23/2025,04:00,N,0.65,0.45,0.25,0.07,0.05
09/23/2025,05:00,N,0.38,0.64,0.3,0.07,0.04
09/23/2025,06:00,N,0.23,0.63,0.3,0.06,0.05
09/23/2025,07:00,N,0.24,0.81,0.4,0.31,0.05
09/23/2025,08:00,N,0.97,0.61,0.44,0.31,0.05
09/23/2025,09:00,N,1.8,0.86,0.49,0.3,0.49
09/23/2025,10:00,N,1.49,1,0.43,0.37,0.43
09/23/2025,11:00,N,1,0.74,0.44,0.44,0.44
09/23/2025,12:00,N,1.34,0.79,0.37,0.37,0.37
09/23/2025,13:00,N,0.56,1,0.3,0.3,0.3
09/23/2025,14:00,N,0.49,1.18,0.44,0.44,0.44
09/23/2025,15:00,N,0.68,1.44,0.5,0.5,0.5
09/23/2025,16:00,N,1,1.69,0.67,0.75,0.75
09/23/2025,17:00,N,0.89,1.53,0.75,0.93,0.89
09/23/2025,18:00,N,1.4,1.83,0.96,1,1
09/23/2025,19:00,N,2.89,4,2.9,2.9,2.9
09/23/2025,20:00,N,1.63,11.29,15.74,5,15.74
09/23/2025,21:00,N,1.6,10.87,12.16,10,12.16
09/23/2025,22:00,N,1.7,10.58,10.25,9.95,10.25
09/23/2025,23:00,N,1.74,4.6,4.2,1.06,4.2
09/23/2025,24:00,N,0.9,3.56,2.12,1.01,2.12
09/24/2025,01:00,N,0.63,1.23,0.72,0.08,0.05
09/24/2025,02:00,N,0.53,0.73,0.4,0.07,0.05
09/24/2025,03:00,N,0.7,0.99,0.34,0.06,0.05
09/24/2025,04:00,N,0.67,0.69,0.3,0.06,0.05
09/24/2025,05:00,N,0.39,0.86,0.34,0.06,0.05
09/24/2025,06:00,N,0.33,0.84,0.3,0.06,0.05
09/24/2025,07:00,N,0.38,1.2,0.46,0.3,0.05
09/24/2025,08:00,N,1.48,1.38,1,0.3,0.05
09/24/2025,09:00,N,1.58,1.01,0.88,0.35,0.88
09/24/2025,10:00,N,1.49,1.29,0.49,0.36,0.49
09/24/2025,11:00,N,1.24,0.88,0.5,0.43,0.5
09/24/2025,12:00,N,1.25,0.81,0.44,0.36,0.44
09/24/2025,13:00,N,0.76,1,0.44,0.37,0.44
09/24/2025,14:00,N,0.66,1.12,0.44,0.44,0.44
09/24/2025,15:00,N,0.63,1.42,0.5,0.5,0.5
09/24/2025,16:00,N,0.95,1.59,0.75,0.75,0.75
09/24/2025,17:00,N,1.22,1.5,0.75,0.75,0.75
09/24/2025,18:00,N,1.87,2.03,0.95,0.95,0.95
09/24/2025,19:00,N,2.53,3.45,1.43,1.43,1.43
09/24/2025,20:00,N,2.11,7.46,4.87,4.87,2
09/24/2025,21:00,N,6.48,5.14,5.14,5,5
09/24/2025,22:00,N,1.95,5.29,4.99,3.45,4.99
09/24/2025,23:00,N,1.52,2.53,2.31,1.02,2
09/24/2025,24:00,N,1.27,3.71,1.66,0.2,0.21
09/25/2025,01:00,N,0.78,1.34,1,0.92,0.37
09/25/2025,02:00,N,0.68,1.34,0.89,0.88,0.37
09/25/2025,03:00,N,0.65,0.93,0.5,0.3,0.19
09/25/2025,04:00,N,0.8,1.16,0.49,0.3,0.29
09/25/2025,05:00,N,0.72,1,0.44,0.3,0.1
09/25/2025,06:00,N,0.48,1.02,0.44,0.2,0.37
09/25/2025,07:00,N,0.6,1,0.49,0.5,0.37
09/25/2025,08:00,N,1.51,1,1,0.99,0.37
09/25/2025,09:00,N,1.47,1.14,1,1,1
09/25/2025,10:00,N,1.49,1,0.8,0.8,0.8
09/25/2025,11:00,N,1,0.76,0.5,0.7,0.5
09/25/2025,12:00,N,1,0.71,0.44,0.5,0.44
09/25/2025,13:00,N,0.5,0.99,0.44,0.49,0.44
09/25/2025,14:00,N,0.51,1.08,0.44,0.44,0.44
09/25/2025,15:00,N,0.56,1.14,0.49,0.49,0.49
09/25/2025,16:00,N,0.76,1.34,0.64,0.64,0.64
09/25/2025,17:00,N,0.97,1.21,0.64,0.74,0.64
09/25/2025,18:00,N,1.56,1.58,0.95,0.95,0.95
09/25/2025,19:00,N,2.19,3.16,1.72,1.72,1.72
09/25/2025,20:00,N,1.06,11.02,15.72,6.02,15.72
09/25/2025,21:00,N,4.88,12.99,12.99,11.03,12.99
09/25/2025,22:00,N,2.74,17.35,17.35,16.4,17.35
09/25/2025,23:00,N,2,5.9,5.41,4.71,5.41
09/25/2025,24:00,N,1.42,4.02,3.57,1.03,3.57
09/26/2025,01:00,N,0.76,0.75,0.75,0.75,0.1
09/26/2025,02:00,N,0.33,0.75,0.49,0.48,0.06
09/26/2025,03:00,N,0.59,0.81,0.4,0.29,0.06
09/26/2025,04:00,N,0.73,0.81,0.37,0.29,0.06
09/26/2025,05:00,N,0.55,0.89,0.37,0.29,0.06
09/26/2025,06:00,N,0.38,0.32,0.37,0.22,0.06
09/26/2025,07:00,N,0.39,1.43,0.89,0.93,0.25
09/26/2025,08:00,N,1.14,1,1,1,0.06
09/26/2025,09:00,N,1.56,1.16,1,1,1
09/26/2025,10:00,N,1.49,1.11,0.58,0.79,0.58
09/26/2025,11:00,N,1.16,0.82,0.58,0.7,0.58
09/26/2025,12:00,N,0.94,0.71,0.49,0.5,0.49
09/26/2025,13:00,N,0.52,0.89,0.44,0.44,0.44
09/26/2025,14:00,N,0.46,0.98,0.44,0.44,0.44
09/26/2025,15:00,N,0.66,1,0.49,0.49,0.49
09/26/2025,16:00,N,0.81,1.24,0.49,0.71,0.49
09/26/2025,17:00,N,1.04,1.23,0.75,0.75,0.75
09/26/2025,18:00,N,2.36,1.68,1,0.95,1
09/26/2025,19:00,N,2.69,6.04,5,1.99,5
09/26/2025,20:00,N,1.35,7.97,7.67,3.57,5
09/26/2025,21:00,N,7.64,8.62,8.54,5,6.7
09/26/2025,22:00,N,1.46,4.3,4.05,2.46,4.05
09/26/2025,23:00,N,2,3.03,2.52,1.05,1.93
09/26/2025,24:00,N,1.2,1.89,1.81,0.99,1
09/27/2025,01:00,N,0.56,1,0.84,0.2,0.06
09/27/2025,02:00,N,0.58,0.65,0.49,0.2,0.06
09/27/2025,03:00,N,0.51,0.79,0.5,0.09,0.06
09/27/2025,04:00,N,0.68,0.79,0.37,0.09,0.06
09/27/2025,05:00,N,0.39,0.6,0.35,0.09,0.06
09/27/2025,06:00,N,0.32,0.65,0.3,0.07,0.06
09/27/2025,07:00,N,0.31,0.84,0.44,0.44,0.1
09/27/2025,08:00,N,1.2,0.8,0.49,0.48,0.06
09/27/2025,09:00,N,1.54,1.14,1,0.96,1
09/27/2025,10:00,N,1,0.86,0.49,0.49,0.49
09/27/2025,11:00,N,1.49,0.8,0.49,0.49,0.49
09/27/2025,12:00,N,1.73,0.67,0.44,0.44,0.44
09/27/2025,13:00,N,0.64,0.9,0.39,0.39,0.39
09/27/2025,14:00,N,0.49,0.96,0.39,0.39,0.39
09/27/2025,15:00,N,0.9,1,0.49,0.48,0.49
09/27/2025,16:00,N,1.02,1.09,0.5,0.5,0.5
09/27/2025,17:00,N,1.56,1.03,0.5,0.5,0.5
09/27/2025,18:00,N,2.9,1.38,0.89,0.94,0.94
09/27/2025,19:00,N,2.51,3.69,1.99,1.04,1.99
09/27/2025,20:00,N,1.16,5.52,4.35,3,4.35
09/27/2025,21:00,N,10.48,8.33,8.33,3.99,8.27
09/27/2025,22:00,N,1.48,5.09,4.96,3.68,4.96
09/27/2025,23:00,N,1,2.51,2.3,1.6,2.3
09/27/2025,24:00,N,1,2.17,1.88,0.98,0.64
09/28/2025,01:00,N,0.68,0.95,0.68,0.2,0.06
09/28/2025,02:00,N,0.76,0.8,0.36,0.2,0.06
09/28/2025,03:00,N,0.48,0.58,0.3,0.09,0.06
09/28/2025,04:00,N,0.55,0.71,0.37,0.09,0.06
09/28/2025,05:00,N,0.46,0.7,0.4,0.08,0.06
09/28/2025,06:00,N,0.42,0.84,0.3,0.06,0.06
09/28/2025,07:00,N,0.46,0.94,0.43,0.43,0.07
09/28/2025,08:00,N,1.5,1,0.99,0.92,0.06
09/28/2025,09:00,N,1.78,1.2,1,0.95,1
09/28/2025,10:00,N,1.3,0.8,0.49,0.49,0.49
09/28/2025,11:00,N,1.28,1,0.49,0.49,0.49
09/28/2025,12:00,N,0.79,0.7,0.44,0.44,0.44
09/28/2025,13:00,N,0.49,0.93,0.39,0.38,0.39
09/28/2025,14:00,N,0.52,1,0.37,0.37,0.37
09/28/2025,15:00,N,0.77,1.07,0.44,0.44,0.44
09/28/2025,16:00,N,0.9,1.33,0.49,0.49,0.49
09/28/2025,17:00,N,1.11,1.2,0.5,0.5,0.5
09/28/2025,18:00,N,1.98,1.63,0.89,1,1
09/28/2025,19:00,N,2.18,3.47,1.99,1.05,1.99
09/28/2025,20:00,N,1.25,5,4.49,2.68,4.49
09/28/2025,21:00,N,4.53,9.15,9.15,4.5,5.23
09/28/2025,22:00,N,1.39,5.42,5.23,3.94,5.17
09/28/2025,23:00,N,1.5,2.93,2.3,1.41,1.93
09/28/2025,24:00,N,1.29,2.19,1.99,0.97,0.25
09/29/2025,01:00,N,0.71,0.8,0.53,0.19,0.07
09/29/2025,02:00,N,0.99,0.77,0.49,0.19,0.06
09/29/2025,03:00,N,0.62,0.73,0.5,0.08,0.06
09/29/2025,04:00,N,0.71,0.9,0.49,0.08,0.06
09/29/2025,05:00,N,0.56,0.86,0.44,0.07,0.06
09/29/2025,06:00,N,0.42,0.99,0.43,0.05,0.06
09/29/2025,07:00,N,0.38,1,0.44,0.44,0.07
09/29/2025,08:00,N,2.14,1.34,0.93,0.92,0.06
09/29/2025,09:00,N,1.8,1.35,1,0.94,1
09/29/2025,10:00,N,1.49,1,0.49,0.48,0.49
09/29/2025,11:00,N,1.12,0.83,0.5,0.5,0.5
09/29/2025,12:00,N,1,0.85,0.44,0.44,0.44
09/29/2025,13:00,N,0.52,0.94,0.4,0.37,0.4
09/29/2025,14:00,N,0.55,0.98,0.44,0.44,0.44
09/29/2025,15:00,N,0.72,1.14,0.49,0.49,0.49
09/29/2025,16:00,N,0.98,1.35,0.58,0.84,0.58
09/29/2025,17:00,N,1.5,1.39,0.86,0.86,0.86
09/29/2025,18:00,N,1.83,1.45,1.04,1.04,1.04
09/29/2025,19:00,N,2.41,10.45,10,6.42,10
09/29/2025,20:00,N,1.48,7.19,7.19,6.87,7.19
09/29/2025,21:00,N,4.08,13.33,13.33,9.7,13.33
09/29/2025,22:00,N,1.99,8.46,8.46,8.46,8.46
09/29/2025,23:00,N,1.44,4.39,4.06,3.92,4.06
09/29/2025,24:00,N,1.16,2.4,1.96,1.02,0.37
09/30/2025,01:00,N,0.74,1.52,1,0.2,0.07
09/30/2025,02:00,N,0.94,0.73,0.5,0.2,0.06
09/30/2025,03:00,N,0.89,0.81,0.37,0.07,0.06
09/30/2025,04:00,N,0.87,0.87,0.37,0.07,0.06
09/30/2025,05:00,N,0.66,0.92,0.44,0.07,0.06
09/30/2025,06:00,N,0.61,1,0.44,0.05,0.07
09/30/2025,07:00,N,0.55,1.03,0.44,0.43,0.08
09/30/2025,08:00,N,1.53,1,1,0.94,0.06
09/30/2025,09:00,N,1.35,1.3,0.97,0.94,0.97
09/30/2025,10:00,N,1.16,0.93,0.49,0.49,0.49
09/30/2025,11:00,N,1.31,0.82,0.5,0.5,0.5
09/30/2025,12:00,N,1.47,0.89,0.44,0.44,0.44
09/30/2025,13:00,N,0.56,1,0.44,0.39,0.44
09/30/2025,14:00,N,0.6,1,0.39,0.39,0.39
09/30/2025,15:00,N,0.85,1.22,0.44,0.44,0.44
09/30/2025,16:00,N,1.1,1.38,0.64,0.64,0.64
09/30/2025,17:00,N,1.1,1.19,0.5,0.75,0.5
09/30/2025,18:00,N,2.25,1.52,1,1,1
09/30/2025,19:00,N,3.35,10.51,9.4,5.18,9.4
09/30/2025,20:00,N,2.39,11.77,11.32,8.24,11.32
09/30/2025,21:00,N,1.53,13.23,13.23,12.25,13.23
09/30/2025,22:00,N,2.05,8.82,8.82,8.82,8.82
09/30/2025,23:00,N,1.74,4.88,4.57,3.87,4.57
09/30/2025,24:00,N,1.15,3.71,2.99,1.02,0.25
10/01/2025,01:00,N,0.57,0.5,0.5,0.49,0.05
10/01/2025,02:00,N,0.65,0.66,0.5,0.48,0.04
10/01/2025,03:00,N,0.59,0.51,0.37,0.23,0.05
10/01/2025,04:00,N,0.45,0.55,0.37,0.23,0.05
10/01/2025,05:00,N,0.53,0.76,0.44,0.23,0.06
10/01/2025,06:00,N,0.36,0.95,0.44,0.1,0.06
10/01/2025,07:00,N,0.45,0.99,0.49,0.49,0.05
10/01/2025,08:00,N,1,1,1,1,0.06
10/01/2025,09:00,N,1.28,1.24,1,1,0.94
10/01/2025,10:00,N,1.49,1.48,0.95,0.95,0.95
10/01/2025,11:00,N,2.45,0.86,0.49,0.92,0.49
10/01/2025,12:00,N,1.29,0.88,0.44,0.75,0.44
10/01/2025,13:00,N,0.47,0.93,0.44,0.75,0.44
10/01/2025,14:00,N,0.69,1,0.44,0.59,0.44
10/01/2025,15:00,N,0.7,1,0.44,0.44,0.44
10/01/2025,16:00,N,0.92,1.16,0.44,0.87,0.44
10/01/2025,17:00,N,1.4,1.27,0.44,0.94,0.44
10/01/2025,18:00,N,2.12,1.32,0.49,0.99,0.49
10/01/2025,19:00,N,2.62,10.92,13.73,13.73,13.73
10/01/2025,20:00,N,3.5,8.83,10.55,9.05,10.55
10/01/2025,21:00,N,3.5,7.79,7.79,7.79,6.11
10/01/2025,22:00,N,1,6.4,6.4,6.4,2
10/01/2025,23:00,N,1.62,3.58,3.49,3.49,0.64
10/01/2025,24:00,N,1,3.1,2.91,2.89,0.06
10/02/2025,01:00,N,0.47,0.3,0.3,0.3,0.04
10/02/2025,02:00,N,0.78,0.57,0.3,0.29,0.04
10/02/2025,03:00,N,0.67,0.49,0.25,0.2,0.05
10/02/2025,04:00,N,0.63,0.7,0.3,0.2,0.04
10/02/2025,05:00,N,0.61,0.75,0.3,0.2,0.06
10/02/2025,06:00,N,0.34,0.69,0.27,0.2,0.05
10/02/2025,07:00,N,0.46,1.45,0.93,0.93,0.05
10/02/2025,08:00,N,1.21,1.42,1,0.99,0.05
10/02/2025,09:00,N,1.57,1.28,1,1,0.88
10/02/2025,10:00,N,1.49,1.75,1,1,1
10/02/2025,11:00,N,1.49,0.92,0.49,0.75,0.49
10/02/2025,12:00,N,1.29,1.05,0.44,0.92,0.44
10/02/2025,13:00,N,0.72,1.2,0.44,0.61,0.44
10/02/2025,14:00,N,0.71,1.13,0.44,0.5,0.44
10/02/2025,15:00,N,0.83,1.05,0.44,0.44,0.44
10/02/2025,16:00,N,1,1.16,0.44,0.8,0.44
10/02/2025,17:00,N,1.7,1.77,0.44,0.93,0.44
10/02/2025,18:00,N,2.07,1.36,0.49,0.99,0.49
10/02/2025,19:00,N,2.1,5.87,3.52,3.52,3.52
10/02/2025,20:00,N,2.93,8.43,8.43,8.39,8.43
10/02/2025,21:00,N,5.68,6.47,5.98,5.98,5.98
10/02/2025,22:00,N,1,2.19,1.93,2,1.93
10/02/2025,23:00,N,1,1.84,1.04,1.04,0.64
10/02/2025,24:00,N,1,1.35,1,1,0.06
10/03/2025,01:00,N,0.51,0.6,0.6,0.6,0.04
10/03/2025,02:00,N,0.78,0.74,0.4,0.3,0.04
10/03/2025,03:00,N,0.49,0.57,0.37,0.23,0.05
10/03/2025,04:00,N,0.38,0.68,0.34,0.22,0.04
10/03/2025,05:00,N,0.51,0.86,0.44,0.22,0.06
10/03/2025,06:00,N,0.5,1.15,0.44,0.09,0.05
10/03/2025,07:00,N,0.53,1.02,0.49,0.49,0.05
10/03/2025,08:00,N,1.72,1.38,0.95,0.94,0.05
10/03/2025,09:00,N,1.79,1.56,1,1,1
10/03/2025,10:00,N,2.72,1.79,0.93,0.93,0.93
10/03/2025,11:00,N,1.14,0.75,0.49,0.5,0.49
10/03/2025,12:00,N,0.87,0.82,0.44,0.5,0.44
10/03/2025,13:00,N,0.56,1.3,0.44,0.5,0.44
10/03/2025,14:00,N,0.68,1.27,0.44,0.5,0.44
10/03/2025,15:00,N,0.8,1.23,0.44,0.49,0.44
10/03/2025,16:00,N,0.84,1.3,0.44,0.5,0.44
10/03/2025,17:00,N,1.23,1.36,0.44,0.63,0.44
10/03/2025,18:00,N,2.17,1.52,0.49,0.93,0.49
10/03/2025,19:00,N,2.34,7.4,4.34,4.24,4.34
10/03/2025,20:00,N,8.18,7,6.9,5,6.9
10/03/2025,21:00,N,5.33,5.18,4.92,5,4.92
10/03/2025,22:00,N,1.84,3.26,3.11,3.11,1
10/03/2025,23:00,N,2.2,2.11,1.07,1.04,0.7
10/03/2025,24:00,N,0.97,1.9,1,0.99,0.06
10/04/2025,01:00,N,0.73,1.01,0.44,0.3,0.04
10/04/2025,02:00,N,0.73,0.76,0.44,0.3,0.04
10/04/2025,03:00,N,0.92,0.7,0.44,0.22,0.05
10/04/2025,04:00,N,0.58,0.71,0.3,0.22,0.04
10/04/2025,05:00,N,0.5,0.7,0.3,0.22,0.06
10/04/2025,06:00,N,0.23,0.32,0.23,0.1,0.05
10/04/2025,07:00,N,0.35,0.98,0.48,0.48,0.05
10/04/2025,08:00,N,0.8,1.22,1,0.98,0.05
10/04/2025,09:00,N,2.08,1.96,1.02,1.02,1.02
10/04/2025,10:00,N,1.85,1.9,1,1,1
10/04/2025,11:00,N,1.8,1,0.44,0.5,0.44
10/04/2025,12:00,N,2.15,0.95,0.44,0.5,0.44
10/04/2025,13:00,N,1.02,1,0.39,0.5,0.39
10/04/2025,14:00,N,0.46,1,0.4,0.5,0.4
10/04/2025,15:00,N,0.63,0.91,0.37,0.37,0.37
10/04/2025,16:00,N,0.65,0.86,0.39,0.39,0.39
10/04/2025,17:00,N,0.73,0.99,0.44,0.44,0.44
10/04/2025,18:00,N,1.31,1,0.44,0.65,0.44
10/04/2025,19:00,N,2.53,1.82,1,1,1
10/04/2025,20:00,N,2.45,2.61,2,2,2
10/04/2025,21:00,N,4.84,7.65,6.97,5,1
10/04/2025,22:00,N,1,3.97,3.97,3.97,1.93
10/04/2025,23:00,N,0.83,1.26,1.05,1.04,0.86
10/04/2025,24:00,N,1,1.14,1.01,1,0.06
10/05/2025,01:00,N,0.5,0.5,0.37,0.3,0.05
10/05/2025,02:00,N,0.8,0.45,0.37,0.3,0.05
10/05/2025,03:00,N,0.7,0.5,0.3,0.22,0.06
10/05/2025,04:00,N,0.87,0.51,0.3,0.22,0.04
10/05/2025,05:00,N,0.59,0.55,0.37,0.22,0.05
10/05/2025,06:00,N,0.29,0.66,0.26,0.1,0.05
10/05/2025,07:00,N,0.33,0.84,0.44,0.44,0.04
10/05/2025,08:00,N,0.97,1.16,1,0.99,0.05
10/05/2025,09:00,N,2.16,1.42,1,1,1
10/05/2025,10:00,N,2.99,1.47,0.96,0.96,0.96
10/05/2025,11:00,N,1.28,0.73,0.49,0.5,0.49
10/05/2025,12:00,N,1.47,0.69,0.42,0.5,0.42
10/05/2025,13:00,N,0.35,0.77,0.44,0.49,0.44
10/05/2025,14:00,N,0.36,0.73,0.39,0.46,0.39
10/05/2025,15:00,N,0.51,0.71,0.36,0.36,0.36
10/05/2025,16:00,N,0.51,0.88,0.38,0.38,0.38
10/05/2025,17:00,N,0.8,0.95,0.44,0.44,0.44
10/05/2025,18:00,N,1.24,1.03,0.44,0.5,0.44
10/05/2025,19:00,N,1.69,3.98,2.5,2.5,2.5
10/05/2025,20:00,N,3.14,7.84,7.84,4.91,7.84
10/05/2025,21:00,N,3.25,7.29,6.99,5,6.99
10/05/2025,22:00,N,1.19,4.91,4.78,4.78,4.78
10/05/2025,23:00,N,1,2.18,2.04,2,1
10/05/2025,24:00,N,1,1.1,1.03,1.02,0.05
10/06/2025,01:00,N,0.01,0.25,0.25,0.25,0.05
10/06/2025,02:00,N,1,0.48,0.27,0.26,0.05
10/06/2025,03:00,N,0.79,0.41,0.27,0.24,0.05
10/06/2025,04:00,N,0.41,0.42,0.27,0.23,0.05
10/06/2025,05:00,N,0.56,0.71,0.28,0.23,0.07
10/06/2025,06:00,N,0.45,0.86,0.28,0.1,0.06
10/06/2025,07:00,N,0.43,1,0.5,0.5,0.25
10/06/2025,08:00,N,1.35,1.34,0.89,0.97,0.44
10/06/2025,09:00,N,2.38,1.34,1.01,1.01,1.01
10/06/2025,10:00,N,2.99,1.51,0.89,0.89,0.89
10/06/2025,11:00,N,1.5,0.84,0.5,0.5,0.5
10/06/2025,12:00,N,0.82,0.99,0.44,0.75,0.44
10/06/2025,13:00,N,0.41,1.06,0.44,0.5,0.44
10/06/2025,14:00,N,0.6,1.14,0.44,0.96,0.44
10/06/2025,15:00,N,0.67,1.03,0.44,0.5,0.44
10/06/2025,16:00,N,0.63,1.29,0.44,0.81,0.44
10/06/2025,17:00,N,1.24,1.27,0.44,0.86,0.44
10/06/2025,18:00,N,2.48,1.84,0.5,0.96,0.5
10/06/2025,19:00,N,2.47,7.34,6.88,6.74,6.88
10/06/2025,20:00,N,6.5,16.02,15.83,12.98,15.83
10/06/2025,21:00,N,4.99,22.12,22.12,20.42,22.12
10/06/2025,22:00,N,2.25,9.13,8.96,15.93,8.96
10/06/2025,23:00,N,1.92,4.7,4.5,4.5,4.5
10/06/2025,24:00,N,1.09,1.6,1.38,1.36,0.7
10/07/2025,01:00,N,0.58,0.77,0.37,0.33,0.25
10/07/2025,02:00,N,1,0.62,0.3,0.29,0.25
10/07/2025,03:00,N,0.68,0.53,0.3,0.26,0.3
10/07/2025,04:00,N,0.73,0.59,0.3,0.27,0.25
10/07/2025,05:00,N,0.67,0.72,0.31,0.3,0.31
10/07/2025,06:00,N,0.64,0.75,0.3,0.3,0.3
10/07/2025,07:00,N,0.55,1.36,0.49,1.01,0.25
10/07/2025,08:00,N,1.09,1.77,1,1.35,0.44
10/07/2025,09:00,N,1.51,1.34,1,1,1
10/07/2025,10:00,N,1.47,1.32,0.99,0.99,0.99
10/07/2025,11:00,N,1.37,1.26,0.5,0.5,0.5
10/07/2025,12:00,N,0.47,1,0.49,0.75,0.49
10/07/2025,13:00,N,0.37,1.32,0.44,0.5,0.44
10/07/2025,14:00,N,0.57,1.41,0.44,1,0.44
10/07/2025,15:00,N,0.69,1.22,0.44,0.44,0.44
10/07/2025,16:00,N,0.62,1.29,0.44,0.8,0.44
10/07/2025,17:00,N,1.25,1.33,0.44,0.97,0.44
10/07/2025,18:00,N,1.78,1.98,0.49,1,0.49
10/07/2025,19:00,N,2.34,7.37,7.56,7.42,7.56
10/07/2025,20:00,N,6.62,9.99,9.54,6.46,9.54
10/07/2025,21:00,N,5.6,18.34,18.34,18.2,18.34
10/07/2025,22:00,N,2.03,8.81,8.38,9.88,8.38
10/07/2025,23:00,N,1.77,5,4.61,4.61,4.61
10/07/2025,24:00,N,1.48,2.29,2.17,2.1,0.64
10/08/2025,01:00,N,0.87,1.1,0.44,0.4,0.25
10/08/2025,02:00,N,0.97,0.64,0.37,0.33,0.11
10/08/2025,03:00,N,0.72,0.65,0.3,0.27,0.25
10/08/2025,04:00,N,0.78,0.87,0.31,0.28,0.13
10/08/2025,05:00,N,0.71,0.85,0.31,0.3,0.31
10/08/2025,06:00,N,0.64,0.31,0.3,0.3,0.3
10/08/2025,07:00,N,0.68,1.52,0.49,1.02,0.37
10/08/2025,08:00,N,1,2.08,2.08,2,0.37
10/08/2025,09:00,N,1.44,1.43,1.09,1.05,1.09
10/08/2025,10:00,N,1.36,1.3,1,0.98,1
10/08/2025,11:00,N,2.99,0.9,0.49,0.5,0.49
10/08/2025,12:00,N,1.69,1,0.44,0.97,0.44
10/08/2025,13:00,N,0.41,1.1,0.44,0.97,0.44
10/08/2025,14:00,N,0.63,1.17,0.44,1,0.44
10/08/2025,15:00,N,0.7,1.15,0.44,0.75,0.44
10/08/2025,16:00,N,0.62,1.35,0.44,0.97,0.44
10/08/2025,17:00,N,1.35,1.32,0.44,0.97,0.44
10/08/2025,18:00,N,1.85,2,0.49,1,0.49
10/08/2025,19:00,N,2.77,4.71,4.9,4.9,4.9
10/08/2025,20:00,N,5.87,9.2,9,6.67,9
10/08/2025,21:00,N,5.75,20,20,18.67,20
10/08/2025,22:00,N,1.96,8.69,8.36,13.4,8.36
10/08/2025,23:00,N,1.76,6.34,5.99,5.99,5.99
10/08/2025,24:00,N,1.64,3.51,3.35,3.33,0.78
10/09/2025,01:00,N,1,0.9,0.37,0.24,0.13
10/09/2025,02:00,N,1,0.85,0.3,0.24,0.11
10/09/2025,03:00,N,0.84,0.83,0.3,0.2,0.3
10/09/2025,04:00,N,0.63,0.73,0.3,0.2,0.13
10/09/2025,05:00,N,0.64,1,0.31,0.2,0.31
10/09/2025,06:00,N,0.57,0.77,0.29,0.1,0.29
10/09/2025,07:00,N,0.7,1,0.49,0.5,0.06
10/09/2025,08:00,N,1.07,1.95,1,0.96,0.1
10/09/2025,09:00,N,1.49,1.37,1,0.99,1
10/09/2025,10:00,N,2.83,1.7,0.94,0.94,0.94
10/09/2025,11:00,N,3.51,1.02,0.44,0.5,0.44
10/09/2025,12:00,N,1.76,1.06,0.39,0.5,0.39
10/09/2025,13:00,N,0.32,1.54,0.44,0.95,0.44
10/09/2025,14:00,N,0.56,1.37,0.44,0.94,0.44
10/09/2025,15:00,N,0.72,1.06,0.44,0.5,0.44
10/09/2025,16:00,N,0.61,1.34,0.49,0.5,0.49
10/09/2025,17:00,N,1.14,1.45,0.44,0.97,0.44
10/09/2025,18:00,N,1.45,2.1,0.49,0.97,0.49
10/09/2025,19:00,N,4.25,5,3.12,3.12,3.12
10/09/2025,20:00,N,6.03,8.38,7.99,7.16,7.16
10/09/2025,21:00,N,3.37,19.32,19.32,17.36,13.83
10/09/2025,22:00,N,1.91,6.69,6.41,6.41,6.41
10/09/2025,23:00,N,1.45,5.24,5,5,0.88
10/09/2025,24:00,N,1.1,2.86,2.2,2,0.64
10/10/2025,01:00,N,0.73,0.45,0.31,0.2,0.05
10/10/2025,02:00,N,0.75,0.68,0.3,0.2,0.05
10/10/2025,03:00,N,0.64,0.58,0.3,0.15,0.1
10/10/2025,04:00,N,0.47,0.5,0.3,0.15,0.05
10/10/2025,05:00,N,0.47,0.85,0.3,0.15,0.1
10/10/2025,06:00,N,0.37,1,0.3,0.07,0.1
10/10/2025,07:00,N,0.56,1.29,0.5,0.5,0.06
10/10/2025,08:00,N,0.98,1,1,0.93,0.1
10/10/2025,09:00,N,1.36,1.11,0.88,0.88,0.88
10/10/2025,10:00,N,2.27,1.72,0.89,0.88,0.89
10/10/2025,11:00,N,2.49,0.98,0.44,0.5,0.44
10/10/2025,12:00,N,1.95,1,0.37,0.49,0.37
10/10/2025,13:00,N,0.4,1.3,0.44,0.44,0.44
10/10/2025,14:00,N,0.7,1.4,0.44,0.95,0.44
10/10/2025,15:00,N,0.76,1.16,0.44,0.5,0.44
10/10/2025,16:00,N,0.7,1.3,0.44,0.5,0.44
10/10/2025,17:00,N,1.15,1.32,0.44,0.75,0.44
10/10/2025,18:00,N,1.42,1.95,0.44,0.95,0.44
10/10/2025,19:00,N,2.25,12.7,10.89,8.89,10.89
10/10/2025,20:00,N,6.01,7.29,7.29,5.63,7.29
10/10/2025,21:00,N,2.53,9.66,9.66,9.52,9.66
10/10/2025,22:00,N,2.17,5.73,5.53,5.53,5.53
10/10/2025,23:00,N,1.5,4.7,4.37,4.37,0.88
10/10/2025,24:00,N,1.6,2.87,2.25,2.18,0.64
10/11/2025,01:00,N,0.36,0.41,0.27,0.24,0.05
10/11/2025,02:00,N,0.91,0.5,0.26,0.23,0.04
10/11/2025,03:00,N,0.62,0.61,0.49,0.21,0.05
10/11/2025,04:00,N,0.86,0.89,0.49,0.21,0.04
10/11/2025,05:00,N,0.61,0.81,0.44,0.21,0.06
10/11/2025,06:00,N,0.36,0.7,0.3,0.08,0.05
10/11/2025,07:00,N,0.48,0.82,0.92,0.92,0.05
10/11/2025,08:00,N,0.94,1.52,1.19,1.02,0.05
10/11/2025,09:00,N,1.83,1.52,1.09,1.02,1.09
10/11/2025,10:00,N,1,1.77,0.98,0.97,0.98
10/11/2025,11:00,N,1.27,0.82,0.49,0.5,0.49
10/11/2025,12:00,N,1.04,0.61,0.37,0.5,0.37
10/11/2025,13:00,N,0.54,0.65,0.37,0.44,0.37
10/11/2025,14:00,N,0.47,0.93,0.39,0.5,0.39
10/11/2025,15:00,N,0.63,0.54,0.3,0.3,0.3
10/11/2025,16:00,N,0.45,0.78,0.42,0.39,0.42
10/11/2025,17:00,N,1.12,0.83,0.44,0.44,0.44
10/11/2025,18:00,N,1.88,1.1,0.44,0.5,0.44
10/11/2025,19:00,N,1.43,2.2,1,1,1
10/11/2025,20:00,N,4.1,5.55,4.62,2.5,4.62
10/11/2025,21:00,N,1.61,6.96,5.91,5,4.98
10/11/2025,22:00,N,1.21,4.63,4.53,4.53,1
10/11/2025,23:00,N,1.15,3.32,3.3,3.3,0.16
10/11/2025,24:00,N,0.99,1.56,1.55,1.49,0.06
10/12/2025,01:00,N,0.64,0.72,0.5,0.3,0.05
10/12/2025,02:00,N,0.89,0.52,0.3,0.27,0.05
10/12/2025,03:00,N,0.44,0.61,0.3,0.24,0.06
10/12/2025,04:00,N,0.35,0.45,0.33,0.21,0.05
10/12/2025,05:00,N,0.31,0.66,0.4,0.21,0.07
10/12/2025,06:00,N,0.33,0.69,0.3,0.07,0.05
10/12/2025,07:00,N,0.31,0.91,0.49,0.74,0.05
10/12/2025,08:00,N,0.85,1.34,0.99,0.96,0.05
10/12/2025,09:00,N,2.75,1.86,1,0.99,1
10/12/2025,10:00,N,1.24,1.2,0.89,0.89,0.89
10/12/2025,11:00,N,2.49,0.67,0.49,0.5,0.49
10/12/2025,12:00,N,0.76,0.75,0.44,0.5,0.44
10/12/2025,13:00,N,0.29,0.66,0.44,0.5,0.44
10/12/2025,14:00,N,0.38,0.85,0.4,0.5,0.4
10/12/2025,15:00,N,0.55,0.85,0.4,0.3,0.4
10/12/2025,16:00,N,0.43,0.9,0.44,0.38,0.44
10/12/2025,17:00,N,0.97,0.87,0.4,0.39,0.4
10/12/2025,18:00,N,0.94,1.53,0.49,0.75,0.49
10/12/2025,19:00,N,1.08,6.4,4.9,2.88,4.9
10/12/2025,20:00,N,8.28,7.31,7.31,5,7.31
10/12/2025,21:00,N,3.71,7.57,7.29,5.59,7.29
10/12/2025,22:00,N,1.36,4.54,4.32,4.32,2.95
10/12/2025,23:00,N,1.51,3.85,3.63,3.63,0.15
10/12/2025,24:00,N,1,2.6,2.41,2.41,0.06
10/13/2025,01:00,N,0.84,0.96,0.37,0.34,0.05
10/13/2025,02:00,N,1,0.89,0.27,0.24,0.04
10/13/2025,03:00,N,1.56,1.02,0.22,0.21,0.05
10/13/2025,04:00,N,0.75,0.57,0.23,0.23,0.04
10/13/2025,05:00,N,0.48,0.9,0.25,0.23,0.06
10/13/2025,06:00,N,0.47,1.04,0.24,0.07,0.05
10/13/2025,07:00,N,0.52,1.34,0.44,0.44,0.05
10/13/2025,08:00,N,1,0.73,0.73,0.73,0.05
10/13/2025,09:00,N,2.45,1.29,0.89,0.92,0.89
10/13/2025,10:00,N,1.98,1.05,0.89,0.89,0.89
10/13/2025,11:00,N,1.42,0.79,0.44,0.5,0.44
10/13/2025,12:00,N,1.1,1,0.37,0.5,0.37
10/13/2025,13:00,N,0.79,1.84,0.44,0.94,0.44
10/13/2025,14:00,N,1.1,1.79,0.44,1,0.44
10/13/2025,15:00,N,1.68,1.54,0.44,0.75,0.44
10/13/2025,16:00,N,1.26,1.77,0.44,1,0.44
10/13/2025,17:00,N,2.24,1.62,0.44,0.95,0.44
10/13/2025,18:00,N,2.25,2.2,0.44,1,0.44
10/13/2025,19:00,N,2.52,16.84,15.44,12.42,15.44
10/13/2025,20:00,N,14.97,12.26,12.26,10.19,12.26
10/13/2025,21:00,N,7.76,15.01,14.58,14.58,14.58
10/13/2025,22:00,N,2,11.17,10.61,13.06,10.61
10/13/2025,23:00,N,1.66,5.89,5.41,7.83,5.41
10/13/2025,24:00,N,1,2.66,2.12,2.06,0.37
10/14/2025,01:00,N,0.66,0.72,0.33,0.3,0.05
10/14/2025,02:00,N,0.6,0.55,0.31,0.28,0.05
10/14/2025,03:00,N,0.56,0.7,0.3,0.24,0.06
10/14/2025,04:00,N,0.28,0.62,0.3,0.23,0.05
10/14/2025,05:00,N,0.39,0.64,0.3,0.23,0.06
10/14/2025,06:00,N,0.59,0.96,0.31,0.06,0.06
10/14/2025,07:00,N,0.7,1.43,0.49,0.94,0.1
10/14/2025,08:00,N,1.11,1.04,1.04,1.04,0.1
10/14/2025,09:00,N,2,1.25,1,1.03,1
10/14/2025,10:00,N,2.15,1.56,0.95,0.95,0.95
10/14/2025,11:00,N,2.49,0.93,0.49,0.94,0.49
10/14/2025,12:00,N,1.04,1.02,0.44,0.92,0.44
10/14/2025,13:00,N,0.6,1.14,0.44,0.5,0.44
10/14/2025,14:00,N,0.63,1.19,0.44,0.94,0.44
10/14/2025,15:00,N,0.8,1.13,0.44,0.93,0.44
10/14/2025,16:00,N,0.76,1.17,0.44,1,0.44
10/14/2025,17:00,N,1.39,1.21,0.44,1,0.44
10/14/2025,18:00,N,2.45,1.99,0.49,1,0.49
10/14/2025,19:00,N,3.05,19.12,26.83,23.36,26.82
10/14/2025,20:00,N,9.78,18.26,18.58,18.44,18.58
10/14/2025,21:00,N,11.15,19.87,19.33,19.82,19.33
10/14/2025,22:00,N,1.84,11.83,11.19,16.58,11.19
10/14/2025,23:00,N,1.77,7.46,6.97,6.97,6.97
10/14/2025,24:00,N,1.21,4.4,3.93,3.93,1
10/15/2025,01:00,N,0.95,1.65,1,0.93,0.1
10/15/2025,02:00,N,0.48,0.65,0.5,0.49,0.11
10/15/2025,03:00,N,0.97,0.85,0.33,0.3,0.25
10/15/2025,04:00,N,0.56,0.53,0.4,0.38,0.13
10/15/2025,05:00,N,0.7,0.88,0.44,0.38,0.37
10/15/2025,06:00,N,1.08,0.64,0.3,0.29,0.25
10/15/2025,07:00,N,0.75,1.54,0.89,1.04,0.7
10/15/2025,08:00,N,1.05,3.22,3.22,3.22,0.88
10/15/2025,09:00,N,2.32,2.51,1.8,1.8,1.8
10/15/2025,10:00,N,1.74,1.3,1,1,1
10/15/2025,11:00,N,1.47,1,0.5,0.94,0.5
10/15/2025,12:00,N,0.81,1,0.44,0.92,0.44
10/15/2025,13:00,N,0.49,1.18,0.44,0.5,0.44
10/15/2025,14:00,N,0.82,1.14,0.49,1,0.49
10/15/2025,15:00,N,1.17,1.4,0.49,0.95,0.49
10/15/2025,16:00,N,1.6,1.21,0.49,1,0.49
10/15/2025,17:00,N,1.71,1.17,0.49,0.96,0.49
10/15/2025,18:00,N,2.8,2,0.75,1.05,0.75
10/15/2025,19:00,N,4.89,11.48,11.65,11.25,11.65
10/15/2025,20:00,N,5.29,16.51,19.14,18.44,19.14
10/15/2025,21:00,N,15,21,21,21,21
10/15/2025,22:00,N,1.66,10.42,10.1,11.9,10.1
10/15/2025,23:00,N,1.33,6.34,6.12,6.12,2.95
10/15/2025,24:00,N,1,3.94,3.76,3.76,0.29
10/16/2025,01:00,N,0.93,1.37,0.98,0.3,0.07
10/16/2025,02:00,N,0.81,0.59,0.3,0.28,0.05
10/16/2025,03:00,N,0.6,0.62,0.5,0.09,0.06
10/16/2025,04:00,N,0.62,0.82,0.5,0.09,0.05
10/16/2025,05:00,N,0.67,0.8,0.44,0.2,0.06
10/16/2025,06:00,N,0.59,1,0.44,0.07,0.06
10/16/2025,07:00,N,0.43,1.25,0.89,0.89,0.05
10/16/2025,08:00,N,1.04,1.44,0.99,0.99,0.06
10/16/2025,09:00,N,2.24,1.45,1.01,1.01,1.01
10/16/2025,10:00,N,1.64,1.62,1.04,1.02,1.04
10/16/2025,11:00,N,1,0.89,0.49,0.92,0.49
10/16/2025,12:00,N,1.06,0.97,0.44,0.75,0.44
10/16/2025,13:00,N,0.74,0.62,0.44,0.5,0.44
10/16/2025,14:00,N,0.58,0.96,0.44,0.5,0.44
10/16/2025,15:00,N,0.71,0.72,0.44,0.44,0.44
10/16/2025,16:00,N,0.64,0.64,0.44,0.44,0.44
10/16/2025,17:00,N,1.9,0.78,0.49,0.5,0.49
10/16/2025,18:00,N,1.88,1.03,0.62,0.85,0.62
10/16/2025,19:00,N,1.81,6.8,5.76,5,5.7
10/16/2025,20:00,N,5.85,6.2,5.14,5,5.14
10/16/2025,21:00,N,5.63,6.46,6.32,6.32,6.32
10/16/2025,22:00,N,1.09,3.68,3.6,3.4,1
10/16/2025,23:00,N,1,3.22,3.21,3.21,0.25
10/16/2025,24:00,N,1,1.77,1.61,1.61,0.06
10/17/2025,01:00,N,0.59,0.61,0.37,0.24,0.04
10/17/2025,02:00,N,0.52,0.41,0.3,0.24,0.04
10/17/2025,03:00,N,0.97,0.76,0.25,0.1,0.05
10/17/2025,04:00,N,0.55,0.36,0.25,0.09,0.04
10/17/2025,05:00,N,0.41,0.52,0.25,0.1,0.05
10/17/2025,06:00,N,0.44,0.67,0.27,0.07,0.05
10/17/2025,07:00,N,0.49,0.91,0.44,0.44,0.05
10/17/2025,08:00,N,0.7,1,0.49,0.93,0.05
10/17/2025,09:00,N,1.76,1,0.93,0.94,0.93
10/17/2025,10:00,N,2.55,1.57,0.89,0.89,0.89
10/17/2025,11:00,N,1.94,0.98,0.49,0.5,0.49
10/17/2025,12:00,N,1.03,0.98,0.44,0.5,0.44
10/17/2025,13:00,N,0.6,1.25,0.44,0.5,0.44
10/17/2025,14:00,N,0.6,1.3,0.44,1.36,0.44
10/17/2025,15:00,N,0.93,1.11,0.44,0.74,0.44
10/17/2025,16:00,N,0.9,1,0.44,1,0.44
10/17/2025,17:00,N,1.89,1.06,0.44,0.75,0.44
10/17/2025,18:00,N,3.74,2.6,0.49,1.36,0.49
10/17/2025,19:00,N,5.9,20.58,20,16.53,20
10/17/2025,20:00,N,11.71,15.45,15.45,14,15.45
10/17/2025,21:00,N,2.68,11.7,11.45,11.45,11.45
10/17/2025,22:00,N,1.38,7.04,6.78,6.78,6.78
10/17/2025,23:00,N,1.51,4.98,4.38,4.38,0.94
10/17/2025,24:00,N,1.35,3.6,3.07,3,0.06
10/18/2025,01:00,N,0.59,0.77,0.5,0.3,0.05
10/18/2025,02:00,N,0.55,0.5,0.26,0.24,0.05
10/18/2025,03:00,N,0.52,0.58,0.21,0.2,0.06
10/18/2025,04:00,N,0.45,0.39,0.21,0.2,0.05
10/18/2025,05:00,N,0.31,0.54,0.21,0.1,0.07
10/18/2025,06:00,N,0.51,0.36,0.2,0.06,0.06
10/18/2025,07:00,N,0.33,0.53,0.31,0.31,0.06
10/18/2025,08:00,N,0.75,0.98,0.98,0.92,0.06
10/18/2025,09:00,N,1.4,1.09,0.64,0.64,0.64
10/18/2025,10:00,N,1,1.26,0.89,0.89,0.89
10/18/2025,11:00,N,1.15,0.73,0.44,0.5,0.44
10/18/2025,12:00,N,0.94,0.87,0.41,0.5,0.41
10/18/2025,13:00,N,0.43,0.82,0.44,0.46,0.44
10/18/2025,14:00,N,0.49,1,0.44,1,0.44
10/18/2025,15:00,N,0.6,0.74,0.44,0.5,0.44
10/18/2025,16:00,N,0.65,0.81,0.44,0.75,0.44
10/18/2025,17:00,N,1.19,0.75,0.44,0.75,0.44
10/18/2025,18:00,N,1.93,1.52,0.6,1,0.6
10/18/2025,19:00,N,2.92,7.59,7.75,7.75,7.75
10/18/2025,20:00,N,4.89,11.51,13.13,12.99,13.13
10/18/2025,21:00,N,2.21,16.37,16.37,16.37,16.37
10/18/2025,22:00,N,1.04,10.11,9.99,9.99,9.99
10/18/2025,23:00,N,1,5.52,5.3,5.3,5.3
10/18/2025,24:00,N,0.64,2.19,2.15,2.15,0.25
10/19/2025,01:00,N,0.63,0.61,0.34,0.3,0.05
10/19/2025,02:00,N,0.44,0.4,0.26,0.24,0.05
10/19/2025,03:00,N,0.92,0.53,0.22,0.2,0.06
10/19/2025,04:00,N,0.92,0.47,0.22,0.21,0.05
10/19/2025,05:00,N,0.5,0.52,0.22,0.21,0.07
10/19/2025,06:00,N,0.44,0.6,0.25,0.06,0.06
10/19/2025,07:00,N,0.44,0.34,0.31,0.44,0.06
10/19/2025,08:00,N,1.15,1,0.44,0.91,0.06
10/19/2025,09:00,N,3.75,1.45,1,0.95,1
10/19/2025,10:00,N,1.14,1.14,0.96,0.96,0.96
10/19/2025,11:00,N,2.99,0.69,0.44,0.5,0.44
10/19/2025,12:00,N,3.66,0.62,0.3,0.5,0.3
10/19/2025,13:00,N,1.58,0.62,0.37,0.5,0.37
10/19/2025,14:00,N,0.44,0.68,0.37,0.5,0.37
10/19/2025,15:00,N,0.69,0.58,0.37,0.37,0.37
10/19/2025,16:00,N,0.84,0.73,0.4,0.5,0.4
10/19/2025,17:00,N,1.2,0.73,0.44,0.5,0.44
10/19/2025,18:00,N,2,1.05,0.49,0.5,0.49
10/19/2025,19:00,N,1.79,2.5,1.18,1.18,1.18
10/19/2025,20:00,N,4.89,3.46,3.65,1.99,1.99
10/19/2025,21:00,N,1.68,6.81,6.81,5.15,2
10/19/2025,22:00,N,1,4.92,4.67,4.67,0.44
10/19/2025,23:00,N,1,2.54,2.39,1.03,0.25
10/19/2025,24:00,N,1,1.81,1.72,0.74,0.06
10/20/2025,01:00,N,0.43,0.52,0.3,0.3,0.05
10/20/2025,02:00,N,0.67,0.37,0.26,0.25,0.05
10/20/2025,03:00,N,0.78,0.47,0.25,0.23,0.06
10/20/2025,04:00,N,0.62,0.4,0.25,0.23,0.05
10/20/2025,05:00,N,0.47,0.75,0.26,0.23,0.07
10/20/2025,06:00,N,0.77,0.5,0.27,0.05,0.07
10/20/2025,07:00,N,0.27,0.55,0.5,0.5,0.06
10/20/2025,08:00,N,0.8,1.07,1,0.94,0.07
10/20/2025,09:00,N,1.63,1.52,1.37,1.02,1.37
10/20/2025,10:00,N,1.55,2.26,2,1.66,2
10/20/2025,11:00,N,1.31,0.98,0.75,0.93,0.75
10/20/2025,12:00,N,1.89,0.76,0.49,0.54,0.49
10/20/2025,13:00,N,0.65,0.65,0.4,0.5,0.4
10/20/2025,14:00,N,0.51,0.8,0.39,0.5,0.39
10/20/2025,15:00,N,0.61,0.6,0.37,0.3,0.37
10/20/2025,16:00,N,0.58,0.64,0.44,0.44,0.44
10/20/2025,17:00,N,0.99,0.7,0.44,0.63,0.44
10/20/2025,18:00,N,1.34,1.33,0.7,1.13,0.7
10/20/2025,19:00,N,1.65,4.1,4.27,4.44,4.27
10/20/2025,20:00,N,3.46,8.52,9.12,7.12,9.12
10/20/2025,21:00,N,3.77,11.76,11.76,11.76,11.76
10/20/2025,22:00,N,1.89,8.1,8.1,8.1,8.1
10/20/2025,23:00,N,0.51,4.02,3.5,3.61,1.93
10/20/2025,24:00,N,0.91,2.25,1.76,1.03,0.1
10/21/2025,01:00,N,0.53,0.79,0.58,0.58,0.05
10/21/2025,02:00,N,0.58,0.52,0.3,0.3,0.04
10/21/2025,03:00,N,0.99,0.44,0.3,0.3,0.05
10/21/2025,04:00,N,0.29,0.41,0.3,0.3,0.05
10/21/2025,05:00,N,0.32,0.54,0.3,0.3,0.06
10/21/2025,06:00,N,0.5,0.87,0.49,0.07,0.1
10/21/2025,07:00,N,0.66,1.44,1.03,1.03,0.37
10/21/2025,08:00,N,1.19,3.5,4.09,4,0.5
10/21/2025,09:00,N,2.54,3.88,3.88,3.77,3.88
10/21/2025,10:00,N,2.72,2.31,2,2,2
10/21/2025,11:00,N,2.99,0.83,0.5,0.94,0.5
10/21/2025,12:00,N,1.93,0.77,0.44,0.92,0.44
10/21/2025,13:00,N,1.24,1,0.49,1,0.49
10/21/2025,14:00,N,0.79,1.18,0.44,1.02,0.44
10/21/2025,15:00,N,0.92,0.94,0.44,0.5,0.44
10/21/2025,16:00,N,0.94,0.92,0.44,0.75,0.44
10/21/2025,17:00,N,1.98,1.03,0.5,0.87,0.5
10/21/2025,18:00,N,2.44,2.43,0.75,1.95,0.75
10/21/2025,19:00,N,2.49,17.88,19.33,19.23,19.33
10/21/2025,20:00,N,13.59,20.72,21.8,19.8,21.8
10/21/2025,21:00,N,8.92,20.68,20.68,20.68,20.68
10/21/2025,22:00,N,2.25,12.76,12.6,21.6,12.6
10/21/2025,23:00,N,1.86,10.35,10,11.2,10
10/21/2025,24:00,N,1.55,5.68,5.33,5.44,5.33
10/22/2025,01:00,N,0,1.01,0.85,0.85,0.05
10/22/2025,02:00,N,1,0.88,0.49,0.49,0.05
10/22/2025,03:00,N,0.89,1.09,1,0.93,0.06
10/22/2025,04:00,N,0.45,0.65,0.5,0.5,0.05
10/22/2025,05:00,N,0.43,0.77,0.5,0.5,0.07
10/22/2025,06:00,N,0.59,0.9,0.71,0.23,0.06
10/22/2025,07:00,N,0.19,0.88,1.02,1.02,0.06
10/22/2025,08:00,N,1.24,2.53,1.99,2.03,0.06
10/22/2025,09:00,N,2.38,2.73,2.5,2.5,2.5
10/22/2025,10:00,N,1.1,1.68,1.36,1.36,1.36
10/22/2025,11:00,N,1,1.05,0.5,0.96,0.5
10/22/2025,12:00,N,1,0.87,0.49,0.94,0.49
10/22/2025,13:00,N,0.73,0.75,0.44,1,0.44
10/22/2025,14:00,N,0.35,0.68,0.44,1.02,0.44
10/22/2025,15:00,N,0.43,0.62,0.44,0.5,0.44
10/22/2025,16:00,N,0.49,0.63,0.44,0.5,0.44
10/22/2025,17:00,N,1.13,0.67,0.44,0.5,0.44
10/22/2025,18:00,N,2.2,1.32,0.7,1,0.7
10/22/2025,19:00,N,1.98,3.37,2.5,2.5,2.5
10/22/2025,20:00,N,4.78,5.14,5.14,5,5.14
10/22/2025,21:00,N,3.21,12.91,12.94,10,8.09
10/22/2025,22:00,N,1,5.45,5.32,5.32,1
10/22/2025,23:00,N,1.21,2.72,2.7,2.81,1
10/22/2025,24:00,N,0.99,1.26,1.08,0.99,0.06
10/23/2025,01:00,N,0.69,0.66,0.52,0.52,0.05
10/23/2025,02:00,N,0.78,0.62,0.48,0.48,0.05
10/23/2025,03:00,N,0.68,0.68,0.49,0.49,0.06
10/23/2025,04:00,N,0.38,0.73,0.5,0.5,0.05
10/23/2025,05:00,N,0.75,0.57,0.3,0.3,0.07
10/23/2025,06:00,N,0.52,0.56,0.3,0.21,0.1
10/23/2025,07:00,N,0.66,1.2,0.99,0.99,0.06
10/23/2025,08:00,N,0.75,1.01,1.01,1.01,0.12
10/23/2025,09:00,N,1.26,1.38,1,1,1
10/23/2025,10:00,N,1,1.76,1.05,1.05,1.05
10/23/2025,11:00,N,1.45,1.56,0.49,0.95,0.49
10/23/2025,12:00,N,2.34,1.67,0.44,0.94,0.44
10/23/2025,13:00,N,1.65,1.24,0.44,0.8,0.44
10/23/2025,14:00,N,0.89,1,0.44,0.5,0.44
10/23/2025,15:00,N,0.93,0.9,0.44,0.4,0.44
10/23/2025,16:00,N,0.84,0.86,0.44,0.44,0.44
10/23/2025,17:00,N,1.03,0.84,0.49,0.5,0.49
10/23/2025,18:00,N,1.36,1.35,0.64,1.01,0.64
10/23/2025,19:00,N,0.99,8.26,7.87,4.74,7.81
10/23/2025,20:00,N,5.48,7,6.78,4.24,4.24
10/23/2025,21:00,N,5.86,5.56,5.14,5,5.14
10/23/2025,22:00,N,2.15,3.98,3.87,3.87,1
10/23/2025,23:00,N,1,2.02,2,2,0.88
10/23/2025,24:00,N,0.55,1.02,1.01,0.6,0.24
10/24/2025,01:00,N,0.81,0.9,0.5,0.24,0.05
10/24/2025,02:00,N,0.63,0.65,0.3,0.28,0.05
10/24/2025,03:00,N,0.58,0.55,0.23,0.23,0.06
10/24/2025,04:00,N,0.5,0.72,0.24,0.23,0.05
10/24/2025,05:00,N,0.54,0.67,0.26,0.23,0.07
10/24/2025,06:00,N,0.45,0.37,0.24,0.06,0.06
10/24/2025,07:00,N,0.79,1,0.49,0.5,0.05
10/24/2025,08:00,N,0.74,1,1,0.96,0.05
10/24/2025,09:00,N,1.5,1.66,0.95,0.95,0.95
10/24/2025,10:00,N,1,2.07,1,1,1
10/24/2025,11:00,N,1.11,1.2,0.49,0.87,0.49
10/24/2025,12:00,N,1,1.12,0.44,0.5,0.44
10/24/2025,13:00,N,1,0.83,0.44,0.5,0.44
10/24/2025,14:00,N,1.01,0.85,0.4,0.5,0.4
10/24/2025,15:00,N,0.75,0.69,0.39,0.39,0.39
10/24/2025,16:00,N,0.88,0.9,0.44,0.58,0.44
10/24/2025,17:00,N,1.31,1.16,0.49,0.93,0.49
10/24/2025,18:00,N,1.1,1.91,0.64,1,0.64
10/24/2025,19:00,N,0.97,2.53,1.16,1.94,1.16
10/24/2025,20:00,N,2.06,2.12,1.77,2.02,1.77
10/24/2025,21:00,N,2.96,1.93,1.93,4.9,1.93
10/24/2025,22:00,N,1.93,6.77,6.19,6.19,1.8
10/24/2025,23:00,N,1.37,6.6,6.09,6.09,1.31
10/24/2025,24:00,N,1.2,3.61,2.82,2.82,0.84
10/25/2025,01:00,N,1.2,1.2,0.86,0.85,0.05
10/25/2025,02:00,N,1.2,1.08,0.3,0.3,0.05
10/25/2025,03:00,N,1,0.81,0.24,0.24,0.06
10/25/2025,04:00,N,1,0.92,0.3,0.3,0.05
10/25/2025,05:00,N,0.96,1.16,0.3,0.3,0.07
10/25/2025,06:00,N,1.79,0.95,0.3,0.24,0.06
10/25/2025,07:00,N,1.89,1.86,0.89,0.97,0.05
10/25/2025,08:00,N,1.13,1.2,1.2,1.14,0.06
10/25/2025,09:00,N,1.71,1.4,0.91,1,0.91
10/25/2025,10:00,N,1.25,1.2,0.54,0.92,0.54
10/25/2025,11:00,N,1.14,1.31,0.44,0.5,0.44
10/25/2025,12:00,N,1.3,1.09,0.37,0.5,0.37
10/25/2025,13:00,N,1,1.35,0.38,0.5,0.38
10/25/2025,14:00,N,0.55,1.2,0.37,0.5,0.37
10/25/2025,15:00,N,0.94,1.2,0.37,0.37,0.37
10/25/2025,16:00,N,1.76,1.22,0.44,0.44,0.44
10/25/2025,17:00,N,2.31,1.73,0.44,0.77,0.44
10/25/2025,18:00,N,2.32,3.55,0.52,1.03,0.52
10/25/2025,19:00,N,4.31,7.4,4.02,4.02,4.02
10/25/2025,20:00,N,16.25,8.33,6.93,4.93,6.93
10/25/2025,21:00,N,3.98,20.03,20.03,18.05,20.03
10/25/2025,22:00,N,2.99,16.76,15.44,15.44,15.44
10/25/2025,23:00,N,1.2,5.35,4.7,4.7,4.7
10/25/2025,24:00,N,1.2,4.85,3.85,3.93,3.85
10/26/2025,01:00,N,1,1.79,1,1,0.85
10/26/2025,02:00,N,1,0.9,0.51,0.51,0.51
10/26/2025,03:00,N,1,1.63,0.49,0.49,0.49
10/26/2025,04:00,N,1,0.98,0.49,0.49,0.49
10/26/2025,05:00,N,0.99,1.04,0.5,0.5,0.5
10/26/2025,06:00,N,1,0.39,0.5,0.5,0.5
10/26/2025,07:00,N,1,2.3,0.89,4,0.89
10/26/2025,08:00,N,1.11,5,4.26,5,1
10/26/2025,09:00,N,1.54,2.64,2.15,2.5,2.15
10/26/2025,10:00,N,1.02,1.71,1.48,1.48,1.48
10/26/2025,11:00,N,1.05,1.08,0.49,0.93,0.49
10/26/2025,12:00,N,1,0.82,0.4,0.92,0.4
10/26/2025,13:00,N,1.2,1.29,0.4,0.5,0.4
10/26/2025,14:00,N,0.86,1.2,0.4,0.5,0.4
10/26/2025,15:00,N,0.84,1.12,0.4,0.36,0.4
10/26/2025,16:00,N,1.55,1.13,0.44,0.4,0.44
10/26/2025,17:00,N,1.37,1.5,0.44,0.44,0.44
10/26/2025,18:00,N,1.65,1.93,0.84,1.01,0.84
10/26/2025,19:00,N,2.31,15.08,14.88,12.65,14.88
10/26/2025,20:00,N,5,9.38,9.38,9.24,9.38
10/26/2025,21:00,N,1.55,13.25,12.4,12.4,12.4
10/26/2025,22:00,N,1.89,10.5,9.99,12.85,9.99
10/26/2025,23:00,N,1.2,7.11,6.49,6.56,6.49
10/26/2025,24:00,N,1.41,2.57,1.67,0.96,0.89
10/27/2025,01:00,N,0.97,1.02,0.5,0.3,0.37
10/27/2025,02:00,N,1,0.94,0.3,0.28,0.3
10/27/2025,03:00,N,0.78,0.71,0.37,0.24,0.37
10/27/2025,04:00,N,0.65,0.71,0.3,0.24,0.3
10/27/2025,05:00,N,0.97,1.03,0.49,0.24,0.49
10/27/2025,06:00,N,0.66,0.85,0.34,0.07,0.34
10/27/2025,07:00,N,1.2,1.45,1,0.96,0.5
10/27/2025,08:00,N,1.08,1.2,1,0.99,0.7
10/27/2025,09:00,N,1.73,3,3,2.5,3
10/27/2025,10:00,N,1,2.1,1.72,1.58,1.72
10/27/2025,11:00,N,1.27,1.42,0.89,1,0.89
10/27/2025,12:00,N,2.99,1.17,0.49,0.83,0.49
10/27/2025,13:00,N,0.85,1.02,0.49,0.76,0.49
10/27/2025,14:00,N,0.88,1,0.49,0.73,0.49
10/27/2025,15:00,N,0.61,0.94,0.44,0.39,0.44
10/27/2025,16:00,N,1,1.04,0.44,0.44,0.44
10/27/2025,17:00,N,1.18,1,0.44,0.5,0.44
10/27/2025,18:00,N,1.3,2.09,0.7,1.49,0.7
10/27/2025,19:00,N,20.15,20.68,21.25,19.25,21.25
10/27/2025,20:00,N,6.02,15.11,15.17,13.9,15.11
10/27/2025,21:00,N,2,15.33,15.07,16.8,15.07
10/27/2025,22:00,N,2,7.85,7.79,9.3,7.79
10/27/2025,23:00,N,1,4.59,4.52,4.6,2.72
10/27/2025,24:00,N,1.39,1.96,1.95,1.95,0.8
10/28/2025,01:00,N,0.97,0.41,0.3,0.1,0.1
10/28/2025,02:00,N,1,0.88,0.3,0.11,0.11
10/28/2025,03:00,N,0.98,1.09,0.22,0.12,0.12
10/28/2025,04:00,N,0.86,0.74,0.22,0.08,0.08
10/28/2025,05:00,N,1,0.67,0.26,0.14,0.14
10/28/2025,06:00,N,1,0.42,0.28,0.24,0.24
10/28/2025,07:00,N,2.98,1.49,1.08,0.99,0.4
10/28/2025,08:00,N,1.14,2,2,1.69,0.64
10/28/2025,09:00,N,1.5,5.29,4.99,4.96,4.99
10/28/2025,10:00,N,1,5.43,4.99,4.29,4.99
10/28/2025,11:00,N,1.26,1.83,1.05,1.05,1.05
10/28/2025,12:00,N,1,1.04,0.61,0.92,0.61
10/28/2025,13:00,N,1.08,1.2,0.5,0.5,0.5
10/28/2025,14:00,N,0.93,0.85,0.5,0.5,0.5
10/28/2025,15:00,N,1.43,0.7,0.44,0.4,0.44
10/28/2025,16:00,N,1.2,0.52,0.44,0.5,0.44
10/28/2025,17:00,N,1.02,0.5,0.45,0.45,0.45
10/28/2025,18:00,N,0.64,1.22,0.5,0.5,0.5
10/28/2025,19:00,N,0.89,1.26,0.97,1.01,0.97
10/28/2025,20:00,N,1.48,1.14,1.14,1.14,1.14
10/28/2025,21:00,N,1.37,2.96,2.96,2.96,2.96
10/28/2025,22:00,N,1.2,2.98,2.98,2.98,1.93
10/28/2025,23:00,N,0.89,1.06,1,0.86,0.86
10/28/2025,24:00,N,0.98,1.9,1.38,0.5,0.5
10/29/2025,01:00,N,0.87,0.89,0.67,0.3,0.08
10/29/2025,02:00,N,0.98,0.8,0.26,0.24,0.08
10/29/2025,03:00,N,0.42,0.45,0.23,0.21,0.21
10/29/2025,04:00,N,0.65,0.41,0.22,0.1,0.08
10/29/2025,05:00,N,0.67,0.42,0.36,0.3,0.3
10/29/2025,06:00,N,0.85,0.52,0.32,0.1,0.1
10/29/2025,07:00,N,0.18,0.53,0.53,0.53,0.37
10/29/2025,08:00,N,0.98,1.16,1.12,1.03,0.64
10/29/2025,09:00,N,1.91,3.12,3.06,2.96,3.06
10/29/2025,10:00,N,1.44,2.11,2.09,2.08,2.09
10/29/2025,11:00,N,1,0.99,0.94,1,0.94
10/29/2025,12:00,N,2.01,0.67,0.5,0.96,0.5
10/29/2025,13:00,N,4.45,0.57,0.49,0.5,0.49
10/29/2025,14:00,N,1.49,0.54,0.5,0.5,0.5
10/29/2025,15:00,N,0.59,0.52,0.42,0.42,0.42
10/29/2025,16:00,N,0.47,0.6,0.44,0.44,0.44
10/29/2025,17:00,N,0.49,0.65,0.44,0.44,0.44
10/29/2025,18:00,N,0.9,0.98,0.49,0.49,0.49
10/29/2025,19:00,N,2.87,2.48,1.03,1.03,1.03
10/29/2025,20:00,N,11.14,8.03,7,5,6.92
10/29/2025,21:00,N,4.94,8,7.47,6.58,2.95
10/29/2025,22:00,N,2,9,9,5,4.77
10/29/2025,23:00,N,1.2,4.86,4.37,3.65,2
10/29/2025,24:00,N,1.2,4.22,3.81,1.95,0.8
10/30/2025,01:00,N,1.01,0.81,0.37,0.94,0.37
10/30/2025,02:00,N,1.1,0.93,0.26,0.94,0.26
10/30/2025,03:00,N,1,0.82,0.3,0.5,0.3
10/30/2025,04:00,N,1,0.8,0.35,0.92,0.35
10/30/2025,05:00,N,1,0.86,0.49,0.69,0.49
10/30/2025,06:00,N,3.02,0.7,0.44,0.71,0.44
10/30/2025,07:00,N,4.29,1.64,1,9.42,1
10/30/2025,08:00,N,1.26,14.92,14.92,14.92,14.92
10/30/2025,09:00,N,5,15.11,14.92,16.41,14.92
10/30/2025,10:00,N,1.51,5.23,5.12,5.12,5.12
10/30/2025,11:00,N,0.84,1.14,1,1.03,1
10/30/2025,12:00,N,0.37,0.55,0.41,0.71,0.41
10/30/2025,13:00,N,1.2,0.76,0.4,0.49,0.4
10/30/2025,14:00,N,1.75,0.73,0.49,0.55,0.49
10/30/2025,15:00,N,0.73,0.59,0.4,0.4,0.4
10/30/2025,16:00,N,0.62,0.61,0.4,0.4,0.4
10/30/2025,17:00,N,0.66,0.73,0.4,0.4,0.4
10/30/2025,18:00,N,1.26,1.12,0.49,0.49,0.49
10/30/2025,19:00,N,2.93,0.95,1,1.05,1
10/30/2025,20:00,N,13.45,10.87,10.69,8.85,10.69
10/30/2025,21:00,N,9.46,17.73,17.73,17.73,17.73
10/30/2025,22:00,N,2,10.84,10.84,10.84,10.21
10/30/2025,23:00,N,1.2,3.89,3.74,3.85,1.62
10/30/2025,24:00,N,1,1.84,1.74,1.74,0.88
10/31/2025,01:00,N,0.54,0.64,0.29,0.24,0.24
10/31/2025,02:00,N,1,0.64,0.23,0.22,0.22
10/31/2025,03:00,N,1.03,0.85,0.23,0.22,0.22
10/31/2025,04:00,N,1,0.59,0.24,0.13,0.13
10/31/2025,05:00,N,1,0.78,0.49,0.5,0.49
10/31/2025,06:00,N,2.28,0.6,0.3,0.44,0.3
10/31/2025,07:00,N,2.14,1.11,1,1.64,0.86
10/31/2025,08:00,N,1.63,9.84,10.24,10.04,1
10/31/2025,09:00,N,5,10.56,11.8,11.75,11.8
10/31/2025,10:00,N,1.49,5.33,5.05,5,5.05
10/31/2025,11:00,N,1,1.88,1,1,1
10/31/2025,12:00,N,1,1.36,0.88,0.88,0.88
10/31/2025,13:00,N,1,1.21,0.5,0.5,0.5
10/31/2025,14:00,N,1,1.05,0.49,0.49,0.49
10/31/2025,15:00,N,1.67,0.88,0.39,0.39,0.39
10/31/2025,16:00,N,6.98,1,0.37,0.37,0.37
10/31/2025,17:00,N,1.99,0.84,0.37,0.37,0.37
10/31/2025,18:00,N,0.73,1.05,0.44,0.4,0.44
10/31/2025,19:00,N,3.27,2.24,0.86,1.63,0.86
10/31/2025,20:00,N,4.16,2.76,1.71,2.1,1.71
10/31/2025,21:00,N,1.04,2.7,2.7,2.94,2.7
10/31/2025,22:00,N,1,2.85,2.96,2.96,2.96
10/31/2025,23:00,N,0.81,1.04,1,0.94,0.94
10/31/2025,24:00,N,0.6,1.02,1,0.63,0.63
11/01/2025,01:00,N,1,0.6,0.43,0.1,0.1
11/01/2025,02:00,N,1.05,0.58,0.31,0.1,0.1
11/01/2025,03:00,N,1,0.84,0.3,0.27,0.27
11/01/2025,04:00,N,0.65,0.44,0.26,0.24,0.26
11/01/2025,05:00,N,1.17,0.58,0.3,0.25,0.3
11/01/2025,06:00,N,1.01,0.5,0.23,0.07,0.23
11/01/2025,07:00,N,0.63,0.63,0.49,0.49,0.49
11/01/2025,08:00,N,1.75,1.77,1.4,0.99,1.4
11/01/2025,09:00,N,1.66,8.86,8.86,7.86,8.86
11/01/2025,10:00,N,1.36,1.8,1.02,1.02,1.02
11/01/2025,11:00,N,1.29,1.45,0.7,0.7,0.7
11/01/2025,12:00,N,1.2,1.04,0.5,0.5,0.5
11/01/2025,13:00,N,0.9,0.91,0.44,0.44,0.44
11/01/2025,14:00,N,1,1.06,0.5,0.5,0.5
11/01/2025,15:00,N,1.31,0.91,0.44,0.44,0.44
11/01/2025,16:00,N,0.92,0.9,0.49,0.49,0.49
11/01/2025,17:00,N,0.96,1.16,0.44,0.44,0.44
11/01/2025,18:00,N,1.29,1.8,0.5,1.05,0.5
11/01/2025,19:00,N,2.28,1.35,1.2,1.2,1.2
11/01/2025,20:00,N,7.47,6.82,6.58,4.8,2.94
11/01/2025,21:00,N,1,11.95,11.84,10.38,10.38
11/01/2025,22:00,N,1,9.59,9.33,9.33,9.33
11/01/2025,23:00,N,1.2,8.31,8.14,8.14,8.14
11/01/2025,24:00,N,1.41,3.57,3.15,3.11,3.15
11/02/2025,01:00,N,0.44,0.48,0.5,0.22,0.5
11/02/2025,02:00,N,1.5,1.32,0.89,0.22,0.5
11/02/2025,02:00,Y,1.75,1.25,0.82,0.64,0.64
11/02/2025,03:00,N,1.2,1.61,0.99,0.3,0.5
11/02/2025,04:00,N,1.26,0.76,0.44,0.3,0.44
11/02/2025,05:00,N,0.56,0.79,0.49,0.3,0.49
11/02/2025,06:00,N,0.05,0.41,0.44,0.06,0.44
11/02/2025,07:00,N,1.83,1.86,1.36,1.36,1.36
11/02/2025,08:00,N,0.89,4.61,4.19,3.8,3.8
11/02/2025,09:00,N,2.36,4.36,3.96,3.86,3.96
11/02/2025,10:00,N,1.2,1.42,1.04,1.04,1.04
11/02/2025,11:00,N,1.79,1.35,0.64,0.64,0.64
11/02/2025,12:00,N,1.15,1.12,0.4,0.4,0.4
11/02/2025,13:00,N,1,0.96,0.4,0.4,0.4
11/02/2025,14:00,N,0.86,0.89,0.49,0.49,0.49
11/02/2025,15:00,N,0.76,0.78,0.44,0.44,0.44
11/02/2025,16:00,N,1,0.99,0.49,0.49,0.49
11/02/2025,17:00,N,1.61,1.12,0.5,0.5,0.5
11/02/2025,18:00,N,2.54,2.9,2.96,2.96,2.96
11/02/2025,19:00,N,1.36,9.23,8.84,7.2,5.85
11/02/2025,20:00,N,6.66,1.51,1,2.5,1
11/02/2025,21:00,N,1,4.35,3.72,2.97,2
11/02/2025,22:00,N,1,2.1,2.54,0.97,0.97
11/02/2025,23:00,N,1,2.31,2.1,0.7,0.7
11/02/2025,24:00,N,0.9,2.05,1.43,0.3,0.3
11/03/2025,01:00,N,0.67,0.3,0.3,0.07,0.08
11/03/2025,02:00,N,1,0.57,0.19,0.07,0.07
11/03/2025,03:00,N,0.91,0.57,0.21,0.1,0.1
11/03/2025,04:00,N,1,0.4,0.21,0.19,0.19
11/03/2025,05:00,N,0.96,0.57,0.26,0.21,0.25
11/03/2025,06:00,N,0.97,0.63,0.37,0.08,0.37
11/03/2025,07:00,N,2.37,0.96,0.6,0.6,0.6
11/03/2025,08:00,N,1.19,3.53,3.53,3,3
11/03/2025,09:00,N,3.59,4.8,4.5,4.23,4.5
11/03/2025,10:00,N,1.41,1.63,1,1,1
11/03/2025,11:00,N,2.01,1.77,0.88,0.88,0.88
11/03/2025,12:00,N,1.44,0.95,0.5,0.5,0.5
11/03/2025,13:00,N,1.18,1.05,0.5,0.5,0.5
11/03/2025,14:00,N,1.03,1.13,0.72,0.72,0.72
11/03/2025,15:00,N,0.96,0.99,0.5,0.5,0.5
11/03/2025,16:00,N,1,1,0.5,0.5,0.5
11/03/2025,17:00,N,1.19,1.68,0.53,0.53,0.53
11/03/2025,18:00,N,2.74,7.38,5.64,5.64,5.64
11/03/2025,19:00,N,2.25,3.99,3.99,3.99,3.99
11/03/2025,20:00,N,3.13,3.04,2.99,2.99,1.88
11/03/2025,21:00,N,1.96,2.79,2.78,2.78,2.78
11/03/2025,22:00,N,1,2.53,2.49,0.99,0.99
11/03/2025,23:00,N,0.94,1.65,1.5,0.86,0.86
11/03/2025,24:00,N,0.72,3.03,2.46,0.6,0.6
11/04/2025,01:00,N,0.71,0.89,0.69,0.06,0.06
11/04/2025,02:00,N,1,0.56,0.27,0.06,0.27
11/04/2025,03:00,N,1,0.64,0.25,0.08,0.25
11/04/2025,04:00,N,0.7,0.44,0.25,0.08,0.25
11/04/2025,05:00,N,0.94,0.47,0.3,0.24,0.3
11/04/2025,06:00,N,0.57,0.41,0.44,0.07,0.44
11/04/2025,07:00,N,2.54,1,0.8,0.8,0.8
11/04/2025,08:00,N,1.2,4.31,4.27,2.63,2.63
11/04/2025,09:00,N,3.22,5.49,5.29,5,5.29
11/04/2025,10:00,N,1.5,1.51,1.34,1.34,1.34
11/04/2025,11:00,N,1.87,1.75,1,1,1
11/04/2025,12:00,N,1,0.97,0.78,0.78,0.78
11/04/2025,13:00,N,1.41,1.22,0.65,0.65,0.65
11/04/2025,14:00,N,0.96,1.14,0.83,0.83,0.83
11/04/2025,15:00,N,0.82,0.73,0.5,0.5,0.5
11/04/2025,16:00,N,0.89,1.11,0.89,0.89,0.89
11/04/2025,17:00,N,0.8,1.75,0.85,1.35,0.85
11/04/2025,18:00,N,11.6,11.51,11.57,11.57,11.57
11/04/2025,19:00,N,3.7,4.43,3.89,3.31,1
11/04/2025,20:00,N,1.38,2.43,2,2.43,2
11/04/2025,21:00,N,0.87,0.99,1,1,1
11/04/2025,22:00,N,1,2.25,2.13,1,1
11/04/2025,23:00,N,1,1.24,1.12,1,1
11/04/2025,24:00,N,0.83,1.25,1.18,0.5,0.5
11/05/2025,01:00,N,0.58,0.28,0.28,0.06,0.06
11/05/2025,02:00,N,0.85,0.5,0.26,0.06,0.06
11/05/2025,03:00,N,1,0.5,0.26,0.2,0.2
11/05/2025,04:00,N,0.69,0.5,0.28,0.2,0.2
11/05/2025,05:00,N,0.72,0.63,0.28,0.2,0.28
11/05/2025,06:00,N,0.65,0.54,0.19,0.06,0.1
11/05/2025,07:00,N,1.25,0.81,0.49,0.49,0.49
11/05/2025,08:00,N,1.15,1.44,1.35,0.94,0.94
11/05/2025,09:00,N,2.85,3.37,3.06,3,3.06
11/05/2025,10:00,N,6.3,1.61,0.89,0.89,0.89
11/05/2025,11:00,N,8.31,1.03,0.49,0.49,0.49
11/05/2025,12:00,N,1.12,0.73,0.39,0.39,0.39
11/05/2025,13:00,N,0.88,0.73,0.39,0.5,0.39
11/05/2025,14:00,N,0.77,0.82,0.46,0.5,0.46
11/05/2025,15:00,N,0.74,0.82,0.5,0.5,0.5
11/05/2025,16:00,N,1.17,1.32,0.87,1.36,0.88
11/05/2025,17:00,N,1.76,2.91,0.99,2.31,1
11/05/2025,18:00,N,9.15,33.95,39.98,39.98,39.98
11/05/2025,19:00,N,9.01,12.39,12.39,12.39,12.39
11/05/2025,20:00,N,5.56,15.57,15.57,15.57,15.57
11/05/2025,21:00,N,2.25,10.48,10.07,18.6,10.07
11/05/2025,22:00,N,1.75,8.72,8.19,9.09,8.19
11/05/2025,23:00,N,1,4.04,3.71,3.51,1.37
11/05/2025,24:00,N,1,3.56,2.78,2.63,0.88
11/06/2025,01:00,N,1,0.59,0.33,0.3,0.3
11/06/2025,02:00,N,1,0.94,0.3,0.29,0.29
11/06/2025,03:00,N,1,1.28,0.3,0.3,0.3
11/06/2025,04:00,N,1,0.69,0.3,0.3,0.3
11/06/2025,05:00,N,0.92,0.91,0.3,0.3,0.3
11/06/2025,06:00,N,1.38,1.06,0.4,0.56,0.4
11/06/2025,07:00,N,4.86,5.56,5.27,7.09,1
11/06/2025,08:00,N,4.64,10.26,10.04,10.04,10.04
11/06/2025,09:00,N,3.06,5.22,5.05,5,5.05
11/06/2025,10:00,N,1,1.25,1,1,1
11/06/2025,11:00,N,0.99,1.18,0.97,0.97,0.97
11/06/2025,12:00,N,1,0.98,0.73,0.73,0.73
11/06/2025,13:00,N,0.9,0.92,0.5,0.5,0.5
11/06/2025,14:00,N,0.82,0.88,0.4,0.4,0.4
11/06/2025,15:00,N,3.66,1.5,0.49,0.49,0.49
11/06/2025,16:00,N,3.92,0.9,0.49,0.49,0.49
11/06/2025,17:00,N,0.86,1.58,0.53,1.01,0.53
11/06/2025,18:00,N,21.96,25.3,29.16,29.06,29.16
11/06/2025,19:00,N,6.86,4.8,4.07,3.99,2
11/06/2025,20:00,N,2.75,4.12,3.99,3.99,2.34
11/06/2025,21:00,N,1,3.31,3.41,3.41,1
11/06/2025,22:00,N,0.8,1.65,1.65,1.4,0.88
11/06/2025,23:00,N,1,1.69,1.56,0.97,0.9
11/06/2025,24:00,N,0.74,1.96,1.68,0.5,0.5
11/07/2025,01:00,N,0.7,0.73,0.5,0.47,0.06
11/07/2025,02:00,N,0.86,0.56,0.28,0.28,0.07
11/07/2025,03:00,N,1,0.5,0.3,0.3,0.3
11/07/2025,04:00,N,0.77,0.5,0.31,0.31,0.31
11/07/2025,05:00,N,0.53,0.52,0.3,0.3,0.3
11/07/2025,06:00,N,0.75,0.79,0.2,0.2,0.2
11/07/2025,07:00,N,2,0.94,0.41,1.01,0.07
11/07/2025,08:00,N,1.39,2.23,1.84,1.64,1
11/07/2025,09:00,N,3.19,3.39,2.99,2.99,2.99
11/07/2025,10:00,N,2.99,1.68,0.84,1,0.84
11/07/2025,11:00,N,1.03,0.8,0.4,0.63,0.4
11/07/2025,12:00,N,1,0.74,0.3,0.5,0.3
11/07/2025,13:00,N,0.66,0.71,0.29,0.5,0.29
11/07/2025,14:00,N,0.55,0.81,0.4,0.76,0.4
11/07/2025,15:00,N,1.14,1.1,0.7,1,0.7
11/07/2025,16:00,N,1.93,1.21,0.89,1.25,0.89
11/07/2025,17:00,N,1.55,2.81,0.9,2.55,0.9
11/07/2025,18:00,N,60.97,96.45,103.52,103.42,103.52
11/07/2025,19:00,N,11.32,21.82,23.75,18.8,16.5
11/07/2025,20:00,N,10,20.56,20.41,18.6,20.35
11/07/2025,21:00,N,4.5,24.58,23.68,25.2,23.68
11/07/2025,22:00,N,1.23,10.86,10.01,21.51,10.01
11/07/2025,23:00,N,1.26,7.42,6.77,6.84,6.77
11/07/2025,24:00,N,1.2,5.24,4.63,4.63,4.63
11/08/2025,01:00,N,1,1.81,1.01,1.01,1
11/08/2025,02:00,N,1.1,1.38,0.64,0.64,0.64
11/08/2025,03:00,N,1,2.14,1,1,0.84
11/08/2025,04:00,N,1.02,2.24,1,1,0.84
11/08/2025,05:00,N,1,1.96,0.96,0.96,0.86
11/08/2025,06:00,N,1.69,1.92,0.73,0.94,0.73
11/08/2025,07:00,N,2.45,2,1.05,5,0.85
11/08/2025,08:00,N,2.65,4.54,4.23,5,4.23
11/08/2025,09:00,N,2.88,3.26,3,3,3
11/08/2025,10:00,N,1.38,1.42,0.8,1.17,0.8
11/08/2025,11:00,N,1,1.11,0.5,0.96,0.5
11/08/2025,12:00,N,1,1.2,0.3,0.94,0.3
11/08/2025,13:00,N,0.78,0.75,0.25,1,0.25
11/08/2025,14:00,N,0.99,1.18,0.38,0.99,0.38
11/08/2025,15:00,N,1.01,1.11,0.5,1,0.5
11/08/2025,16:00,N,1.96,1.32,0.5,0.97,0.5
11/08/2025,17:00,N,1.37,2.11,0.84,1.52,0.84
11/08/2025,18:00,N,23.72,20.42,20.64,19.64,20.64
11/08/2025,19:00,N,10.05,4,2.98,4.24,2
11/08/2025,20:00,N,4.86,6.92,6.53,8.79,0.88
11/08/2025,21:00,N,2.42,5.42,4.94,5.98,1
11/08/2025,22:00,N,1,2.82,2.23,1.98,0.7
11/08/2025,23:00,N,1.2,1.95,1.26,1.02,0.1
11/08/2025,24:00,N,1,2.12,1.47,1.02,0.1
11/09/2025,01:00,N,0.57,0.88,0.49,0.47,0.06
11/09/2025,02:00,N,0.62,0.61,0.25,0.23,0.06
11/09/2025,03:00,N,0.48,0.44,0.46,0.44,0.07
11/09/2025,04:00,N,0.48,0.53,0.3,0.3,0.08
11/09/2025,05:00,N,0.6,0.95,0.5,0.45,0.1
11/09/2025,06:00,N,0.71,0.62,0.76,0.2,0.08
11/09/2025,07:00,N,1.72,1.21,0.97,1.01,0.1
11/09/2025,08:00,N,2.66,3.35,2.99,3,0.9
11/09/2025,09:00,N,2.3,3.96,3.87,3.17,3.87
11/09/2025,10:00,N,0.85,1.02,1.01,1.02,1.01
11/09/2025,11:00,N,2.05,1.03,0.88,1,0.88
11/09/2025,12:00,N,10.47,0.9,0.4,0.9,0.4
11/09/2025,13:00,N,9.01,0.55,0.38,0.92,0.38
11/09/2025,14:00,N,2.25,0.46,0.38,0.5,0.38
11/09/2025,15:00,N,0.66,0.61,0.49,0.49,0.49
11/09/2025,16:00,N,0.53,0.53,0.49,0.49,0.49
11/09/2025,17:00,N,0.48,0.91,0.49,0.49,0.49
11/09/2025,18:00,N,3.27,1.7,1,1.95,1
11/09/2025,19:00,N,7.97,1.95,0.97,1.2,0.97
11/09/2025,20:00,N,13.43,1.98,1,1.35,1
11/09/2025,21:00,N,1.55,1.98,1,3.27,1
11/09/2025,22:00,N,1.2,1.74,0.76,1.74,0.76
11/09/2025,23:00,N,1,1.76,0.78,1,0.78
11/09/2025,24:00,N,1,1.47,0.49,1,0.49
11/10/2025,01:00,N,0.52,0.19,0.19,0.5,0.19
11/10/2025,02:00,N,0.69,1.18,0.22,0.5,0.22
11/10/2025,03:00,N,0.77,1.2,0.22,0.57,0.22
11/10/2025,04:00,N,0.63,0.9,0.24,0.92,0.24
11/10/2025,05:00,N,0.7,0.21,0.24,0.61,0.24
11/10/2025,06:00,N,0.23,0.35,0.4,0.99,0.4
11/10/2025,07:00,N,6.89,9.38,8.92,14.94,8.92
11/10/2025,08:00,N,5.98,19.14,19.14,19.14,19.14
11/10/2025,09:00,N,4.06,12.27,12.13,12.13,12.13
11/10/2025,10:00,N,1.86,2.9,2.8,2.9,2.8
11/10/2025,11:00,N,1.62,1.56,1.3,1.3,1.3
11/10/2025,12:00,N,1.44,1.48,0.5,1,0.5
11/10/2025,13:00,N,1.23,1.52,0.4,1.02,0.4
11/10/2025,14:00,N,1,1.37,0.4,1,0.4
11/10/2025,15:00,N,3.21,1.26,0.49,0.5,0.49
11/10/2025,16:00,N,2.51,0.77,0.4,0.48,0.4
11/10/2025,17:00,N,2.89,1.5,0.86,0.86,0.86
11/10/2025,18:00,N,3.19,7.33,7.5,7.5,7.5
11/10/2025,19:00,N,8.27,5.92,5.25,4.94,0.64
11/10/2025,20:00,N,3,4.82,4.65,4.65,1.5
11/10/2025,21:00,N,2.34,5.77,5.29,7.07,1
11/10/2025,22:00,N,1.2,4.12,3.8,5.88,0.8
11/10/2025,23:00,N,1,3.12,3.14,3.14,0.78
11/10/2025,24:00,N,1.01,3.43,3.1,3.03,0.37
11/11/2025,01:00,N,0.3,0.67,0.38,0.07,0.07
11/11/2025,02:00,N,0.36,0.46,0.19,0.07,0.08
11/11/2025,03:00,N,0.67,0.5,0.22,0.2,0.22
11/11/2025,04:00,N,0.34,0.48,0.24,0.1,0.24
11/11/2025,05:00,N,0.4,0.51,0.24,0.1,0.24
11/11/2025,06:00,N,0.88,0.3,0.33,0.18,0.33
11/11/2025,07:00,N,2.37,6.47,6.47,5,0.1
11/11/2025,08:00,N,3.03,10.04,10.04,10.04,0.9
11/11/2025,09:00,N,4.03,6.45,6.43,6.43,6.43
11/11/2025,10:00,N,1,1.51,1.47,1.47,1.47
11/11/2025,11:00,N,1,1.04,0.89,0.96,0.89
11/11/2025,12:00,N,1,0.79,0.5,0.69,0.5
11/11/2025,13:00,N,0.56,0.5,0.3,0.5,0.3
11/11/2025,14:00,N,0.59,0.57,0.49,0.57,0.49
11/11/2025,15:00,N,0.61,0.58,0.5,0.5,0.5
11/11/2025,16:00,N,0.91,0.7,0.5,0.5,0.5
11/11/2025,17:00,N,0.73,0.9,0.64,0.64,0.64
11/11/2025,18:00,N,1.7,3.7,3.87,3.87,3.87
11/11/2025,19:00,N,2.97,2.13,1.74,1.74,0.85
11/11/2025,20:00,N,2.47,1.99,1.59,1.59,0.64
11/11/2025,21:00,N,1.06,3.19,2.68,2.68,0.64
11/11/2025,22:00,N,1,2.76,1.83,0.97,0.25
11/11/2025,23:00,N,1,1.4,1,0.92,0.25
11/11/2025,24:00,N,1,1.48,1.27,0.67,0.64
11/12/2025,01:00,N,0.48,1.14,0.4,0.4,0.07
11/12/2025,02:00,N,0.6,1.06,0.22,0.22,0.08
11/12/2025,03:00,N,0.88,0.95,0.22,0.5,0.22
11/12/2025,04:00,N,0.58,0.88,0.24,0.5,0.24
11/12/2025,05:00,N,0.48,0.5,0.24,0.5,0.24
11/12/2025,06:00,N,0.59,1.05,0.19,0.19,0.19
11/12/2025,07:00,N,2.69,2.6,1.2,10.04,0.64
11/12/2025,08:00,N,3.81,11.08,11.08,11.08,2
11/12/2025,09:00,N,5.2,7.72,7.52,9.42,7.52
11/12/2025,10:00,N,2.11,1.95,0.88,3,0.88
11/12/2025,11:00,N,1.1,1.2,0.49,1.11,0.49
11/12/2025,12:00,N,1,1.2,0.37,1.2,0.37
11/12/2025,13:00,N,0.5,0.9,0.25,1.02,0.25
11/12/2025,14:00,N,0.58,0.94,0.38,1,0.38
11/12/2025,15:00,N,0.53,0.84,0.5,0.97,0.5
11/12/2025,16:00,N,1.08,1.2,0.8,0.92,0.8
11/12/2025,17:00,N,1.31,3.41,1.81,2.33,1.81
11/12/2025,18:00,N,29.47,27.99,30.83,30.83,30.83
11/12/2025,19:00,N,8.24,10.34,9.96,9.96,9.96
11/12/2025,20:00,N,5,10.69,10.35,10.35,10.35
11/12/2025,21:00,N,1.2,11.47,10.94,19.17,10.94
11/12/2025,22:00,N,1.03,8.07,7.21,7.21,1
11/12/2025,23:00,N,1.2,5.51,4.99,4.99,0.7
11/12/2025,24:00,N,1.5,4.91,4.49,4.49,0.37
11/13/2025,01:00,N,0.51,0.6,0.5,0.48,0.07
11/13/2025,02:00,N,0.64,0.89,0.3,0.28,0.3
11/13/2025,03:00,N,0.74,0.93,0.38,0.5,0.38
11/13/2025,04:00,N,0.61,0.5,0.3,0.5,0.3
11/13/2025,05:00,N,0.54,0.52,0.26,0.52,0.08
11/13/2025,06:00,N,0.51,1.11,0.37,0.59,0.37
11/13/2025,07:00,N,1.9,1.55,1,1.09,0.37
11/13/2025,08:00,N,2,2.22,2.22,2.22,1
11/13/2025,09:00,N,2.85,2.33,2.16,2.2,2.16
11/13/2025,10:00,N,1,1.22,0.7,1.42,0.7
11/13/2025,11:00,N,1.82,1.49,0.5,1.03,0.5
11/13/2025,12:00,N,1,1.14,0.43,1,0.43
11/13/2025,13:00,N,0.84,0.89,0.3,1,0.3
11/13/2025,14:00,N,0.43,0.75,0.4,1,0.4
11/13/2025,15:00,N,0.7,0.89,0.5,0.95,0.5
11/13/2025,16:00,N,1.12,1.16,0.67,0.96,0.67
11/13/2025,17:00,N,1.27,3.14,1.43,2,1.43
11/13/2025,18:00,N,21.4,18.51,20,19,20
11/13/2025,19:00,N,5.28,2.5,2.08,2.5,2.08
11/13/2025,20:00,N,3.59,4.8,4.79,4.79,1.2
11/13/2025,21:00,N,1.32,4.69,4.57,5,1
11/13/2025,22:00,N,1,3.52,3.35,3.35,0.41
11/13/2025,23:00,N,1,2.6,2.38,2.38,0.37
11/13/2025,24:00,N,1,3.51,2.95,2.95,0.25
11/14/2025,01:00,N,0.41,0.5,0.5,0.48,0.07
11/14/2025,02:00,N,0.48,0.72,0.27,0.27,0.27
11/14/2025,03:00,N,0.55,0.67,0.33,0.5,0.33
11/14/2025,04:00,N,0.52,0.82,0.43,0.5,0.43
11/14/2025,05:00,N,0.45,0.92,0.37,0.37,0.37
11/14/2025,06:00,N,0.39,0.98,0.3,0.3,0.3
11/14/2025,07:00,N,1.66,1.56,1,1.02,0.84
11/14/2025,08:00,N,1.69,1.94,1.94,1.94,1.94
11/14/2025,09:00,N,1.99,1.64,1.51,1.58,1.51
11/14/2025,10:00,N,1.49,1.41,1,2,1
11/14/2025,11:00,N,1.85,1.2,0.54,1.11,0.54
11/14/2025,12:00,N,1.63,0.87,0.5,1.1,0.5
11/14/2025,13:00,N,0.46,0.73,0.31,1.02,0.31
11/14/2025,14:00,N,0.39,0.76,0.49,1,0.49
11/14/2025,15:00,N,0.56,0.86,0.64,0.96,0.64
11/14/2025,16:00,N,0.98,1.05,0.7,0.94,0.7
11/14/2025,17:00,N,2.13,3.97,2,2.99,2
11/14/2025,18:00,N,12.18,19.48,19.4,18.62,19.4
11/14/2025,19:00,N,4.33,2.5,2.08,2.5,2
11/14/2025,20:00,N,3.34,3.85,3.66,3.66,1
11/14/2025,21:00,N,0.95,3.09,3,3,0.64
11/14/2025,22:00,N,1,3.39,3.27,3.27,0.25
11/14/2025,23:00,N,1,2.71,2.55,2.55,0.64
11/14/2025,24:00,N,1,4.46,2,1.95,0.25
11/15/2025,01:00,N,0.45,0.77,0.49,0.47,0.07
11/15/2025,02:00,N,0.46,0.68,0.28,0.26,0.28
11/15/2025,03:00,N,0.55,0.5,0.21,0.21,0.21
11/15/2025,04:00,N,0.41,0.49,0.23,0.23,0.22
11/15/2025,05:00,N,0.41,0.76,0.23,0.23,0.23
11/15/2025,06:00,N,0.37,0.78,0.19,0.2,0.08
11/15/2025,07:00,N,1.31,1.67,1,1,0.12
11/15/2025,08:00,N,1.2,3,3,3,0.88
11/15/2025,09:00,N,2.08,2.84,2.56,2.79,2.56
11/15/2025,10:00,N,1.91,1.31,0.5,1,0.5
11/15/2025,11:00,N,3.68,1.1,0.49,1,0.49
11/15/2025,12:00,N,1.34,0.73,0.4,1,0.4
11/15/2025,13:00,N,0.46,0.65,0.3,0.97,0.3
11/15/2025,14:00,N,0.42,0.67,0.4,0.97,0.4
11/15/2025,15:00,N,0.51,0.69,0.5,0.95,0.5
11/15/2025,16:00,N,1.09,0.98,0.64,1,0.64
11/15/2025,17:00,N,0.89,3.02,0.9,1.76,0.9
11/15/2025,18:00,N,14,20.92,26.14,26.14,26.14
11/15/2025,19:00,N,4.8,4.67,3.72,4.34,3.72
11/15/2025,20:00,N,3.07,6.58,6.3,10,2
11/15/2025,21:00,N,1,5.09,4.65,18.33,1
11/15/2025,22:00,N,1,4.92,4.58,6.2,0.88
11/15/2025,23:00,N,1,2.85,2.55,2.55,0.88
11/15/2025,24:00,N,1,3.55,1.85,1.85,0.64
11/16/2025,01:00,N,0.51,0.57,0.3,0.3,0.08
11/16/2025,02:00,N,0.7,0.86,0.25,0.25,0.25
11/16/2025,03:00,N,0.7,0.57,0.22,0.24,0.22
11/16/2025,04:00,N,0.63,0.63,0.23,0.23,0.23
11/16/2025,05:00,N,0.57,0.93,0.23,0.23,0.23
11/16/2025,06:00,N,1.01,0.13,0.19,0.19,0.19
11/16/2025,07:00,N,1.48,1.52,1,1,0.37
11/16/2025,08:00,N,1.75,2.77,1.37,2.77,0.88
11/16/2025,09:00,N,1.98,2.03,1.83,1.92,1.83
11/16/2025,10:00,N,2.99,1.49,0.49,1,0.49
11/16/2025,11:00,N,3.52,1.22,0.4,1,0.4
11/16/2025,12:00,N,2.29,0.87,0.4,0.97,0.4
11/16/2025,13:00,N,0.6,0.78,0.28,0.6,0.28
11/16/2025,14:00,N,0.61,0.74,0.4,1,0.4
11/16/2025,15:00,N,0.71,0.75,0.5,1,0.5
11/16/2025,16:00,N,1.48,1.2,0.73,1,0.73
11/16/2025,17:00,N,1.39,3.19,1.09,2.99,1.09
11/16/2025,18:00,N,5.58,14.84,18.42,18.42,18.42
11/16/2025,19:00,N,56,19,19,19,19
11/16/2025,20:00,N,9.46,33.56,33.56,33.56,33.56
11/16/2025,21:00,N,3.1,23.39,22.88,26.88,22.88
11/16/2025,22:00,N,1.45,11.28,10.73,19.67,10.73
11/16/2025,23:00,N,1.13,7.32,6.93,6.93,5.07
11/16/2025,24:00,N,1.2,4.9,4.23,3,0.37
11/17/2025,01:00,N,0.59,0.77,0.3,0.28,0.08
11/17/2025,02:00,N,0.6,0.68,0.25,0.23,0.25
11/17/2025,03:00,N,0.66,0.63,0.22,0.22,0.22
11/17/2025,04:00,N,0.47,0.64,0.24,0.24,0.24
11/17/2025,05:00,N,0.4,0.72,0.24,0.24,0.24
11/17/2025,06:00,N,0.38,1.05,0.2,0.2,0.2
11/17/2025,07:00,N,1.2,1.51,1,1,0.37
11/17/2025,08:00,N,1.37,1.21,1.21,1.21,1
11/17/2025,09:00,N,2.3,3.19,3,3,3
11/17/2025,10:00,N,1.64,1.33,0.88,1.2,0.88
11/17/2025,11:00,N,1.95,1.28,0.49,1,0.49
11/17/2025,12:00,N,1.13,1.13,0.37,1,0.37
11/17/2025,13:00,N,0.94,0.75,0.25,0.97,0.25
11/17/2025,14:00,N,0.66,0.67,0.37,0.94,0.37
11/17/2025,15:00,N,0.69,0.69,0.49,0.94,0.49
11/17/2025,16:00,N,0.89,0.88,0.5,0.71,0.5
11/17/2025,17:00,N,0.63,2.31,0.89,1.94,0.89
11/17/2025,18:00,N,2.53,16.45,22.24,22.24,22.24
11/17/2025,19:00,N,6.7,2,8.83,8.83,2
11/17/2025,20:00,N,4.13,7.19,6.8,8.03,6.1
11/17/2025,21:00,N,2.05,6.37,5.84,16.64,5.84
11/17/2025,22:00,N,1.2,6.1,5.58,10.57,0.88
11/17/2025,23:00,N,1,4.39,4.17,4.17,0.88
11/17/2025,24:00,N,1.01,2.32,1.9,1.83,0.37
11/18/2025,01:00,N,0.43,0.72,0.3,0.27,0.07
11/18/2025,02:00,N,1,0.92,0.23,0.2,0.08
11/18/2025,03:00,N,1,0.72,0.21,0.21,0.21
11/18/2025,04:00,N,0.5,0.63,0.22,0.22,0.22
11/18/2025,05:00,N,0.57,0.32,0.22,0.22,0.22
11/18/2025,06:00,N,0.33,0.17,0.2,0.2,0.2
11/18/2025,07:00,N,1.03,1.46,0.49,1,0.49
11/18/2025,08:00,N,1.55,1.07,1,1,1
11/18/2025,09:00,N,2.21,2.24,2,2,2
11/18/2025,10:00,N,2.45,1.41,0.78,1.14,0.78
11/18/2025,11:00,N,1.73,1.1,0.64,1.01,0.64
11/18/2025,12:00,N,0.99,1.04,0.5,1.2,0.5
11/18/2025,13:00,N,0.88,1.02,0.37,1.36,0.37
11/18/2025,14:00,N,0.85,0.92,0.46,2,0.46
11/18/2025,15:00,N,1.14,1.2,0.87,1.6,0.87
11/18/2025,16:00,N,2.14,1.8,1,1.94,1
11/18/2025,17:00,N,4.19,6.94,3.81,7.43,3.81
11/18/2025,18:00,N,7.68,29.59,35.66,35.66,35.66
11/18/2025,19:00,N,8.69,15.34,14.99,14.99,14.99
11/18/2025,20:00,N,6.97,29.24,29.25,28.25,27.85
11/18/2025,21:00,N,5.96,20,19.33,23.33,19.33
11/18/2025,22:00,N,2,12.42,11.84,19.64,4.98
11/18/2025,23:00,N,1.37,9.72,9.37,9.55,1
11/18/2025,24:00,N,1.2,7.46,7.05,7.05,0.84
11/19/2025,01:00,N,0.52,0.55,0.5,0.5,0.07
11/19/2025,02:00,N,0.7,1.48,0.94,0.94,0.09
11/19/2025,03:00,N,0.65,0.76,0.5,0.5,0.34
11/19/2025,04:00,N,0.59,0.91,0.49,0.5,0.34
11/19/2025,05:00,N,0.57,1.16,0.46,0.5,0.33
11/19/2025,06:00,N,0.48,0.26,0.32,0.39,0.19
11/19/2025,07:00,N,1.14,1.2,1,11.9,0.37
11/19/2025,08:00,N,2.84,4,3.93,12.1,1.2
11/19/2025,09:00,N,5.07,8.51,8.32,10.58,8.32
11/19/2025,10:00,N,2.02,1.86,1,2,1
11/19/2025,11:00,N,2.15,1.66,0.89,1.05,0.89
11/19/2025,12:00,N,1.76,1.25,0.7,1.2,0.7
11/19/2025,13:00,N,0.86,0.9,0.45,1.5,0.45
11/19/2025,14:00,N,0.93,1.01,0.65,2.52,0.65
11/19/2025,15:00,N,1.12,1.27,1,1.9,1
11/19/2025,16:00,N,1.24,1.58,1.11,2.02,1.11
11/19/2025,17:00,N,2.74,4.18,2.94,7.5,2.94
11/19/2025,18:00,N,1.33,7.99,8.15,10.41,8.15
11/19/2025,19:00,N,6.45,9.24,9,9,9
11/19/2025,20:00,N,5,13.39,13.39,13.39,13.39
11/19/2025,21:00,N,2.7,11.48,11.01,20,11.01
11/19/2025,22:00,N,1.21,8.35,8.1,18.73,8.05
11/19/2025,23:00,N,1.2,7.21,7,9,1
11/19/2025,24:00,N,1,6.39,6.14,6.22,0.78
11/20/2025,01:00,N,0.47,0.75,0.5,0.49,0.37
11/20/2025,02:00,N,0.64,0.95,0.49,0.48,0.49
11/20/2025,03:00,N,0.61,0.78,0.5,0.5,0.5
11/20/2025,04:00,N,0.48,0.83,0.37,0.37,0.37
11/20/2025,05:00,N,0.35,0.96,0.29,0.29,0.29
11/20/2025,06:00,N,0.41,0.27,0.3,0.3,0.3
11/20/2025,07:00,N,0.45,1.2,1,1.03,0.8
11/20/2025,08:00,N,1.15,2.5,2.12,1.92,2
11/20/2025,09:00,N,1.54,2.84,2.66,2.66,2.66
11/20/2025,10:00,N,1.36,1.27,0.78,0.99,0.78
11/20/2025,11:00,N,0.92,0.96,0.5,0.94,0.5
11/20/2025,12:00,N,1.2,1.1,0.4,0.92,0.4
11/20/2025,13:00,N,1,1.04,0.3,0.8,0.3
11/20/2025,14:00,N,0.66,0.74,0.38,0.56,0.38
11/20/2025,15:00,N,0.69,0.81,0.49,0.5,0.49
11/20/2025,16:00,N,0.99,1.31,0.8,0.99,0.8
11/20/2025,17:00,N,0.84,1.8,1,1.2,1
11/20/2025,18:00,N,2.3,4.83,5,5,5
11/20/2025,19:00,N,4.82,2.95,2.95,2.75,0.86
11/20/2025,20:00,N,4.66,10.91,11.29,10,10.75
11/20/2025,21:00,N,1.82,11.64,11.33,11.64,10.91
11/20/2025,22:00,N,1.41,7.14,6.76,6.76,1
11/20/2025,23:00,N,1.2,5.12,4.81,4.81,1
11/20/2025,24:00,N,0.99,3.8,2.96,1.1,0.8
11/21/2025,01:00,N,0.65,0.57,0.57,0.56,0.19
11/21/2025,02:00,N,0.63,0.79,0.3,0.29,0.3
11/21/2025,03:00,N,0.73,0.68,0.31,0.31,0.31
11/21/2025,04:00,N,0.64,0.87,0.37,0.37,0.37
11/21/2025,05:00,N,0.37,1.08,0.49,0.49,0.49
11/21/2025,06:00,N,0.36,0.32,0.39,0.29,0.39
11/21/2025,07:00,N,0.84,1.77,1.8,1.8,0.64
11/21/2025,08:00,N,1.28,3.5,3.5,3,1.45
11/21/2025,09:00,N,1.99,2.28,2,2.04,2
11/21/2025,10:00,N,1.28,1.2,0.5,1.01,0.5
11/21/2025,11:00,N,1.41,1.07,0.64,1,0.64
11/21/2025,12:00,N,0.94,1.04,0.5,1,0.5
11/21/2025,13:00,N,0.81,0.92,0.38,1.01,0.38
11/21/2025,14:00,N,0.83,0.94,0.49,1.01,0.49
11/21/2025,15:00,N,1,1.13,0.58,0.94,0.58
11/21/2025,16:00,N,1.56,1.38,0.89,1.03,0.89
11/21/2025,17:00,N,2.22,3.14,2,2,2
11/21/2025,18:00,N,3.66,12.37,14,14,14
11/21/2025,19:00,N,5.34,4.98,5,5,5
11/21/2025,20:00,N,6.29,18.29,19.27,19.27,19.27
11/21/2025,21:00,N,1.74,13.24,13.24,18.36,13.24
11/21/2025,22:00,N,1.75,7.96,7.6,12.65,7.6
11/21/2025,23:00,N,1,5.29,5.3,5.3,4.85
11/21/2025,24:00,N,1.2,3.59,3.05,3,0.86
11/22/2025,01:00,N,0.7,1.49,0.93,0.92,0.6
11/22/2025,02:00,N,0.72,0.79,0.35,0.34,0.35
11/22/2025,03:00,N,1,1.48,0.49,0.49,0.49
11/22/2025,04:00,N,0.62,0.91,0.49,0.5,0.49
11/22/2025,05:00,N,0.43,0.54,0.49,0.49,0.49
11/22/2025,06:00,N,0.48,0.48,0.54,0.5,0.54
11/22/2025,07:00,N,0.45,1.06,1.2,1.2,0.78
11/22/2025,08:00,N,2.9,3.83,2.99,2.99,2.5
11/22/2025,09:00,N,1.5,5.5,5.5,3,5.5
11/22/2025,10:00,N,1,0.98,0.64,1,0.64
11/22/2025,11:00,N,1.13,0.8,0.49,1,0.49
11/22/2025,12:00,N,0.86,0.76,0.4,1,0.4
11/22/2025,13:00,N,0.82,0.76,0.3,0.94,0.3
11/22/2025,14:00,N,0.79,0.7,0.38,0.94,0.38
11/22/2025,15:00,N,1.29,1.2,0.5,1,0.5
11/22/2025,16:00,N,1.26,1.29,0.89,1,0.89
11/22/2025,17:00,N,0.96,2.17,1.3,1.3,1.3
11/22/2025,18:00,N,1.01,6.97,7.13,7.13,7.13
11/22/2025,19:00,N,5.38,3.59,3.6,3.6,2
11/22/2025,20:00,N,3.66,11.31,11.31,10.05,8.32
11/22/2025,21:00,N,1.4,6.86,6.48,6.28,1
11/22/2025,22:00,N,1.31,5.93,5.62,5.62,0.9
11/22/2025,23:00,N,1.2,4.33,4.03,3,0.84
11/22/2025,24:00,N,1.17,4.02,3.12,1,0.64
11/23/2025,01:00,N,0.76,1.6,1.2,1,0.64
11/23/2025,02:00,N,1,1.24,1,0.92,0.64
11/23/2025,03:00,N,1,1.25,1.04,1.01,0.64
11/23/2025,04:00,N,0.74,1.3,1,1,0.5
11/23/2025,05:00,N,0.64,1.35,0.89,0.88,0.7
11/23/2025,06:00,N,0.49,1.24,0.67,0.51,0.67
11/23/2025,07:00,N,0.71,2.32,1.78,1.78,0.7
11/23/2025,08:00,N,1.07,2.9,2.9,2.9,1.55
11/23/2025,09:00,N,1.5,4.74,4.46,3,4.46
11/23/2025,10:00,N,1.2,1.57,1,1.25,1
11/23/2025,11:00,N,1.31,1.37,0.96,1.02,0.96
11/23/2025,12:00,N,1.56,1.37,0.8,1.01,0.8
11/23/2025,13:00,N,0.93,0.85,0.4,1,0.4
11/23/2025,14:00,N,0.97,1.12,0.64,1,0.64
11/23/2025,15:00,N,0.92,1.28,0.89,0.95,0.89
11/23/2025,16:00,N,1.07,1.55,1,1,1
11/23/2025,17:00,N,0.92,1.81,1,0.99,1
11/23/2025,18:00,N,1.53,9.19,9.19,4.29,9.19
11/23/2025,19:00,N,5.5,2,6.07,1.9,0.88
11/23/2025,20:00,N,1.51,8.07,8.07,5,2
11/23/2025,21:00,N,1.45,10.14,9.77,9.04,2
11/23/2025,22:00,N,1.38,6.1,5.71,3,0.84
11/23/2025,23:00,N,1.21,6.75,6.45,1,0.84
11/23/2025,24:00,N,0.98,5.93,5.59,1,0.64
11/24/2025,01:00,N,0.7,1.2,0.68,0.67,0.67
11/24/2025,02:00,N,0.91,0.93,0.5,0.5,0.5
11/24/2025,03:00,N,0.93,0.67,0.37,0.42,0.37
11/24/2025,04:00,N,0.74,0.99,0.49,0.5,0.49
11/24/2025,05:00,N,0.56,1.18,0.49,0.5,0.49
11/24/2025,06:00,N,0.5,1.03,0.36,0.36,0.36
11/24/2025,07:00,N,0.69,1.4,0.49,1.06,0.49
11/24/2025,08:00,N,1.2,1.2,1.2,1.2,1.2
11/24/2025,09:00,N,2.81,3.98,3.6,2.98,3.6
11/24/2025,10:00,N,1.59,1.53,1,1.02,1
11/24/2025,11:00,N,1.54,1.46,1,1.04,1
11/24/2025,12:00,N,1.58,1.33,0.89,1.03,0.89
11/24/2025,13:00,N,1.12,1.04,0.4,1,0.4
11/24/2025,14:00,N,1.11,1.2,0.5,1,0.5
11/24/2025,15:00,N,2.02,1.58,0.81,0.94,0.81
11/24/2025,16:00,N,1.5,1.44,0.89,0.89,0.89
11/24/2025,17:00,N,1.3,2.05,0.99,1,0.99
11/24/2025,18:00,N,2.69,17.81,16.37,16.37,16.37
11/24/2025,19:00,N,3.28,2.72,2,2.5,2
11/24/2025,20:00,N,1.57,3.93,3.04,5,3.04
11/24/2025,21:00,N,2,8.51,7.64,7.64,7.64
11/24/2025,22:00,N,1.7,15.41,15.15,16.83,14.73
11/24/2025,23:00,N,1.64,5.34,4.82,4.74,4.82
11/24/2025,24:00,N,1.31,3.68,3.03,1.2,1
11/25/2025,01:00,N,0.76,1.58,0.96,0.96,0.8
11/25/2025,02:00,N,1,1.01,0.5,0.5,0.5
11/25/2025,03:00,N,1,1.06,0.7,0.92,0.7
11/25/2025,04:00,N,1,1.18,0.64,0.72,0.64
11/25/2025,05:00,N,0.9,1.2,0.57,0.94,0.57
11/25/2025,06:00,N,0.88,0.45,0.5,0.7,0.5
11/25/2025,07:00,N,0.34,4.76,4.86,10.4,0.88
11/25/2025,08:00,N,2.92,20.18,20.66,20.66,20.18
11/25/2025,09:00,N,5.26,16.14,16.14,16.14,16.14
11/25/2025,10:00,N,1.5,2.34,2,2,2
11/25/2025,11:00,N,1.37,1.52,1.06,1.06,1.06
11/25/2025,12:00,N,1.22,1.27,1,1.06,1
11/25/2025,13:00,N,1.17,1.14,0.72,1.06,0.72
11/25/2025,14:00,N,1.58,1.36,0.5,1.06,0.5
11/25/2025,15:00,N,2.98,2.05,0.89,1,0.89
11/25/2025,16:00,N,3.51,1.5,1,1,1
11/25/2025,17:00,N,1.8,2,1.37,1.27,1.37
11/25/2025,18:00,N,1.76,9.55,12.55,12.25,12.55
11/25/2025,19:00,N,2.87,3.29,2.68,2.48,2
11/25/2025,20:00,N,2.53,3.4,2,2,2
11/25/2025,21:00,N,0.93,1.84,1.06,1.06,1.06
11/25/2025,22:00,N,1,1.54,1,0.99,0.84
11/25/2025,23:00,N,1.2,1.45,1,0.91,0.8
11/25/2025,24:00,N,0.91,3.93,1,0.94,0.68
11/26/2025,01:00,N,0.56,0.8,0.28,0.27,0.2
11/26/2025,02:00,N,0.93,0.67,0.19,0.18,0.19
11/26/2025,03:00,N,0.99,0.46,0.2,0.2,0.2
11/26/2025,04:00,N,0.76,0.59,0.21,0.21,0.21
11/26/2025,05:00,N,0.7,0.5,0.2,0.2,0.2
11/26/2025,06:00,N,0.75,0.93,0.19,0.19,0.19
11/26/2025,07:00,N,1.57,5,6.16,3,0.8
11/26/2025,08:00,N,1.2,5.98,6,3,2
11/26/2025,09:00,N,1.44,1.96,1.71,1.71,1.71
11/26/2025,10:00,N,1.03,1.02,0.64,1,0.64
11/26/2025,11:00,N,1.41,1.13,0.49,0.97,0.49
11/26/2025,12:00,N,1.31,1,0.38,0.97,0.38
11/26/2025,13:00,N,0.79,0.82,0.38,1,0.38
11/26/2025,14:00,N,0.8,0.87,0.47,1,0.47
11/26/2025,15:00,N,2.17,1.28,0.5,0.94,0.5
11/26/2025,16:00,N,1.47,1.02,0.5,0.57,0.5
11/26/2025,17:00,N,1.47,2.24,1,1,1
11/26/2025,18:00,N,2.48,19.63,19.63,17.63,19.63
11/26/2025,19:00,N,4.58,2.9,3.02,2.5,2.5
11/26/2025,20:00,N,3.62,11.76,10.94,9.76,1.2
11/26/2025,21:00,N,1.21,7.92,7.26,6.49,1
11/26/2025,22:00,N,1.27,6.2,5.75,5,0.88
11/26/2025,23:00,N,0.92,4.39,3.74,2.93,0.88
11/26/2025,24:00,N,0.77,3.19,2.7,1.02,0.84
11/27/2025,01:00,N,0.66,0.66,0.36,0.35,0.36
11/27/2025,02:00,N,1,0.81,0.25,0.22,0.25
11/27/2025,03:00,N,1,0.61,0.3,0.3,0.3
11/27/2025,04:00,N,1,1.01,0.3,0.3,0.3
11/27/2025,05:00,N,1.05,0.59,0.43,0.43,0.43
11/27/2025,06:00,N,1,1.2,0.46,0.34,0.46
11/27/2025,07:00,N,1.2,3.39,2.79,2.24,0.84
11/27/2025,08:00,N,2.29,8.56,11.26,5,6.61
11/27/2025,09:00,N,2.52,6.29,6.04,4.61,6.04
11/27/2025,10:00,N,1.31,1.62,1.24,1.24,1.24
11/27/2025,11:00,N,1.39,1.39,1,1.01,1
11/27/2025,12:00,N,1.55,1.13,0.9,1,0.9
11/27/2025,13:00,N,1.4,1.13,0.37,0.94,0.37
11/27/2025,14:00,N,1.72,1.47,0.37,0.94,0.37
11/27/2025,15:00,N,2.64,2.08,0.49,0.5,0.49
11/27/2025,16:00,N,1.69,1.03,0.5,0.5,0.5
11/27/2025,17:00,N,0.98,1.68,0.97,0.97,0.97
11/27/2025,18:00,N,1.21,9.15,11.11,5,11.11
11/27/2025,19:00,N,2.04,1.22,1.22,1.22,0.88
11/27/2025,20:00,N,1,3.35,2.97,1.88,2.97
11/27/2025,21:00,N,0.9,4.52,4.24,4.24,2
11/27/2025,22:00,N,1.09,3.28,2.84,2,0.84
11/27/2025,23:00,N,1.09,1.52,1.07,0.99,0.8
11/27/2025,24:00,N,0.93,2.92,2.52,0.97,0.64
11/28/2025,01:00,N,0.45,0.44,0.44,0.41,0.19
11/28/2025,02:00,N,0.53,0.42,0.24,0.21,0.24
11/28/2025,03:00,N,0.6,0.42,0.29,0.29,0.09
11/28/2025,04:00,N,0.61,0.62,0.35,0.35,0.35
11/28/2025,05:00,N,0.43,0.42,0.42,0.42,0.42
11/28/2025,06:00,N,1,0.63,0.4,0.35,0.4
11/28/2025,07:00,N,1.65,2.84,1.57,1.48,0.64
11/28/2025,08:00,N,0.72,3.32,3.32,2,2
11/28/2025,09:00,N,1.53,4.5,4.43,3,4.43
11/28/2025,10:00,N,1.39,2.02,1.92,1.92,1.92
11/28/2025,11:00,N,1.2,1.15,1,1,1
11/28/2025,12:00,N,1.2,1.02,0.64,1,0.64
11/28/2025,13:00,N,0.64,0.64,0.37,0.64,0.37
11/28/2025,14:00,N,1.03,0.6,0.41,0.6,0.41
11/28/2025,15:00,N,1,0.6,0.5,0.5,0.5
11/28/2025,16:00,N,0.69,0.56,0.49,0.5,0.49
11/28/2025,17:00,N,0.61,0.78,0.64,0.64,0.64
11/28/2025,18:00,N,0.38,1.06,0.89,1,0.89
11/28/2025,19:00,N,0.58,0.88,0.49,0.96,0.49
11/28/2025,20:00,N,0.09,0.88,0.92,0.92,0.92
11/28/2025,21:00,N,0.65,1.2,1.15,1.01,0.85
11/28/2025,22:00,N,0.59,1.01,1.01,1.01,0.8
11/28/2025,23:00,N,0.14,0.89,0.89,0.89,0.7
11/28/2025,24:00,N,0.58,1.02,1,0.95,0.7
11/29/2025,01:00,N,0.61,0.55,0.43,0.4,0.37
11/29/2025,02:00,N,1,0.67,0.3,0.27,0.3
11/29/2025,03:00,N,1.1,0.46,0.3,0.3,0.3
11/29/2025,04:00,N,0.76,0.62,0.34,0.34,0.34
11/29/2025,05:00,N,0.62,0.65,0.37,0.37,0.37
11/29/2025,06:00,N,0.72,0.57,0.3,0.3,0.3
11/29/2025,07:00,N,0.71,0.94,0.65,0.94,0.49
11/29/2025,08:00,N,0.68,1.2,1,1.01,0.86
11/29/2025,09:00,N,1.94,2.17,2,1.57,2
11/29/2025,10:00,N,1.14,1.28,0.98,1,0.98
11/29/2025,11:00,N,1.21,1.2,0.8,0.99,0.8
11/29/2025,12:00,N,1.71,1.15,0.49,1,0.49
11/29/2025,13:00,N,1.18,0.74,0.37,0.9,0.37
11/29/2025,14:00,N,1,0.9,0.49,0.94,0.49
11/29/2025,15:00,N,0.88,0.89,0.5,0.5,0.5
11/29/2025,16:00,N,0.94,1.08,0.64,0.64,0.64
11/29/2025,17:00,N,0.97,1.53,0.89,0.89,0.89
11/29/2025,18:00,N,1.5,5.83,4.54,2,4.54
11/29/2025,19:00,N,2.81,3.63,2.67,1.06,0.88
11/29/2025,20:00,N,1,2.42,2.12,1.01,0.93
11/29/2025,21:00,N,0.86,2.2,1.69,1.06,0.9
11/29/2025,22:00,N,0.86,2.37,1.76,1,0.86
11/29/2025,23:00,N,0.79,1.55,1,0.96,0.86
11/29/2025,24:00,N,0.96,1.45,1.01,0.96,0.7
11/30/2025,01:00,N,0.63,0.85,0.37,0.34,0.06
11/30/2025,02:00,N,1,0.63,0.22,0.19,0.19
11/30/2025,03:00,N,0.99,0.44,0.29,0.29,0.24
11/30/2025,04:00,N,0.61,0.6,0.3,0.3,0.1
11/30/2025,05:00,N,0.26,0.56,0.3,0.3,0.3
11/30/2025,06:00,N,0.84,0.64,0.28,0.19,0.28
11/30/2025,07:00,N,0.75,0.86,0.49,0.94,0.37
11/30/2025,08:00,N,0.69,1.54,0.89,0.99,0.88
11/30/2025,09:00,N,1.39,1.6,1.29,1.29,1.29
11/30/2025,10:00,N,1.24,1.31,0.89,1,0.89
11/30/2025,11:00,N,1.51,1.14,0.7,0.96,0.7
11/30/2025,12:00,N,1.11,0.74,0.49,0.94,0.49
11/30/2025,13:00,N,1,0.68,0.3,0.5,0.3
11/30/2025,14:00,N,0.93,1,0.4,0.55,0.4
11/30/2025,15:00,N,0.91,1.15,0.5,0.5,0.5
11/30/2025,16:00,N,0.96,1.39,0.63,0.63,0.63
11/30/2025,17:00,N,1.54,2,0.93,0.93,0.93
11/30/2025,18:00,N,2.37,1.88,1.92,1.92,1.92
11/30/2025,19:00,N,5.27,2.18,1.06,1.06,1.06
11/30/2025,20:00,N,4.95,4.02,2,2,2
11/30/2025,21:00,N,2.3,8.42,7.83,7.83,0.93
11/30/2025,22:00,N,1.78,2.98,1.78,1.78,0.85
11/30/2025,23:00,N,1.36,2.06,1,1,0.84
11/30/2025,24:00,N,1.27,1.64,1,1,0.84
12/01/2025,01:00,N,0.73,0.91,0.37,0.39,0.37
12/01/2025,02:00,N,1,1.88,0.3,0.3,0.3
12/01/2025,03:00,N,1,0.64,0.4,0.95,0.4
12/01/2025,04:00,N,1.09,0.89,0.3,0.97,0.3
12/01/2025,05:00,N,1.13,0.86,0.4,0.97,0.4
12/01/2025,06:00,N,1.26,1.12,0.64,1,0.64
12/01/2025,07:00,N,0.64,0.97,1,3,1
12/01/2025,08:00,N,2.51,10.21,9.57,7.65,9.57
12/01/2025,09:00,N,18.18,18,18,18,18
12/01/2025,10:00,N,3.8,3.45,2.97,10,2.97
12/01/2025,11:00,N,1.97,1.54,1,2,1
12/01/2025,12:00,N,1.32,0.95,0.49,1.2,0.49
12/01/2025,13:00,N,2,1.28,0.49,1.42,0.49
12/01/2025,14:00,N,1.74,1.28,0.57,1.2,0.57
12/01/2025,15:00,N,1.48,1.58,0.89,1.15,0.89
12/01/2025,16:00,N,1.31,2.05,0.84,1.13,0.84
12/01/2025,17:00,N,1.48,2.76,1.7,1.97,1.7
12/01/2025,18:00,N,7.94,9.25,8.45,11.03,8.45
12/01/2025,19:00,N,1.54,7.58,7.65,7.65,7.65
12/01/2025,20:00,N,2.27,16.12,20,20,20
12/01/2025,21:00,N,4.05,22.55,25,25,25
12/01/2025,22:00,N,1.73,20,20,20,20
12/01/2025,23:00,N,1.34,8.04,7.09,7.09,7.09
12/01/2025,24:00,N,1.36,7.15,6.52,6.47,6.52
12/02/2025,01:00,N,1,5.69,4.99,4.99,4.99
12/02/2025,02:00,N,1.12,1.44,1.06,1.06,1.03
12/02/2025,03:00,N,1.44,1.6,0.89,3,0.89
12/02/2025,04:00,N,1.33,1.2,0.3,1.56,0.3
12/02/2025,05:00,N,1.68,1.2,0.3,2,0.3
12/02/2025,06:00,N,1.67,1.2,0.44,3.6,0.44
12/02/2025,07:00,N,4.44,21.37,25.75,20.75,22.75
12/02/2025,08:00,N,2.56,31.02,31.02,29.57,31.02
12/02/2025,09:00,N,8.29,24.56,24.39,24.39,24.39
12/02/2025,10:00,N,2.39,4.94,4.65,5,4.65
12/02/2025,11:00,N,1,3.35,3,3,2.98
12/02/2025,12:00,N,1,1.48,1.31,1.31,0.7
12/02/2025,13:00,N,1.2,1.66,0.45,1.51,0.06
12/02/2025,14:00,N,2.28,1.71,0.5,1.51,0.5
12/02/2025,15:00,N,2.35,1.42,0.7,1.2,0.7
12/02/2025,16:00,N,2.97,1.35,0.7,1,0.7
12/02/2025,17:00,N,0.7,1.49,0.85,1.01,0.85
12/02/2025,18:00,N,2.22,3.58,3,3,3
12/02/2025,19:00,N,2.19,5,5,5,5
12/02/2025,20:00,N,1.39,5,5,5,5
12/02/2025,21:00,N,1,3.69,3.58,3,3
12/02/2025,22:00,N,0.9,3.46,3.37,3.17,1
12/02/2025,23:00,N,0.56,1.7,1.3,0.97,0.88
12/02/2025,24:00,N,0.66,1.35,1.06,1,0.88
12/03/2025,01:00,N,0.99,0.87,0.4,0.4,0.27
12/03/2025,02:00,N,1,0.77,0.3,0.3,0.19
12/03/2025,03:00,N,1.31,0.66,0.3,0.5,0.3
12/03/2025,04:00,N,1.01,0.74,0.25,0.5,0.1
12/03/2025,05:00,N,0.93,0.72,0.25,0.5,0.19
12/03/2025,06:00,N,1.3,1.04,0.4,0.69,0.4
12/03/2025,07:00,N,0.96,0.85,0.88,4.33,0.88
12/03/2025,08:00,N,2.06,11.34,11.34,8.33,3
12/03/2025,09:00,N,6.24,7.58,7.23,4.34,3
12/03/2025,10:00,N,1.61,1.76,1.2,1.25,1.2
12/03/2025,11:00,N,1.36,1.2,0.63,1.33,0.63
12/03/2025,12:00,N,1.32,0.54,0.3,1,0.3
12/03/2025,13:00,N,1.07,0.55,0.17,1.01,0.17
12/03/2025,14:00,N,1.27,1.61,0.25,1.01,0.25
12/03/2025,15:00,N,1.16,1.21,0.41,1.06,0.41
12/03/2025,16:00,N,1.54,1.8,0.44,1,0.44
12/03/2025,17:00,N,1.69,1.2,1.22,1.92,1.22
12/03/2025,18:00,N,2.55,11.07,10.8,10.8,10.8
12/03/2025,19:00,N,1.52,5,5,6.84,5
12/03/2025,20:00,N,1.5,6.03,5.22,5.76,5.22
12/03/2025,21:00,N,1.2,4.84,4.84,5,3
12/03/2025,22:00,N,1.12,4.9,4.62,4.62,1
12/03/2025,23:00,N,0.84,1.84,1,0.97,0.86
12/03/2025,24:00,N,1,1.55,1,0.97,0.86
12/04/2025,01:00,N,0.78,0.71,0.24,0.5,0.17
12/04/2025,02:00,N,0.47,0.38,0.22,0.35,0.09
12/04/2025,03:00,N,1,0.76,0.19,0.69,0.11
12/04/2025,04:00,N,0.94,0.71,0.19,0.69,0.09
12/04/2025,05:00,N,1.04,0.73,0.19,0.5,0.09
12/04/2025,06:00,N,0.77,0.78,0.28,0.5,0.19
12/04/2025,07:00,N,0.84,1.12,0.44,1,0.44
12/04/2025,08:00,N,0.78,1.6,0.49,1,0.49
12/04/2025,09:00,N,2.21,1.14,0.64,1.01,0.64
12/04/2025,10:00,N,1.74,1.2,0.49,1.36,0.49
12/04/2025,11:00,N,1.88,1.16,0.44,1.2,0.44
12/04/2025,12:00,N,1.8,0.51,0.19,1.1,0.19
12/04/2025,13:00,N,1.52,0.73,0.19,1.2,0.19
12/04/2025,14:00,N,1.56,1.23,0.34,1.2,0.34
12/04/2025,15:00,N,1.27,1.58,0.41,1.36,0.41
12/04/2025,16:00,N,1.68,2.1,0.44,1.35,0.44
12/04/2025,17:00,N,1.33,2.62,0.5,7.6,0.5
12/04/2025,18:00,N,2.39,2,0.84,19.64,0.84
12/04/2025,19:00,N,4.28,0.83,0.89,10,0.89
12/04/2025,20:00,N,5,12.67,9.59,28.48,9.59
12/04/2025,21:00,N,6.38,23.38,22.43,39.91,22.43
12/04/2025,22:00,N,1.71,24.82,24.17,41.82,24.17
12/04/2025,23:00,N,1.2,13.5,12.66,12.66,4.98
12/04/2025,24:00,N,1.26,8.07,7.5,7.48,7.42
12/05/2025,01:00,N,2.2,3.44,4.99,21,0.84
12/05/2025,02:00,N,2.44,2.78,1.48,18,0.19
12/05/2025,03:00,N,1.59,1.65,1.29,24.56,0.78
12/05/2025,04:00,N,2.17,3.61,3,23.2,0.13
12/05/2025,05:00,N,1.12,2.34,1.84,24.23,0.37
12/05/2025,06:00,N,1.74,2.28,1.77,34.64,0.86
12/05/2025,07:00,N,2.8,28.99,35.32,43.79,0.88
12/05/2025,08:00,N,1.89,26.54,30,49.04,4.49
12/05/2025,09:00,N,7.27,14.84,14.41,37.38,14.41
12/05/2025,10:00,N,6.75,9.42,8.86,28.51,8.86
12/05/2025,11:00,N,2.48,3.32,2.85,14,2.75
12/05/2025,12:00,N,1.75,1.58,1.32,10,0.37
12/05/2025,13:00,N,2.03,1.74,1,14,0.09
12/05/2025,14:00,N,1.96,2.01,1,14,0.89
12/05/2025,15:00,N,1.65,2.61,1.87,14.99,1.87
12/05/2025,16:00,N,2.63,3.9,3,17,3
12/05/2025,17:00,N,7.07,14.12,13.28,53.37,13.28
12/05/2025,18:00,N,3.46,34.09,37.7,77.86,37.7
12/05/2025,19:00,N,12.78,24.96,24.96,64.49,24.96
12/05/2025,20:00,N,3.12,15.32,15,62.06,15
12/05/2025,21:00,N,4.24,21.26,21.26,56.22,21.26
12/05/2025,22:00,N,3.22,15.76,15.76,48.24,15.76
12/05/2025,23:00,N,1.24,12.65,13.89,13.69,0.84
12/05/2025,24:00,N,2,12.08,11.89,3,0.7
12/06/2025,01:00,N,2.83,6.86,5.05,6.7,3
12/06/2025,02:00,N,2.4,6.21,4.75,7.7,2.82
12/06/2025,03:00,N,1.6,4.6,2.5,6.68,0.98
12/06/2025,04:00,N,3.2,4.75,2.41,8.46,0.86
12/06/2025,05:00,N,2.11,2.91,2.41,9.71,0.88
12/06/2025,06:00,N,0.05,5.23,4,14.85,3.1
12/06/2025,07:00,N,0.02,18.99,18.33,22.64,10
12/06/2025,08:00,N,0.01,22.66,23.44,22.64,21.89
12/06/2025,09:00,N,8.26,12.97,12.97,12.97,12.97
12/06/2025,10:00,N,3,6.69,5.75,5.08,5.75
12/06/2025,11:00,N,5.86,6.01,5,5,5
12/06/2025,12:00,N,3.99,4.35,3.81,3.81,3
12/06/2025,13:00,N,2.61,2.84,2.34,3,0.98
12/06/2025,14:00,N,3.11,2.6,1.56,2.65,1.61
12/06/2025,15:00,N,7.04,3.41,1.45,2.47,1.54
12/06/2025,16:00,N,6.92,4.44,1.85,2.3,1.94
12/06/2025,17:00,N,3.57,4.36,2.86,3,2.86
12/06/2025,18:00,N,0.02,9.72,9.72,9.72,9.72
12/06/2025,19:00,N,0.04,10.31,10.36,10,10.36
12/06/2025,20:00,N,2.33,9.96,9.96,8.37,8.37
12/06/2025,21:00,N,2.74,9.3,8.74,7.28,3
12/06/2025,22:00,N,2.5,8.77,8.11,6.72,6
12/06/2025,23:00,N,2.09,10,9.1,10,3
12/06/2025,24:00,N,2.81,7.66,7.02,7.71,3
12/07/2025,01:00,N,1.2,3,3,5.29,3
12/07/2025,02:00,N,0.18,2.28,1.44,5.78,1.2
12/07/2025,03:00,N,1.62,2.56,1.94,5,1.94
12/07/2025,04:00,N,1.35,1.87,1,5,0.88
12/07/2025,05:00,N,1.18,2.26,1,5.12,0.9
12/07/2025,06:00,N,1.65,1.35,1.46,7.5,1.46
12/07/2025,07:00,N,0.02,5.4,4.96,6.5,3
12/07/2025,08:00,N,0.79,6.4,5.28,6.5,4.68
12/07/2025,09:00,N,3.22,4.8,4.02,5.29,4.11
12/07/2025,10:00,N,1.58,3.4,2.71,4.6,2.9
12/07/2025,11:00,N,3.37,2.31,0.91,4.6,1
12/07/2025,12:00,N,2.41,1.3,0.82,5,0.91
12/07/2025,13:00,N,2.34,1.4,0.79,4.6,0.88
12/07/2025,14:00,N,1.98,1.95,0.97,3.34,1
12/07/2025,15:00,N,14.22,2.31,0.91,3.23,1
12/07/2025,16:00,N,20,3.25,1.38,3.24,1.57
12/07/2025,17:00,N,5,3.68,1.58,5,1.58
12/07/2025,18:00,N,0.21,5.03,5.1,15,5.1
12/07/2025,19:00,N,0.03,14.85,15.94,16.98,15.94
12/07/2025,20:00,N,3.35,15.67,15.67,16.5,15.67
12/07/2025,21:00,N,3.71,7.9,7.9,12.68,7.9
12/07/2025,22:00,N,4.94,7.09,5.7,12.84,5.7
12/07/2025,23:00,N,2.66,9.1,7.52,11.65,3
12/07/2025,24:00,N,3.06,7.99,6.87,10.27,3
12/08/2025,01:00,N,1.2,2.53,1,5,1
12/08/2025,02:00,N,1.39,2.15,0.59,5.18,0.68
12/08/2025,03:00,N,1.2,2.5,0.92,5,0.92
12/08/2025,04:00,N,1,2.58,0.49,5.3,0.5
12/08/2025,05:00,N,1.62,2.08,0.49,6.86,0.49
12/08/2025,06:00,N,2.34,0.85,0.96,16.92,0.96
12/08/2025,07:00,N,0.02,9.2,9.32,17.18,9.32
12/08/2025,08:00,N,0.01,16.93,21.95,21.95,21.95
12/08/2025,09:00,N,5,12.9,12.9,12.9,12.9
12/08/2025,10:00,N,3.25,4.5,3.75,4,3.75
12/08/2025,11:00,N,3.2,3.62,3,4.5,3
12/08/2025,12:00,N,3.65,1.57,1,5,1
12/08/2025,13:00,N,2.53,1.35,0.74,5,0.74
12/08/2025,14:00,N,2.37,2,0.5,3.4,0.59
12/08/2025,15:00,N,5.62,3.2,0.65,3,0.74
12/08/2025,16:00,N,5,2.67,0.8,3,0.89
12/08/2025,17:00,N,1.17,0.98,1.03,5,1.03
12/08/2025,18:00,N,0.02,10.38,9.36,12.9,9.36
12/08/2025,19:00,N,0.03,10.4,10.4,11.9,10.4
12/08/2025,20:00,N,1.5,7.69,6.96,11.73,6.96
12/08/2025,21:00,N,2.48,6.62,6.02,10.12,3
12/08/2025,22:00,N,2.72,5.51,4.52,6.72,3
12/08/2025,23:00,N,2.32,5.08,4.06,8.01,3
12/08/2025,24:00,N,2.76,4.62,3.94,7.41,3
12/09/2025,01:00,N,1.2,1.88,0.98,5,1
12/09/2025,02:00,N,0.53,2.28,0.75,5.03,0.84
12/09/2025,03:00,N,0.67,1.66,0.9,4.81,0.9
12/09/2025,04:00,N,0.45,1.32,0.49,5,0.5
12/09/2025,05:00,N,1.2,0.66,0.7,5,0.7
12/09/2025,06:00,N,0.02,1.01,1.12,7.85,1.12
12/09/2025,07:00,N,0.02,6.98,4.99,12.35,4
12/09/2025,08:00,N,0.01,9.09,7.69,15.65,7.69
12/09/2025,09:00,N,3.87,5.73,5.38,7.63,5.38
12/09/2025,10:00,N,3.28,3.66,2.91,3.47,3
12/09/2025,11:00,N,2.68,2.88,2.25,3.67,2.25
12/09/2025,12:00,N,1.99,1.43,0.98,4.91,0.98
12/09/2025,13:00,N,1.92,1.61,0.61,3.92,0.7
12/09/2025,14:00,N,3.53,2.67,0.71,2.83,0.8
12/09/2025,15:00,N,3,2.77,0.75,2.4,0.94
12/09/2025,16:00,N,5,2.67,0.81,1.73,1
12/09/2025,17:00,N,2.4,0.89,1,1.7,1
12/09/2025,18:00,N,0.02,5,3.89,5,3.89
12/09/2025,19:00,N,0.03,3.37,3.37,6.5,3.37
12/09/2025,20:00,N,0.02,5,4.37,6.5,4
12/09/2025,21:00,N,0.94,4.26,4.06,6.79,3
12/09/2025,22:00,N,1.91,4.39,3.43,6.5,2.3
12/09/2025,23:00,N,0.13,3.89,3.23,6.11,3
12/09/2025,24:00,N,1.99,3.95,3.43,6,3
12/10/2025,01:00,N,1.24,1.76,1,3,1
12/10/2025,02:00,N,0.95,1.61,0.82,3,0.82
12/10/2025,03:00,N,1.19,1.53,0.6,3,0.69
12/10/2025,04:00,N,1,1.94,0.65,3,0.7
12/10/2025,05:00,N,0.93,1.49,0.8,3.23,0.8
12/10/2025,06:00,N,1.11,0.76,0.87,3.99,0.87
12/10/2025,07:00,N,0.01,5,3.89,5,3
12/10/2025,08:00,N,1.28,4.68,4.63,5,3
12/10/2025,09:00,N,2.78,3.41,2.91,3,3
12/10/2025,10:00,N,4.61,3.21,2.62,2.52,2.71
12/10/2025,11:00,N,5,2.2,0.89,2,0.98
12/10/2025,12:00,N,6.22,1.23,0.5,2.77,0.55
12/10/2025,13:00,N,5,1.21,0.55,1.99,0.6
12/10/2025,14:00,N,5,1.35,0.74,1.5,0.83
12/10/2025,15:00,N,5,1.76,0.74,1.5,0.88
12/10/2025,16:00,N,5.36,1.92,0.79,1.9,0.88
12/10/2025,17:00,N,2.09,2.93,0.91,1.62,0.91
12/10/2025,18:00,N,4.06,0.99,1,4.5,1
12/10/2025,19:00,N,0.16,0.81,0.89,8.1,0.89
12/10/2025,20:00,N,0.02,9,8,10.06,8
12/10/2025,21:00,N,0.03,9.05,9.01,10.3,9.01
12/10/2025,22:00,N,3.63,9.36,9.35,9.36,9.36
12/10/2025,23:00,N,2.57,7.2,6.98,7.2,6.98
12/10/2025,24:00,N,2.74,7.85,7,8.07,4
12/11/2025,01:00,N,1.46,3.6,2.72,5,2.32
12/11/2025,02:00,N,1.19,2.14,0.69,5,0.78
12/11/2025,03:00,N,1.2,2.03,0.7,3.45,0.7
12/11/2025,04:00,N,1.55,1.79,0.64,3.8,0.64
12/11/2025,05:00,N,0.99,0.8,0.84,4.22,0.84
12/11/2025,06:00,N,0.02,1.32,1.32,4.18,1.2
12/11/2025,07:00,N,0.01,5.04,5,5.04,4.51
12/11/2025,08:00,N,0.26,7.92,7.9,5.92,7.92
12/11/2025,09:00,N,3.71,4.93,4.48,5,4.57
12/11/2025,10:00,N,1.73,2.81,1.99,3,2.29
12/11/2025,11:00,N,1.24,2.5,2.03,2.76,2.15
12/11/2025,12:00,N,1.53,1.16,0.8,2.61,0.89
12/11/2025,13:00,N,1.68,1.63,0.71,2.5,0.8
12/11/2025,14:00,N,1.37,1.4,0.64,1.72,0.83
12/11/2025,15:00,N,4.2,1.84,0.73,1.5,0.92
12/11/2025,16:00,N,3.92,1.78,0.79,1.52,0.98
12/11/2025,17:00,N,5,2.35,0.89,1.9,0.96
12/11/2025,18:00,N,0.02,5,3,3,3.5
12/11/2025,19:00,N,0.03,4.49,4.46,4.46,4.46
12/11/2025,20:00,N,1.82,3.68,3.04,5,3.04
12/11/2025,21:00,N,1.91,3.02,2.52,4.08,2.61
12/11/2025,22:00,N,1.34,2.87,1.71,3.71,1.8
12/11/2025,23:00,N,0.15,3.2,2.53,4.53,2.53
12/11/2025,24:00,N,1.69,3.05,2.52,4.52,2.52
12/12/2025,01:00,N,0.81,1.72,1.09,3,1.18
12/12/2025,02:00,N,0.84,1.44,0.5,3.3,0.59
12/12/2025,03:00,N,1.11,1.19,0.47,3,0.56
12/12/2025,04:00,N,1.2,1.2,0.42,3.11,0.51
12/12/2025,05:00,N,0.78,1.39,0.49,3.8,0.49
12/12/2025,06:00,N,1,0.49,0.53,4.04,0.53
12/12/2025,07:00,N,0.01,0.96,1,5.5,1
12/12/2025,08:00,N,0.01,3.5,3.5,5.21,3.5
12/12/2025,09:00,N,3.45,3.95,3.76,5,3.95
12/12/2025,10:00,N,1.25,1.3,0.8,2.5,0.99
12/12/2025,11:00,N,2.76,1.27,0.5,1.9,0.59
12/12/2025,12:00,N,1.78,0.99,0.39,2.2,0.44
12/12/2025,13:00,N,3.3,0.89,0.41,2.2,0.44
12/12/2025,14:00,N,1.36,0.99,0.5,1.6,0.5
12/12/2025,15:00,N,5,1.19,0.5,1.5,0.59
12/12/2025,16:00,N,20,1.22,0.54,1.73,0.63
12/12/2025,17:00,N,3.47,2.74,0.71,2.8,0.71
12/12/2025,18:00,N,0.1,0.74,0.82,5,0.82
12/12/2025,19:00,N,0.03,4.48,3,7.2,3
12/12/2025,20:00,N,1.4,5,3.3,7.6,3.3
12/12/2025,21:00,N,3.14,2.77,2.77,5.86,2.82
12/12/2025,22:00,N,1.32,4.32,2.4,6,2.49
12/12/2025,23:00,N,2.67,3.72,3,6.74,3
12/12/2025,24:00,N,2.45,3.59,2.92,5,3
12/13/2025,01:00,N,1.25,1.98,0.74,5,0.83
12/13/2025,02:00,N,1.56,2.15,0.44,5,0.53
12/13/2025,03:00,N,2.07,2,0.49,4.4,0.58
12/13/2025,04:00,N,2.04,1.62,0.44,4.97,0.44
12/13/2025,05:00,N,1.12,1.86,0.49,4.99,0.39
12/13/2025,06:00,N,1.52,0.48,0.58,4.4,0.58
12/13/2025,07:00,N,0.01,1.97,1.99,6.76,1.99
12/13/2025,08:00,N,0.01,7.65,4,7.65,3
12/13/2025,09:00,N,4.65,3.92,3,5,3
12/13/2025,10:00,N,2.37,2.03,0.91,3.42,1
12/13/2025,11:00,N,1.66,1.34,0.72,3,0.84
12/13/2025,12:00,N,1.24,1.17,0.5,3,0.55
12/13/2025,13:00,N,1.69,1.24,0.49,3,0.58
12/13/2025,14:00,N,1.65,1.51,0.5,1.57,0.69
12/13/2025,15:00,N,1.66,1.89,0.5,1.36,0.69
12/13/2025,16:00,N,2.21,1.85,0.5,1.43,0.65
12/13/2025,17:00,N,0.72,0.81,0.83,1.9,0.86
12/13/2025,18:00,N,0.02,3.24,1.72,5.12,1.72
12/13/2025,19:00,N,0.03,1.8,1.8,5.85,1.8
12/13/2025,20:00,N,1.69,1.98,1.98,5,1.98
12/13/2025,21:00,N,1.88,3,2,4.46,2.09
12/13/2025,22:00,N,2,3,3,3.55,3
12/13/2025,23:00,N,2.08,4.48,3.99,5,3
12/13/2025,24:00,N,1.71,4.09,3.99,4.99,3
12/14/2025,01:00,N,0.71,1.27,1,3,1.09
12/14/2025,02:00,N,0.96,0.44,0.35,3,0.44
12/14/2025,03:00,N,1.05,0.8,0.5,3,0.69
12/14/2025,04:00,N,1.01,1.03,0.5,3,0.59
12/14/2025,05:00,N,0.53,1.18,0.5,3,0.59
12/14/2025,06:00,N,0.78,1.39,0.8,3,0.81
12/14/2025,07:00,N,0.89,0.98,1,3.75,1
12/14/2025,08:00,N,0.63,3.03,1.29,3.79,1.29
12/14/2025,09:00,N,2.4,2.31,1.4,3,1.4
12/14/2025,10:00,N,1.5,1.66,0.91,2.6,1
12/14/2025,11:00,N,2.37,1.28,0.58,1.99,0.73
12/14/2025,12:00,N,3.5,1.26,0.49,2.48,0.58
12/14/2025,13:00,N,3.39,1.03,0.49,2.25,0.5
12/14/2025,14:00,N,3.6,1.3,0.59,1.5,0.7
12/14/2025,15:00,N,4.64,1.6,0.64,1.16,0.78
12/14/2025,16:00,N,4.1,1.52,0.61,1.5,0.7
12/14/2025,17:00,N,7.23,2.62,0.8,2.6,0.85
12/14/2025,18:00,N,0.95,0.99,0.99,7.52,1
12/14/2025,19:00,N,0.14,0.82,0.86,9,0.86
12/14/2025,20:00,N,0.02,0.98,1,9.4,1
12/14/2025,21:00,N,0.02,4.83,4,7.72,5.59
12/14/2025,22:00,N,2.39,4.77,4.85,7.99,4.94
12/14/2025,23:00,N,3.32,6.57,6.44,8.96,6.53
12/14/2025,24:00,N,3.4,5.11,5.09,6.48,5.18
12/15/2025,01:00,N,2.05,3.67,2.2,5.01,2.39
12/15/2025,02:00,N,3.08,5.1,0.61,5.5,0.7
12/15/2025,03:00,N,1.92,3.44,0.89,3.75,0.98
12/15/2025,04:00,N,3.1,3.72,0.81,4.06,0.84
12/15/2025,05:00,N,2.11,0.87,0.89,5,0.89
12/15/2025,06:00,N,0.11,0.79,0.88,5.77,0.88
12/15/2025,07:00,N,0.01,1.66,1.75,11.03,1.75
12/15/2025,08:00,N,0.01,11,9,16.31,9.1
12/15/2025,09:00,N,4.94,9.4,9,9.2,9.2
12/15/2025,10:00,N,2.08,3.36,2.9,3,3
12/15/2025,11:00,N,1.56,3,2.7,2.8,2.9
12/15/2025,12:00,N,1.2,1.78,1.5,2.9,1.59
12/15/2025,13:00,N,0.88,1.62,0.76,2.5,0.78
12/15/2025,14:00,N,1.62,1.32,0.5,1.5,0.69
12/15/2025,15:00,N,2.22,1.19,0.5,1,0.64
12/15/2025,16:00,N,2.79,0.92,0.5,1.11,0.7
12/15/2025,17:00,N,0.56,1.72,0.8,1.62,0.95
12/15/2025,18:00,N,0.01,3,1.97,3.4,1.97
12/15/2025,19:00,N,0.02,3.27,2.5,5.26,2.5
12/15/2025,20:00,N,1.33,2.6,1.2,4.5,1.2
12/15/2025,21:00,N,1.53,3.83,3.36,3.46,3.35
12/15/2025,22:00,N,1.35,3.06,2.91,3.4,3
12/15/2025,23:00,N,1.73,4.13,3.99,4.79,3
12/15/2025,24:00,N,1.2,4.17,3.99,4.59,3
12/16/2025,01:00,N,0.79,2.33,1.55,3,1.64
12/16/2025,02:00,N,1.17,1.73,0.5,3,0.59
12/16/2025,03:00,N,1.05,1.6,0.7,3,0.79
12/16/2025,04:00,N,1.21,1.36,0.5,3,0.5
12/16/2025,05:00,N,1.67,1.43,0.5,3.16,0.51
12/16/2025,06:00,N,1.52,0.63,0.7,3.44,0.7
12/16/2025,07:00,N,0.01,2.67,1.4,5.4,1.4
12/16/2025,08:00,N,0.02,1.99,1.99,5.99,1.99
12/16/2025,09:00,N,3,2,2,3.38,2
12/16/2025,10:00,N,1.8,2.56,1.6,3,1.69
12/16/2025,11:00,N,1.47,1.2,0.89,3,0.98
12/16/2025,12:00,N,1.75,1.11,0.6,3,0.6
12/16/2025,13:00,N,1.46,1,0.5,2.7,0.5
12/16/2025,14:00,N,2.28,1.29,0.5,1.8,0.59
12/16/2025,15:00,N,1.9,1.45,0.52,1.5,0.64
12/16/2025,16:00,N,2.13,0.87,0.73,1.5,0.88
12/16/2025,17:00,N,0.04,0.98,1,2.7,1
12/16/2025,18:00,N,0.01,3.79,2.07,5,2.07
12/16/2025,19:00,N,2.1,1.79,1.91,5.77,1.91
12/16/2025,20:00,N,0.6,3.01,2,5,2
12/16/2025,21:00,N,1.79,3.14,3.14,3.34,3
12/16/2025,22:00,N,1.2,4.11,3.21,3.41,3
12/16/2025,23:00,N,1.51,4.19,3.94,4.14,3
12/16/2025,24:00,N,1.1,4.42,3.71,3.91,3
12/17/2025,01:00,N,0.65,1.01,0.93,3,1.02
12/17/2025,02:00,N,0.64,1,0.44,3.53,0.53
12/17/2025,03:00,N,1.2,1.58,0.54,3,0.64
12/17/2025,04:00,N,1.25,1.1,0.5,3,0.53
12/17/2025,05:00,N,1.53,0.98,0.54,3,0.55
12/17/2025,06:00,N,2.42,0.76,0.77,3.11,0.77
12/17/2025,07:00,N,1.11,1.49,1,5.97,1
12/17/2025,08:00,N,1.5,0.89,1,5.51,1
12/17/2025,09:00,N,0.02,4.69,4.01,5.01,4.01
12/17/2025,10:00,N,1.3,2.86,2.86,3.36,2.86
12/17/2025,11:00,N,1.62,1.61,1.61,3,1.61
12/17/2025,12:00,N,1.55,1.36,0.93,3,0.93
12/17/2025,13:00,N,1.24,1.18,0.89,3,0.89
12/17/2025,14:00,N,1.18,1.5,0.94,2.24,0.94
12/17/2025,15:00,N,1.2,1.63,0.91,1.99,1
12/17/2025,16:00,N,1.35,1.26,0.89,2.2,0.98
12/17/2025,17:00,N,0.31,1.57,1.57,3,1.6
12/17/2025,18:00,N,0.01,5.58,4.5,7.3,4.5
12/17/2025,19:00,N,1.2,4.54,3.67,8.27,3
12/17/2025,20:00,N,1.14,3.27,2.5,6.63,2.5
12/17/2025,21:00,N,1.56,2.59,2,4.38,2.09
12/17/2025,22:00,N,0.92,3.4,2.66,3.95,2.75
12/17/2025,23:00,N,1.11,3.33,3,4.82,3
12/17/2025,24:00,N,1,3.45,3,5,3
12/18/2025,01:00,N,0.48,1.02,0.77,3,0.86
12/18/2025,02:00,N,0.53,1.05,0.5,3,0.59
12/18/2025,03:00,N,0.79,1.01,0.61,2.59,0.7
12/18/2025,04:00,N,0.84,0.92,0.6,2.7,0.6
12/18/2025,05:00,N,0.44,1.08,0.65,2.74,0.65
12/18/2025,06:00,N,0.58,0.86,0.89,3,0.89
12/18/2025,07:00,N,0.02,0.97,1,3.5,1
12/18/2025,08:00,N,0.01,3.66,2.5,3.5,2.5
12/18/2025,09:00,N,1.2,2,2,3,2.09
12/18/2025,10:00,N,0.65,1.41,1.25,2.25,1.35
12/18/2025,11:00,N,1.75,0.81,0.64,1.7,0.8
12/18/2025,12:00,N,1,0.53,0.49,1.73,0.5
12/18/2025,13:00,N,1.68,0.52,0.45,1.5,0.5
12/18/2025,14:00,N,0.38,0.69,0.56,1.42,0.56
12/18/2025,15:00,N,3.78,0.8,0.55,1.06,0.65
12/18/2025,16:00,N,14.29,0.85,0.53,1.26,0.72
12/18/2025,17:00,N,20,1.82,0.79,1.5,0.89
12/18/2025,18:00,N,7,0.84,0.88,3.74,0.88
12/18/2025,19:00,N,0.02,0.81,0.89,5.6,0.89
12/18/2025,20:00,N,0.01,1.9,2,5.94,2
12/18/2025,21:00,N,0.03,2.91,2.91,5.28,3
12/18/2025,22:00,N,1.65,2.95,2.95,5.13,3
12/18/2025,23:00,N,1.72,3.77,3,5,3
12/18/2025,24:00,N,1.33,3.71,3.14,5,3.14
12/19/2025,01:00,N,1,1.12,1.13,3.18,1.22
12/19/2025,02:00,N,0.9,1.9,1,3.31,1.09
12/19/2025,03:00,N,0.76,1.94,1.22,3.17,1.31
12/19/2025,04:00,N,0.79,1.51,0.79,3.18,0.88
12/19/2025,05:00,N,0.81,1.59,0.87,3.21,0.88
12/19/2025,06:00,N,0.76,1.06,1.15,4.22,1.15
12/19/2025,07:00,N,0.01,5.29,3,4.7,3
12/19/2025,08:00,N,0.6,4.54,3.75,4.75,3.75
12/19/2025,09:00,N,1.89,3.1,2.9,3,3
12/19/2025,10:00,N,1.13,2.1,1.99,2.19,2.09
12/19/2025,11:00,N,0.58,1.12,1.05,1.99,1.15
12/19/2025,12:00,N,0.39,0.6,0.57,1.71,0.66
12/19/2025,13:00,N,0.39,0.4,0.4,1.5,0.49
12/19/2025,14:00,N,0.39,0.39,0.37,1.36,0.47
12/19/2025,15:00,N,1.2,0.48,0.4,1.07,0.53
12/19/2025,16:00,N,2.21,0.66,0.45,1.18,0.64
12/19/2025,17:00,N,0.37,0.97,0.5,1.5,0.57
12/19/2025,18:00,N,0.01,2.71,1.29,3,2
12/19/2025,19:00,N,0.14,1.62,1,3.47,1.71
12/19/2025,20:00,N,0.58,2.14,2,3.5,2.09
12/19/2025,21:00,N,0.66,1.2,1.16,3.01,1.2
12/19/2025,22:00,N,0.51,1.25,1.18,3,1.27
12/19/2025,23:00,N,0.67,1.95,1.98,3.24,2
12/19/2025,24:00,N,0.62,2.11,2,3.24,2.09
12/20/2025,01:00,N,0.52,0.17,0.19,3,0.38
12/20/2025,02:00,N,0.29,0.53,0.44,3,0.53
12/20/2025,03:00,N,0.29,0.48,0.39,2.7,0.48
12/20/2025,04:00,N,1,0.82,0.44,2.51,0.53
12/20/2025,05:00,N,0.59,0.79,0.49,2.67,0.5
12/20/2025,06:00,N,0.55,0.46,0.5,2.65,0.5
12/20/2025,07:00,N,0.01,0.71,0.81,3,0.81
12/20/2025,08:00,N,0.01,3.25,2.5,3,2.5
12/20/2025,09:00,N,0.78,1.27,1.27,2.05,1.27
12/20/2025,10:00,N,1,1.47,1,1.65,1
12/20/2025,11:00,N,0.83,0.72,0.5,1.63,0.65
12/20/2025,12:00,N,2.4,0.98,0.34,1.7,0.43
12/20/2025,13:00,N,2.35,0.89,0.33,1.5,0.42
12/20/2025,14:00,N,3.25,0.78,0.44,1.07,0.53
12/20/2025,15:00,N,7.42,0.8,0.42,1.04,0.51
12/20/2025,16:00,N,4.47,0.9,0.49,1.12,0.54
12/20/2025,17:00,N,8.29,0.56,0.57,1.2,0.6
12/20/2025,18:00,N,0.01,4.3,3,3,3
12/20/2025,19:00,N,0.02,1.27,1.27,3.67,1.27
12/20/2025,20:00,N,1.14,1,1,3.06,1.09
12/20/2025,21:00,N,1.33,1.35,1,3,1.02
12/20/2025,22:00,N,0.93,1.75,1,3,1.09
12/20/2025,23:00,N,1.1,0.95,1,3,1.01
12/20/2025,24:00,N,1,3.03,1.42,3,2.22
12/21/2025,01:00,N,0.67,0.35,0.35,3,0.45
12/21/2025,02:00,N,1.2,2.35,0.25,3,0.34
12/21/2025,03:00,N,1.2,1.51,0.49,2.45,0.64
12/21/2025,04:00,N,1.2,1.11,0.44,2.6,0.5
12/21/2025,05:00,N,1.24,1.26,0.49,3,0.49
12/21/2025,06:00,N,1.2,1.09,0.44,2.99,0.44
12/21/2025,07:00,N,2.08,0.47,0.49,3,0.49
12/21/2025,08:00,N,0.05,0.7,0.74,3,0.74
12/21/2025,09:00,N,1.2,1.99,1,3,1
12/21/2025,10:00,N,1.3,1.29,0.96,1.73,1
12/21/2025,11:00,N,1.4,0.9,0.5,1.7,0.6
12/21/2025,12:00,N,1.39,0.79,0.41,1.99,0.41
12/21/2025,13:00,N,1.07,0.97,0.4,1.99,0.4
12/21/2025,14:00,N,1.04,1.36,0.49,1.5,0.53
12/21/2025,15:00,N,3.35,1.96,0.44,1.17,0.63
12/21/2025,16:00,N,4.55,1.64,0.5,1.25,0.69
12/21/2025,17:00,N,8.29,2.54,0.65,1.68,0.84
12/21/2025,18:00,N,0.01,11.73,4.5,8.2,7.99
12/21/2025,19:00,N,0.03,1.92,1.97,9.13,2
12/21/2025,20:00,N,0.02,3.6,3.48,5.88,3.67
12/21/2025,21:00,N,1.87,3.1,3,6.4,3.19
12/21/2025,22:00,N,1,3.01,2.91,4.55,3
12/21/2025,23:00,N,1.14,3.07,3,4.73,3
12/21/2025,24:00,N,0.76,3.7,3.18,4.82,3
12/22/2025,01:00,N,0.97,1.05,0.55,3.1,0.64
12/22/2025,02:00,N,1,0.29,0.31,3.1,0.4
12/22/2025,03:00,N,0.02,1.21,0.5,3,0.51
12/22/2025,04:00,N,1,0.49,0.49,3,0.5
12/22/2025,05:00,N,1.04,1.39,0.49,3,0.58
12/22/2025,06:00,N,1.13,1.76,0.5,2.74,0.59
12/22/2025,07:00,N,0.01,0.72,0.78,3,0.78
12/22/2025,08:00,N,0.01,5,2,3,2
12/22/2025,09:00,N,5.37,2.91,2.91,2.6,3
12/22/2025,10:00,N,2.86,2.66,1.97,1.99,2.09
12/22/2025,11:00,N,1.94,1.93,1.25,1.73,1.55
12/22/2025,12:00,N,1.52,1.13,0.83,1.9,0.83
12/22/2025,13:00,N,1.21,0.74,0.25,1.9,0.34
12/22/2025,14:00,N,3.16,1.3,0.34,1.31,0.53
12/22/2025,15:00,N,3.34,1,0.44,1.17,0.63
12/22/2025,16:00,N,7.95,1.02,0.49,1.12,0.79
12/22/2025,17:00,N,8,1.01,0.57,1.3,0.76
12/22/2025,18:00,N,0.01,0.97,1,3,1
12/22/2025,19:00,N,0.03,0.99,1,3.99,1
12/22/2025,20:00,N,0.02,2,1,3.5,1.09
12/22/2025,21:00,N,1.29,1.81,1,3.19,1
12/22/2025,22:00,N,0.97,1.87,1,3,1
12/22/2025,23:00,N,0.98,1.77,1,3,1.15
12/22/2025,24:00,N,0.88,1.45,0.95,3,1
12/23/2025,01:00,N,0.5,0.39,0.39,3,0.48
12/23/2025,02:00,N,0.33,0.35,0.29,3,0.38
12/23/2025,03:00,N,0.75,0.38,0.29,2.7,0.38
12/23/2025,04:00,N,1.13,0.59,0.34,2,0.43
12/23/2025,05:00,N,0.7,0.61,0.34,2.05,0.35
12/23/2025,06:00,N,1.08,0.7,0.35,2.1,0.36
12/23/2025,07:00,N,0.66,0.4,0.49,2.91,0.49
12/23/2025,08:00,N,0.01,2.14,1,3,1
12/23/2025,09:00,N,1,1,1,2.97,0.85
12/23/2025,10:00,N,0.74,1.47,1,1.67,1
12/23/2025,11:00,N,0.81,0.9,0.65,1.74,0.74
12/23/2025,12:00,N,0.98,0.71,0.44,1.9,0.49
12/23/2025,13:00,N,1.5,1.02,0.25,1.5,0.34
12/23/2025,14:00,N,2.7,0.83,0.34,1.28,0.49
12/23/2025,15:00,N,3,0.92,0.44,1.16,0.62
12/23/2025,16:00,N,6.79,0.8,0.44,1.25,0.66
12/23/2025,17:00,N,0.06,0.85,0.5,1.5,0.55
12/23/2025,18:00,N,0.01,3.18,1.97,2.8,1.99
12/23/2025,19:00,N,1.13,1.61,1.2,3,0.86
12/23/2025,20:00,N,1.07,1.15,0.9,3,0.9
12/23/2025,21:00,N,1.07,1.11,0.74,3,0.86
12/23/2025,22:00,N,0.74,1.05,0.59,3,0.68
12/23/2025,23:00,N,0.58,0.97,0.59,3,0.64
12/23/2025,24:00,N,0.69,1.9,1,3,1.15
12/24/2025,01:00,N,0.45,0.35,0.35,2.8,0.44
12/24/2025,02:00,N,0.5,0.34,0.25,2.8,0.34
12/24/2025,03:00,N,0.66,0.49,0.31,2.09,0.4
12/24/2025,04:00,N,0.64,0.49,0.31,2,0.4
12/24/2025,05:00,N,0.81,0.5,0.31,2,0.33
12/24/2025,06:00,N,0.91,0.49,0.33,2,0.38
12/24/2025,07:00,N,0.54,0.5,0.49,2.68,0.49
12/24/2025,08:00,N,0.44,0.45,0.5,2.73,0.5
12/24/2025,09:00,N,0.5,1.8,1,2.08,1.01
12/24/2025,10:00,N,1,0.9,0.75,1.73,0.9
12/24/2025,11:00,N,0.91,1,0.5,1.6,0.59
12/24/2025,12:00,N,0.98,0.79,0.49,1.8,0.49
12/24/2025,13:00,N,0.71,0.08,0.25,1.5,0.32
12/24/2025,14:00,N,1,0.33,0.33,1.25,0.42
12/24/2025,15:00,N,1.44,0.49,0.33,1.11,0.5
12/24/2025,16:00,N,3,0.5,0.39,1.04,0.5
12/24/2025,17:00,N,0.37,0.7,0.5,1.2,0.7
12/24/2025,18:00,N,0.01,2.4,1.02,3,1.99
12/24/2025,19:00,N,0.03,1.2,1,3.08,1.99
12/24/2025,20:00,N,0.08,0.5,0.5,3,0.5
12/24/2025,21:00,N,0.05,0.96,0.5,3,0.74
12/24/2025,22:00,N,0.06,0.5,0.5,3,0.59
12/24/2025,23:00,N,0.06,0.5,0.5,3,0.59
12/24/2025,24:00,N,0.03,0.58,0.5,3,0.59
12/25/2025,01:00,N,0.81,0.37,0.37,3,0.46
12/25/2025,02:00,N,0.77,0.84,0.39,3,0.48
12/25/2025,03:00,N,0.91,0.65,0.3,3,0.39
12/25/2025,04:00,N,1.17,1.2,0.3,2.9,0.39
12/25/2025,05:00,N,1,0.78,0.41,2.76,0.49
12/25/2025,06:00,N,0.93,0.39,0.43,2.66,0.43
12/25/2025,07:00,N,0.01,2,1,2.97,1
12/25/2025,08:00,N,0.02,1.29,1,3,1
12/25/2025,09:00,N,1.26,1.18,1.18,2.6,1.25
12/25/2025,10:00,N,0.84,1.65,0.8,1.52,0.81
12/25/2025,11:00,N,0.71,0.71,0.39,1.56,0.54
12/25/2025,12:00,N,1,0.74,0.3,1.73,0.37
12/25/2025,13:00,N,3.04,1.02,0.2,1.5,0.29
12/25/2025,14:00,N,3.04,0.94,0.34,1.18,0.43
12/25/2025,15:00,N,3.03,0.96,0.34,1.09,0.5
12/25/2025,16:00,N,3.32,0.87,0.44,1.2,0.5
12/25/2025,17:00,N,5.55,1.6,0.5,1.68,0.5
12/25/2025,18:00,N,0.01,3.02,1.16,3,1.16
12/25/2025,19:00,N,0.03,2.33,1.26,3.79,0.5
12/25/2025,20:00,N,0.5,3.14,0.68,3,1.2
12/25/2025,21:00,N,0.71,0.55,0.55,3,0.64
12/25/2025,22:00,N,0.5,1.38,0.5,3,0.5
12/25/2025,23:00,N,0.5,1.69,1.1,3,0.5
12/25/2025,24:00,N,0.71,1.16,0.5,3,0.74
12/26/2025,01:00,N,0.52,0.38,0.38,3,0.47
12/26/2025,02:00,N,0.97,0.64,0.22,3,0.31
12/26/2025,03:00,N,0.79,0.66,0.3,2,0.39
12/26/2025,04:00,N,0.77,0.57,0.33,2.14,0.33
12/26/2025,05:00,N,0.76,0.43,0.34,2.36,0.34
12/26/2025,06:00,N,0.03,0.44,0.35,2,0.35
12/26/2025,07:00,N,0.02,0.72,0.5,2.99,0.5
12/26/2025,08:00,N,0.47,1.37,0.5,3,0.5
12/26/2025,09:00,N,1.46,0.75,0.75,2.51,0.75
12/26/2025,10:00,N,3,1.12,0.49,1.5,0.58
12/26/2025,11:00,N,2.54,1.17,0.4,1.5,0.49
12/26/2025,12:00,N,1.74,0.98,0.38,1.73,0.38
12/26/2025,13:00,N,3.07,0.87,0.33,1.62,0.33
12/26/2025,14:00,N,3.29,1.13,0.44,1.24,0.47
12/26/2025,15:00,N,3.39,1.3,0.41,1.04,0.5
12/26/2025,16:00,N,4.04,1.09,0.44,1.2,0.5
12/26/2025,17:00,N,5.42,2.46,0.5,1.8,0.65
12/26/2025,18:00,N,0.01,5,3,8,4
12/26/2025,19:00,N,0.03,2.93,1,6.91,3.02
12/26/2025,20:00,N,2.71,1,1,4.8,0.5
12/26/2025,21:00,N,2.54,1.54,0.54,3.42,0.86
12/26/2025,22:00,N,0.91,2.06,1,3.5,1.05
12/26/2025,23:00,N,1.66,1.74,1.13,3,0.88
12/26/2025,24:00,N,1.72,2.08,1.53,3.08,0.88
12/27/2025,01:00,N,0.69,0.41,0.41,3,0.5
12/27/2025,02:00,N,0.41,0.55,0.3,3,0.35
12/27/2025,03:00,N,0.92,0.46,0.3,2.53,0.33
12/27/2025,04:00,N,0.93,0.37,0.33,2.05,0.33
12/27/2025,05:00,N,0.64,0.51,0.34,2.08,0.34
12/27/2025,06:00,N,0.85,0.4,0.43,2,0.43
12/27/2025,07:00,N,0.02,0.53,0.54,2.24,0.54
12/27/2025,08:00,N,0.01,1.83,1,2,1
12/27/2025,09:00,N,3.56,1.41,1,1.99,1
12/27/2025,10:00,N,1.19,1,0.77,1.58,0.77
12/27/2025,11:00,N,0.52,0.56,0.48,1.5,0.53
12/27/2025,12:00,N,0.4,0.5,0.33,1.51,0.33
12/27/2025,13:00,N,0.4,0.5,0.29,1.5,0.28
12/27/2025,14:00,N,0.5,0.66,0.3,1.15,0.38
12/27/2025,15:00,N,1.2,0.74,0.33,1.03,0.48
12/27/2025,16:00,N,2.73,0.64,0.39,1.06,0.5
12/27/2025,17:00,N,5.25,1.13,0.5,1.5,0.64
12/27/2025,18:00,N,0.01,1.07,1.11,2.5,1.11
12/27/2025,19:00,N,0.03,2.2,2,3,0.5
12/27/2025,20:00,N,0.5,1,1,2.35,1.09
12/27/2025,21:00,N,1,0.67,0.7,2.35,0.7
12/27/2025,22:00,N,1.18,0.59,0.5,2.02,0.59
12/27/2025,23:00,N,0.67,0.89,0.55,2.61,0.64
12/27/2025,24:00,N,1,0.98,0.7,2.73,0.7
12/28/2025,01:00,N,0.5,0.57,0.36,2,0.45
12/28/2025,02:00,N,0.23,0.52,0.28,2,0.33
12/28/2025,03:00,N,0.71,0.19,0.19,1.99,0.19
12/28/2025,04:00,N,0.76,0.23,0.23,1.73,0.23
12/28/2025,05:00,N,0.5,0.43,0.3,1.88,0.3
12/28/2025,06:00,N,0.09,0.41,0.3,1.73,0.3
12/28/2025,07:00,N,0.02,0.4,0.41,2,0.41
12/28/2025,08:00,N,0.01,1,0.74,1.98,0.74
12/28/2025,09:00,N,1.12,0.85,0.74,1.65,0.85
12/28/2025,10:00,N,1.2,0.95,0.5,1.5,0.56
12/28/2025,11:00,N,0.5,0.5,0.37,1.47,0.37
12/28/2025,12:00,N,0.5,0.51,0.3,1.5,0.3
12/28/2025,13:00,N,0.25,0.5,0.3,1.38,0.27
12/28/2025,14:00,N,1.37,0.56,0.25,1.05,0.34
12/28/2025,15:00,N,1.68,0.55,0.3,1.02,0.46
12/28/2025,16:00,N,3,0.5,0.33,1.05,0.51
12/28/2025,17:00,N,5.81,1,0.5,1.13,0.59
12/28/2025,18:00,N,0.01,1.32,1.05,2.49,1.05
12/28/2025,19:00,N,0.03,1.15,1,2.97,1
12/28/2025,20:00,N,0.93,0.63,0.63,2.35,0.64
12/28/2025,21:00,N,0.93,0.5,0.5,2.33,0.5
12/28/2025,22:00,N,0.78,0.47,0.5,2,0.5
12/28/2025,23:00,N,0.03,0.83,0.64,2.47,0.64
12/28/2025,24:00,N,0.5,0.5,0.5,2.38,0.5
12/29/2025,01:00,N,0.63,0.64,0.38,2,0.47
12/29/2025,02:00,N,0.5,0.81,0.23,2,0.32
12/29/2025,03:00,N,0.5,0.72,0.41,1.65,0.5
12/29/2025,04:00,N,0.88,0.7,0.31,1.73,0.16
12/29/2025,05:00,N,1.62,0.68,0.49,1.85,0.49
12/29/2025,06:00,N,0.91,0.75,0.49,1.86,0.49
12/29/2025,07:00,N,2.06,1.06,0.5,2.5,0.5
12/29/2025,08:00,N,5.85,1.36,0.5,2.69,0.5
12/29/2025,09:00,N,2.49,1.21,0.5,2,0.5
12/29/2025,10:00,N,1.24,1.02,0.49,1.5,0.49
12/29/2025,11:00,N,1.74,1.01,0.39,1.5,0.39
12/29/2025,12:00,N,1.24,1,0.33,1.53,0.33
12/29/2025,13:00,N,2.79,0.4,0.33,1.5,0.33
12/29/2025,14:00,N,1,1.37,0.49,1.05,0.49
12/29/2025,15:00,N,3,1.36,0.45,1.04,0.5
12/29/2025,16:00,N,4.39,1.29,0.5,1.2,0.69
12/29/2025,17:00,N,6.18,1.07,0.49,1.36,0.5
12/29/2025,18:00,N,0.87,0.9,1,4.05,1
12/29/2025,19:00,N,0.03,4.52,3.67,6.2,3.69
12/29/2025,20:00,N,0.5,1,2.5,5.6,2.53
12/29/2025,21:00,N,0.5,2.72,2.74,5.54,2.83
12/29/2025,22:00,N,0.5,2.86,1.81,5,2
12/29/2025,23:00,N,1,1.97,1.97,6,2.06
12/29/2025,24:00,N,2.22,2.84,2.25,4.45,2.34
12/30/2025,01:00,N,0.5,0.42,0.42,3.17,0.51
12/30/2025,02:00,N,0.22,0.82,0.33,3.12,0.42
12/30/2025,03:00,N,0.5,0.8,0.34,3.07,0.43
12/30/2025,04:00,N,1,0.55,0.34,3.07,0.43
12/30/2025,05:00,N,1,0.57,0.49,3.12,0.5
12/30/2025,06:00,N,0.5,0.67,0.5,4.3,0.54
12/30/2025,07:00,N,0.02,0.93,0.94,6.2,0.94
12/30/2025,08:00,N,0.01,9.94,9.97,10.22,9.99
12/30/2025,09:00,N,5.34,4.5,4.5,6,4.45
12/30/2025,10:00,N,1.24,2.58,1.88,2.97,1.93
12/30/2025,11:00,N,0.76,1.28,0.75,2,0.77
12/30/2025,12:00,N,0.5,0.98,0.39,2,0.39
12/30/2025,13:00,N,0.5,0.92,0.34,1.99,0.33
12/30/2025,14:00,N,0.5,0.49,0.33,1.36,0.42
12/30/2025,15:00,N,0.5,0.34,0.33,1.05,0.43
12/30/2025,16:00,N,3.94,0.44,0.37,1.06,0.52
12/30/2025,17:00,N,4.05,1.16,0.47,1.2,0.66
12/30/2025,18:00,N,0.81,0.47,0.5,3,0.5
12/30/2025,19:00,N,0.03,1.68,1,3,0.84
12/30/2025,20:00,N,0.04,3.74,2.34,3.23,0.5
12/30/2025,21:00,N,1.77,0.88,0.88,3.05,0.5
12/30/2025,22:00,N,1.55,1.43,1,3,0.5
12/30/2025,23:00,N,1.65,2.63,2,3,0.5
12/30/2025,24:00,N,1.34,2.63,2,3,0.5
12/31/2025,01:00,N,0.56,0.98,0.69,2.99,0.78
12/31/2025,02:00,N,0.5,0.82,0.33,2.99,0.42
12/31/2025,03:00,N,0.71,0.91,0.49,2,0.58
12/31/2025,04:00,N,0.86,0.88,0.33,2,0.34
12/31/2025,05:00,N,1,0.84,0.36,2.67,0.37
12/31/2025,06:00,N,0.19,0.87,0.49,2.99,0.49
12/31/2025,07:00,N,0.02,0.77,0.84,4,0.84
12/31/2025,08:00,N,0.01,5.23,4.38,4.43,4.38
12/31/2025,09:00,N,1.5,2.95,2.95,3,3
12/31/2025,10:00,N,1,2.38,2,2.23,2
12/31/2025,11:00,N,0.53,1.29,0.99,2,0.99
12/31/2025,12:00,N,0.5,0.9,0.5,2,0.5
12/31/2025,13:00,N,0.5,0.78,0.45,1.91,0.45
12/31/2025,14:00,N,0.49,0.39,0.37,1.32,0.46
12/31/2025,15:00,N,3.27,0.25,0.3,1.15,0.44
12/31/2025,16:00,N,1,0.36,0.36,1.04,0.49
12/31/2025,17:00,N,1.29,1,0.42,1.2,0.5
12/31/2025,18:00,N,0.01,4.5,1.46,2.85,2.9
12/31/2025,19:00,N,0.03,3.24,2.95,3,0.5
12/31/2025,20:00,N,1.45,2.01,1,3,1.98
12/31/2025,21:00,N,0.92,1,0.84,3,0.93
12/31/2025,22:00,N,1,1.05,0.79,2.65,0.88
12/31/2025,23:00,N,0.89,1,0.77,3,0.86
12/31/2025,24:00,N,0.85,1.34,0.99,2.59,0.99
