timestamp,frequency_hz,system_inertia_mw_s
2026-09-25 00:00:00-0500,60.013,314663
2026-09-25 00:00:10-0500,59.987,314663
2026-09-25 00:00:20-0500,59.986,314663
2026-09-25 00:00:30-0500,59.988,314663
2026-09-25 00:00:40-0500,59.99,314663
2026-09-25 00:00:50-0500,59.992,314663
2026-09-25 00:01:00-0500,60.016,314663
2026-09-25 00:01:10-0500,60.016,314663
2026-09-25 00:01:20-0500,60.01,314663
2026-09-25 00:01:30-0500,60.004,314663
2026-09-25 00:01:40-0500,60.003,314663
2026-09-25 00:01:50-0500,59.999,314663
2026-09-25 00:02:00-0500,59.999,314663
2026-09-25 00:02:10-0500,59.995,314663
2026-09-25 00:02:20-0500,59.994,314677
2026-09-25 00:02:30-0500,59.996,314677
2026-09-25 00:02:40-0500,59.993,314677
2026-09-25 00:02:50-0500,59.99,314677
2026-09-25 00:03:00-0500,60.016,314582
2026-09-25 00:03:10-0500,60.011,314501
2026-09-25 00:03:20-0500,60.012,314501
2026-09-25 00:03:30-0500,59.997,314501
2026-09-25 00:03:40-0500,59.984,314501
2026-09-25 00:03:50-0500,59.99,314501
2026-09-25 00:04:00-0500,60.003,314501
2026-09-25 00:04:10-0500,60.013,313975
2026-09-25 00:04:20-0500,60.004,313975
2026-09-25 00:04:30-0500,60.009,313975
2026-09-25 00:04:40-0500,60.003,313975
2026-09-25 00:04:50-0500,59.986,313970
2026-09-25 00:05:00-0500,59.984,313970
2026-09-25 00:05:10-0500,59.982,313970
2026-09-25 00:05:20-0500,59.982,313970
2026-09-25 00:05:30-0500,59.983,313970
2026-09-25 00:05:40-0500,59.982,313970
2026-09-25 00:05:50-0500,59.983,313810
2026-09-25 00:06:00-0500,59.983,313810
2026-09-25 00:06:10-0500,59.981,313810
2026-09-25 00:06:20-0500,59.982,313810
2026-09-25 00:06:30-0500,59.982,313810
2026-09-25 00:06:40-0500,59.982,313810
2026-09-25 00:06:50-0500,59.982,313810
2026-09-25 00:07:00-0500,59.983,313810
2026-09-25 00:07:10-0500,59.982,313810
2026-09-25 00:07:20-0500,59.983,313810
2026-09-25 00:07:30-0500,59.983,313810
2026-09-25 00:07:40-0500,59.983,313810
2026-09-25 00:07:50-0500,59.984,313810
2026-09-25 00:08:00-0500,59.986,313810
2026-09-25 00:08:10-0500,59.985,313810
2026-09-25 00:08:20-0500,59.983,313643
2026-09-25 00:08:30-0500,59.982,313657
2026-09-25 00:08:40-0500,59.984,313147
2026-09-25 00:08:50-0500,59.982,313147
2026-09-25 00:09:00-0500,59.983,313161
2026-09-25 00:09:10-0500,59.984,312048
2026-09-25 00:09:20-0500,59.981,312048
2026-09-25 00:09:30-0500,59.981,312048
2026-09-25 00:09:40-0500,59.98,312048
2026-09-25 00:09:50-0500,59.98,312048
2026-09-25 00:10:00-0500,59.98,312029
2026-09-25 00:10:10-0500,59.98,312029
2026-09-25 00:10:20-0500,59.981,312029
2026-09-25 00:10:30-0500,59.98,312029
2026-09-25 00:10:40-0500,59.98,312029
2026-09-25 00:10:50-0500,59.979,311503
2026-09-25 00:11:00-0500,59.98,311516
2026-09-25 00:11:10-0500,59.982,311516
2026-09-25 00:11:20-0500,59.982,311516
2026-09-25 00:11:30-0500,59.983,311362
2026-09-25 00:11:40-0500,59.989,311362
2026-09-25 00:11:50-0500,59.985,310587
2026-09-25 00:12:00-0500,59.988,310320
2026-09-25 00:12:10-0500,59.999,310150
2026-09-25 00:12:20-0500,60.007,310150
2026-09-25 00:12:30-0500,60.015,310150
2026-09-25 00:12:40-0500,60.015,310150
2026-09-25 00:12:50-0500,59.998,310150
2026-09-25 00:13:00-0500,59.986,310150
2026-09-25 00:13:10-0500,59.99,310150
2026-09-25 00:13:20-0500,60.015,310150
2026-09-25 00:13:30-0500,60.01,310150
2026-09-25 00:13:40-0500,60.007,310150
2026-09-25 00:13:50-0500,60.011,310150
2026-09-25 00:14:00-0500,60.015,310150
2026-09-25 00:14:10-0500,60.013,310150
2026-09-25 00:14:20-0500,60.015,310150
2026-09-25 00:14:30-0500,60.013,310150
2026-09-25 00:14:40-0500,60.01,310150
2026-09-25 00:14:50-0500,59.998,310150
2026-09-25 00:15:00-0500,60.006,310150
2026-09-25 00:15:10-0500,60.003,310150
2026-09-25 00:15:20-0500,60.002,310150
2026-09-25 00:15:30-0500,59.998,310150
2026-09-25 00:15:40-0500,59.997,310150
2026-09-25 00:15:50-0500,59.992,310150
2026-09-25 00:16:00-0500,59.985,310150
2026-09-25 00:16:10-0500,59.983,310150
2026-09-25 00:16:20-0500,59.983,310150
2026-09-25 00:16:30-0500,59.986,310150
2026-09-25 00:16:40-0500,59.983,310150
2026-09-25 00:16:50-0500,59.982,310150
2026-09-25 00:17:00-0500,59.984,310150
2026-09-25 00:17:10-0500,59.982,310150
2026-09-25 00:17:20-0500,59.984,309308
2026-09-25 00:17:30-0500,59.986,309227
2026-09-25 00:17:40-0500,59.989,309146
2026-09-25 00:17:50-0500,59.99,309146
2026-09-25 00:18:00-0500,59.993,309146
2026-09-25 00:18:10-0500,59.984,309146
2026-09-25 00:18:20-0500,60.002,309146
2026-09-25 00:18:30-0500,60.015,309146
2026-09-25 00:18:40-0500,60.011,309146
2026-09-25 00:18:50-0500,60,309146
2026-09-25 00:19:00-0500,59.993,309146
2026-09-25 00:19:10-0500,59.984,309146
2026-09-25 00:19:20-0500,59.986,309146
2026-09-25 00:19:30-0500,59.991,309146
2026-09-25 00:19:40-0500,60.002,308878
2026-09-25 00:19:50-0500,59.983,308878
2026-09-25 00:20:00-0500,59.985,308878
2026-09-25 00:20:10-0500,59.996,308878
2026-09-25 00:20:20-0500,60.013,308878
2026-09-25 00:20:30-0500,60.015,308878
2026-09-25 00:20:40-0500,60.01,308878
2026-09-25 00:20:50-0500,59.985,308878
2026-09-25 00:21:00-0500,59.985,308878
2026-09-25 00:21:10-0500,59.998,308878
2026-09-25 00:21:20-0500,60.015,308878
2026-09-25 00:21:30-0500,60.013,308878
2026-09-25 00:21:40-0500,60.004,308878
2026-09-25 00:21:50-0500,60,308878
2026-09-25 00:22:00-0500,60.001,308878
2026-09-25 00:22:10-0500,59.996,308878
2026-09-25 00:22:20-0500,59.999,308878
2026-09-25 00:22:30-0500,60.02,308878
2026-09-25 00:22:40-0500,60.017,308878
2026-09-25 00:22:50-0500,60.015,308878
2026-09-25 00:23:00-0500,60.019,308878
2026-09-25 00:23:10-0500,60.015,308878
2026-09-25 00:23:20-0500,60.012,308878
2026-09-25 00:23:30-0500,60.014,308878
2026-09-25 00:23:40-0500,60.016,308878
2026-09-25 00:23:50-0500,60.015,308878
2026-09-25 00:24:00-0500,60.014,308878
2026-09-25 00:24:10-0500,60.01,308878
2026-09-25 00:24:20-0500,60.014,308878
2026-09-25 00:24:30-0500,60.015,308878
2026-09-25 00:24:40-0500,60.014,308878
2026-09-25 00:24:50-0500,60.001,308878
2026-09-25 00:25:00-0500,59.998,308878
2026-09-25 00:25:10-0500,59.982,308878
2026-09-25 00:25:20-0500,59.986,308878
2026-09-25 00:25:30-0500,59.986,308878
2026-09-25 00:25:40-0500,60.004,308878
2026-09-25 00:25:50-0500,60.016,308878
2026-09-25 00:26:00-0500,60.017,308878
2026-09-25 00:26:10-0500,60.016,308878
2026-09-25 00:26:20-0500,60.015,308878
2026-09-25 00:26:30-0500,60.014,308878
2026-09-25 00:26:40-0500,60.015,308878
2026-09-25 00:26:50-0500,60.015,308878
2026-09-25 00:27:00-0500,60.016,308878
2026-09-25 00:27:10-0500,60.014,308878
2026-09-25 00:27:20-0500,60.013,308878
2026-09-25 00:27:30-0500,60.012,308878
2026-09-25 00:27:40-0500,60.005,308878
2026-09-25 00:27:50-0500,59.983,308878
2026-09-25 00:28:00-0500,59.982,308878
2026-09-25 00:28:10-0500,59.983,308878
2026-09-25 00:28:20-0500,59.984,308878
2026-09-25 00:28:30-0500,59.991,308878
2026-09-25 00:28:40-0500,60.013,308878
2026-09-25 00:28:50-0500,60.013,308878
2026-09-25 00:29:00-0500,60.015,308878
2026-09-25 00:29:10-0500,59.997,308878
2026-09-25 00:29:20-0500,59.994,308878
2026-09-25 00:29:30-0500,60.002,308878
2026-09-25 00:29:40-0500,60.018,308878
2026-09-25 00:29:50-0500,60.011,308878
2026-09-25 00:30:00-0500,60.011,308878
2026-09-25 00:30:10-0500,60.007,308878
2026-09-25 00:30:20-0500,60.002,308878
2026-09-25 00:30:30-0500,59.997,308878
2026-09-25 00:30:40-0500,59.994,308878
2026-09-25 00:30:50-0500,59.99,308878
2026-09-25 00:31:00-0500,59.991,308878
2026-09-25 00:31:10-0500,60.001,308878
2026-09-25 00:31:20-0500,60.005,308878
2026-09-25 00:31:30-0500,60.014,308878
2026-09-25 00:31:40-0500,60.012,308878
2026-09-25 00:31:50-0500,60.016,308878
2026-09-25 00:32:00-0500,60.012,308878
2026-09-25 00:32:10-0500,60.01,308878
2026-09-25 00:32:20-0500,60.014,308878
2026-09-25 00:32:30-0500,60.012,308878
2026-09-25 00:32:40-0500,60.011,308878
2026-09-25 00:32:50-0500,60.009,308878
2026-09-25 00:33:00-0500,60.003,308878
2026-09-25 00:33:10-0500,60.005,308878
2026-09-25 00:33:20-0500,60.007,308878
2026-09-25 00:33:30-0500,60.013,308878
2026-09-25 00:33:40-0500,60.015,308878
2026-09-25 00:33:50-0500,60.014,308878
2026-09-25 00:34:00-0500,60.008,308878
2026-09-25 00:34:10-0500,59.987,308878
2026-09-25 00:34:20-0500,59.984,308878
2026-09-25 00:34:30-0500,60.015,308878
2026-09-25 00:34:40-0500,60.014,308878
2026-09-25 00:34:50-0500,60.014,308878
2026-09-25 00:35:00-0500,60.014,308878
2026-09-25 00:35:10-0500,60.009,308878
2026-09-25 00:35:20-0500,60.007,308878
2026-09-25 00:35:30-0500,60.012,308878
2026-09-25 00:35:40-0500,60.012,308878
2026-09-25 00:35:50-0500,60.005,308878
2026-09-25 00:36:00-0500,59.997,308878
2026-09-25 00:36:10-0500,59.997,308878
2026-09-25 00:36:20-0500,59.997,308878
2026-09-25 00:36:30-0500,60.003,308878
2026-09-25 00:36:40-0500,60.005,308878
2026-09-25 00:36:50-0500,60.008,308878
2026-09-25 00:37:00-0500,60.017,308878
2026-09-25 00:37:10-0500,60.015,308878
2026-09-25 00:37:20-0500,60.014,308878
2026-09-25 00:37:30-0500,60.015,308878
2026-09-25 00:37:40-0500,60.013,308878
2026-09-25 00:37:50-0500,60.013,308878
2026-09-25 00:38:00-0500,60.009,308878
2026-09-25 00:38:10-0500,60.013,308878
2026-09-25 00:38:20-0500,60.011,308878
2026-09-25 00:38:30-0500,60.003,308878
2026-09-25 00:38:40-0500,60.004,308878
2026-09-25 00:38:50-0500,60.008,308878
2026-09-25 00:39:00-0500,60.013,308878
2026-09-25 00:39:10-0500,60.011,308878
2026-09-25 00:39:20-0500,60.005,308878
2026-09-25 00:39:30-0500,59.991,308709
2026-09-25 00:39:40-0500,59.992,308709
2026-09-25 00:39:50-0500,59.988,308539
2026-09-25 00:40:00-0500,59.99,308454
2026-09-25 00:40:10-0500,59.986,308454
2026-09-25 00:40:20-0500,59.993,308454
2026-09-25 00:40:30-0500,59.992,308454
2026-09-25 00:40:40-0500,59.982,308454
2026-09-25 00:40:50-0500,59.997,308454
2026-09-25 00:41:00-0500,59.99,308454
2026-09-25 00:41:10-0500,59.993,308454
2026-09-25 00:41:20-0500,59.994,308454
2026-09-25 00:41:30-0500,60.001,308454
2026-09-25 00:41:40-0500,59.998,308454
2026-09-25 00:41:50-0500,59.984,308454
2026-09-25 00:42:00-0500,59.99,308454
2026-09-25 00:42:10-0500,60.003,308454
2026-09-25 00:42:20-0500,60.008,308454
2026-09-25 00:42:30-0500,60.002,308454
2026-09-25 00:42:40-0500,59.988,308454
2026-09-25 00:42:50-0500,59.985,308454
2026-09-25 00:43:00-0500,59.99,308454
2026-09-25 00:43:10-0500,60.011,308454
2026-09-25 00:43:20-0500,60.003,308454
2026-09-25 00:43:30-0500,60.006,308454
2026-09-25 00:43:40-0500,60.016,308454
2026-09-25 00:43:50-0500,60.016,308454
2026-09-25 00:44:00-0500,60.005,308454
2026-09-25 00:44:10-0500,60.007,308454
2026-09-25 00:44:20-0500,60.01,308454
2026-09-25 00:44:30-0500,60.014,308454
2026-09-25 00:44:40-0500,60.016,308454
2026-09-25 00:44:50-0500,60.012,308454
2026-09-25 00:45:00-0500,60.009,308454
2026-09-25 00:45:10-0500,60.008,308454
2026-09-25 00:45:20-0500,60.013,308454
2026-09-25 00:45:30-0500,60.013,308454
2026-09-25 00:45:40-0500,60.011,308454
2026-09-25 00:45:50-0500,60.005,308454
2026-09-25 00:46:00-0500,60.002,308454
2026-09-25 00:46:10-0500,60.012,308454
2026-09-25 00:46:20-0500,60.015,307773
2026-09-25 00:46:30-0500,60.015,307773
2026-09-25 00:46:40-0500,60.014,307773
2026-09-25 00:46:50-0500,60.012,307773
2026-09-25 00:47:00-0500,60.012,307773
2026-09-25 00:47:10-0500,60.006,307773
2026-09-25 00:47:20-0500,60.007,307773
2026-09-25 00:47:30-0500,60.011,307773
2026-09-25 00:47:40-0500,60.012,307773
2026-09-25 00:47:50-0500,59.998,307773
2026-09-25 00:48:00-0500,59.984,307773
2026-09-25 00:48:10-0500,59.987,307773
2026-09-25 00:48:20-0500,59.996,307688
2026-09-25 00:48:30-0500,60.014,307603
2026-09-25 00:48:40-0500,60.013,307603
2026-09-25 00:48:50-0500,60.018,307518
2026-09-25 00:49:00-0500,60.016,307433
2026-09-25 00:49:10-0500,60.016,307433
2026-09-25 00:49:20-0500,60.016,307348
2026-09-25 00:49:30-0500,60.016,307348
2026-09-25 00:49:40-0500,60.016,307348
2026-09-25 00:49:50-0500,60.011,307348
2026-09-25 00:50:00-0500,60.004,307348
2026-09-25 00:50:10-0500,59.987,307348
2026-09-25 00:50:20-0500,59.996,307348
2026-09-25 00:50:30-0500,60.002,307348
2026-09-25 00:50:40-0500,59.997,307348
2026-09-25 00:50:50-0500,60.001,307348
2026-09-25 00:51:00-0500,60.004,307348
2026-09-25 00:51:10-0500,60.001,307348
2026-09-25 00:51:20-0500,60.007,307348
2026-09-25 00:51:30-0500,60.015,307348
2026-09-25 00:51:40-0500,60.014,307348
2026-09-25 00:51:50-0500,60.005,307348
2026-09-25 00:52:00-0500,59.999,307348
2026-09-25 00:52:10-0500,60.012,307348
2026-09-25 00:52:20-0500,60.014,307348
2026-09-25 00:52:30-0500,60.009,307348
2026-09-25 00:52:40-0500,59.994,307348
2026-09-25 00:52:50-0500,60.01,307348
2026-09-25 00:53:00-0500,60.007,307348
2026-09-25 00:53:10-0500,59.986,307348
2026-09-25 00:53:20-0500,59.99,307348
2026-09-25 00:53:30-0500,60.005,307348
2026-09-25 00:53:40-0500,60.011,307263
2026-09-25 00:53:50-0500,60.003,307009
2026-09-25 00:54:00-0500,59.997,306924
2026-09-25 00:54:10-0500,60.002,306924
2026-09-25 00:54:20-0500,60.014,306924
2026-09-25 00:54:30-0500,60.013,306924
2026-09-25 00:54:40-0500,60.013,306924
2026-09-25 00:54:50-0500,60.013,306924
2026-09-25 00:55:00-0500,60.012,306924
2026-09-25 00:55:10-0500,60,306924
2026-09-25 00:55:20-0500,60.003,306924
2026-09-25 00:55:30-0500,60.018,306924
2026-09-25 00:55:40-0500,60.02,306924
2026-09-25 00:55:50-0500,60.018,306924
2026-09-25 00:56:00-0500,60.018,306924
2026-09-25 00:56:10-0500,60.018,306924
2026-09-25 00:56:20-0500,60.017,306924
2026-09-25 00:56:30-0500,60.017,306924
2026-09-25 00:56:40-0500,60.017,306924
2026-09-25 00:56:50-0500,60.018,306924
2026-09-25 00:57:00-0500,60.016,306924
2026-09-25 00:57:10-0500,60.016,306924
2026-09-25 00:57:20-0500,60.016,306924
2026-09-25 00:57:30-0500,60.016,306924
2026-09-25 00:57:40-0500,60.016,306924
2026-09-25 00:57:50-0500,60.015,306924
2026-09-25 00:58:00-0500,60.015,306924
2026-09-25 00:58:10-0500,60.01,306924
2026-09-25 00:58:20-0500,60.01,306924
2026-09-25 00:58:30-0500,60.006,306924
2026-09-25 00:58:40-0500,60.005,306924
2026-09-25 00:58:50-0500,60.015,306924
2026-09-25 00:59:00-0500,60.014,306924
2026-09-25 00:59:10-0500,60.016,306924
2026-09-25 00:59:20-0500,60.014,306924
2026-09-25 00:59:30-0500,60.015,306924
2026-09-25 00:59:40-0500,60.012,306924
2026-09-25 00:59:50-0500,60.012,306924
2026-09-25 01:00:00-0500,60.014,306924
2026-09-25 01:00:10-0500,60.002,306924
2026-09-25 01:00:20-0500,60.01,306924
2026-09-25 01:00:30-0500,60.015,306924
2026-09-25 01:00:40-0500,60.014,306957
2026-09-25 01:00:50-0500,60.017,306957
2026-09-25 01:01:00-0500,60.018,306957
2026-09-25 01:01:10-0500,60.014,306957
2026-09-25 01:01:20-0500,60.016,306957
2026-09-25 01:01:30-0500,60.015,306957
2026-09-25 01:01:40-0500,60.01,306957
2026-09-25 01:01:50-0500,60.009,306957
2026-09-25 01:02:00-0500,60.013,306957
2026-09-25 01:02:10-0500,60.011,306957
2026-09-25 01:02:20-0500,60.009,306957
2026-09-25 01:02:30-0500,60.001,306957
2026-09-25 01:02:40-0500,59.999,306957
2026-09-25 01:02:50-0500,60.003,306957
2026-09-25 01:03:00-0500,60.014,306957
2026-09-25 01:03:10-0500,60.013,306957
2026-09-25 01:03:20-0500,60.011,306957
2026-09-25 01:03:30-0500,59.988,306957
2026-09-25 01:03:40-0500,59.985,306957
2026-09-25 01:03:50-0500,59.983,306957
2026-09-25 01:04:00-0500,59.984,306957
2026-09-25 01:04:10-0500,59.983,306957
2026-09-25 01:04:20-0500,59.984,306957
2026-09-25 01:04:30-0500,59.989,306957
2026-09-25 01:04:40-0500,59.993,306957
2026-09-25 01:04:50-0500,60.013,306957
2026-09-25 01:05:00-0500,60.013,306957
2026-09-25 01:05:10-0500,60.012,306957
2026-09-25 01:05:20-0500,60.012,306957
2026-09-25 01:05:30-0500,60.008,306957
2026-09-25 01:05:40-0500,59.999,306957
2026-09-25 01:05:50-0500,59.992,306957
2026-09-25 01:06:00-0500,59.997,306957
2026-09-25 01:06:10-0500,59.989,306957
2026-09-25 01:06:20-0500,59.998,306957
2026-09-25 01:06:30-0500,59.996,306957
2026-09-25 01:06:40-0500,60.001,306957
2026-09-25 01:06:50-0500,60.008,306957
2026-09-25 01:07:00-0500,60.012,306957
2026-09-25 01:07:10-0500,60.003,306957
2026-09-25 01:07:20-0500,60.008,306957
2026-09-25 01:07:30-0500,60.015,306957
2026-09-25 01:07:40-0500,60.013,306957
2026-09-25 01:07:50-0500,60.006,306957
2026-09-25 01:08:00-0500,59.995,306957
2026-09-25 01:08:10-0500,59.992,306957
2026-09-25 01:08:20-0500,60.004,306957
2026-09-25 01:08:30-0500,60.012,306957
2026-09-25 01:08:40-0500,60.012,306957
2026-09-25 01:08:50-0500,60.016,306957
2026-09-25 01:09:00-0500,60.014,306957
2026-09-25 01:09:10-0500,60.008,306877
2026-09-25 01:09:20-0500,60.007,306877
2026-09-25 01:09:30-0500,60.014,306877
2026-09-25 01:09:40-0500,60.012,306877
2026-09-25 01:09:50-0500,60.002,306877
2026-09-25 01:10:00-0500,59.996,306877
2026-09-25 01:10:10-0500,59.985,306877
2026-09-25 01:10:20-0500,59.983,306877
2026-09-25 01:10:30-0500,59.989,306877
2026-09-25 01:10:40-0500,59.988,306877
2026-09-25 01:10:50-0500,60.005,306877
2026-09-25 01:11:00-0500,60.017,306877
2026-09-25 01:11:10-0500,60.015,306877
2026-09-25 01:11:20-0500,60.014,306877
2026-09-25 01:11:30-0500,60.015,306877
2026-09-25 01:11:40-0500,60.012,306877
2026-09-25 01:11:50-0500,60.013,306877
2026-09-25 01:12:00-0500,60.015,306877
2026-09-25 01:12:10-0500,60.017,306877
2026-09-25 01:12:20-0500,60.017,306877
2026-09-25 01:12:30-0500,60.016,307718
2026-09-25 01:12:40-0500,60.016,307718
2026-09-25 01:12:50-0500,60.014,307718
2026-09-25 01:13:00-0500,60.014,307718
2026-09-25 01:13:10-0500,60.012,307718
2026-09-25 01:13:20-0500,60.016,307718
2026-09-25 01:13:30-0500,60.01,307718
2026-09-25 01:13:40-0500,60.009,307718
2026-09-25 01:13:50-0500,60.01,307718
2026-09-25 01:14:00-0500,60.005,307718
2026-09-25 01:14:10-0500,60.006,307718
2026-09-25 01:14:20-0500,60.008,307718
2026-09-25 01:14:30-0500,60.011,307718
2026-09-25 01:14:40-0500,60.007,307718
2026-09-25 01:14:50-0500,59.999,307718
2026-09-25 01:15:00-0500,59.988,307718
2026-09-25 01:15:10-0500,60,306877
2026-09-25 01:15:20-0500,59.987,306877
2026-09-25 01:15:30-0500,60.016,307718
2026-09-25 01:15:40-0500,60.014,307718
2026-09-25 01:15:50-0500,60.013,307718
2026-09-25 01:16:00-0500,60.014,307718
2026-09-25 01:16:10-0500,60.001,306877
2026-09-25 01:16:20-0500,59.992,306201
2026-09-25 01:16:30-0500,59.985,306201
2026-09-25 01:16:40-0500,59.988,307042
2026-09-25 01:16:50-0500,60.01,307042
2026-09-25 01:17:00-0500,60.009,307042
2026-09-25 01:17:10-0500,60.01,307042
2026-09-25 01:17:20-0500,60.013,307042
2026-09-25 01:17:30-0500,60.011,307042
2026-09-25 01:17:40-0500,59.994,307042
2026-09-25 01:17:50-0500,59.988,307042
2026-09-25 01:18:00-0500,60.003,307042
2026-09-25 01:18:10-0500,60.008,307042
2026-09-25 01:18:20-0500,59.992,307042
2026-09-25 01:18:30-0500,59.985,307042
2026-09-25 01:18:40-0500,59.997,307042
2026-09-25 01:18:50-0500,59.999,307042
2026-09-25 01:19:00-0500,59.994,307042
2026-09-25 01:19:10-0500,59.986,307042
2026-09-25 01:19:20-0500,59.995,307042
2026-09-25 01:19:30-0500,59.998,307042
2026-09-25 01:19:40-0500,59.994,307042
2026-09-25 01:19:50-0500,60,307042
2026-09-25 01:20:00-0500,60.007,307042
2026-09-25 01:20:10-0500,59.997,307042
2026-09-25 01:20:20-0500,59.997,307042
2026-09-25 01:20:30-0500,60.007,307042
2026-09-25 01:20:40-0500,60.015,307042
2026-09-25 01:20:50-0500,60.015,307042
2026-09-25 01:21:00-0500,60.015,307042
2026-09-25 01:21:10-0500,60.012,307042
2026-09-25 01:21:20-0500,60,307042
2026-09-25 01:21:30-0500,60.011,307042
2026-09-25 01:21:40-0500,60.014,307042
2026-09-25 01:21:50-0500,60.013,307042
2026-09-25 01:22:00-0500,60.014,307042
2026-09-25 01:22:10-0500,60.008,307042
2026-09-25 01:22:20-0500,59.997,307042
2026-09-25 01:22:30-0500,59.985,307042
2026-09-25 01:22:40-0500,59.988,307042
2026-09-25 01:22:50-0500,59.986,307042
2026-09-25 01:23:00-0500,59.987,307042
2026-09-25 01:23:10-0500,59.995,307042
2026-09-25 01:23:20-0500,60.011,307042
2026-09-25 01:23:30-0500,60.013,307042
2026-09-25 01:23:40-0500,60.011,307042
2026-09-25 01:23:50-0500,60.013,307042
2026-09-25 01:24:00-0500,60.013,307042
2026-09-25 01:24:10-0500,60.006,307042
2026-09-25 01:24:20-0500,59.999,307042
2026-09-25 01:24:30-0500,60.015,307042
2026-09-25 01:24:40-0500,60.016,307042
2026-09-25 01:24:50-0500,60.014,307042
2026-09-25 01:25:00-0500,60.016,307042
2026-09-25 01:25:10-0500,60.015,307042
2026-09-25 01:25:20-0500,60.014,307042
2026-09-25 01:25:30-0500,60.016,307042
2026-09-25 01:25:40-0500,60.01,307042
2026-09-25 01:25:50-0500,59.999,307042
2026-09-25 01:26:00-0500,59.994,307042
2026-09-25 01:26:10-0500,59.992,307042
2026-09-25 01:26:20-0500,59.996,307042
2026-09-25 01:26:30-0500,60.008,307042
2026-09-25 01:26:40-0500,60.013,307042
2026-09-25 01:26:50-0500,60.011,307042
2026-09-25 01:27:00-0500,60.005,307042
2026-09-25 01:27:10-0500,59.998,307042
2026-09-25 01:27:20-0500,60.015,307042
2026-09-25 01:27:30-0500,60.015,307042
2026-09-25 01:27:40-0500,60.016,307042
2026-09-25 01:27:50-0500,60.015,307042
2026-09-25 01:28:00-0500,60.011,307042
2026-09-25 01:28:10-0500,60.001,307042
2026-09-25 01:28:20-0500,60.011,307042
2026-09-25 01:28:30-0500,60.015,307042
2026-09-25 01:28:40-0500,60.011,307042
2026-09-25 01:28:50-0500,60.011,307042
2026-09-25 01:29:00-0500,60.012,307042
2026-09-25 01:29:10-0500,60.014,307042
2026-09-25 01:29:20-0500,60.016,307042
2026-09-25 01:29:30-0500,60.009,307042
2026-09-25 01:29:40-0500,60.004,307042
2026-09-25 01:29:50-0500,60.015,307042
2026-09-25 01:30:00-0500,60.016,307042
2026-09-25 01:30:10-0500,60.013,307042
2026-09-25 01:30:20-0500,60.006,307028
2026-09-25 01:30:30-0500,60.016,307014
2026-09-25 01:30:40-0500,60.015,307014
2026-09-25 01:30:50-0500,60.003,307014
2026-09-25 01:31:00-0500,59.997,307014
2026-09-25 01:31:10-0500,60.013,307014
2026-09-25 01:31:20-0500,60.014,307014
2026-09-25 01:31:30-0500,60.017,307014
2026-09-25 01:31:40-0500,60.01,307014
2026-09-25 01:31:50-0500,60.011,307014
2026-09-25 01:32:00-0500,60.01,307014
2026-09-25 01:32:10-0500,60,307014
2026-09-25 01:32:20-0500,60.004,307014
2026-09-25 01:32:30-0500,60.002,307014
2026-09-25 01:32:40-0500,60.005,307014
2026-09-25 01:32:50-0500,59.987,307014
2026-09-25 01:33:00-0500,59.99,307028
2026-09-25 01:33:10-0500,59.991,307028
2026-09-25 01:33:20-0500,59.99,307028
2026-09-25 01:33:30-0500,59.986,307028
2026-09-25 01:33:40-0500,59.994,307028
2026-09-25 01:33:50-0500,60.015,307028
2026-09-25 01:34:00-0500,60.014,307014
2026-09-25 01:34:10-0500,60.011,307014
2026-09-25 01:34:20-0500,59.989,307014
2026-09-25 01:34:30-0500,59.991,307014
2026-09-25 01:34:40-0500,60.002,307014
2026-09-25 01:34:50-0500,60.014,307014
2026-09-25 01:35:00-0500,60.014,307014
2026-09-25 01:35:10-0500,60.014,307014
2026-09-25 01:35:20-0500,60.012,307014
2026-09-25 01:35:30-0500,60.01,307014
2026-09-25 01:35:40-0500,60.002,307014
2026-09-25 01:35:50-0500,59.996,307014
2026-09-25 01:36:00-0500,60.007,307014
2026-09-25 01:36:10-0500,59.992,307014
2026-09-25 01:36:20-0500,59.982,307014
2026-09-25 01:36:30-0500,59.984,307014
2026-09-25 01:36:40-0500,59.989,307014
2026-09-25 01:36:50-0500,59.988,307014
2026-09-25 01:37:00-0500,59.997,307014
2026-09-25 01:37:10-0500,60.011,307028
2026-09-25 01:37:20-0500,60.015,307028
2026-09-25 01:37:30-0500,60.008,307028
2026-09-25 01:37:40-0500,59.997,307028
2026-09-25 01:37:50-0500,59.994,307028
2026-09-25 01:38:00-0500,59.998,307014
2026-09-25 01:38:10-0500,60.013,307014
2026-09-25 01:38:20-0500,60.013,307014
2026-09-25 01:38:30-0500,60.012,307014
2026-09-25 01:38:40-0500,60.013,307014
2026-09-25 01:38:50-0500,60.011,307014
2026-09-25 01:39:00-0500,60.014,307014
2026-09-25 01:39:10-0500,60.013,307014
2026-09-25 01:39:20-0500,60.009,307014
2026-09-25 01:39:30-0500,60.014,307014
2026-09-25 01:39:40-0500,60.015,307014
2026-09-25 01:39:50-0500,60.017,307014
2026-09-25 01:40:00-0500,60.017,307014
2026-09-25 01:40:10-0500,60.01,307028
2026-09-25 01:40:20-0500,60.012,307028
2026-09-25 01:40:30-0500,60.014,307028
2026-09-25 01:40:40-0500,60.012,307028
2026-09-25 01:40:50-0500,59.984,307028
2026-09-25 01:41:00-0500,59.997,307028
2026-09-25 01:41:10-0500,60.006,307014
2026-09-25 01:41:20-0500,60.012,307014
2026-09-25 01:41:30-0500,60.011,307014
2026-09-25 01:41:40-0500,60.002,307014
2026-09-25 01:41:50-0500,60.005,307014
2026-09-25 01:42:00-0500,60.005,307014
2026-09-25 01:42:10-0500,60.003,307028
2026-09-25 01:42:20-0500,60.007,307028
2026-09-25 01:42:30-0500,60.015,307028
2026-09-25 01:42:40-0500,60.013,307028
2026-09-25 01:42:50-0500,60.01,307028
2026-09-25 01:43:00-0500,60.012,307028
2026-09-25 01:43:10-0500,60.014,307028
2026-09-25 01:43:20-0500,60.014,307028
2026-09-25 01:43:30-0500,60.014,307028
2026-09-25 01:43:40-0500,60.016,307028
2026-09-25 01:43:50-0500,60.014,307028
2026-09-25 01:44:00-0500,60.014,307028
2026-09-25 01:44:10-0500,60.01,307028
2026-09-25 01:44:20-0500,60.009,307028
2026-09-25 01:44:30-0500,60.002,307028
2026-09-25 01:44:40-0500,59.998,307028
2026-09-25 01:44:50-0500,60.001,307028
2026-09-25 01:45:00-0500,60.003,307014
2026-09-25 01:45:10-0500,59.989,307014
2026-09-25 01:45:20-0500,59.989,307014
2026-09-25 01:45:30-0500,59.989,307014
2026-09-25 01:45:40-0500,59.987,307014
2026-09-25 01:45:50-0500,59.996,307014
2026-09-25 01:46:00-0500,60.008,307014
2026-09-25 01:46:10-0500,60.011,307014
2026-09-25 01:46:20-0500,60.014,307014
2026-09-25 01:46:30-0500,60.003,307014
2026-09-25 01:46:40-0500,59.993,307014
2026-09-25 01:46:50-0500,59.996,307014
2026-09-25 01:47:00-0500,59.999,307014
2026-09-25 01:47:10-0500,60.009,307014
2026-09-25 01:47:20-0500,60.01,307014
2026-09-25 01:47:30-0500,60.01,307014
2026-09-25 01:47:40-0500,60.014,307014
2026-09-25 01:47:50-0500,60.014,307014
2026-09-25 01:48:00-0500,60.013,307014
2026-09-25 01:48:10-0500,60.011,307014
2026-09-25 01:48:20-0500,60.009,307014
2026-09-25 01:48:30-0500,60.015,307014
2026-09-25 01:48:40-0500,60.014,307014
2026-09-25 01:48:50-0500,60.013,307014
2026-09-25 01:49:00-0500,60.011,307014
2026-09-25 01:49:10-0500,60.004,307014
2026-09-25 01:49:20-0500,59.994,307014
2026-09-25 01:49:30-0500,59.988,307014
2026-09-25 01:49:40-0500,59.99,306997
2026-09-25 01:49:50-0500,59.991,306997
2026-09-25 01:50:00-0500,59.989,306997
2026-09-25 01:50:10-0500,59.987,307011
2026-09-25 01:50:20-0500,59.988,307011
2026-09-25 01:50:30-0500,60.002,307011
2026-09-25 01:50:40-0500,60.011,307011
2026-09-25 01:50:50-0500,60.013,306926
2026-09-25 01:51:00-0500,60.013,306926
2026-09-25 01:51:10-0500,60.005,306912
2026-09-25 01:51:20-0500,59.984,306912
2026-09-25 01:51:30-0500,59.983,306912
2026-09-25 01:51:40-0500,59.987,306912
2026-09-25 01:51:50-0500,59.989,306912
2026-09-25 01:52:00-0500,59.992,306926
2026-09-25 01:52:10-0500,60.002,306926
2026-09-25 01:52:20-0500,60.011,306926
2026-09-25 01:52:30-0500,60.014,306926
2026-09-25 01:52:40-0500,60.014,306926
2026-09-25 01:52:50-0500,60.013,306926
2026-09-25 01:53:00-0500,60.01,306926
2026-09-25 01:53:10-0500,60.003,306926
2026-09-25 01:53:20-0500,59.99,306926
2026-09-25 01:53:30-0500,59.989,306926
2026-09-25 01:53:40-0500,59.992,306926
2026-09-25 01:53:50-0500,59.996,306926
2026-09-25 01:54:00-0500,59.994,306912
2026-09-25 01:54:10-0500,59.99,306912
2026-09-25 01:54:20-0500,60,306912
2026-09-25 01:54:30-0500,59.989,306912
2026-09-25 01:54:40-0500,59.985,306912
2026-09-25 01:54:50-0500,59.988,306912
2026-09-25 01:55:00-0500,59.997,306912
2026-09-25 01:55:10-0500,60.002,306912
2026-09-25 01:55:20-0500,59.988,306912
2026-09-25 01:55:30-0500,59.989,306912
2026-09-25 01:55:40-0500,60.002,306912
2026-09-25 01:55:50-0500,60.013,306912
2026-09-25 01:56:00-0500,60.006,306926
2026-09-25 01:56:10-0500,60.009,306926
2026-09-25 01:56:20-0500,60.014,306926
2026-09-25 01:56:30-0500,60.015,306926
2026-09-25 01:56:40-0500,60.014,306926
2026-09-25 01:56:50-0500,60.016,306926
2026-09-25 01:57:00-0500,60.013,306912
2026-09-25 01:57:10-0500,60.009,306912
2026-09-25 01:57:20-0500,60.012,306912
2026-09-25 01:57:30-0500,60.013,306912
2026-09-25 01:57:40-0500,60.014,306912
2026-09-25 01:57:50-0500,60.008,306912
2026-09-25 01:58:00-0500,59.999,306912
2026-09-25 01:58:10-0500,60.009,306847
2026-09-25 01:58:20-0500,60.013,306847
2026-09-25 01:58:30-0500,60.003,306847
2026-09-25 01:58:40-0500,59.99,306847
2026-09-25 01:58:50-0500,59.998,306847
2026-09-25 01:59:00-0500,60.009,306860
2026-09-25 01:59:10-0500,60.011,306860
2026-09-25 01:59:20-0500,60.014,306860
2026-09-25 01:59:30-0500,60.011,306860
2026-09-25 01:59:40-0500,60.013,306781
2026-09-25 01:59:50-0500,59.993,306781
2026-09-25 02:00:00-0500,59.987,306767
2026-09-25 02:00:10-0500,59.984,306767
2026-09-25 02:00:20-0500,59.985,306767
2026-09-25 02:00:30-0500,59.988,306767
2026-09-25 02:00:40-0500,59.996,306767
2026-09-25 02:00:50-0500,59.988,306767
2026-09-25 02:01:00-0500,59.984,306684
2026-09-25 02:01:10-0500,59.985,306684
2026-09-25 02:01:20-0500,59.997,306684
2026-09-25 02:01:30-0500,60.014,306684
2026-09-25 02:01:40-0500,60.016,306684
2026-09-25 02:01:50-0500,60.01,306684
2026-09-25 02:02:00-0500,60.001,306697
2026-09-25 02:02:10-0500,60.013,306697
2026-09-25 02:02:20-0500,60.012,306697
2026-09-25 02:02:30-0500,60.011,306697
2026-09-25 02:02:40-0500,60.009,306697
2026-09-25 02:02:50-0500,60.009,306697
2026-09-25 02:03:00-0500,60.004,306697
2026-09-25 02:03:10-0500,60,306684
2026-09-25 02:03:20-0500,59.997,306684
2026-09-25 02:03:30-0500,60.011,306684
2026-09-25 02:03:40-0500,60.013,306684
2026-09-25 02:03:50-0500,60.012,306684
2026-09-25 02:04:00-0500,60.012,306684
2026-09-25 02:04:10-0500,60,306684
2026-09-25 02:04:20-0500,60.004,306684
2026-09-25 02:04:30-0500,59.994,306684
2026-09-25 02:04:40-0500,59.987,306684
2026-09-25 02:04:50-0500,59.992,306684
2026-09-25 02:05:00-0500,60.007,306684
2026-09-25 02:05:10-0500,59.992,306684
2026-09-25 02:05:20-0500,59.985,306684
2026-09-25 02:05:30-0500,59.985,306684
2026-09-25 02:05:40-0500,59.988,306600
2026-09-25 02:05:50-0500,60.014,306600
2026-09-25 02:06:00-0500,60.016,306600
2026-09-25 02:06:10-0500,60.014,306600
2026-09-25 02:06:20-0500,60.014,306528
2026-09-25 02:06:30-0500,60.011,306528
2026-09-25 02:06:40-0500,60.012,306528
2026-09-25 02:06:50-0500,60.013,306528
2026-09-25 02:07:00-0500,60.006,306528
2026-09-25 02:07:10-0500,60.004,306528
2026-09-25 02:07:20-0500,60.001,306528
2026-09-25 02:07:30-0500,59.985,306541
2026-09-25 02:07:40-0500,59.987,306541
2026-09-25 02:07:50-0500,59.989,306541
2026-09-25 02:08:00-0500,59.996,306555
2026-09-25 02:08:10-0500,59.988,306555
2026-09-25 02:08:20-0500,59.992,306555
2026-09-25 02:08:30-0500,59.995,306555
2026-09-25 02:08:40-0500,60.003,306555
2026-09-25 02:08:50-0500,60.012,306555
2026-09-25 02:09:00-0500,60.011,306555
2026-09-25 02:09:10-0500,60.005,306555
2026-09-25 02:09:20-0500,60.008,306555
2026-09-25 02:09:30-0500,60.013,306555
2026-09-25 02:09:40-0500,60.014,306550
2026-09-25 02:09:50-0500,60.008,306550
2026-09-25 02:10:00-0500,60.012,306550
2026-09-25 02:10:10-0500,60.015,306550
2026-09-25 02:10:20-0500,60.015,306550
2026-09-25 02:10:30-0500,60.013,306550
2026-09-25 02:10:40-0500,59.987,306550
2026-09-25 02:10:50-0500,59.984,306469
2026-09-25 02:11:00-0500,59.985,306315
2026-09-25 02:11:10-0500,59.986,306222
2026-09-25 02:11:20-0500,59.986,306222
2026-09-25 02:11:30-0500,60.003,306222
2026-09-25 02:11:40-0500,60.01,306222
2026-09-25 02:11:50-0500,59.998,306222
2026-09-25 02:12:00-0500,60.008,306222
2026-09-25 02:12:10-0500,60.014,306222
2026-09-25 02:12:20-0500,60.016,306222
2026-09-25 02:12:30-0500,60.015,306222
2026-09-25 02:12:40-0500,60.018,306222
2026-09-25 02:12:50-0500,60.01,306222
2026-09-25 02:13:00-0500,60.008,306222
2026-09-25 02:13:10-0500,60.016,306222
2026-09-25 02:13:20-0500,60.017,306222
2026-09-25 02:13:30-0500,60.015,306222
2026-09-25 02:13:40-0500,60.015,306222
2026-09-25 02:13:50-0500,60.018,306222
2026-09-25 02:14:00-0500,60.016,306222
2026-09-25 02:14:10-0500,60.015,306222
2026-09-25 02:14:20-0500,60.014,306222
2026-09-25 02:14:30-0500,60.015,306222
2026-09-25 02:14:40-0500,60.007,306222
2026-09-25 02:14:50-0500,60.014,306222
2026-09-25 02:15:00-0500,60.011,306222
2026-09-25 02:15:10-0500,60.008,306222
2026-09-25 02:15:20-0500,60.008,306150
2026-09-25 02:15:30-0500,59.994,306150
2026-09-25 02:15:40-0500,59.986,306150
2026-09-25 02:15:50-0500,59.989,306150
2026-09-25 02:16:00-0500,59.994,306150
2026-09-25 02:16:10-0500,59.999,306150
2026-09-25 02:16:20-0500,59.987,306150
2026-09-25 02:16:30-0500,59.985,306150
2026-09-25 02:16:40-0500,59.989,306150
2026-09-25 02:16:50-0500,59.984,306150
2026-09-25 02:17:00-0500,59.991,306150
2026-09-25 02:17:10-0500,60.008,306150
2026-09-25 02:17:20-0500,60.014,306150
2026-09-25 02:17:30-0500,60.013,306150
2026-09-25 02:17:40-0500,60.009,306150
2026-09-25 02:17:50-0500,59.997,306150
2026-09-25 02:18:00-0500,59.999,306150
2026-09-25 02:18:10-0500,60.012,306150
2026-09-25 02:18:20-0500,60.012,306150
2026-09-25 02:18:30-0500,60.009,306150
2026-09-25 02:18:40-0500,60.011,306150
2026-09-25 02:18:50-0500,60.01,306150
2026-09-25 02:19:00-0500,60.01,306150
2026-09-25 02:19:10-0500,60.006,306150
2026-09-25 02:19:20-0500,60.015,306150
2026-09-25 02:19:30-0500,60.013,306150
2026-09-25 02:19:40-0500,60.005,306150
2026-09-25 02:19:50-0500,60.016,306150
2026-09-25 02:20:00-0500,60.015,306150
2026-09-25 02:20:10-0500,59.999,306150
2026-09-25 02:20:20-0500,60,306150
2026-09-25 02:20:30-0500,60.013,306150
2026-09-25 02:20:40-0500,60.01,306150
2026-09-25 02:20:50-0500,59.993,306150
2026-09-25 02:21:00-0500,60.004,306150
2026-09-25 02:21:10-0500,60.013,306150
2026-09-25 02:21:20-0500,60.011,306150
2026-09-25 02:21:30-0500,60.003,306150
2026-09-25 02:21:40-0500,59.986,306150
2026-09-25 02:21:50-0500,59.985,306150
2026-09-25 02:22:00-0500,59.985,306150
2026-09-25 02:22:10-0500,59.988,306150
2026-09-25 02:22:20-0500,59.996,306150
2026-09-25 02:22:30-0500,60.015,306150
2026-09-25 02:22:40-0500,60.015,306150
2026-09-25 02:22:50-0500,60.007,306150
2026-09-25 02:23:00-0500,60.007,306150
2026-09-25 02:23:10-0500,60.012,306150
2026-09-25 02:23:20-0500,60.013,306150
2026-09-25 02:23:30-0500,60.008,306150
2026-09-25 02:23:40-0500,60.002,306150
2026-09-25 02:23:50-0500,60.017,306150
2026-09-25 02:24:00-0500,60.015,306150
2026-09-25 02:24:10-0500,60.015,306150
2026-09-25 02:24:20-0500,60.016,306150
2026-09-25 02:24:30-0500,60.015,306150
2026-09-25 02:24:40-0500,60.011,306150
2026-09-25 02:24:50-0500,60.013,306150
2026-09-25 02:25:00-0500,60.015,306150
2026-09-25 02:25:10-0500,60.011,306150
2026-09-25 02:25:20-0500,60.018,306150
2026-09-25 02:25:30-0500,59.995,306150
2026-09-25 02:25:40-0500,59.986,306150
2026-09-25 02:25:50-0500,60.001,306150
2026-09-25 02:26:00-0500,60.011,306150
2026-09-25 02:26:10-0500,60.013,306150
2026-09-25 02:26:20-0500,60.012,306150
2026-09-25 02:26:30-0500,60.014,306150
2026-09-25 02:26:40-0500,60.008,306150
2026-09-25 02:26:50-0500,60.014,306150
2026-09-25 02:27:00-0500,60.016,306150
2026-09-25 02:27:10-0500,60.015,306150
2026-09-25 02:27:20-0500,60.014,306150
2026-09-25 02:27:30-0500,60.015,306150
2026-09-25 02:27:40-0500,60.015,306150
2026-09-25 02:27:50-0500,60.015,306150
2026-09-25 02:28:00-0500,60.015,306150
2026-09-25 02:28:10-0500,60.015,306150
2026-09-25 02:28:20-0500,60.016,306150
2026-09-25 02:28:30-0500,60.016,306150
2026-09-25 02:28:40-0500,60.017,306150
2026-09-25 02:28:50-0500,60.015,306150
2026-09-25 02:29:00-0500,60.015,306136
2026-09-25 02:29:10-0500,60.016,306136
2026-09-25 02:29:20-0500,60.015,306136
2026-09-25 02:29:30-0500,60.015,306136
2026-09-25 02:29:40-0500,60.015,306136
2026-09-25 02:29:50-0500,60.015,306136
2026-09-25 02:30:00-0500,60.016,306136
2026-09-25 02:30:10-0500,60.008,306136
2026-09-25 02:30:20-0500,60.013,306136
2026-09-25 02:30:30-0500,60.014,306150
2026-09-25 02:30:40-0500,60.016,306150
2026-09-25 02:30:50-0500,60.009,306150
2026-09-25 02:31:00-0500,60.014,306150
2026-09-25 02:31:10-0500,60.015,306150
2026-09-25 02:31:20-0500,60.003,306150
2026-09-25 02:31:30-0500,59.986,306150
2026-09-25 02:31:40-0500,59.985,306150
2026-09-25 02:31:50-0500,59.997,306066
2026-09-25 02:32:00-0500,60.013,306066
2026-09-25 02:32:10-0500,60.002,306066
2026-09-25 02:32:20-0500,60.014,306066
2026-09-25 02:32:30-0500,60.011,306066
2026-09-25 02:32:40-0500,60.004,306066
2026-09-25 02:32:50-0500,59.993,306066
2026-09-25 02:33:00-0500,60.001,305982
2026-09-25 02:33:10-0500,60.011,305982
2026-09-25 02:33:20-0500,60.011,305982
2026-09-25 02:33:30-0500,60.014,305982
2026-09-25 02:33:40-0500,60.013,305982
2026-09-25 02:33:50-0500,60.015,305982
2026-09-25 02:34:00-0500,60.015,305898
2026-09-25 02:34:10-0500,60.013,305884
2026-09-25 02:34:20-0500,60.005,305884
2026-09-25 02:34:30-0500,60.016,305884
2026-09-25 02:34:40-0500,60.014,305884
2026-09-25 02:34:50-0500,60.013,305884
2026-09-25 02:35:00-0500,60.014,305884
2026-09-25 02:35:10-0500,60.012,305884
2026-09-25 02:35:20-0500,60.011,305884
2026-09-25 02:35:30-0500,60.015,305884
2026-09-25 02:35:40-0500,60.01,305884
2026-09-25 02:35:50-0500,60.014,305884
2026-09-25 02:36:00-0500,60.01,305884
2026-09-25 02:36:10-0500,59.982,305898
2026-09-25 02:36:20-0500,59.982,305898
2026-09-25 02:36:30-0500,59.983,305898
2026-09-25 02:36:40-0500,59.982,305898
2026-09-25 02:36:50-0500,59.985,305898
2026-09-25 02:37:00-0500,59.988,305898
2026-09-25 02:37:10-0500,59.991,305884
2026-09-25 02:37:20-0500,59.99,305884
2026-09-25 02:37:30-0500,59.991,305884
2026-09-25 02:37:40-0500,59.997,305884
2026-09-25 02:37:50-0500,60.009,305884
2026-09-25 02:38:00-0500,60.008,305884
2026-09-25 02:38:10-0500,60.009,305898
2026-09-25 02:38:20-0500,60.017,305898
2026-09-25 02:38:30-0500,60.015,305898
2026-09-25 02:38:40-0500,60.017,305898
2026-09-25 02:38:50-0500,60.016,305898
2026-09-25 02:39:00-0500,60.016,305898
2026-09-25 02:39:10-0500,60.014,305898
2026-09-25 02:39:20-0500,60.013,305898
2026-09-25 02:39:30-0500,60.013,305898
2026-09-25 02:39:40-0500,60.012,305898
2026-09-25 02:39:50-0500,60.011,305898
2026-09-25 02:40:00-0500,60.003,305884
2026-09-25 02:40:10-0500,59.987,305884
2026-09-25 02:40:20-0500,59.996,305884
2026-09-25 02:40:30-0500,60.011,305884
2026-09-25 02:40:40-0500,60.003,305884
2026-09-25 02:40:50-0500,60.011,305884
2026-09-25 02:41:00-0500,60.009,305884
2026-09-25 02:41:10-0500,60.008,305898
2026-09-25 02:41:20-0500,59.99,305898
2026-09-25 02:41:30-0500,59.986,305898
2026-09-25 02:41:40-0500,59.985,305898
2026-09-25 02:41:50-0500,60.007,305898
2026-09-25 02:42:00-0500,60.01,305898
2026-09-25 02:42:10-0500,60.011,305898
2026-09-25 02:42:20-0500,60.007,305898
2026-09-25 02:42:30-0500,59.991,305898
2026-09-25 02:42:40-0500,59.998,305898
2026-09-25 02:42:50-0500,60.009,305898
2026-09-25 02:43:00-0500,60.012,305898
2026-09-25 02:43:10-0500,60.01,305898
2026-09-25 02:43:20-0500,60.004,305898
2026-09-25 02:43:30-0500,60.004,305898
2026-09-25 02:43:40-0500,60.008,305898
2026-09-25 02:43:50-0500,60.009,305898
2026-09-25 02:44:00-0500,60.006,305898
2026-09-25 02:44:10-0500,60.011,305884
2026-09-25 02:44:20-0500,60.011,305832
2026-09-25 02:44:30-0500,60.015,305832
2026-09-25 02:44:40-0500,60.011,305832
2026-09-25 02:44:50-0500,60.014,305832
2026-09-25 02:45:00-0500,60.01,305832
2026-09-25 02:45:10-0500,59.982,305846
2026-09-25 02:45:20-0500,59.985,305846
2026-09-25 02:45:30-0500,59.986,305846
2026-09-25 02:45:40-0500,59.99,305846
2026-09-25 02:45:50-0500,59.995,305846
2026-09-25 02:46:00-0500,59.992,305846
2026-09-25 02:46:10-0500,59.996,305846
2026-09-25 02:46:20-0500,60,305846
2026-09-25 02:46:30-0500,60.003,305846
2026-09-25 02:46:40-0500,60.001,305846
2026-09-25 02:46:50-0500,60.005,305846
2026-09-25 02:47:00-0500,60.014,305846
2026-09-25 02:47:10-0500,60.012,305832
2026-09-25 02:47:20-0500,60.007,305832
2026-09-25 02:47:30-0500,60.007,305832
2026-09-25 02:47:40-0500,60.009,305832
2026-09-25 02:47:50-0500,60.014,305832
2026-09-25 02:48:00-0500,60.011,305832
2026-09-25 02:48:10-0500,60.003,305832
2026-09-25 02:48:20-0500,60.004,305832
2026-09-25 02:48:30-0500,59.987,305832
2026-09-25 02:48:40-0500,59.993,305832
2026-09-25 02:48:50-0500,60.006,305832
2026-09-25 02:49:00-0500,60.011,305832
2026-09-25 02:49:10-0500,60.007,305832
2026-09-25 02:49:20-0500,60.003,305832
2026-09-25 02:49:30-0500,60.004,305832
2026-09-25 02:49:40-0500,60,305832
2026-09-25 02:49:50-0500,60.007,305832
2026-09-25 02:50:00-0500,60.007,305832
2026-09-25 02:50:10-0500,60.002,305832
2026-09-25 02:50:20-0500,59.995,305832
2026-09-25 02:50:30-0500,59.986,305832
2026-09-25 02:50:40-0500,59.986,305832
2026-09-25 02:50:50-0500,59.987,305753
2026-09-25 02:51:00-0500,59.994,305753
2026-09-25 02:51:10-0500,59.997,305767
2026-09-25 02:51:20-0500,59.99,305767
2026-09-25 02:51:30-0500,59.996,305767
2026-09-25 02:51:40-0500,60.001,305767
2026-09-25 02:51:50-0500,59.989,305767
2026-09-25 02:52:00-0500,59.987,305767
2026-09-25 02:52:10-0500,59.996,305767
2026-09-25 02:52:20-0500,60.015,305767
2026-09-25 02:52:30-0500,60.005,305767
2026-09-25 02:52:40-0500,59.987,305767
2026-09-25 02:52:50-0500,59.992,305767
2026-09-25 02:53:00-0500,60.018,305767
2026-09-25 02:53:10-0500,60.013,305767
2026-09-25 02:53:20-0500,60.013,305767
2026-09-25 02:53:30-0500,60.014,305767
2026-09-25 02:53:40-0500,60.011,305767
2026-09-25 02:53:50-0500,60.009,305767
2026-09-25 02:54:00-0500,60.012,305767
2026-09-25 02:54:10-0500,60.003,305767
2026-09-25 02:54:20-0500,60.003,305767
2026-09-25 02:54:30-0500,60.003,305767
2026-09-25 02:54:40-0500,60.002,305767
2026-09-25 02:54:50-0500,60.015,305767
2026-09-25 02:55:00-0500,60.011,305767
2026-09-25 02:55:10-0500,59.998,305767
2026-09-25 02:55:20-0500,59.995,305767
2026-09-25 02:55:30-0500,59.99,305767
2026-09-25 02:55:40-0500,59.988,305767
2026-09-25 02:55:50-0500,59.997,305767
2026-09-25 02:56:00-0500,59.996,305767
2026-09-25 02:56:10-0500,59.984,305767
2026-09-25 02:56:20-0500,59.986,305767
2026-09-25 02:56:30-0500,59.984,305767
2026-09-25 02:56:40-0500,59.984,305767
2026-09-25 02:56:50-0500,59.993,305767
2026-09-25 02:57:00-0500,60.015,305767
2026-09-25 02:57:10-0500,60.006,305767
2026-09-25 02:57:20-0500,60.004,305767
2026-09-25 02:57:30-0500,59.995,305767
2026-09-25 02:57:40-0500,59.985,305767
2026-09-25 02:57:50-0500,59.995,305767
2026-09-25 02:58:00-0500,59.99,305767
2026-09-25 02:58:10-0500,59.99,305767
2026-09-25 02:58:20-0500,59.996,305767
2026-09-25 02:58:30-0500,59.992,305767
2026-09-25 02:58:40-0500,59.994,305767
2026-09-25 02:58:50-0500,59.99,305767
2026-09-25 02:59:00-0500,60.004,305767
2026-09-25 02:59:10-0500,60.013,305767
2026-09-25 02:59:20-0500,60.015,305767
2026-09-25 02:59:30-0500,60.017,305767
2026-09-25 02:59:40-0500,60.012,305767
2026-09-25 02:59:50-0500,60.004,305767
2026-09-25 03:00:00-0500,59.999,305753
2026-09-25 03:00:10-0500,60.015,305753
2026-09-25 03:00:20-0500,60.013,305753
2026-09-25 03:00:30-0500,59.997,305753
2026-09-25 03:00:40-0500,59.984,305734
2026-09-25 03:00:50-0500,59.989,305734
2026-09-25 03:01:00-0500,59.984,305748
2026-09-25 03:01:10-0500,59.987,305748
2026-09-25 03:01:20-0500,59.985,305748
2026-09-25 03:01:30-0500,59.984,305748
2026-09-25 03:01:40-0500,59.981,305748
2026-09-25 03:01:50-0500,59.983,305748
2026-09-25 03:02:00-0500,59.982,305748
2026-09-25 03:02:10-0500,59.985,305748
2026-09-25 03:02:20-0500,59.985,305748
2026-09-25 03:02:30-0500,59.996,305748
2026-09-25 03:02:40-0500,59.999,305748
2026-09-25 03:02:50-0500,59.988,305748
2026-09-25 03:03:00-0500,59.987,305748
2026-09-25 03:03:10-0500,60.022,305748
2026-09-25 03:03:20-0500,60.015,305748
2026-09-25 03:03:30-0500,60.014,305734
2026-09-25 03:03:40-0500,60.014,305734
2026-09-25 03:03:50-0500,60.012,305734
2026-09-25 03:04:00-0500,60.01,305734
2026-09-25 03:04:10-0500,60.012,305734
2026-09-25 03:04:20-0500,60.01,305734
2026-09-25 03:04:30-0500,60.009,305734
2026-09-25 03:04:40-0500,60.004,305734
2026-09-25 03:04:50-0500,59.994,305734
2026-09-25 03:05:00-0500,59.997,305734
2026-09-25 03:05:10-0500,60.004,305734
2026-09-25 03:05:20-0500,59.996,305734
2026-09-25 03:05:30-0500,59.987,305734
2026-09-25 03:05:40-0500,59.986,305734
2026-09-25 03:05:50-0500,59.988,305734
2026-09-25 03:06:00-0500,59.993,305734
2026-09-25 03:06:10-0500,59.992,305734
2026-09-25 03:06:20-0500,60.006,305734
2026-09-25 03:06:30-0500,60.008,305748
2026-09-25 03:06:40-0500,60.011,305748
2026-09-25 03:06:50-0500,60.004,305748
2026-09-25 03:07:00-0500,59.998,305748
2026-09-25 03:07:10-0500,59.99,305748
2026-09-25 03:07:20-0500,59.997,305748
2026-09-25 03:07:30-0500,60.006,305748
2026-09-25 03:07:40-0500,60.006,305748
2026-09-25 03:07:50-0500,60,305748
2026-09-25 03:08:00-0500,60,305748
2026-09-25 03:08:10-0500,60.003,305748
2026-09-25 03:08:20-0500,60.01,305748
2026-09-25 03:08:30-0500,60.004,305748
2026-09-25 03:08:40-0500,60.012,305748
2026-09-25 03:08:50-0500,60.007,305748
2026-09-25 03:09:00-0500,60.012,305748
2026-09-25 03:09:10-0500,60.013,305748
2026-09-25 03:09:20-0500,60.012,305748
2026-09-25 03:09:30-0500,60.007,305748
2026-09-25 03:09:40-0500,60.004,305748
2026-09-25 03:09:50-0500,60.008,305748
2026-09-25 03:10:00-0500,60.009,305748
2026-09-25 03:10:10-0500,60.009,305748
2026-09-25 03:10:20-0500,60.013,305748
2026-09-25 03:10:30-0500,60.006,305748
2026-09-25 03:10:40-0500,60.007,305748
2026-09-25 03:10:50-0500,60.013,305748
2026-09-25 03:11:00-0500,60.011,305748
2026-09-25 03:11:10-0500,60,305748
2026-09-25 03:11:20-0500,59.992,305748
2026-09-25 03:11:30-0500,60.003,305748
2026-09-25 03:11:40-0500,60.002,305748
2026-09-25 03:11:50-0500,60.004,305748
2026-09-25 03:12:00-0500,60.014,305748
2026-09-25 03:12:10-0500,60.015,305748
2026-09-25 03:12:20-0500,60.014,305748
2026-09-25 03:12:30-0500,59.994,305748
2026-09-25 03:12:40-0500,59.987,305748
2026-09-25 03:12:50-0500,59.985,305748
2026-09-25 03:13:00-0500,59.994,305748
2026-09-25 03:13:10-0500,60.008,305748
2026-09-25 03:13:20-0500,60.012,305748
2026-09-25 03:13:30-0500,60.019,305748
2026-09-25 03:13:40-0500,60.014,305748
2026-09-25 03:13:50-0500,60.013,305748
2026-09-25 03:14:00-0500,60.015,305748
2026-09-25 03:14:10-0500,60.013,305748
2026-09-25 03:14:20-0500,60.012,305748
2026-09-25 03:14:30-0500,59.997,305748
2026-09-25 03:14:40-0500,59.985,305748
2026-09-25 03:14:50-0500,59.993,305748
2026-09-25 03:15:00-0500,60.007,305748
2026-09-25 03:15:10-0500,60.015,305748
2026-09-25 03:15:20-0500,60.014,305748
2026-09-25 03:15:30-0500,60.011,305734
2026-09-25 03:15:40-0500,59.996,305734
2026-09-25 03:15:50-0500,59.988,305734
2026-09-25 03:16:00-0500,59.988,305734
2026-09-25 03:16:10-0500,59.99,305734
2026-09-25 03:16:20-0500,59.995,305734
2026-09-25 03:16:30-0500,60.01,305734
2026-09-25 03:16:40-0500,60.016,305748
2026-09-25 03:16:50-0500,60.015,305748
2026-09-25 03:17:00-0500,60.012,305748
2026-09-25 03:17:10-0500,60.005,305748
2026-09-25 03:17:20-0500,60.004,305748
2026-09-25 03:17:30-0500,60.01,305748
2026-09-25 03:17:40-0500,60.004,305748
2026-09-25 03:17:50-0500,60.014,305748
2026-09-25 03:18:00-0500,60.016,305748
2026-09-25 03:18:10-0500,60.014,305748
2026-09-25 03:18:20-0500,60.008,305748
2026-09-25 03:18:30-0500,60.014,305748
2026-09-25 03:18:40-0500,60.013,305734
2026-09-25 03:18:50-0500,60.008,305734
2026-09-25 03:19:00-0500,59.998,305734
2026-09-25 03:19:10-0500,59.992,305734
2026-09-25 03:19:20-0500,59.999,305734
2026-09-25 03:19:30-0500,60.015,305734
2026-09-25 03:19:40-0500,60.015,305734
2026-09-25 03:19:50-0500,60.013,305734
2026-09-25 03:20:00-0500,60.01,305734
2026-09-25 03:20:10-0500,59.989,305734
2026-09-25 03:20:20-0500,59.988,305734
2026-09-25 03:20:30-0500,60,305734
2026-09-25 03:20:40-0500,60.01,305679
2026-09-25 03:20:50-0500,60.013,305610
2026-09-25 03:21:00-0500,60.009,305610
2026-09-25 03:21:10-0500,60.01,305596
2026-09-25 03:21:20-0500,60.013,305596
2026-09-25 03:21:30-0500,60.01,305596
2026-09-25 03:21:40-0500,59.982,305596
2026-09-25 03:21:50-0500,59.983,305596
2026-09-25 03:22:00-0500,59.984,305610
2026-09-25 03:22:10-0500,59.988,305610
2026-09-25 03:22:20-0500,59.991,305610
2026-09-25 03:22:30-0500,60.007,305610
2026-09-25 03:22:40-0500,60.014,305610
2026-09-25 03:22:50-0500,60.01,305525
2026-09-25 03:23:00-0500,60.001,305525
2026-09-25 03:23:10-0500,60.005,305525
2026-09-25 03:23:20-0500,60.014,305525
2026-09-25 03:23:30-0500,60.014,305525
2026-09-25 03:23:40-0500,60.009,305525
2026-09-25 03:23:50-0500,60,305525
2026-09-25 03:24:00-0500,60.008,305525
2026-09-25 03:24:10-0500,60.006,305511
2026-09-25 03:24:20-0500,60.004,305511
2026-09-25 03:24:30-0500,60.006,305511
2026-09-25 03:24:40-0500,60.004,305511
2026-09-25 03:24:50-0500,59.991,305511
2026-09-25 03:25:00-0500,59.986,305511
2026-09-25 03:25:10-0500,59.99,305511
2026-09-25 03:25:20-0500,60.007,305511
2026-09-25 03:25:30-0500,60.014,305511
2026-09-25 03:25:40-0500,60.005,305511
2026-09-25 03:25:50-0500,60.013,305511
2026-09-25 03:26:00-0500,60.016,305511
2026-09-25 03:26:10-0500,60.016,305525
2026-09-25 03:26:20-0500,60.012,305525
2026-09-25 03:26:30-0500,59.985,305511
2026-09-25 03:26:40-0500,59.985,305511
2026-09-25 03:26:50-0500,59.998,305511
2026-09-25 03:27:00-0500,59.999,305511
2026-09-25 03:27:10-0500,59.999,305511
2026-09-25 03:27:20-0500,60.003,305511
2026-09-25 03:27:30-0500,60,305511
2026-09-25 03:27:40-0500,59.974,305511
2026-09-25 03:27:50-0500,59.978,305511
2026-09-25 03:28:00-0500,59.979,303775
2026-09-25 03:28:10-0500,59.98,303789
2026-09-25 03:28:20-0500,59.981,303789
2026-09-25 03:28:30-0500,59.982,303789
2026-09-25 03:28:40-0500,59.982,303789
2026-09-25 03:28:50-0500,59.984,303789
2026-09-25 03:29:00-0500,59.984,303789
2026-09-25 03:29:10-0500,59.985,303789
2026-09-25 03:29:20-0500,59.991,303789
2026-09-25 03:29:30-0500,60.003,303789
2026-09-25 03:29:40-0500,60.018,303789
2026-09-25 03:29:50-0500,60.016,303789
2026-09-25 03:30:00-0500,60.016,303789
2026-09-25 03:30:10-0500,60.015,303789
2026-09-25 03:30:20-0500,60.012,303789
2026-09-25 03:30:30-0500,60.012,303789
2026-09-25 03:30:40-0500,60.012,303789
2026-09-25 03:30:50-0500,60.006,303789
2026-09-25 03:31:00-0500,60,303789
2026-09-25 03:31:10-0500,59.995,303789
2026-09-25 03:31:20-0500,59.992,303789
2026-09-25 03:31:30-0500,60.007,303789
2026-09-25 03:31:40-0500,60.007,303789
2026-09-25 03:31:50-0500,59.986,303789
2026-09-25 03:32:00-0500,59.985,303789
2026-09-25 03:32:10-0500,59.987,303789
2026-09-25 03:32:20-0500,59.997,303789
2026-09-25 03:32:30-0500,60.016,303789
2026-09-25 03:32:40-0500,60.015,303789
2026-09-25 03:32:50-0500,60.007,303789
2026-09-25 03:33:00-0500,60.002,303789
2026-09-25 03:33:10-0500,60.004,303789
2026-09-25 03:33:20-0500,60.013,303789
2026-09-25 03:33:30-0500,60.012,303789
2026-09-25 03:33:40-0500,60.011,303789
2026-09-25 03:33:50-0500,59.997,303789
2026-09-25 03:34:00-0500,59.998,303789
2026-09-25 03:34:10-0500,60.004,303789
2026-09-25 03:34:20-0500,60.001,303789
2026-09-25 03:34:30-0500,60,303789
2026-09-25 03:34:40-0500,60.008,303789
2026-09-25 03:34:50-0500,60.008,303789
2026-09-25 03:35:00-0500,59.99,303789
2026-09-25 03:35:10-0500,59.985,303789
2026-09-25 03:35:20-0500,59.986,303789
2026-09-25 03:35:30-0500,60.011,303789
2026-09-25 03:35:40-0500,60.01,303789
2026-09-25 03:35:50-0500,60.009,303789
2026-09-25 03:36:00-0500,60.011,303789
2026-09-25 03:36:10-0500,60.012,303789
2026-09-25 03:36:20-0500,60.011,303789
2026-09-25 03:36:30-0500,60.003,303789
2026-09-25 03:36:40-0500,60.017,303789
2026-09-25 03:36:50-0500,59.98,303789
2026-09-25 03:37:00-0500,59.977,305525
2026-09-25 03:37:10-0500,59.979,300767
2026-09-25 03:37:20-0500,59.981,300767
2026-09-25 03:37:30-0500,59.98,300767
2026-09-25 03:37:40-0500,59.98,300767
2026-09-25 03:37:50-0500,59.979,300767
2026-09-25 03:38:00-0500,59.98,300767
2026-09-25 03:38:10-0500,59.979,300767
2026-09-25 03:38:20-0500,59.981,300767
2026-09-25 03:38:30-0500,59.981,300767
2026-09-25 03:38:40-0500,59.981,300767
2026-09-25 03:38:50-0500,59.984,300767
2026-09-25 03:39:00-0500,59.983,300767
2026-09-25 03:39:10-0500,59.983,300767
2026-09-25 03:39:20-0500,59.996,300767
2026-09-25 03:39:30-0500,59.985,300767
2026-09-25 03:39:40-0500,59.986,300767
2026-09-25 03:39:50-0500,59.987,300767
2026-09-25 03:40:00-0500,59.985,300767
2026-09-25 03:40:10-0500,59.991,300767
2026-09-25 03:40:20-0500,60.004,300767
2026-09-25 03:40:30-0500,60.01,300767
2026-09-25 03:40:40-0500,60.015,300767
2026-09-25 03:40:50-0500,60.011,300767
2026-09-25 03:41:00-0500,60.001,300767
2026-09-25 03:41:10-0500,60.005,300767
2026-09-25 03:41:20-0500,60.012,300767
2026-09-25 03:41:30-0500,60.009,300767
2026-09-25 03:41:40-0500,59.995,300767
2026-09-25 03:41:50-0500,59.987,300767
2026-09-25 03:42:00-0500,59.997,300767
2026-09-25 03:42:10-0500,59.998,300767
2026-09-25 03:42:20-0500,59.995,300767
2026-09-25 03:42:30-0500,60.003,300767
2026-09-25 03:42:40-0500,60,300767
2026-09-25 03:42:50-0500,59.988,300767
2026-09-25 03:43:00-0500,59.988,300767
2026-09-25 03:43:10-0500,59.988,300767
2026-09-25 03:43:20-0500,59.995,300767
2026-09-25 03:43:30-0500,60.015,300767
2026-09-25 03:43:40-0500,60.015,300767
2026-09-25 03:43:50-0500,60.006,300767
2026-09-25 03:44:00-0500,60.003,300767
2026-09-25 03:44:10-0500,60.01,300767
2026-09-25 03:44:20-0500,60.005,300767
2026-09-25 03:44:30-0500,60.01,300767
2026-09-25 03:44:40-0500,60.007,300767
2026-09-25 03:44:50-0500,59.998,300767
2026-09-25 03:45:00-0500,59.997,300767
2026-09-25 03:45:10-0500,60.008,300767
2026-09-25 03:45:20-0500,60.002,300767
2026-09-25 03:45:30-0500,59.983,300767
2026-09-25 03:45:40-0500,59.988,300767
2026-09-25 03:45:50-0500,59.989,300767
2026-09-25 03:46:00-0500,59.992,300767
2026-09-25 03:46:10-0500,59.992,300767
2026-09-25 03:46:20-0500,59.991,300767
2026-09-25 03:46:30-0500,60.005,300767
2026-09-25 03:46:40-0500,60.006,300767
2026-09-25 03:46:50-0500,59.987,300767
2026-09-25 03:47:00-0500,59.988,300767
2026-09-25 03:47:10-0500,59.986,300767
2026-09-25 03:47:20-0500,59.996,300767
2026-09-25 03:47:30-0500,60.005,300767
2026-09-25 03:47:40-0500,59.993,300767
2026-09-25 03:47:50-0500,59.989,300767
2026-09-25 03:48:00-0500,59.988,300767
2026-09-25 03:48:10-0500,59.996,300767
2026-09-25 03:48:20-0500,60.01,300767
2026-09-25 03:48:30-0500,60.015,300767
2026-09-25 03:48:40-0500,60.015,300767
2026-09-25 03:48:50-0500,60.011,300767
2026-09-25 03:49:00-0500,60.007,300767
2026-09-25 03:49:10-0500,59.986,300767
2026-09-25 03:49:20-0500,59.99,300767
2026-09-25 03:49:30-0500,60.006,300767
2026-09-25 03:49:40-0500,60.008,300767
2026-09-25 03:49:50-0500,59.989,300767
2026-09-25 03:50:00-0500,59.986,300767
2026-09-25 03:50:10-0500,59.985,300767
2026-09-25 03:50:20-0500,59.986,300767
2026-09-25 03:50:30-0500,60.004,300767
2026-09-25 03:50:40-0500,60.004,300767
2026-09-25 03:50:50-0500,59.985,300767
2026-09-25 03:51:00-0500,59.984,300767
2026-09-25 03:51:10-0500,59.985,300767
2026-09-25 03:51:20-0500,59.99,300767
2026-09-25 03:51:30-0500,59.999,300767
2026-09-25 03:51:40-0500,60.017,300767
2026-09-25 03:51:50-0500,60.014,300767
2026-09-25 03:52:00-0500,60.013,300767
2026-09-25 03:52:10-0500,60.011,300767
2026-09-25 03:52:20-0500,60.007,300767
2026-09-25 03:52:30-0500,60.008,300767
2026-09-25 03:52:40-0500,60.012,300767
2026-09-25 03:52:50-0500,60.016,300767
2026-09-25 03:53:00-0500,60.014,300767
2026-09-25 03:53:10-0500,60.014,300767
2026-09-25 03:53:20-0500,60.014,300767
2026-09-25 03:53:30-0500,60.015,300767
2026-09-25 03:53:40-0500,60.015,300767
2026-09-25 03:53:50-0500,60.012,300767
2026-09-25 03:54:00-0500,60.008,300767
2026-09-25 03:54:10-0500,59.99,300767
2026-09-25 03:54:20-0500,60.001,300767
2026-09-25 03:54:30-0500,60.018,300767
2026-09-25 03:54:40-0500,60.016,300767
2026-09-25 03:54:50-0500,60.013,300767
2026-09-25 03:55:00-0500,60.014,300767
2026-09-25 03:55:10-0500,60.012,300767
2026-09-25 03:55:20-0500,60.011,300767
2026-09-25 03:55:30-0500,60,300767
2026-09-25 03:55:40-0500,60.006,300767
2026-09-25 03:55:50-0500,59.997,300767
2026-09-25 03:56:00-0500,60.001,300767
2026-09-25 03:56:10-0500,60.01,300767
2026-09-25 03:56:20-0500,60.012,300767
2026-09-25 03:56:30-0500,60.015,300767
2026-09-25 03:56:40-0500,60.012,300767
2026-09-25 03:56:50-0500,60.002,300767
2026-09-25 03:57:00-0500,59.992,300767
2026-09-25 03:57:10-0500,59.99,300767
2026-09-25 03:57:20-0500,60.002,300767
2026-09-25 03:57:30-0500,60.016,300767
2026-09-25 03:57:40-0500,60.014,300767
2026-09-25 03:57:50-0500,60.005,300767
2026-09-25 03:58:00-0500,59.998,300767
2026-09-25 03:58:10-0500,59.985,300767
2026-09-25 03:58:20-0500,59.985,300767
2026-09-25 03:58:30-0500,59.986,300767
2026-09-25 03:58:40-0500,59.992,300767
2026-09-25 03:58:50-0500,59.995,300767
2026-09-25 03:59:00-0500,59.986,300767
2026-09-25 03:59:10-0500,60.005,300767
2026-09-25 03:59:20-0500,60.013,300767
2026-09-25 03:59:30-0500,60.005,300767
2026-09-25 03:59:40-0500,59.99,300767
2026-09-25 03:59:50-0500,59.992,300767
2026-09-25 04:00:00-0500,59.987,300767
2026-09-25 04:00:10-0500,59.987,300767
2026-09-25 04:00:20-0500,59.991,300767
2026-09-25 04:00:30-0500,60.012,300767
2026-09-25 04:00:40-0500,60.017,300767
2026-09-25 04:00:50-0500,60.01,300767
2026-09-25 04:01:00-0500,59.995,300767
2026-09-25 04:01:10-0500,59.985,300767
2026-09-25 04:01:20-0500,59.986,300767
2026-09-25 04:01:30-0500,59.987,300767
2026-09-25 04:01:40-0500,59.985,300767
2026-09-25 04:01:50-0500,59.984,300767
2026-09-25 04:02:00-0500,59.984,300767
2026-09-25 04:02:10-0500,59.986,300767
2026-09-25 04:02:20-0500,59.989,300767
2026-09-25 04:02:30-0500,59.988,300767
2026-09-25 04:02:40-0500,59.992,300767
2026-09-25 04:02:50-0500,60.013,300767
2026-09-25 04:03:00-0500,60.014,300767
2026-09-25 04:03:10-0500,60.007,300767
2026-09-25 04:03:20-0500,59.999,300767
2026-09-25 04:03:30-0500,59.992,300767
2026-09-25 04:03:40-0500,59.99,300767
2026-09-25 04:03:50-0500,60.001,300767
2026-09-25 04:04:00-0500,60.008,300767
2026-09-25 04:04:10-0500,60.01,300767
2026-09-25 04:04:20-0500,60.01,300767
2026-09-25 04:04:30-0500,59.999,300767
2026-09-25 04:04:40-0500,59.984,300767
2026-09-25 04:04:50-0500,59.982,300767
2026-09-25 04:05:00-0500,59.983,300767
2026-09-25 04:05:10-0500,59.985,300767
2026-09-25 04:05:20-0500,59.982,300767
2026-09-25 04:05:30-0500,59.984,300767
2026-09-25 04:05:40-0500,59.985,300767
2026-09-25 04:05:50-0500,59.985,300767
2026-09-25 04:06:00-0500,59.985,300767
2026-09-25 04:06:10-0500,59.991,300767
2026-09-25 04:06:20-0500,60.017,300767
2026-09-25 04:06:30-0500,60.017,300767
2026-09-25 04:06:40-0500,60.014,300753
2026-09-25 04:06:50-0500,60.013,300753
2026-09-25 04:07:00-0500,60.011,300753
2026-09-25 04:07:10-0500,60.005,300753
2026-09-25 04:07:20-0500,60.007,300753
2026-09-25 04:07:30-0500,60.013,300753
2026-09-25 04:07:40-0500,60.015,300767
2026-09-25 04:07:50-0500,60.01,300767
2026-09-25 04:08:00-0500,60.007,300767
2026-09-25 04:08:10-0500,59.992,300767
2026-09-25 04:08:20-0500,59.994,300767
2026-09-25 04:08:30-0500,60.003,300767
2026-09-25 04:08:40-0500,60.008,300767
2026-09-25 04:08:50-0500,59.992,300767
2026-09-25 04:09:00-0500,59.985,300767
2026-09-25 04:09:10-0500,59.983,300767
2026-09-25 04:09:20-0500,59.986,300767
2026-09-25 04:09:30-0500,59.99,300767
2026-09-25 04:09:40-0500,60.015,300767
2026-09-25 04:09:50-0500,60.009,300767
2026-09-25 04:10:00-0500,60.011,300767
2026-09-25 04:10:10-0500,60.012,300767
2026-09-25 04:10:20-0500,60.015,300767
2026-09-25 04:10:30-0500,60.013,300767
2026-09-25 04:10:40-0500,60.009,300767
2026-09-25 04:10:50-0500,59.997,300767
2026-09-25 04:11:00-0500,59.99,300767
2026-09-25 04:11:10-0500,59.995,300767
2026-09-25 04:11:20-0500,59.987,300767
2026-09-25 04:11:30-0500,60,300767
2026-09-25 04:11:40-0500,59.997,300767
2026-09-25 04:11:50-0500,60,300767
2026-09-25 04:12:00-0500,60.001,300767
2026-09-25 04:12:10-0500,60.013,300767
2026-09-25 04:12:20-0500,60,300767
2026-09-25 04:12:30-0500,60.005,300767
2026-09-25 04:12:40-0500,60.019,300767
2026-09-25 04:12:50-0500,60.007,300767
2026-09-25 04:13:00-0500,59.998,300767
2026-09-25 04:13:10-0500,60.015,300767
2026-09-25 04:13:20-0500,60.016,300767
2026-09-25 04:13:30-0500,60.014,300767
2026-09-25 04:13:40-0500,60.016,300767
2026-09-25 04:13:50-0500,60.012,300767
2026-09-25 04:14:00-0500,60.009,300767
2026-09-25 04:14:10-0500,59.994,300767
2026-09-25 04:14:20-0500,60.012,300767
2026-09-25 04:14:30-0500,60.017,300767
2026-09-25 04:14:40-0500,60.016,300767
2026-09-25 04:14:50-0500,60.014,300767
2026-09-25 04:15:00-0500,60.008,300767
2026-09-25 04:15:10-0500,60.014,300767
2026-09-25 04:15:20-0500,60.002,300767
2026-09-25 04:15:30-0500,59.986,300767
2026-09-25 04:15:40-0500,59.983,300767
2026-09-25 04:15:50-0500,59.985,300767
2026-09-25 04:16:00-0500,59.984,300767
2026-09-25 04:16:10-0500,59.989,300767
2026-09-25 04:16:20-0500,59.985,300767
2026-09-25 04:16:30-0500,60,300767
2026-09-25 04:16:40-0500,60.015,300767
2026-09-25 04:16:50-0500,60.012,300767
2026-09-25 04:17:00-0500,60.006,300767
2026-09-25 04:17:10-0500,59.996,300767
2026-09-25 04:17:20-0500,60.012,300767
2026-09-25 04:17:30-0500,60.014,300767
2026-09-25 04:17:40-0500,60.01,300753
2026-09-25 04:17:50-0500,59.997,300753
2026-09-25 04:18:00-0500,60.013,300753
2026-09-25 04:18:10-0500,60.013,300753
2026-09-25 04:18:20-0500,60.007,300753
2026-09-25 04:18:30-0500,59.986,300753
2026-09-25 04:18:40-0500,59.987,300753
2026-09-25 04:18:50-0500,59.991,300753
2026-09-25 04:19:00-0500,60.002,300753
2026-09-25 04:19:10-0500,59.995,300767
2026-09-25 04:19:20-0500,60.001,300767
2026-09-25 04:19:30-0500,60.011,300767
2026-09-25 04:19:40-0500,60.012,300767
2026-09-25 04:19:50-0500,60.012,300767
2026-09-25 04:20:00-0500,60.014,300767
2026-09-25 04:20:10-0500,60.001,300767
2026-09-25 04:20:20-0500,59.993,300767
2026-09-25 04:20:30-0500,59.992,300767
2026-09-25 04:20:40-0500,59.989,300767
2026-09-25 04:20:50-0500,59.99,300767
2026-09-25 04:21:00-0500,59.994,300767
2026-09-25 04:21:10-0500,59.996,300767
2026-09-25 04:21:20-0500,59.998,300767
2026-09-25 04:21:30-0500,60.002,300767
2026-09-25 04:21:40-0500,60.003,300767
2026-09-25 04:21:50-0500,59.998,300767
2026-09-25 04:22:00-0500,59.988,300767
2026-09-25 04:22:10-0500,59.995,300767
2026-09-25 04:22:20-0500,59.997,300767
2026-09-25 04:22:30-0500,60.001,300767
2026-09-25 04:22:40-0500,60.01,300767
2026-09-25 04:22:50-0500,60.013,300767
2026-09-25 04:23:00-0500,60.01,300767
2026-09-25 04:23:10-0500,60.003,300767
2026-09-25 04:23:20-0500,60.01,300767
2026-09-25 04:23:30-0500,60.013,300767
2026-09-25 04:23:40-0500,60.011,300767
2026-09-25 04:23:50-0500,60.004,300767
2026-09-25 04:24:00-0500,60.001,300767
2026-09-25 04:24:10-0500,60.004,300767
2026-09-25 04:24:20-0500,60,300767
2026-09-25 04:24:30-0500,60,300767
2026-09-25 04:24:40-0500,59.996,300767
2026-09-25 04:24:50-0500,59.99,300767
2026-09-25 04:25:00-0500,59.989,300767
2026-09-25 04:25:10-0500,59.99,300767
2026-09-25 04:25:20-0500,59.995,300767
2026-09-25 04:25:30-0500,59.985,300767
2026-09-25 04:25:40-0500,59.982,300767
2026-09-25 04:25:50-0500,59.983,300767
2026-09-25 04:26:00-0500,59.985,300767
2026-09-25 04:26:10-0500,59.986,300767
2026-09-25 04:26:20-0500,59.988,300767
2026-09-25 04:26:30-0500,59.985,300767
2026-09-25 04:26:40-0500,59.988,300767
2026-09-25 04:26:50-0500,59.986,300767
2026-09-25 04:27:00-0500,59.995,300767
2026-09-25 04:27:10-0500,59.998,300767
2026-09-25 04:27:20-0500,60.003,300767
2026-09-25 04:27:30-0500,60.016,300767
2026-09-25 04:27:40-0500,60.014,300767
2026-09-25 04:27:50-0500,60.015,300767
2026-09-25 04:28:00-0500,60.015,300767
2026-09-25 04:28:10-0500,60.016,300767
2026-09-25 04:28:20-0500,60.015,300767
2026-09-25 04:28:30-0500,60.013,300753
2026-09-25 04:28:40-0500,60.013,300753
2026-09-25 04:28:50-0500,60.013,300753
2026-09-25 04:29:00-0500,60.011,300753
2026-09-25 04:29:10-0500,60.003,300753
2026-09-25 04:29:20-0500,59.997,300753
2026-09-25 04:29:30-0500,59.996,300767
2026-09-25 04:29:40-0500,59.988,300767
2026-09-25 04:29:50-0500,59.985,300767
2026-09-25 04:30:00-0500,59.987,300767
2026-09-25 04:30:10-0500,59.988,300767
2026-09-25 04:30:20-0500,59.986,300767
2026-09-25 04:30:30-0500,60.016,300767
2026-09-25 04:30:40-0500,60.012,300767
2026-09-25 04:30:50-0500,60.003,300767
2026-09-25 04:31:00-0500,59.985,300767
2026-09-25 04:31:10-0500,59.986,300767
2026-09-25 04:31:20-0500,59.988,300767
2026-09-25 04:31:30-0500,60.013,300767
2026-09-25 04:31:40-0500,60.014,300767
2026-09-25 04:31:50-0500,60.009,300767
2026-09-25 04:32:00-0500,59.997,300767
2026-09-25 04:32:10-0500,59.992,300767
2026-09-25 04:32:20-0500,59.998,300767
2026-09-25 04:32:30-0500,59.998,300767
2026-09-25 04:32:40-0500,60.002,300767
2026-09-25 04:32:50-0500,59.996,300767
2026-09-25 04:33:00-0500,59.987,300767
2026-09-25 04:33:10-0500,59.986,300767
2026-09-25 04:33:20-0500,59.991,300767
2026-09-25 04:33:30-0500,60.006,300767
2026-09-25 04:33:40-0500,60.011,300767
2026-09-25 04:33:50-0500,60.013,300767
2026-09-25 04:34:00-0500,60.01,300767
2026-09-25 04:34:10-0500,59.985,300767
2026-09-25 04:34:20-0500,59.986,300767
2026-09-25 04:34:30-0500,59.986,300767
2026-09-25 04:34:40-0500,59.984,300767
2026-09-25 04:34:50-0500,59.988,300767
2026-09-25 04:35:00-0500,59.991,300767
2026-09-25 04:35:10-0500,59.987,300767
2026-09-25 04:35:20-0500,59.99,300767
2026-09-25 04:35:30-0500,60.004,300767
2026-09-25 04:35:40-0500,59.995,300767
2026-09-25 04:35:50-0500,59.987,300767
2026-09-25 04:36:00-0500,59.99,300767
2026-09-25 04:36:10-0500,60.004,300767
2026-09-25 04:36:20-0500,60.015,300767
2026-09-25 04:36:30-0500,60.012,300767
2026-09-25 04:36:40-0500,60.006,300767
2026-09-25 04:36:50-0500,59.999,300767
2026-09-25 04:37:00-0500,60.009,300767
2026-09-25 04:37:10-0500,60.015,300767
2026-09-25 04:37:20-0500,60.012,300767
2026-09-25 04:37:30-0500,60.009,300753
2026-09-25 04:37:40-0500,60.009,300753
2026-09-25 04:37:50-0500,60.008,300753
2026-09-25 04:38:00-0500,60.008,300753
2026-09-25 04:38:10-0500,60.013,300753
2026-09-25 04:38:20-0500,60.01,300753
2026-09-25 04:38:30-0500,60.007,300753
2026-09-25 04:38:40-0500,60,300753
2026-09-25 04:38:50-0500,60.003,300753
2026-09-25 04:39:00-0500,59.999,300753
2026-09-25 04:39:10-0500,60.003,300767
2026-09-25 04:39:20-0500,59.998,300767
2026-09-25 04:39:30-0500,59.993,300767
2026-09-25 04:39:40-0500,59.991,300767
2026-09-25 04:39:50-0500,59.987,300767
2026-09-25 04:40:00-0500,59.985,300767
2026-09-25 04:40:10-0500,59.991,300767
2026-09-25 04:40:20-0500,60.004,300767
2026-09-25 04:40:30-0500,60.015,300767
2026-09-25 04:40:40-0500,59.997,300767
2026-09-25 04:40:50-0500,59.987,300767
2026-09-25 04:41:00-0500,59.987,300767
2026-09-25 04:41:10-0500,59.999,300767
2026-09-25 04:41:20-0500,60.01,300767
2026-09-25 04:41:30-0500,60.014,300767
2026-09-25 04:41:40-0500,60.008,300767
2026-09-25 04:41:50-0500,60.006,300767
2026-09-25 04:42:00-0500,60.008,300767
2026-09-25 04:42:10-0500,60.003,300767
2026-09-25 04:42:20-0500,60.002,300767
2026-09-25 04:42:30-0500,60.004,300767
2026-09-25 04:42:40-0500,60,300767
2026-09-25 04:42:50-0500,59.998,300767
2026-09-25 04:43:00-0500,60.001,300767
2026-09-25 04:43:10-0500,59.987,300767
2026-09-25 04:43:20-0500,59.986,300767
2026-09-25 04:43:30-0500,59.986,300767
2026-09-25 04:43:40-0500,59.99,300767
2026-09-25 04:43:50-0500,59.992,300767
2026-09-25 04:44:00-0500,59.989,300767
2026-09-25 04:44:10-0500,59.989,300767
2026-09-25 04:44:20-0500,60.001,300767
2026-09-25 04:44:30-0500,60.014,300767
2026-09-25 04:44:40-0500,60.013,300767
2026-09-25 04:44:50-0500,60.013,300767
2026-09-25 04:45:00-0500,60.01,300767
2026-09-25 04:45:10-0500,60.002,300767
2026-09-25 04:45:20-0500,59.984,300767
2026-09-25 04:45:30-0500,59.984,300767
2026-09-25 04:45:40-0500,59.99,300767
2026-09-25 04:45:50-0500,59.995,300767
2026-09-25 04:46:00-0500,60.002,300767
2026-09-25 04:46:10-0500,60.015,300767
2026-09-25 04:46:20-0500,60.018,300767
2026-09-25 04:46:30-0500,60.015,300767
2026-09-25 04:46:40-0500,60.016,300767
2026-09-25 04:46:50-0500,60.013,300767
2026-09-25 04:47:00-0500,60.011,300767
2026-09-25 04:47:10-0500,60.007,300767
2026-09-25 04:47:20-0500,59.99,300767
2026-09-25 04:47:30-0500,60.007,300767
2026-09-25 04:47:40-0500,60.013,300767
2026-09-25 04:47:50-0500,60.001,300767
2026-09-25 04:48:00-0500,59.993,300767
2026-09-25 04:48:10-0500,60.01,300767
2026-09-25 04:48:20-0500,60.013,300767
2026-09-25 04:48:30-0500,60.01,300767
2026-09-25 04:48:40-0500,60,300767
2026-09-25 04:48:50-0500,60.002,300767
2026-09-25 04:49:00-0500,60.006,300767
2026-09-25 04:49:10-0500,60.014,300767
2026-09-25 04:49:20-0500,60.015,300767
2026-09-25 04:49:30-0500,60.013,300767
2026-09-25 04:49:40-0500,60.013,300767
2026-09-25 04:49:50-0500,60.008,300767
2026-09-25 04:50:00-0500,59.993,300767
2026-09-25 04:50:10-0500,59.997,300767
2026-09-25 04:50:20-0500,60.01,300767
2026-09-25 04:50:30-0500,60.008,300767
2026-09-25 04:50:40-0500,59.986,300767
2026-09-25 04:50:50-0500,59.986,300767
2026-09-25 04:51:00-0500,59.992,300767
2026-09-25 04:51:10-0500,60.016,300767
2026-09-25 04:51:20-0500,60.016,300767
2026-09-25 04:51:30-0500,60.016,300767
2026-09-25 04:51:40-0500,60.014,300767
2026-09-25 04:51:50-0500,60.014,300767
2026-09-25 04:52:00-0500,60.012,300767
2026-09-25 04:52:10-0500,60.014,300767
2026-09-25 04:52:20-0500,60.013,300767
2026-09-25 04:52:30-0500,60.008,300767
2026-09-25 04:52:40-0500,60.003,300767
2026-09-25 04:52:50-0500,60.014,300767
2026-09-25 04:53:00-0500,60.014,300767
2026-09-25 04:53:10-0500,59.998,300767
2026-09-25 04:53:20-0500,59.991,300767
2026-09-25 04:53:30-0500,59.994,300767
2026-09-25 04:53:40-0500,59.989,300767
2026-09-25 04:53:50-0500,60.006,300767
2026-09-25 04:54:00-0500,60.015,300767
2026-09-25 04:54:10-0500,60.011,300767
2026-09-25 04:54:20-0500,60.012,300767
2026-09-25 04:54:30-0500,59.99,300767
2026-09-25 04:54:40-0500,59.988,300767
2026-09-25 04:54:50-0500,59.986,300767
2026-09-25 04:55:00-0500,59.989,300767
2026-09-25 04:55:10-0500,59.985,300767
2026-09-25 04:55:20-0500,59.986,300767
2026-09-25 04:55:30-0500,59.987,300767
2026-09-25 04:55:40-0500,59.985,300767
2026-09-25 04:55:50-0500,60.006,300767
2026-09-25 04:56:00-0500,60.012,300767
2026-09-25 04:56:10-0500,60.017,300767
2026-09-25 04:56:20-0500,60.015,300767
2026-09-25 04:56:30-0500,60.015,300767
2026-09-25 04:56:40-0500,60.015,300767
2026-09-25 04:56:50-0500,60.008,300767
2026-09-25 04:57:00-0500,59.995,300767
2026-09-25 04:57:10-0500,59.987,300767
2026-09-25 04:57:20-0500,59.995,300767
2026-09-25 04:57:30-0500,60.012,300767
2026-09-25 04:57:40-0500,60.005,300767
2026-09-25 04:57:50-0500,59.986,300767
2026-09-25 04:58:00-0500,59.985,300767
2026-09-25 04:58:10-0500,59.988,300767
2026-09-25 04:58:20-0500,59.994,300767
2026-09-25 04:58:30-0500,59.997,300767
2026-09-25 04:58:40-0500,59.993,300767
2026-09-25 04:58:50-0500,59.99,300767
2026-09-25 04:59:00-0500,59.983,300767
2026-09-25 04:59:10-0500,59.982,300767
2026-09-25 04:59:20-0500,59.985,300767
2026-09-25 04:59:30-0500,59.986,300767
2026-09-25 04:59:40-0500,59.984,300767
2026-09-25 04:59:50-0500,59.986,300767
2026-09-25 05:00:00-0500,59.983,300767
2026-09-25 05:00:10-0500,59.983,300767
2026-09-25 05:00:20-0500,59.983,300767
2026-09-25 05:00:30-0500,59.982,300767
2026-09-25 05:00:40-0500,59.983,300767
2026-09-25 05:00:50-0500,59.985,300767
2026-09-25 05:01:00-0500,59.983,300767
2026-09-25 05:01:10-0500,59.985,300767
2026-09-25 05:01:20-0500,59.985,300767
2026-09-25 05:01:30-0500,59.987,300767
2026-09-25 05:01:40-0500,59.986,300767
2026-09-25 05:01:50-0500,59.991,300767
2026-09-25 05:02:00-0500,59.995,300767
2026-09-25 05:02:10-0500,59.99,300767
2026-09-25 05:02:20-0500,59.983,300767
2026-09-25 05:02:30-0500,59.983,300767
2026-09-25 05:02:40-0500,59.982,300767
2026-09-25 05:02:50-0500,59.982,300767
2026-09-25 05:03:00-0500,59.985,300767
2026-09-25 05:03:10-0500,59.984,300767
2026-09-25 05:03:20-0500,59.983,300767
2026-09-25 05:03:30-0500,59.985,300767
2026-09-25 05:03:40-0500,59.986,300767
2026-09-25 05:03:50-0500,59.985,300767
2026-09-25 05:04:00-0500,59.986,300767
2026-09-25 05:04:10-0500,59.983,300767
2026-09-25 05:04:20-0500,59.982,300767
2026-09-25 05:04:30-0500,59.982,300767
2026-09-25 05:04:40-0500,59.982,300767
2026-09-25 05:04:50-0500,59.983,300767
2026-09-25 05:05:00-0500,59.983,300767
2026-09-25 05:05:10-0500,59.981,300767
2026-09-25 05:05:20-0500,59.98,300767
2026-09-25 05:05:30-0500,59.98,300767
2026-09-25 05:05:40-0500,59.979,300767
2026-09-25 05:05:50-0500,59.981,300767
2026-09-25 05:06:00-0500,59.982,300767
2026-09-25 05:06:10-0500,59.981,300767
2026-09-25 05:06:20-0500,59.983,300767
2026-09-25 05:06:30-0500,59.986,300767
2026-09-25 05:06:40-0500,59.986,300767
2026-09-25 05:06:50-0500,59.986,300767
2026-09-25 05:07:00-0500,59.99,300767
2026-09-25 05:07:10-0500,59.998,300767
2026-09-25 05:07:20-0500,59.999,300767
2026-09-25 05:07:30-0500,59.995,300767
2026-09-25 05:07:40-0500,59.999,300767
2026-09-25 05:07:50-0500,60.006,300767
2026-09-25 05:08:00-0500,60.012,300836
2026-09-25 05:08:10-0500,60.007,300836
2026-09-25 05:08:20-0500,60.008,300905
2026-09-25 05:08:30-0500,60.001,300905
2026-09-25 05:08:40-0500,60.007,300905
2026-09-25 05:08:50-0500,60.01,300905
2026-09-25 05:09:00-0500,60.011,300905
2026-09-25 05:09:10-0500,60.011,300905
2026-09-25 05:09:20-0500,60.011,300905
2026-09-25 05:09:30-0500,60.014,300905
2026-09-25 05:09:40-0500,60.018,300905
2026-09-25 05:09:50-0500,60.013,300905
2026-09-25 05:10:00-0500,60.015,300905
2026-09-25 05:10:10-0500,60.009,300905
2026-09-25 05:10:20-0500,60.005,300905
2026-09-25 05:10:30-0500,60,300905
2026-09-25 05:10:40-0500,60,300905
2026-09-25 05:10:50-0500,60,300905
2026-09-25 05:11:00-0500,59.999,300905
2026-09-25 05:11:10-0500,59.99,300915
2026-09-25 05:11:20-0500,59.989,300925
2026-09-25 05:11:30-0500,59.989,300925
2026-09-25 05:11:40-0500,60.008,300925
2026-09-25 05:11:50-0500,60.014,301109
2026-09-25 05:12:00-0500,60.015,301233
2026-09-25 05:12:10-0500,60.005,301233
2026-09-25 05:12:20-0500,59.999,301233
2026-09-25 05:12:30-0500,60.014,301233
2026-09-25 05:12:40-0500,60.009,301233
2026-09-25 05:12:50-0500,60,301233
2026-09-25 05:13:00-0500,60,301233
2026-09-25 05:13:10-0500,59.994,301233
2026-09-25 05:13:20-0500,59.999,301233
2026-09-25 05:13:30-0500,59.994,301233
2026-09-25 05:13:40-0500,59.993,301233
2026-09-25 05:13:50-0500,59.988,301233
2026-09-25 05:14:00-0500,59.984,301233
2026-09-25 05:14:10-0500,59.99,301233
2026-09-25 05:14:20-0500,59.999,301233
2026-09-25 05:14:30-0500,59.994,301233
2026-09-25 05:14:40-0500,59.996,301233
2026-09-25 05:14:50-0500,60,301233
2026-09-25 05:15:00-0500,60,301233
2026-09-25 05:15:10-0500,60,301233
2026-09-25 05:15:20-0500,60.002,301298
2026-09-25 05:15:30-0500,60.013,301298
2026-09-25 05:15:40-0500,60.011,301298
2026-09-25 05:15:50-0500,59.991,301298
2026-09-25 05:16:00-0500,59.991,301298
2026-09-25 05:16:10-0500,59.989,301298
2026-09-25 05:16:20-0500,59.995,301298
2026-09-25 05:16:30-0500,59.999,301298
2026-09-25 05:16:40-0500,60.006,301298
2026-09-25 05:16:50-0500,60.006,301298
2026-09-25 05:17:00-0500,59.991,301298
2026-09-25 05:17:10-0500,59.988,301298
2026-09-25 05:17:20-0500,59.989,301298
2026-09-25 05:17:30-0500,59.989,301298
2026-09-25 05:17:40-0500,59.997,301298
2026-09-25 05:17:50-0500,60.006,301298
2026-09-25 05:18:00-0500,60.008,301298
2026-09-25 05:18:10-0500,59.994,301298
2026-09-25 05:18:20-0500,59.995,301298
2026-09-25 05:18:30-0500,59.996,301298
2026-09-25 05:18:40-0500,59.994,301298
2026-09-25 05:18:50-0500,59.995,301298
2026-09-25 05:19:00-0500,60.004,301298
2026-09-25 05:19:10-0500,60.011,301298
2026-09-25 05:19:20-0500,60.012,301298
2026-09-25 05:19:30-0500,60.011,301298
2026-09-25 05:19:40-0500,60.001,301298
2026-09-25 05:19:50-0500,60.009,301298
2026-09-25 05:20:00-0500,60.01,301298
2026-09-25 05:20:10-0500,59.994,301298
2026-09-25 05:20:20-0500,60.001,301298
2026-09-25 05:20:30-0500,60.004,301298
2026-09-25 05:20:40-0500,60.015,301298
2026-09-25 05:20:50-0500,60.006,301298
2026-09-25 05:21:00-0500,60.015,301298
2026-09-25 05:21:10-0500,60.015,301298
2026-09-25 05:21:20-0500,60.012,301298
2026-09-25 05:21:30-0500,60.01,301298
2026-09-25 05:21:40-0500,60.009,301298
2026-09-25 05:21:50-0500,60.009,301298
2026-09-25 05:22:00-0500,60.005,301298
2026-09-25 05:22:10-0500,60.003,301298
2026-09-25 05:22:20-0500,60.013,301298
2026-09-25 05:22:30-0500,60.007,301298
2026-09-25 05:22:40-0500,60.005,301298
2026-09-25 05:22:50-0500,60.016,301298
2026-09-25 05:23:00-0500,60.006,301298
2026-09-25 05:23:10-0500,60.002,301298
2026-09-25 05:23:20-0500,60.013,301298
2026-09-25 05:23:30-0500,60.007,301298
2026-09-25 05:23:40-0500,60.004,301298
2026-09-25 05:23:50-0500,59.998,301298
2026-09-25 05:24:00-0500,60.006,301298
2026-09-25 05:24:10-0500,60.005,301298
2026-09-25 05:24:20-0500,60.003,301298
2026-09-25 05:24:30-0500,60.019,301298
2026-09-25 05:24:40-0500,60.005,301298
2026-09-25 05:24:50-0500,60.011,301298
2026-09-25 05:25:00-0500,60.014,301298
2026-09-25 05:25:10-0500,60.006,301298
2026-09-25 05:25:20-0500,59.987,301298
2026-09-25 05:25:30-0500,59.988,301298
2026-09-25 05:25:40-0500,59.986,301298
2026-09-25 05:25:50-0500,59.995,301298
2026-09-25 05:26:00-0500,59.986,301298
2026-09-25 05:26:10-0500,59.988,301298
2026-09-25 05:26:20-0500,59.989,301298
2026-09-25 05:26:30-0500,60.001,301298
2026-09-25 05:26:40-0500,60.002,301298
2026-09-25 05:26:50-0500,60.004,301298
2026-09-25 05:27:00-0500,59.995,301298
2026-09-25 05:27:10-0500,59.989,301298
2026-09-25 05:27:20-0500,59.987,301298
2026-09-25 05:27:30-0500,59.987,301298
2026-09-25 05:27:40-0500,59.99,301298
2026-09-25 05:27:50-0500,60.015,301298
2026-09-25 05:28:00-0500,60.01,301298
2026-09-25 05:28:10-0500,60.012,301298
2026-09-25 05:28:20-0500,60.014,301298
2026-09-25 05:28:30-0500,60.014,301298
2026-09-25 05:28:40-0500,60.006,301298
2026-09-25 05:28:50-0500,60.001,301298
2026-09-25 05:29:00-0500,59.991,301298
2026-09-25 05:29:10-0500,59.992,301298
2026-09-25 05:29:20-0500,59.986,301298
2026-09-25 05:29:30-0500,59.987,301298
2026-09-25 05:29:40-0500,59.99,301298
2026-09-25 05:29:50-0500,60.012,301298
2026-09-25 05:30:00-0500,60.014,301298
2026-09-25 05:30:10-0500,60.002,301298
2026-09-25 05:30:20-0500,59.996,301298
2026-09-25 05:30:30-0500,59.994,301298
2026-09-25 05:30:40-0500,59.988,301298
2026-09-25 05:30:50-0500,60.012,301298
2026-09-25 05:31:00-0500,60.011,301298
2026-09-25 05:31:10-0500,59.995,301298
2026-09-25 05:31:20-0500,59.997,301298
2026-09-25 05:31:30-0500,60.011,301298
2026-09-25 05:31:40-0500,60.014,301298
2026-09-25 05:31:50-0500,60.011,301298
2026-09-25 05:32:00-0500,60.009,301298
2026-09-25 05:32:10-0500,59.983,301298
2026-09-25 05:32:20-0500,60.005,301298
2026-09-25 05:32:30-0500,60.01,301298
2026-09-25 05:32:40-0500,60.003,301298
2026-09-25 05:32:50-0500,60.012,301298
2026-09-25 05:33:00-0500,60.011,301298
2026-09-25 05:33:10-0500,60.017,301298
2026-09-25 05:33:20-0500,60.017,301298
2026-09-25 05:33:30-0500,60.016,301298
2026-09-25 05:33:40-0500,60.015,301298
2026-09-25 05:33:50-0500,60.006,301298
2026-09-25 05:34:00-0500,60.004,301298
2026-09-25 05:34:10-0500,59.998,301298
2026-09-25 05:34:20-0500,60.006,301298
2026-09-25 05:34:30-0500,60.007,301298
2026-09-25 05:34:40-0500,60.011,301298
2026-09-25 05:34:50-0500,60.007,301298
2026-09-25 05:35:00-0500,60.001,301298
2026-09-25 05:35:10-0500,59.987,301298
2026-09-25 05:35:20-0500,59.991,301298
2026-09-25 05:35:30-0500,59.988,301298
2026-09-25 05:35:40-0500,59.99,301298
2026-09-25 05:35:50-0500,60.009,301298
2026-09-25 05:36:00-0500,60.011,301298
2026-09-25 05:36:10-0500,59.997,301298
2026-09-25 05:36:20-0500,60.003,301298
2026-09-25 05:36:30-0500,60.008,301298
2026-09-25 05:36:40-0500,60.001,301298
2026-09-25 05:36:50-0500,59.996,301298
2026-09-25 05:37:00-0500,60.001,301298
2026-09-25 05:37:10-0500,59.998,301298
2026-09-25 05:37:20-0500,59.995,301298
2026-09-25 05:37:30-0500,60.007,301298
2026-09-25 05:37:40-0500,60.011,301298
2026-09-25 05:37:50-0500,60.015,301298
2026-09-25 05:38:00-0500,60.016,301298
2026-09-25 05:38:10-0500,60.013,301298
2026-09-25 05:38:20-0500,60.013,301298
2026-09-25 05:38:30-0500,59.999,301298
2026-09-25 05:38:40-0500,59.999,301298
2026-09-25 05:38:50-0500,60,301298
2026-09-25 05:39:00-0500,59.996,301298
2026-09-25 05:39:10-0500,59.991,301298
2026-09-25 05:39:20-0500,59.997,301298
2026-09-25 05:39:30-0500,59.985,301298
2026-09-25 05:39:40-0500,59.984,301298
2026-09-25 05:39:50-0500,59.988,301298
2026-09-25 05:40:00-0500,59.998,301298
2026-09-25 05:40:10-0500,59.998,301298
2026-09-25 05:40:20-0500,59.992,301298
2026-09-25 05:40:30-0500,59.985,301298
2026-09-25 05:40:40-0500,59.986,301298
2026-09-25 05:40:50-0500,59.99,301298
2026-09-25 05:41:00-0500,59.994,301298
2026-09-25 05:41:10-0500,60.008,301298
2026-09-25 05:41:20-0500,60.006,301298
2026-09-25 05:41:30-0500,60.003,301298
2026-09-25 05:41:40-0500,60.002,301298
2026-09-25 05:41:50-0500,60.006,301298
2026-09-25 05:42:00-0500,60.002,301298
2026-09-25 05:42:10-0500,59.992,301298
2026-09-25 05:42:20-0500,60.018,301298
2026-09-25 05:42:30-0500,60.014,301298
2026-09-25 05:42:40-0500,60.016,301298
2026-09-25 05:42:50-0500,60.013,301298
2026-09-25 05:43:00-0500,60.015,301298
2026-09-25 05:43:10-0500,60.007,301298
2026-09-25 05:43:20-0500,59.999,301298
2026-09-25 05:43:30-0500,59.996,301298
2026-09-25 05:43:40-0500,59.987,301298
2026-09-25 05:43:50-0500,60.003,301298
2026-09-25 05:44:00-0500,59.991,301298
2026-09-25 05:44:10-0500,59.985,301298
2026-09-25 05:44:20-0500,59.984,301298
2026-09-25 05:44:30-0500,60.015,301298
2026-09-25 05:44:40-0500,60.015,301298
2026-09-25 05:44:50-0500,60.012,301298
2026-09-25 05:45:00-0500,60.008,301298
2026-09-25 05:45:10-0500,59.985,301298
2026-09-25 05:45:20-0500,59.985,301298
2026-09-25 05:45:30-0500,59.985,301298
2026-09-25 05:45:40-0500,59.983,301298
2026-09-25 05:45:50-0500,59.985,301298
2026-09-25 05:46:00-0500,59.987,301298
2026-09-25 05:46:10-0500,59.985,301298
2026-09-25 05:46:20-0500,59.987,301298
2026-09-25 05:46:30-0500,59.989,301298
2026-09-25 05:46:40-0500,59.986,301298
2026-09-25 05:46:50-0500,59.996,301298
2026-09-25 05:47:00-0500,60.008,301298
2026-09-25 05:47:10-0500,60.002,301298
2026-09-25 05:47:20-0500,59.989,301298
2026-09-25 05:47:30-0500,60.007,301298
2026-09-25 05:47:40-0500,60.007,301298
2026-09-25 05:47:50-0500,59.998,301298
2026-09-25 05:48:00-0500,59.995,301298
2026-09-25 05:48:10-0500,59.987,301298
2026-09-25 05:48:20-0500,59.993,301298
2026-09-25 05:48:30-0500,59.991,301298
2026-09-25 05:48:40-0500,59.986,301378
2026-09-25 05:48:50-0500,60.001,301458
2026-09-25 05:49:00-0500,59.999,301458
2026-09-25 05:49:10-0500,59.996,301458
2026-09-25 05:49:20-0500,59.988,301458
2026-09-25 05:49:30-0500,59.986,301458
2026-09-25 05:49:40-0500,59.99,301458
2026-09-25 05:49:50-0500,60.005,301458
2026-09-25 05:50:00-0500,59.997,301458
2026-09-25 05:50:10-0500,59.982,301458
2026-09-25 05:50:20-0500,59.984,301458
2026-09-25 05:50:30-0500,59.985,301458
2026-09-25 05:50:40-0500,59.987,301458
2026-09-25 05:50:50-0500,59.984,301458
2026-09-25 05:51:00-0500,59.991,301458
2026-09-25 05:51:10-0500,59.986,301458
2026-09-25 05:51:20-0500,59.985,301458
2026-09-25 05:51:30-0500,59.995,301458
2026-09-25 05:51:40-0500,59.994,301458
2026-09-25 05:51:50-0500,59.993,301458
2026-09-25 05:52:00-0500,60.001,301458
2026-09-25 05:52:10-0500,60.016,301458
2026-09-25 05:52:20-0500,60.015,301458
2026-09-25 05:52:30-0500,60.015,301458
2026-09-25 05:52:40-0500,60.015,301458
2026-09-25 05:52:50-0500,60.011,301458
2026-09-25 05:53:00-0500,60.009,301458
2026-09-25 05:53:10-0500,60.001,301458
2026-09-25 05:53:20-0500,60.013,301458
2026-09-25 05:53:30-0500,60.015,301458
2026-09-25 05:53:40-0500,60.016,301458
2026-09-25 05:53:50-0500,59.993,301458
2026-09-25 05:54:00-0500,59.998,301458
2026-09-25 05:54:10-0500,60.007,301458
2026-09-25 05:54:20-0500,59.995,301458
2026-09-25 05:54:30-0500,59.984,301458
2026-09-25 05:54:40-0500,59.99,301458
2026-09-25 05:54:50-0500,59.992,301458
2026-09-25 05:55:00-0500,60.011,301458
2026-09-25 05:55:10-0500,60.002,301458
2026-09-25 05:55:20-0500,60,301458
2026-09-25 05:55:30-0500,60.018,301458
2026-09-25 05:55:40-0500,60.015,301458
2026-09-25 05:55:50-0500,60.014,301458
2026-09-25 05:56:00-0500,60.007,301458
2026-09-25 05:56:10-0500,59.985,301458
2026-09-25 05:56:20-0500,59.991,301458
2026-09-25 05:56:30-0500,59.998,301458
2026-09-25 05:56:40-0500,60.003,301458
2026-09-25 05:56:50-0500,60.019,301458
2026-09-25 05:57:00-0500,60.016,301458
2026-09-25 05:57:10-0500,60.016,301458
2026-09-25 05:57:20-0500,60.012,301458
2026-09-25 05:57:30-0500,59.994,301458
2026-09-25 05:57:40-0500,60.002,301458
2026-09-25 05:57:50-0500,60.011,301458
2026-09-25 05:58:00-0500,60.013,301458
2026-09-25 05:58:10-0500,60.005,301458
2026-09-25 05:58:20-0500,60.007,301458
2026-09-25 05:58:30-0500,60.015,301458
2026-09-25 05:58:40-0500,60.015,301458
2026-09-25 05:58:50-0500,60.007,301458
2026-09-25 05:59:00-0500,60.006,301458
2026-09-25 05:59:10-0500,60.016,301458
2026-09-25 05:59:20-0500,59.995,301458
2026-09-25 05:59:30-0500,59.986,301458
2026-09-25 05:59:40-0500,59.995,301458
2026-09-25 05:59:50-0500,60.008,301458
2026-09-25 06:00:00-0500,60.008,301458
2026-09-25 06:00:10-0500,59.999,301458
2026-09-25 06:00:20-0500,59.999,301458
2026-09-25 06:00:30-0500,59.994,301458
2026-09-25 06:00:40-0500,59.99,301458
2026-09-25 06:00:50-0500,59.99,301458
2026-09-25 06:01:00-0500,59.996,301458
2026-09-25 06:01:10-0500,60.008,301458
2026-09-25 06:01:20-0500,59.995,301458
2026-09-25 06:01:30-0500,59.988,301458
2026-09-25 06:01:40-0500,59.991,301458
2026-09-25 06:01:50-0500,60.015,301458
2026-09-25 06:02:00-0500,60.016,301458
2026-09-25 06:02:10-0500,60.012,301458
2026-09-25 06:02:20-0500,60.014,301458
2026-09-25 06:02:30-0500,60.007,301458
2026-09-25 06:02:40-0500,60.007,301458
2026-09-25 06:02:50-0500,60.008,301458
2026-09-25 06:03:00-0500,60.014,301458
2026-09-25 06:03:10-0500,60.005,301458
2026-09-25 06:03:20-0500,59.993,301458
2026-09-25 06:03:30-0500,60.003,301458
2026-09-25 06:03:40-0500,60.001,301458
2026-09-25 06:03:50-0500,59.99,301458
2026-09-25 06:04:00-0500,59.991,301458
2026-09-25 06:04:10-0500,59.995,301458
2026-09-25 06:04:20-0500,60.002,301458
2026-09-25 06:04:30-0500,60.003,301458
2026-09-25 06:04:40-0500,60,301458
2026-09-25 06:04:50-0500,60.008,301458
2026-09-25 06:05:00-0500,60.01,301458
2026-09-25 06:05:10-0500,59.99,301458
2026-09-25 06:05:20-0500,59.986,301458
2026-09-25 06:05:30-0500,59.99,301458
2026-09-25 06:05:40-0500,59.999,301458
2026-09-25 06:05:50-0500,60.004,301458
2026-09-25 06:06:00-0500,59.998,301458
2026-09-25 06:06:10-0500,59.988,301458
2026-09-25 06:06:20-0500,60.015,301458
2026-09-25 06:06:30-0500,60.01,301458
2026-09-25 06:06:40-0500,59.986,301458
2026-09-25 06:06:50-0500,59.984,301458
2026-09-25 06:07:00-0500,59.984,301458
2026-09-25 06:07:10-0500,59.988,301458
2026-09-25 06:07:20-0500,59.989,301458
2026-09-25 06:07:30-0500,60.008,301458
2026-09-25 06:07:40-0500,60.012,301458
2026-09-25 06:07:50-0500,60.013,301542
2026-09-25 06:08:00-0500,60,301542
2026-09-25 06:08:10-0500,60.007,301542
2026-09-25 06:08:20-0500,60.011,301542
2026-09-25 06:08:30-0500,60.014,301542
2026-09-25 06:08:40-0500,60.007,301542
2026-09-25 06:08:50-0500,60.012,301542
2026-09-25 06:09:00-0500,60.013,301542
2026-09-25 06:09:10-0500,60.012,301542
2026-09-25 06:09:20-0500,60.007,301542
2026-09-25 06:09:30-0500,60.006,301542
2026-09-25 06:09:40-0500,60.001,301542
2026-09-25 06:09:50-0500,59.995,301542
2026-09-25 06:10:00-0500,59.987,301542
2026-09-25 06:10:10-0500,59.988,301542
2026-09-25 06:10:20-0500,59.989,301542
2026-09-25 06:10:30-0500,60.007,301542
2026-09-25 06:10:40-0500,60.016,301542
2026-09-25 06:10:50-0500,60.014,301542
2026-09-25 06:11:00-0500,60.012,301542
2026-09-25 06:11:10-0500,60.011,301542
2026-09-25 06:11:20-0500,60.003,301542
2026-09-25 06:11:30-0500,59.991,301542
2026-09-25 06:11:40-0500,59.985,301542
2026-09-25 06:11:50-0500,59.992,301542
2026-09-25 06:12:00-0500,59.999,301542
2026-09-25 06:12:10-0500,60,301542
2026-09-25 06:12:20-0500,60,301542
2026-09-25 06:12:30-0500,59.991,301542
2026-09-25 06:12:40-0500,59.991,301542
2026-09-25 06:12:50-0500,60.002,301542
2026-09-25 06:13:00-0500,60.003,301542
2026-09-25 06:13:10-0500,59.988,301542
2026-09-25 06:13:20-0500,59.989,301542
2026-09-25 06:13:30-0500,59.991,301542
2026-09-25 06:13:40-0500,60.001,301542
2026-09-25 06:13:50-0500,60.006,301542
2026-09-25 06:14:00-0500,60.009,301542
2026-09-25 06:14:10-0500,60.016,301542
2026-09-25 06:14:20-0500,60.016,301542
2026-09-25 06:14:30-0500,60.015,301542
2026-09-25 06:14:40-0500,60.016,301542
2026-09-25 06:14:50-0500,60.007,301542
2026-09-25 06:15:00-0500,60,301542
2026-09-25 06:15:10-0500,59.986,301542
2026-09-25 06:15:20-0500,59.995,301542
2026-09-25 06:15:30-0500,59.997,301542
2026-09-25 06:15:40-0500,59.992,301542
2026-09-25 06:15:50-0500,59.987,301542
2026-09-25 06:16:00-0500,59.996,301542
2026-09-25 06:16:10-0500,60.007,301542
2026-09-25 06:16:20-0500,60.006,301542
2026-09-25 06:16:30-0500,60.002,301542
2026-09-25 06:16:40-0500,60.002,301542
2026-09-25 06:16:50-0500,59.985,301542
2026-09-25 06:17:00-0500,59.983,301542
2026-09-25 06:17:10-0500,59.984,301542
2026-09-25 06:17:20-0500,59.984,301542
2026-09-25 06:17:30-0500,59.985,301542
2026-09-25 06:17:40-0500,59.986,301542
2026-09-25 06:17:50-0500,59.987,301542
2026-09-25 06:18:00-0500,59.987,301542
2026-09-25 06:18:10-0500,59.987,301542
2026-09-25 06:18:20-0500,59.991,301542
2026-09-25 06:18:30-0500,60.006,301542
2026-09-25 06:18:40-0500,60.009,301542
2026-09-25 06:18:50-0500,60.008,301542
2026-09-25 06:19:00-0500,60.015,301542
2026-09-25 06:19:10-0500,60.011,301542
2026-09-25 06:19:20-0500,60,301542
2026-09-25 06:19:30-0500,59.994,301542
2026-09-25 06:19:40-0500,59.993,301542
2026-09-25 06:19:50-0500,59.986,301542
2026-09-25 06:20:00-0500,59.984,301542
2026-09-25 06:20:10-0500,59.988,301542
2026-09-25 06:20:20-0500,59.997,301542
2026-09-25 06:20:30-0500,60.005,301542
2026-09-25 06:20:40-0500,60.005,301542
2026-09-25 06:20:50-0500,60.013,301542
2026-09-25 06:21:00-0500,60.012,301542
2026-09-25 06:21:10-0500,60.01,301542
2026-09-25 06:21:20-0500,60.012,301542
2026-09-25 06:21:30-0500,60.013,306300
2026-09-25 06:21:40-0500,60.014,301542
2026-09-25 06:21:50-0500,59.998,301542
2026-09-25 06:22:00-0500,59.987,301542
2026-09-25 06:22:10-0500,60.015,301542
2026-09-25 06:22:20-0500,60.015,301542
2026-09-25 06:22:30-0500,60.016,301542
2026-09-25 06:22:40-0500,60.015,301542
2026-09-25 06:22:50-0500,60.015,301542
2026-09-25 06:23:00-0500,60.014,301542
2026-09-25 06:23:10-0500,60.013,301542
2026-09-25 06:23:20-0500,60.017,301542
2026-09-25 06:23:30-0500,60.017,301542
2026-09-25 06:23:40-0500,60.014,301542
2026-09-25 06:23:50-0500,60.014,301542
2026-09-25 06:24:00-0500,60.014,301542
2026-09-25 06:24:10-0500,60.013,301542
2026-09-25 06:24:20-0500,60.012,301542
2026-09-25 06:24:30-0500,60.013,301542
2026-09-25 06:24:40-0500,60.011,301542
2026-09-25 06:24:50-0500,60.004,301542
2026-09-25 06:25:00-0500,60.013,301542
2026-09-25 06:25:10-0500,60.01,301542
2026-09-25 06:25:20-0500,60.006,301542
2026-09-25 06:25:30-0500,60.015,301542
2026-09-25 06:25:40-0500,60.014,301542
2026-09-25 06:25:50-0500,60.014,301542
2026-09-25 06:26:00-0500,60.016,301542
2026-09-25 06:26:10-0500,60.015,301542
2026-09-25 06:26:20-0500,60.014,301542
2026-09-25 06:26:30-0500,60.011,301542
2026-09-25 06:26:40-0500,60.014,301542
2026-09-25 06:26:50-0500,60.016,301542
2026-09-25 06:27:00-0500,60.007,301542
2026-09-25 06:27:10-0500,60.013,301542
2026-09-25 06:27:20-0500,60.016,301542
2026-09-25 06:27:30-0500,60.013,301542
2026-09-25 06:27:40-0500,60.013,301542
2026-09-25 06:27:50-0500,60.012,301542
2026-09-25 06:28:00-0500,60.007,301542
2026-09-25 06:28:10-0500,59.986,301542
2026-09-25 06:28:20-0500,59.996,301542
2026-09-25 06:28:30-0500,60.005,301542
2026-09-25 06:28:40-0500,60.004,301542
2026-09-25 06:28:50-0500,59.999,301542
2026-09-25 06:29:00-0500,59.998,301542
2026-09-25 06:29:10-0500,60.01,301542
2026-09-25 06:29:20-0500,60.011,301542
2026-09-25 06:29:30-0500,60.007,301542
2026-09-25 06:29:40-0500,60.008,301542
2026-09-25 06:29:50-0500,60.009,301542
2026-09-25 06:30:00-0500,60.007,301542
2026-09-25 06:30:10-0500,60.005,301542
2026-09-25 06:30:20-0500,60.003,301542
2026-09-25 06:30:30-0500,59.983,301542
2026-09-25 06:30:40-0500,59.985,301542
2026-09-25 06:30:50-0500,59.988,301542
2026-09-25 06:31:00-0500,59.986,301542
2026-09-25 06:31:10-0500,59.984,301542
2026-09-25 06:31:20-0500,59.991,301542
2026-09-25 06:31:30-0500,59.998,301542
2026-09-25 06:31:40-0500,59.994,301542
2026-09-25 06:31:50-0500,59.996,301542
2026-09-25 06:32:00-0500,60.004,301542
2026-09-25 06:32:10-0500,60.013,301542
2026-09-25 06:32:20-0500,60.003,301542
2026-09-25 06:32:30-0500,59.982,301542
2026-09-25 06:32:40-0500,59.984,301542
2026-09-25 06:32:50-0500,59.986,301542
2026-09-25 06:33:00-0500,59.991,301542
2026-09-25 06:33:10-0500,60.005,301542
2026-09-25 06:33:20-0500,60.015,301542
2026-09-25 06:33:30-0500,60.012,301542
2026-09-25 06:33:40-0500,59.999,301542
2026-09-25 06:33:50-0500,59.985,301542
2026-09-25 06:34:00-0500,59.991,301542
2026-09-25 06:34:10-0500,60.012,301542
2026-09-25 06:34:20-0500,59.996,301542
2026-09-25 06:34:30-0500,59.983,301542
2026-09-25 06:34:40-0500,59.983,301542
2026-09-25 06:34:50-0500,59.987,301542
2026-09-25 06:35:00-0500,59.988,301542
2026-09-25 06:35:10-0500,59.988,301542
2026-09-25 06:35:20-0500,59.985,301542
2026-09-25 06:35:30-0500,59.986,301542
2026-09-25 06:35:40-0500,59.984,301542
2026-09-25 06:35:50-0500,59.982,301542
2026-09-25 06:36:00-0500,59.985,301542
2026-09-25 06:36:10-0500,59.99,301542
2026-09-25 06:36:20-0500,59.992,301542
2026-09-25 06:36:30-0500,59.989,301542
2026-09-25 06:36:40-0500,59.992,301542
2026-09-25 06:36:50-0500,60.001,301542
2026-09-25 06:37:00-0500,59.991,301542
2026-09-25 06:37:10-0500,59.984,301542
2026-09-25 06:37:20-0500,59.984,301542
2026-09-25 06:37:30-0500,60.001,301542
2026-09-25 06:37:40-0500,60.001,301542
2026-09-25 06:37:50-0500,59.992,301542
2026-09-25 06:38:00-0500,59.988,301542
2026-09-25 06:38:10-0500,59.986,301542
2026-09-25 06:38:20-0500,59.992,301542
2026-09-25 06:38:30-0500,60.015,301542
2026-09-25 06:38:40-0500,60.013,301542
2026-09-25 06:38:50-0500,60.004,301542
2026-09-25 06:39:00-0500,59.999,301542
2026-09-25 06:39:10-0500,60.006,301542
2026-09-25 06:39:20-0500,60.002,301542
2026-09-25 06:39:30-0500,60.001,301542
2026-09-25 06:39:40-0500,59.995,301542
2026-09-25 06:39:50-0500,59.987,301542
2026-09-25 06:40:00-0500,59.986,301542
2026-09-25 06:40:10-0500,59.99,301542
2026-09-25 06:40:20-0500,59.991,301542
2026-09-25 06:40:30-0500,59.984,301542
2026-09-25 06:40:40-0500,59.987,301542
2026-09-25 06:40:50-0500,59.99,301542
2026-09-25 06:41:00-0500,59.99,301542
2026-09-25 06:41:10-0500,59.986,301542
2026-09-25 06:41:20-0500,59.985,301542
2026-09-25 06:41:30-0500,59.985,301542
2026-09-25 06:41:40-0500,59.996,301542
2026-09-25 06:41:50-0500,60.01,301542
2026-09-25 06:42:00-0500,60.014,301542
2026-09-25 06:42:10-0500,60.004,301542
2026-09-25 06:42:20-0500,59.993,301542
2026-09-25 06:42:30-0500,59.996,301542
2026-09-25 06:42:40-0500,59.998,303053
2026-09-25 06:42:50-0500,60.002,303053
2026-09-25 06:43:00-0500,60.012,303053
2026-09-25 06:43:10-0500,59.993,303053
2026-09-25 06:43:20-0500,59.995,303053
2026-09-25 06:43:30-0500,60,303053
2026-09-25 06:43:40-0500,60.004,303053
2026-09-25 06:43:50-0500,59.999,303053
2026-09-25 06:44:00-0500,60.009,303053
2026-09-25 06:44:10-0500,59.998,303053
2026-09-25 06:44:20-0500,59.986,303053
2026-09-25 06:44:30-0500,59.983,303053
2026-09-25 06:44:40-0500,59.988,303053
2026-09-25 06:44:50-0500,59.991,303053
2026-09-25 06:45:00-0500,59.992,303053
2026-09-25 06:45:10-0500,59.986,303053
2026-09-25 06:45:20-0500,59.985,303053
2026-09-25 06:45:30-0500,59.985,303053
2026-09-25 06:45:40-0500,59.985,303053
2026-09-25 06:45:50-0500,59.995,303053
2026-09-25 06:46:00-0500,60.013,303053
2026-09-25 06:46:10-0500,60.015,303053
2026-09-25 06:46:20-0500,60.014,303053
2026-09-25 06:46:30-0500,60.006,303053
2026-09-25 06:46:40-0500,60.003,303053
2026-09-25 06:46:50-0500,60.007,303053
2026-09-25 06:47:00-0500,59.998,303053
2026-09-25 06:47:10-0500,59.986,303053
2026-09-25 06:47:20-0500,59.983,303053
2026-09-25 06:47:30-0500,59.985,303053
2026-09-25 06:47:40-0500,59.982,303053
2026-09-25 06:47:50-0500,59.982,303053
2026-09-25 06:48:00-0500,59.984,303053
2026-09-25 06:48:10-0500,59.982,303053
2026-09-25 06:48:20-0500,59.984,303053
2026-09-25 06:48:30-0500,59.986,303053
2026-09-25 06:48:40-0500,59.998,303053
2026-09-25 06:48:50-0500,60.011,303053
2026-09-25 06:49:00-0500,60.011,303053
2026-09-25 06:49:10-0500,59.981,303053
2026-09-25 06:49:20-0500,59.986,303053
2026-09-25 06:49:30-0500,59.985,303053
2026-09-25 06:49:40-0500,59.995,303053
2026-09-25 06:49:50-0500,59.993,303053
2026-09-25 06:50:00-0500,59.993,303053
2026-09-25 06:50:10-0500,59.984,303053
2026-09-25 06:50:20-0500,59.987,303053
2026-09-25 06:50:30-0500,59.991,303053
2026-09-25 06:50:40-0500,59.996,303053
2026-09-25 06:50:50-0500,59.989,303053
2026-09-25 06:51:00-0500,59.986,303053
2026-09-25 06:51:10-0500,59.988,303053
2026-09-25 06:51:20-0500,59.999,303053
2026-09-25 06:51:30-0500,60.016,303053
2026-09-25 06:51:40-0500,60.011,303053
2026-09-25 06:51:50-0500,60.003,303053
2026-09-25 06:52:00-0500,60.007,303053
2026-09-25 06:52:10-0500,60.014,303053
2026-09-25 06:52:20-0500,60.012,303053
2026-09-25 06:52:30-0500,60.004,303053
2026-09-25 06:52:40-0500,60.002,303053
2026-09-25 06:52:50-0500,60.007,303053
2026-09-25 06:53:00-0500,60.014,303053
2026-09-25 06:53:10-0500,60.009,303053
2026-09-25 06:53:20-0500,60.008,303053
2026-09-25 06:53:30-0500,60.002,303053
2026-09-25 06:53:40-0500,60.007,303053
2026-09-25 06:53:50-0500,60.012,303053
2026-09-25 06:54:00-0500,60.011,303053
2026-09-25 06:54:10-0500,59.991,303053
2026-09-25 06:54:20-0500,59.984,303053
2026-09-25 06:54:30-0500,59.986,303053
2026-09-25 06:54:40-0500,59.99,303053
2026-09-25 06:54:50-0500,60.002,303053
2026-09-25 06:55:00-0500,60,303053
2026-09-25 06:55:10-0500,60.004,303053
2026-09-25 06:55:20-0500,60.012,303053
2026-09-25 06:55:30-0500,60,303053
2026-09-25 06:55:40-0500,59.982,303053
2026-09-25 06:55:50-0500,59.982,303053
2026-09-25 06:56:00-0500,59.985,303053
2026-09-25 06:56:10-0500,59.991,303053
2026-09-25 06:56:20-0500,59.985,303053
2026-09-25 06:56:30-0500,59.99,303053
2026-09-25 06:56:40-0500,59.996,303053
2026-09-25 06:56:50-0500,59.997,303053
2026-09-25 06:57:00-0500,60.002,303053
2026-09-25 06:57:10-0500,60.011,303053
2026-09-25 06:57:20-0500,60.01,303053
2026-09-25 06:57:30-0500,60.002,303053
2026-09-25 06:57:40-0500,59.997,303053
2026-09-25 06:57:50-0500,60.012,303053
2026-09-25 06:58:00-0500,60.012,303053
2026-09-25 06:58:10-0500,60.014,303053
2026-09-25 06:58:20-0500,60.011,303053
2026-09-25 06:58:30-0500,59.997,303053
2026-09-25 06:58:40-0500,59.992,303053
2026-09-25 06:58:50-0500,59.998,303053
2026-09-25 06:59:00-0500,59.999,303053
2026-09-25 06:59:10-0500,60,303053
2026-09-25 06:59:20-0500,59.986,303053
2026-09-25 06:59:30-0500,60,303053
2026-09-25 06:59:40-0500,60.009,303053
2026-09-25 06:59:50-0500,60.013,303053
2026-09-25 07:00:00-0500,60.014,303053
2026-09-25 07:00:10-0500,59.992,303053
2026-09-25 07:00:20-0500,59.986,303053
2026-09-25 07:00:30-0500,59.984,303053
2026-09-25 07:00:40-0500,59.985,303053
2026-09-25 07:00:50-0500,59.986,303053
2026-09-25 07:01:00-0500,59.985,303053
2026-09-25 07:01:10-0500,59.986,303053
2026-09-25 07:01:20-0500,59.992,303053
2026-09-25 07:01:30-0500,60.001,303053
2026-09-25 07:01:40-0500,60,303053
2026-09-25 07:01:50-0500,60.013,303053
2026-09-25 07:02:00-0500,60.011,303053
2026-09-25 07:02:10-0500,60.009,303053
2026-09-25 07:02:20-0500,59.996,303053
2026-09-25 07:02:30-0500,59.982,303053
2026-09-25 07:02:40-0500,59.984,303053
2026-09-25 07:02:50-0500,59.986,303053
2026-09-25 07:03:00-0500,60,303053
2026-09-25 07:03:10-0500,60.011,303053
2026-09-25 07:03:20-0500,60.012,303053
2026-09-25 07:03:30-0500,60.016,303053
2026-09-25 07:03:40-0500,60.015,303053
2026-09-25 07:03:50-0500,60.013,303053
2026-09-25 07:04:00-0500,60.008,303053
2026-09-25 07:04:10-0500,59.99,303053
2026-09-25 07:04:20-0500,59.981,303053
2026-09-25 07:04:30-0500,59.982,303053
2026-09-25 07:04:40-0500,59.984,303053
2026-09-25 07:04:50-0500,59.984,303053
2026-09-25 07:05:00-0500,59.986,303053
2026-09-25 07:05:10-0500,59.983,303053
2026-09-25 07:05:20-0500,59.985,303053
2026-09-25 07:05:30-0500,60,303053
2026-09-25 07:05:40-0500,60.01,303053
2026-09-25 07:05:50-0500,60.011,303053
2026-09-25 07:06:00-0500,60.004,303053
2026-09-25 07:06:10-0500,60.004,303053
2026-09-25 07:06:20-0500,60.012,303053
2026-09-25 07:06:30-0500,60.004,303053
2026-09-25 07:06:40-0500,59.992,303053
2026-09-25 07:06:50-0500,59.987,303053
2026-09-25 07:07:00-0500,59.995,303053
2026-09-25 07:07:10-0500,60.005,303053
2026-09-25 07:07:20-0500,60.003,303053
2026-09-25 07:07:30-0500,60.017,303053
2026-09-25 07:07:40-0500,60.016,303053
2026-09-25 07:07:50-0500,60.016,303053
2026-09-25 07:08:00-0500,60.012,303053
2026-09-25 07:08:10-0500,60.008,303053
2026-09-25 07:08:20-0500,60.013,303053
2026-09-25 07:08:30-0500,60.013,303053
2026-09-25 07:08:40-0500,60.008,303053
2026-09-25 07:08:50-0500,59.985,303053
2026-09-25 07:09:00-0500,59.988,303053
2026-09-25 07:09:10-0500,59.989,303053
2026-09-25 07:09:20-0500,59.993,303053
2026-09-25 07:09:30-0500,59.996,303053
2026-09-25 07:09:40-0500,59.989,303053
2026-09-25 07:09:50-0500,59.988,303053
2026-09-25 07:10:00-0500,59.986,303053
2026-09-25 07:10:10-0500,60.014,303053
2026-09-25 07:10:20-0500,60.015,303053
2026-09-25 07:10:30-0500,60.016,303053
2026-09-25 07:10:40-0500,60.016,303053
2026-09-25 07:10:50-0500,60.014,303053
2026-09-25 07:11:00-0500,60.014,303053
2026-09-25 07:11:10-0500,60.012,303053
2026-09-25 07:11:20-0500,60.009,303053
2026-09-25 07:11:30-0500,60.011,303053
2026-09-25 07:11:40-0500,60.006,303053
2026-09-25 07:11:50-0500,59.988,303053
2026-09-25 07:12:00-0500,59.987,303053
2026-09-25 07:12:10-0500,59.995,303053
2026-09-25 07:12:20-0500,60.008,303053
2026-09-25 07:12:30-0500,60.004,303053
2026-09-25 07:12:40-0500,60,303053
2026-09-25 07:12:50-0500,59.994,303053
2026-09-25 07:13:00-0500,59.996,303053
2026-09-25 07:13:10-0500,59.986,303053
2026-09-25 07:13:20-0500,59.987,303053
2026-09-25 07:13:30-0500,59.997,303053
2026-09-25 07:13:40-0500,60.009,303053
2026-09-25 07:13:50-0500,60.014,303053
2026-09-25 07:14:00-0500,60.014,303053
2026-09-25 07:14:10-0500,60.003,303053
2026-09-25 07:14:20-0500,59.998,303053
2026-09-25 07:14:30-0500,59.986,303053
2026-09-25 07:14:40-0500,59.986,303053
2026-09-25 07:14:50-0500,59.987,303053
2026-09-25 07:15:00-0500,60.017,303053
2026-09-25 07:15:10-0500,60.012,303053
2026-09-25 07:15:20-0500,60.011,303053
2026-09-25 07:15:30-0500,60.012,303053
2026-09-25 07:15:40-0500,60.005,303053
2026-09-25 07:15:50-0500,59.998,303053
2026-09-25 07:16:00-0500,60,303053
2026-09-25 07:16:10-0500,60.004,303053
2026-09-25 07:16:20-0500,59.983,303053
2026-09-25 07:16:30-0500,59.987,303053
2026-09-25 07:16:40-0500,59.988,303053
2026-09-25 07:16:50-0500,60.005,303053
2026-09-25 07:17:00-0500,60.004,303053
2026-09-25 07:17:10-0500,59.998,303053
2026-09-25 07:17:20-0500,60,303053
2026-09-25 07:17:30-0500,59.993,303053
2026-09-25 07:17:40-0500,59.989,303053
2026-09-25 07:17:50-0500,59.984,303053
2026-09-25 07:18:00-0500,59.986,303053
2026-09-25 07:18:10-0500,59.992,303053
2026-09-25 07:18:20-0500,59.997,303053
2026-09-25 07:18:30-0500,59.988,303053
2026-09-25 07:18:40-0500,59.99,303053
2026-09-25 07:18:50-0500,59.996,303053
2026-09-25 07:19:00-0500,60,303053
2026-09-25 07:19:10-0500,60.017,303053
2026-09-25 07:19:20-0500,60.016,303053
2026-09-25 07:19:30-0500,60.017,303053
2026-09-25 07:19:40-0500,60.016,303053
2026-09-25 07:19:50-0500,60.015,303083
2026-09-25 07:20:00-0500,60.012,303083
2026-09-25 07:20:10-0500,60.006,303083
2026-09-25 07:20:20-0500,60.012,303083
2026-09-25 07:20:30-0500,59.999,303083
2026-09-25 07:20:40-0500,59.987,303083
2026-09-25 07:20:50-0500,59.988,303083
2026-09-25 07:21:00-0500,59.992,303083
2026-09-25 07:21:10-0500,59.985,303083
2026-09-25 07:21:20-0500,59.985,303083
2026-09-25 07:21:30-0500,59.989,303083
2026-09-25 07:21:40-0500,59.998,303083
2026-09-25 07:21:50-0500,60,303083
2026-09-25 07:22:00-0500,59.992,303083
2026-09-25 07:22:10-0500,60.006,303083
2026-09-25 07:22:20-0500,60.007,303083
2026-09-25 07:22:30-0500,60.005,303083
2026-09-25 07:22:40-0500,59.989,303083
2026-09-25 07:22:50-0500,59.997,303083
2026-09-25 07:23:00-0500,60.002,303083
2026-09-25 07:23:10-0500,60.002,303083
2026-09-25 07:23:20-0500,59.981,303083
2026-09-25 07:23:30-0500,59.986,303083
2026-09-25 07:23:40-0500,59.988,303083
2026-09-25 07:23:50-0500,59.999,303083
2026-09-25 07:24:00-0500,59.989,304819
2026-09-25 07:24:10-0500,59.99,304819
2026-09-25 07:24:20-0500,59.989,304819
2026-09-25 07:24:30-0500,60.016,304819
2026-09-25 07:24:40-0500,60.013,304819
2026-09-25 07:24:50-0500,60.008,304819
2026-09-25 07:25:00-0500,60.013,304819
2026-09-25 07:25:10-0500,60.013,304819
2026-09-25 07:25:20-0500,60.007,304819
2026-09-25 07:25:30-0500,60.006,304819
2026-09-25 07:25:40-0500,60.01,304819
2026-09-25 07:25:50-0500,60.016,304819
2026-09-25 07:26:00-0500,60.016,304819
2026-09-25 07:26:10-0500,60.007,304819
2026-09-25 07:26:20-0500,60.001,304819
2026-09-25 07:26:30-0500,60.004,304819
2026-09-25 07:26:40-0500,60.016,304819
2026-09-25 07:26:50-0500,60.015,304819
2026-09-25 07:27:00-0500,60.004,304819
2026-09-25 07:27:10-0500,59.987,304819
2026-09-25 07:27:20-0500,59.99,304819
2026-09-25 07:27:30-0500,59.991,304819
2026-09-25 07:27:40-0500,59.998,304819
2026-09-25 07:27:50-0500,60.014,304819
2026-09-25 07:28:00-0500,60.016,304819
2026-09-25 07:28:10-0500,60.012,304819
2026-09-25 07:28:20-0500,60.013,304819
2026-09-25 07:28:30-0500,60.007,304819
2026-09-25 07:28:40-0500,60.014,304819
2026-09-25 07:28:50-0500,60.013,304819
2026-09-25 07:29:00-0500,60.012,304819
2026-09-25 07:29:10-0500,59.993,304819
2026-09-25 07:29:20-0500,59.987,304819
2026-09-25 07:29:30-0500,59.997,304819
2026-09-25 07:29:40-0500,60.003,304819
2026-09-25 07:29:50-0500,60.007,304819
2026-09-25 07:30:00-0500,60,304819
2026-09-25 07:30:10-0500,60.008,304819
2026-09-25 07:30:20-0500,60.005,304819
2026-09-25 07:30:30-0500,59.995,304819
2026-09-25 07:30:40-0500,59.99,304819
2026-09-25 07:30:50-0500,59.997,304819
2026-09-25 07:31:00-0500,59.996,304819
2026-09-25 07:31:10-0500,59.997,304819
2026-09-25 07:31:20-0500,60.003,304819
2026-09-25 07:31:30-0500,60.007,304819
2026-09-25 07:31:40-0500,60.012,304819
2026-09-25 07:31:50-0500,60.011,304819
2026-09-25 07:32:00-0500,59.989,304819
2026-09-25 07:32:10-0500,59.986,304819
2026-09-25 07:32:20-0500,59.995,304819
2026-09-25 07:32:30-0500,60.015,304819
2026-09-25 07:32:40-0500,60.013,304819
2026-09-25 07:32:50-0500,60.013,304819
2026-09-25 07:33:00-0500,60.003,304819
2026-09-25 07:33:10-0500,60.017,304819
2026-09-25 07:33:20-0500,60.012,304819
2026-09-25 07:33:30-0500,60.002,304819
2026-09-25 07:33:40-0500,59.98,304819
2026-09-25 07:33:50-0500,59.981,304819
2026-09-25 07:34:00-0500,59.981,304819
2026-09-25 07:34:10-0500,59.981,304819
2026-09-25 07:34:20-0500,59.982,304819
2026-09-25 07:34:30-0500,59.982,304819
2026-09-25 07:34:40-0500,59.983,304819
2026-09-25 07:34:50-0500,59.982,304819
2026-09-25 07:35:00-0500,59.983,304819
2026-09-25 07:35:10-0500,59.987,304819
2026-09-25 07:35:20-0500,59.988,304819
2026-09-25 07:35:30-0500,59.997,304819
2026-09-25 07:35:40-0500,60.001,304819
2026-09-25 07:35:50-0500,60,304819
2026-09-25 07:36:00-0500,59.984,304819
2026-09-25 07:36:10-0500,59.99,304819
2026-09-25 07:36:20-0500,59.987,304819
2026-09-25 07:36:30-0500,59.985,304819
2026-09-25 07:36:40-0500,59.984,304819
2026-09-25 07:36:50-0500,59.987,304819
2026-09-25 07:37:00-0500,60.002,304819
2026-09-25 07:37:10-0500,60.008,304819
2026-09-25 07:37:20-0500,60.008,304819
2026-09-25 07:37:30-0500,60.012,304819
2026-09-25 07:37:40-0500,60.012,304819
2026-09-25 07:37:50-0500,60.014,304819
2026-09-25 07:38:00-0500,60.015,304819
2026-09-25 07:38:10-0500,60.015,304819
2026-09-25 07:38:20-0500,60.013,304819
2026-09-25 07:38:30-0500,60.013,304819
2026-09-25 07:38:40-0500,60.015,304819
2026-09-25 07:38:50-0500,60.008,304819
2026-09-25 07:39:00-0500,60.008,304819
2026-09-25 07:39:10-0500,60.006,304819
2026-09-25 07:39:20-0500,59.998,304819
2026-09-25 07:39:30-0500,59.988,304819
2026-09-25 07:39:40-0500,59.986,304819
2026-09-25 07:39:50-0500,59.993,304819
2026-09-25 07:40:00-0500,60.015,304819
2026-09-25 07:40:10-0500,60.017,304819
2026-09-25 07:40:20-0500,60.015,304819
2026-09-25 07:40:30-0500,60.016,304819
2026-09-25 07:40:40-0500,60.012,304819
2026-09-25 07:40:50-0500,60.016,304819
2026-09-25 07:41:00-0500,60.017,304819
2026-09-25 07:41:10-0500,60.014,304819
2026-09-25 07:41:20-0500,60.016,304819
2026-09-25 07:41:30-0500,60.002,304819
2026-09-25 07:41:40-0500,60.017,304819
2026-09-25 07:41:50-0500,60.015,304819
2026-09-25 07:42:00-0500,60.012,304819
2026-09-25 07:42:10-0500,60.001,304819
2026-09-25 07:42:20-0500,59.985,304819
2026-09-25 07:42:30-0500,59.986,304819
2026-09-25 07:42:40-0500,59.983,304819
2026-09-25 07:42:50-0500,59.985,304819
2026-09-25 07:43:00-0500,59.984,304819
2026-09-25 07:43:10-0500,59.984,304819
2026-09-25 07:43:20-0500,59.99,304819
2026-09-25 07:43:30-0500,59.995,304819
2026-09-25 07:43:40-0500,60.01,304819
2026-09-25 07:43:50-0500,60.016,304819
2026-09-25 07:44:00-0500,60.014,304819
2026-09-25 07:44:10-0500,60.007,304819
2026-09-25 07:44:20-0500,60.011,304819
2026-09-25 07:44:30-0500,59.982,304819
2026-09-25 07:44:40-0500,59.989,304819
2026-09-25 07:44:50-0500,60.004,304819
2026-09-25 07:45:00-0500,60.012,304819
2026-09-25 07:45:10-0500,60.002,304819
2026-09-25 07:45:20-0500,60.01,304819
2026-09-25 07:45:30-0500,60.015,304819
2026-09-25 07:45:40-0500,60.015,304819
2026-09-25 07:45:50-0500,60.006,304819
2026-09-25 07:46:00-0500,59.988,304819
2026-09-25 07:46:10-0500,59.994,304819
2026-09-25 07:46:20-0500,60.014,304819
2026-09-25 07:46:30-0500,60.016,304819
2026-09-25 07:46:40-0500,60.011,304819
2026-09-25 07:46:50-0500,60.009,304819
2026-09-25 07:47:00-0500,60.015,304819
2026-09-25 07:47:10-0500,60.013,304819
2026-09-25 07:47:20-0500,60.002,304819
2026-09-25 07:47:30-0500,59.988,304819
2026-09-25 07:47:40-0500,59.986,304819
2026-09-25 07:47:50-0500,59.991,304819
2026-09-25 07:48:00-0500,59.986,304819
2026-09-25 07:48:10-0500,59.982,304819
2026-09-25 07:48:20-0500,59.984,304819
2026-09-25 07:48:30-0500,59.986,304819
2026-09-25 07:48:40-0500,59.985,304819
2026-09-25 07:48:50-0500,59.984,304819
2026-09-25 07:49:00-0500,59.989,304819
2026-09-25 07:49:10-0500,59.989,304819
2026-09-25 07:49:20-0500,59.995,304819
2026-09-25 07:49:30-0500,59.984,304819
2026-09-25 07:49:40-0500,59.985,304819
2026-09-25 07:49:50-0500,59.994,304819
2026-09-25 07:50:00-0500,60,304819
2026-09-25 07:50:10-0500,60.003,304819
2026-09-25 07:50:20-0500,60.004,304819
2026-09-25 07:50:30-0500,60.012,304819
2026-09-25 07:50:40-0500,60.015,304819
2026-09-25 07:50:50-0500,60.008,304819
2026-09-25 07:51:00-0500,60.005,304819
2026-09-25 07:51:10-0500,60.015,304819
2026-09-25 07:51:20-0500,60.014,304819
2026-09-25 07:51:30-0500,60.003,304819
2026-09-25 07:51:40-0500,60.003,304819
2026-09-25 07:51:50-0500,60.005,304819
2026-09-25 07:52:00-0500,60.015,304819
2026-09-25 07:52:10-0500,60.013,304819
2026-09-25 07:52:20-0500,59.997,304819
2026-09-25 07:52:30-0500,59.986,304819
2026-09-25 07:52:40-0500,59.988,304819
2026-09-25 07:52:50-0500,59.994,304819
2026-09-25 07:53:00-0500,59.999,304819
2026-09-25 07:53:10-0500,59.987,304819
2026-09-25 07:53:20-0500,59.99,304819
2026-09-25 07:53:30-0500,59.999,304819
2026-09-25 07:53:40-0500,59.995,304819
2026-09-25 07:53:50-0500,59.989,304819
2026-09-25 07:54:00-0500,59.986,304819
2026-09-25 07:54:10-0500,59.988,304819
2026-09-25 07:54:20-0500,59.991,304819
2026-09-25 07:54:30-0500,59.987,304819
2026-09-25 07:54:40-0500,59.985,304819
2026-09-25 07:54:50-0500,59.991,304819
2026-09-25 07:55:00-0500,60.002,304819
2026-09-25 07:55:10-0500,60.015,304819
2026-09-25 07:55:20-0500,60.016,304819
2026-09-25 07:55:30-0500,60.016,304819
2026-09-25 07:55:40-0500,60.012,304819
2026-09-25 07:55:50-0500,60.014,304819
2026-09-25 07:56:00-0500,60.015,304819
2026-09-25 07:56:10-0500,60.013,304819
2026-09-25 07:56:20-0500,60.003,304819
2026-09-25 07:56:30-0500,60.011,304819
2026-09-25 07:56:40-0500,60.014,304819
2026-09-25 07:56:50-0500,60.001,304819
2026-09-25 07:57:00-0500,59.99,304819
2026-09-25 07:57:10-0500,59.986,304819
2026-09-25 07:57:20-0500,59.991,304819
2026-09-25 07:57:30-0500,60.009,304819
2026-09-25 07:57:40-0500,60.006,304819
2026-09-25 07:57:50-0500,60.016,304819
2026-09-25 07:58:00-0500,60.015,304819
2026-09-25 07:58:10-0500,60.015,304819
2026-09-25 07:58:20-0500,60.012,304819
2026-09-25 07:58:30-0500,60.006,304819
2026-09-25 07:58:40-0500,60.001,304819
2026-09-25 07:58:50-0500,59.997,304819
2026-09-25 07:59:00-0500,59.992,304819
2026-09-25 07:59:10-0500,59.982,304819
2026-09-25 07:59:20-0500,59.985,304819
2026-09-25 07:59:30-0500,59.986,304819
2026-09-25 07:59:40-0500,59.984,304819
2026-09-25 07:59:50-0500,59.984,304819
2026-09-25 08:00:00-0500,59.985,304819
2026-09-25 08:00:10-0500,59.985,304819
2026-09-25 08:00:20-0500,59.985,304819
2026-09-25 08:00:30-0500,59.986,304819
2026-09-25 08:00:40-0500,59.995,304819
2026-09-25 08:00:50-0500,60.011,304819
2026-09-25 08:01:00-0500,60.009,304819
2026-09-25 08:01:10-0500,60.012,304819
2026-09-25 08:01:20-0500,60.01,304819
2026-09-25 08:01:30-0500,60.007,304819
2026-09-25 08:01:40-0500,59.995,304819
2026-09-25 08:01:50-0500,59.985,304819
2026-09-25 08:02:00-0500,59.988,304819
2026-09-25 08:02:10-0500,59.988,304819
2026-09-25 08:02:20-0500,59.984,304819
2026-09-25 08:02:30-0500,59.986,304819
2026-09-25 08:02:40-0500,59.987,304819
2026-09-25 08:02:50-0500,59.984,304819
2026-09-25 08:03:00-0500,59.982,304819
2026-09-25 08:03:10-0500,59.981,304819
2026-09-25 08:03:20-0500,59.982,304819
2026-09-25 08:03:30-0500,59.982,304819
2026-09-25 08:03:40-0500,59.982,304819
2026-09-25 08:03:50-0500,59.985,304819
2026-09-25 08:04:00-0500,59.983,304819
2026-09-25 08:04:10-0500,59.984,304819
2026-09-25 08:04:20-0500,59.986,304819
2026-09-25 08:04:30-0500,59.989,304819
2026-09-25 08:04:40-0500,59.987,304819
2026-09-25 08:04:50-0500,59.992,304819
2026-09-25 08:05:00-0500,59.995,304819
2026-09-25 08:05:10-0500,60.002,304819
2026-09-25 08:05:20-0500,60.016,304819
2026-09-25 08:05:30-0500,60.008,304819
2026-09-25 08:05:40-0500,60.015,304819
2026-09-25 08:05:50-0500,60.016,304819
2026-09-25 08:06:00-0500,60.015,304819
2026-09-25 08:06:10-0500,60.013,304819
2026-09-25 08:06:20-0500,60.012,304819
2026-09-25 08:06:30-0500,60.009,304819
2026-09-25 08:06:40-0500,60.006,304819
2026-09-25 08:06:50-0500,60.013,304819
2026-09-25 08:07:00-0500,60.013,304819
2026-09-25 08:07:10-0500,59.995,304819
2026-09-25 08:07:20-0500,59.986,304819
2026-09-25 08:07:30-0500,60.007,304819
2026-09-25 08:07:40-0500,60.003,304819
2026-09-25 08:07:50-0500,59.996,304819
2026-09-25 08:08:00-0500,59.989,304819
2026-09-25 08:08:10-0500,60.005,304819
2026-09-25 08:08:20-0500,59.993,304819
2026-09-25 08:08:30-0500,59.993,304739
2026-09-25 08:08:40-0500,59.988,304739
2026-09-25 08:08:50-0500,59.984,304739
2026-09-25 08:09:00-0500,59.984,304739
2026-09-25 08:09:10-0500,59.983,304739
2026-09-25 08:09:20-0500,59.982,304739
2026-09-25 08:09:30-0500,59.984,304739
2026-09-25 08:09:40-0500,59.986,304739
2026-09-25 08:09:50-0500,59.987,304739
2026-09-25 08:10:00-0500,60,304739
2026-09-25 08:10:10-0500,60.007,304739
2026-09-25 08:10:20-0500,60.013,304739
2026-09-25 08:10:30-0500,60.014,304739
2026-09-25 08:10:40-0500,60.011,304739
2026-09-25 08:10:50-0500,60.013,304739
2026-09-25 08:11:00-0500,60.006,304739
2026-09-25 08:11:10-0500,59.984,304739
2026-09-25 08:11:20-0500,59.984,304739
2026-09-25 08:11:30-0500,59.984,304739
2026-09-25 08:11:40-0500,59.984,304739
2026-09-25 08:11:50-0500,59.984,304739
2026-09-25 08:12:00-0500,59.983,304739
2026-09-25 08:12:10-0500,59.983,304739
2026-09-25 08:12:20-0500,59.985,304739
2026-09-25 08:12:30-0500,59.985,304739
2026-09-25 08:12:40-0500,59.986,304739
2026-09-25 08:12:50-0500,59.996,304739
2026-09-25 08:13:00-0500,59.996,304739
2026-09-25 08:13:10-0500,59.984,304739
2026-09-25 08:13:20-0500,59.984,304739
2026-09-25 08:13:30-0500,59.988,304739
2026-09-25 08:13:40-0500,59.987,304739
2026-09-25 08:13:50-0500,59.998,304739
2026-09-25 08:14:00-0500,60.015,304739
2026-09-25 08:14:10-0500,60,304739
2026-09-25 08:14:20-0500,59.999,304674
2026-09-25 08:14:30-0500,60.001,304674
2026-09-25 08:14:40-0500,59.994,304674
2026-09-25 08:14:50-0500,59.995,304674
2026-09-25 08:15:00-0500,60.015,304674
2026-09-25 08:15:10-0500,60.014,304674
2026-09-25 08:15:20-0500,60.016,304674
2026-09-25 08:15:30-0500,60.015,304674
2026-09-25 08:15:40-0500,60.017,304674
2026-09-25 08:15:50-0500,60.016,304674
2026-09-25 08:16:00-0500,60.015,304674
2026-09-25 08:16:10-0500,60.015,304674
2026-09-25 08:16:20-0500,60.014,304674
2026-09-25 08:16:30-0500,60.005,304674
2026-09-25 08:16:40-0500,59.998,304674
2026-09-25 08:16:50-0500,59.992,304674
2026-09-25 08:17:00-0500,59.993,304674
2026-09-25 08:17:10-0500,59.993,304674
2026-09-25 08:17:20-0500,59.987,304674
2026-09-25 08:17:30-0500,59.985,304674
2026-09-25 08:17:40-0500,59.987,304674
2026-09-25 08:17:50-0500,60.002,304674
2026-09-25 08:18:00-0500,60.012,304674
2026-09-25 08:18:10-0500,59.989,304674
2026-09-25 08:18:20-0500,59.987,304674
2026-09-25 08:18:30-0500,59.986,304674
2026-09-25 08:18:40-0500,59.997,304674
2026-09-25 08:18:50-0500,60.008,304674
2026-09-25 08:19:00-0500,59.998,304520
2026-09-25 08:19:10-0500,59.989,304346
2026-09-25 08:19:20-0500,59.99,304346
2026-09-25 08:19:30-0500,59.988,304346
2026-09-25 08:19:40-0500,59.986,304129
2026-09-25 08:19:50-0500,59.995,304129
2026-09-25 08:20:00-0500,60.005,304129
2026-09-25 08:20:10-0500,60.014,304129
2026-09-25 08:20:20-0500,60.018,304129
2026-09-25 08:20:30-0500,60.018,304129
2026-09-25 08:20:40-0500,60.016,304129
2026-09-25 08:20:50-0500,60.009,304129
2026-09-25 08:21:00-0500,60,304129
2026-09-25 08:21:10-0500,59.987,304129
2026-09-25 08:21:20-0500,59.989,304129
2026-09-25 08:21:30-0500,59.991,304129
2026-09-25 08:21:40-0500,59.993,304129
2026-09-25 08:21:50-0500,60.002,304129
2026-09-25 08:22:00-0500,60.011,304129
2026-09-25 08:22:10-0500,60.001,304129
2026-09-25 08:22:20-0500,59.994,304129
2026-09-25 08:22:30-0500,59.987,304129
2026-09-25 08:22:40-0500,59.986,304129
2026-09-25 08:22:50-0500,60.009,304112
2026-09-25 08:23:00-0500,60.018,304112
2026-09-25 08:23:10-0500,60.016,304112
2026-09-25 08:23:20-0500,60.013,304112
2026-09-25 08:23:30-0500,60.016,304047
2026-09-25 08:23:40-0500,60.009,304047
2026-09-25 08:23:50-0500,60.007,304047
2026-09-25 08:24:00-0500,60.01,304047
2026-09-25 08:24:10-0500,60.002,304047
2026-09-25 08:24:20-0500,60.016,303967
2026-09-25 08:24:30-0500,60.015,303967
2026-09-25 08:24:40-0500,60.014,303967
2026-09-25 08:24:50-0500,60.014,303967
2026-09-25 08:25:00-0500,60.014,303967
2026-09-25 08:25:10-0500,60.012,303967
2026-09-25 08:25:20-0500,60.015,303953
2026-09-25 08:25:30-0500,60.016,303953
2026-09-25 08:25:40-0500,60.017,303939
2026-09-25 08:25:50-0500,60.017,303939
2026-09-25 08:26:00-0500,60.017,303939
2026-09-25 08:26:10-0500,60.017,303939
2026-09-25 08:26:20-0500,60.016,303939
2026-09-25 08:26:30-0500,60.013,303939
2026-09-25 08:26:40-0500,60.016,303939
2026-09-25 08:26:50-0500,60.013,303939
2026-09-25 08:27:00-0500,60.012,303939
2026-09-25 08:27:10-0500,60,303939
2026-09-25 08:27:20-0500,59.989,303921
2026-09-25 08:27:30-0500,59.99,303921
2026-09-25 08:27:40-0500,59.987,303921
2026-09-25 08:27:50-0500,59.998,303837
2026-09-25 08:28:00-0500,59.993,303837
2026-09-25 08:28:10-0500,59.986,303837
2026-09-25 08:28:20-0500,59.987,303837
2026-09-25 08:28:30-0500,60,303824
2026-09-25 08:28:40-0500,60.013,303824
2026-09-25 08:28:50-0500,60.006,303824
2026-09-25 08:29:00-0500,60.004,303824
2026-09-25 08:29:10-0500,60,303824
2026-09-25 08:29:20-0500,59.985,303824
2026-09-25 08:29:30-0500,59.983,303824
2026-09-25 08:29:40-0500,59.987,303824
2026-09-25 08:29:50-0500,60.016,303824
2026-09-25 08:30:00-0500,60.015,303824
2026-09-25 08:30:10-0500,60.003,303824
2026-09-25 08:30:20-0500,59.981,303824
2026-09-25 08:30:30-0500,59.988,303824
2026-09-25 08:30:40-0500,60.001,303824
2026-09-25 08:30:50-0500,60.014,303824
2026-09-25 08:31:00-0500,60.013,303824
2026-09-25 08:31:10-0500,60.013,303824
2026-09-25 08:31:20-0500,60.014,303824
2026-09-25 08:31:30-0500,60.005,303824
2026-09-25 08:31:40-0500,60.002,303824
2026-09-25 08:31:50-0500,60.005,303824
2026-09-25 08:32:00-0500,60.009,303824
2026-09-25 08:32:10-0500,59.994,303824
2026-09-25 08:32:20-0500,59.987,303824
2026-09-25 08:32:30-0500,60.008,303824
2026-09-25 08:32:40-0500,60.014,303824
2026-09-25 08:32:50-0500,60.01,303824
2026-09-25 08:33:00-0500,59.993,303824
2026-09-25 08:33:10-0500,59.986,303824
2026-09-25 08:33:20-0500,59.989,303824
2026-09-25 08:33:30-0500,59.99,303824
2026-09-25 08:33:40-0500,59.996,303824
2026-09-25 08:33:50-0500,60.003,303824
2026-09-25 08:34:00-0500,60.004,303824
2026-09-25 08:34:10-0500,60.006,303824
2026-09-25 08:34:20-0500,60.009,303824
2026-09-25 08:34:30-0500,60.005,303824
2026-09-25 08:34:40-0500,60.015,303824
2026-09-25 08:34:50-0500,60.016,303824
2026-09-25 08:35:00-0500,60.015,303824
2026-09-25 08:35:10-0500,60.017,303824
2026-09-25 08:35:20-0500,60.017,303824
2026-09-25 08:35:30-0500,60.019,303824
2026-09-25 08:35:40-0500,60.017,303824
2026-09-25 08:35:50-0500,60.016,303824
2026-09-25 08:36:00-0500,60.016,303824
2026-09-25 08:36:10-0500,60.016,303824
2026-09-25 08:36:20-0500,60.016,303824
2026-09-25 08:36:30-0500,60.02,303824
2026-09-25 08:36:40-0500,60.017,303824
2026-09-25 08:36:50-0500,60.017,303824
2026-09-25 08:37:00-0500,60.018,303824
2026-09-25 08:37:10-0500,60.017,303824
2026-09-25 08:37:20-0500,60.017,303824
2026-09-25 08:37:30-0500,60.011,303824
2026-09-25 08:37:40-0500,60.015,303824
2026-09-25 08:37:50-0500,60.018,303824
2026-09-25 08:38:00-0500,60.016,303824
2026-09-25 08:38:10-0500,60.017,303824
2026-09-25 08:38:20-0500,60.016,303824
2026-09-25 08:38:30-0500,60.013,303824
2026-09-25 08:38:40-0500,60.019,303824
2026-09-25 08:38:50-0500,60.017,303824
2026-09-25 08:39:00-0500,60.017,303824
2026-09-25 08:39:10-0500,60.005,303824
2026-09-25 08:39:20-0500,60.006,303824
2026-09-25 08:39:30-0500,60.016,303824
2026-09-25 08:39:40-0500,60.012,303824
2026-09-25 08:39:50-0500,60.012,303824
2026-09-25 08:40:00-0500,60.015,303824
2026-09-25 08:40:10-0500,60.009,303824
2026-09-25 08:40:20-0500,60.015,303824
2026-09-25 08:40:30-0500,60.016,303824
2026-09-25 08:40:40-0500,60.017,303824
2026-09-25 08:40:50-0500,60.016,303824
2026-09-25 08:41:00-0500,60.016,303824
2026-09-25 08:41:10-0500,60.017,303824
2026-09-25 08:41:20-0500,60.016,303824
2026-09-25 08:41:30-0500,60.018,303824
2026-09-25 08:41:40-0500,60.015,303824
2026-09-25 08:41:50-0500,60.011,303824
2026-09-25 08:42:00-0500,60.012,303824
2026-09-25 08:42:10-0500,60.015,303824
2026-09-25 08:42:20-0500,60.016,303824
2026-09-25 08:42:30-0500,60.017,303824
2026-09-25 08:42:40-0500,60.016,303824
2026-09-25 08:42:50-0500,60.017,303824
2026-09-25 08:43:00-0500,60.012,303824
2026-09-25 08:43:10-0500,60.013,303824
2026-09-25 08:43:20-0500,60.015,303824
2026-09-25 08:43:30-0500,60.016,303824
2026-09-25 08:43:40-0500,60.018,303824
2026-09-25 08:43:50-0500,60.016,303824
2026-09-25 08:44:00-0500,60.016,303824
2026-09-25 08:44:10-0500,60.015,303824
2026-09-25 08:44:20-0500,60.013,303824
2026-09-25 08:44:30-0500,60.016,303824
2026-09-25 08:44:40-0500,60.016,303824
2026-09-25 08:44:50-0500,60.016,303824
2026-09-25 08:45:00-0500,60.018,303824
2026-09-25 08:45:10-0500,60.015,303824
2026-09-25 08:45:20-0500,60.017,303824
2026-09-25 08:45:30-0500,60.017,303824
2026-09-25 08:45:40-0500,60.016,303824
2026-09-25 08:45:50-0500,60.017,303824
2026-09-25 08:46:00-0500,60.015,303824
2026-09-25 08:46:10-0500,60.017,303824
2026-09-25 08:46:20-0500,60.013,303824
2026-09-25 08:46:30-0500,60.013,303824
2026-09-25 08:46:40-0500,60.013,303824
2026-09-25 08:46:50-0500,60.016,303824
2026-09-25 08:47:00-0500,60.014,303824
2026-09-25 08:47:10-0500,60.013,303824
2026-09-25 08:47:20-0500,60.012,303824
2026-09-25 08:47:30-0500,60.011,303824
2026-09-25 08:47:40-0500,60.014,303824
2026-09-25 08:47:50-0500,60.013,303824
2026-09-25 08:48:00-0500,60.014,303824
2026-09-25 08:48:10-0500,60.001,303824
2026-09-25 08:48:20-0500,60.003,303824
2026-09-25 08:48:30-0500,60.017,303824
2026-09-25 08:48:40-0500,60.016,303824
2026-09-25 08:48:50-0500,60.013,303824
2026-09-25 08:49:00-0500,60.016,303824
2026-09-25 08:49:10-0500,60.014,303824
2026-09-25 08:49:20-0500,60.01,303824
2026-09-25 08:49:30-0500,60.014,303824
2026-09-25 08:49:40-0500,60.013,303824
2026-09-25 08:49:50-0500,60.001,303824
2026-09-25 08:50:00-0500,59.991,303824
2026-09-25 08:50:10-0500,60.003,303824
2026-09-25 08:50:20-0500,60.017,303824
2026-09-25 08:50:30-0500,60.015,303824
2026-09-25 08:50:40-0500,60.013,303824
2026-09-25 08:50:50-0500,60.013,303824
2026-09-25 08:51:00-0500,60.01,303824
2026-09-25 08:51:10-0500,60,303824
2026-09-25 08:51:20-0500,59.995,303824
2026-09-25 08:51:30-0500,59.998,303824
2026-09-25 08:51:40-0500,59.99,303824
2026-09-25 08:51:50-0500,59.985,303824
2026-09-25 08:52:00-0500,59.986,303824
2026-09-25 08:52:10-0500,59.995,303824
2026-09-25 08:52:20-0500,60.003,303824
2026-09-25 08:52:30-0500,60.009,303824
2026-09-25 08:52:40-0500,60.015,303824
2026-09-25 08:52:50-0500,60.015,303824
2026-09-25 08:53:00-0500,60.004,303824
2026-09-25 08:53:10-0500,60.005,303824
2026-09-25 08:53:20-0500,60.01,303824
2026-09-25 08:53:30-0500,60.015,303824
2026-09-25 08:53:40-0500,60.016,303824
2026-09-25 08:53:50-0500,60.01,303824
2026-09-25 08:54:00-0500,60.016,303824
2026-09-25 08:54:10-0500,60.014,303824
2026-09-25 08:54:20-0500,60.013,303824
2026-09-25 08:54:30-0500,60.015,303824
2026-09-25 08:54:40-0500,60.015,303824
2026-09-25 08:54:50-0500,60.015,303824
2026-09-25 08:55:00-0500,60.013,303824
2026-09-25 08:55:10-0500,60.007,303824
2026-09-25 08:55:20-0500,60.002,303824
2026-09-25 08:55:30-0500,60.014,303824
2026-09-25 08:55:40-0500,60.015,303824
2026-09-25 08:55:50-0500,60.015,303824
2026-09-25 08:56:00-0500,60.014,303824
2026-09-25 08:56:10-0500,60.01,303824
2026-09-25 08:56:20-0500,60.012,303824
2026-09-25 08:56:30-0500,60.013,303824
2026-09-25 08:56:40-0500,60.013,303824
2026-09-25 08:56:50-0500,60.015,303824
2026-09-25 08:57:00-0500,60.013,303824
2026-09-25 08:57:10-0500,59.994,303824
2026-09-25 08:57:20-0500,59.985,303824
2026-09-25 08:57:30-0500,59.984,303824
2026-09-25 08:57:40-0500,59.987,303824
2026-09-25 08:57:50-0500,59.988,303824
2026-09-25 08:58:00-0500,59.99,303824
2026-09-25 08:58:10-0500,59.986,303824
2026-09-25 08:58:20-0500,59.985,303824
2026-09-25 08:58:30-0500,60.015,303824
2026-09-25 08:58:40-0500,60.014,303824
2026-09-25 08:58:50-0500,60.012,303824
2026-09-25 08:59:00-0500,60.008,303824
2026-09-25 08:59:10-0500,60.01,303824
2026-09-25 08:59:20-0500,60.007,303824
2026-09-25 08:59:30-0500,60.01,303824
2026-09-25 08:59:40-0500,60.006,303824
2026-09-25 08:59:50-0500,60.011,303824
2026-09-25 09:00:00-0500,60.015,303824
2026-09-25 09:00:10-0500,60.009,303824
2026-09-25 09:00:20-0500,60.007,303824
2026-09-25 09:00:30-0500,60.005,303824
2026-09-25 09:00:40-0500,59.999,303824
2026-09-25 09:00:50-0500,60.014,303824
2026-09-25 09:01:00-0500,60.015,303824
2026-09-25 09:01:10-0500,60.011,303824
2026-09-25 09:01:20-0500,60.01,303824
2026-09-25 09:01:30-0500,60.015,303824
2026-09-25 09:01:40-0500,60.012,303824
2026-09-25 09:01:50-0500,60.013,303824
2026-09-25 09:02:00-0500,60.009,303824
2026-09-25 09:02:10-0500,60.013,303824
2026-09-25 09:02:20-0500,60.017,303824
2026-09-25 09:02:30-0500,60.016,303824
2026-09-25 09:02:40-0500,60.014,303824
2026-09-25 09:02:50-0500,60.014,304466
2026-09-25 09:03:00-0500,60.015,304466
2026-09-25 09:03:10-0500,60.015,304466
2026-09-25 09:03:20-0500,60.016,304466
2026-09-25 09:03:30-0500,60.015,304466
2026-09-25 09:03:40-0500,60.014,304466
2026-09-25 09:03:50-0500,60.016,304466
2026-09-25 09:04:00-0500,60.015,304466
2026-09-25 09:04:10-0500,60.016,304466
2026-09-25 09:04:20-0500,60.015,304466
2026-09-25 09:04:30-0500,60.015,304466
2026-09-25 09:04:40-0500,60.016,304466
2026-09-25 09:04:50-0500,60.015,304466
2026-09-25 09:05:00-0500,60.017,304466
2026-09-25 09:05:10-0500,60.017,304466
2026-09-25 09:05:20-0500,60.016,304466
2026-09-25 09:05:30-0500,60.015,304466
2026-09-25 09:05:40-0500,60.018,304466
2026-09-25 09:05:50-0500,60.018,304466
2026-09-25 09:06:00-0500,60.015,304466
2026-09-25 09:06:10-0500,60.017,304466
2026-09-25 09:06:20-0500,60.018,304466
2026-09-25 09:06:30-0500,60.016,304466
2026-09-25 09:06:40-0500,60.014,304466
2026-09-25 09:06:50-0500,60.016,304466
2026-09-25 09:07:00-0500,60.017,304466
2026-09-25 09:07:10-0500,60.015,304466
2026-09-25 09:07:20-0500,60.016,304466
2026-09-25 09:07:30-0500,60.014,304466
2026-09-25 09:07:40-0500,60.015,304466
2026-09-25 09:07:50-0500,60.016,304466
2026-09-25 09:08:00-0500,60.013,304466
2026-09-25 09:08:10-0500,60.01,304466
2026-09-25 09:08:20-0500,60.016,304466
2026-09-25 09:08:30-0500,60.016,304466
2026-09-25 09:08:40-0500,60.016,304466
2026-09-25 09:08:50-0500,60.016,304466
2026-09-25 09:09:00-0500,60.014,304466
2026-09-25 09:09:10-0500,60.019,304466
2026-09-25 09:09:20-0500,60.017,304466
2026-09-25 09:09:30-0500,60.016,304466
2026-09-25 09:09:40-0500,60.016,304466
2026-09-25 09:09:50-0500,60.016,304466
2026-09-25 09:10:00-0500,60.014,304466
2026-09-25 09:10:10-0500,60.016,304466
2026-09-25 09:10:20-0500,60.015,304466
2026-09-25 09:10:30-0500,60.016,304466
2026-09-25 09:10:40-0500,60.015,304466
2026-09-25 09:10:50-0500,60.016,304466
2026-09-25 09:11:00-0500,60.016,304466
2026-09-25 09:11:10-0500,60.015,304466
2026-09-25 09:11:20-0500,60.017,304466
2026-09-25 09:11:30-0500,60.017,304466
2026-09-25 09:11:40-0500,60.014,304466
2026-09-25 09:11:50-0500,60.015,304466
2026-09-25 09:12:00-0500,60.014,304466
2026-09-25 09:12:10-0500,60.012,304466
2026-09-25 09:12:20-0500,60.014,304466
2026-09-25 09:12:30-0500,60.015,304466
2026-09-25 09:12:40-0500,60.017,304466
2026-09-25 09:12:50-0500,60.018,304466
2026-09-25 09:13:00-0500,60.015,304466
2026-09-25 09:13:10-0500,60.019,304466
2026-09-25 09:13:20-0500,60.015,304466
2026-09-25 09:13:30-0500,60.018,304466
2026-09-25 09:13:40-0500,60.016,304466
2026-09-25 09:13:50-0500,60.017,304466
2026-09-25 09:14:00-0500,60.015,304466
2026-09-25 09:14:10-0500,60.015,304466
2026-09-25 09:14:20-0500,60.018,304466
2026-09-25 09:14:30-0500,60.019,304436
2026-09-25 09:14:40-0500,60.017,304436
2026-09-25 09:14:50-0500,60.017,304436
2026-09-25 09:15:00-0500,60.015,304436
2026-09-25 09:15:10-0500,60.017,304436
2026-09-25 09:15:20-0500,60.018,304436
2026-09-25 09:15:30-0500,60.017,304436
2026-09-25 09:15:40-0500,60.015,304436
2026-09-25 09:15:50-0500,60.018,304436
2026-09-25 09:16:00-0500,60.019,304436
2026-09-25 09:16:10-0500,60.017,304436
2026-09-25 09:16:20-0500,60.017,304436
2026-09-25 09:16:30-0500,60.015,304436
2026-09-25 09:16:40-0500,60.017,304436
2026-09-25 09:16:50-0500,60.015,304436
2026-09-25 09:17:00-0500,60.016,304436
2026-09-25 09:17:10-0500,60.015,304436
2026-09-25 09:17:20-0500,60.015,304527
2026-09-25 09:17:30-0500,60.014,304527
2026-09-25 09:17:40-0500,60.015,304527
2026-09-25 09:17:50-0500,60.015,304527
2026-09-25 09:18:00-0500,60.017,304527
2026-09-25 09:18:10-0500,60.013,304527
2026-09-25 09:18:20-0500,60.017,304527
2026-09-25 09:18:30-0500,60.016,304527
2026-09-25 09:18:40-0500,60.014,304527
2026-09-25 09:18:50-0500,60.014,304527
2026-09-25 09:19:00-0500,60.016,304527
2026-09-25 09:19:10-0500,60.016,304527
2026-09-25 09:19:20-0500,60.018,304527
2026-09-25 09:19:30-0500,60.016,304527
2026-09-25 09:19:40-0500,60.015,304527
2026-09-25 09:19:50-0500,60.016,304527
2026-09-25 09:20:00-0500,60.015,304527
2026-09-25 09:20:10-0500,60.014,304527
2026-09-25 09:20:20-0500,60.015,304527
2026-09-25 09:20:30-0500,60.016,304527
2026-09-25 09:20:40-0500,60.017,304527
2026-09-25 09:20:50-0500,60.018,304527
2026-09-25 09:21:00-0500,60.018,304527
2026-09-25 09:21:10-0500,60.016,304527
2026-09-25 09:21:20-0500,60.018,304527
2026-09-25 09:21:30-0500,60.017,304527
2026-09-25 09:21:40-0500,60.019,304527
2026-09-25 09:21:50-0500,60.014,304527
2026-09-25 09:22:00-0500,60.016,304527
2026-09-25 09:22:10-0500,60.017,304527
2026-09-25 09:22:20-0500,60.017,304527
2026-09-25 09:22:30-0500,60.015,304527
2026-09-25 09:22:40-0500,60.017,304527
2026-09-25 09:22:50-0500,60.015,304527
2026-09-25 09:23:00-0500,60.014,304527
2026-09-25 09:23:10-0500,60.014,304527
2026-09-25 09:23:20-0500,60.015,304527
2026-09-25 09:23:30-0500,60.016,304527
2026-09-25 09:23:40-0500,60.015,304527
2026-09-25 09:23:50-0500,60.015,304527
2026-09-25 09:24:00-0500,60.017,304527
2026-09-25 09:24:10-0500,60.018,304527
2026-09-25 09:24:20-0500,60.016,304527
2026-09-25 09:24:30-0500,60.018,304527
2026-09-25 09:24:40-0500,60.016,304527
2026-09-25 09:24:50-0500,60.014,304527
2026-09-25 09:25:00-0500,60.015,304527
2026-09-25 09:25:10-0500,60.016,304527
2026-09-25 09:25:20-0500,60.015,304527
2026-09-25 09:25:30-0500,60.015,304527
2026-09-25 09:25:40-0500,60.014,304527
2026-09-25 09:25:50-0500,60.016,304527
2026-09-25 09:26:00-0500,60.016,304527
2026-09-25 09:26:10-0500,60.016,304527
2026-09-25 09:26:20-0500,60.017,304527
2026-09-25 09:26:30-0500,60.014,304527
2026-09-25 09:26:40-0500,60.013,304527
2026-09-25 09:26:50-0500,60.014,304527
2026-09-25 09:27:00-0500,60.015,304527
2026-09-25 09:27:10-0500,60.016,304527
2026-09-25 09:27:20-0500,60.015,304527
2026-09-25 09:27:30-0500,60.002,304527
2026-09-25 09:27:40-0500,60.008,304527
2026-09-25 09:27:50-0500,60.015,304527
2026-09-25 09:28:00-0500,60.013,304527
2026-09-25 09:28:10-0500,60.005,304527
2026-09-25 09:28:20-0500,59.992,304527
2026-09-25 09:28:30-0500,60.019,304527
2026-09-25 09:28:40-0500,60.016,304527
2026-09-25 09:28:50-0500,60.014,304527
2026-09-25 09:29:00-0500,60.01,304527
2026-09-25 09:29:10-0500,60.014,304527
2026-09-25 09:29:20-0500,60.009,304527
2026-09-25 09:29:30-0500,60.01,304527
2026-09-25 09:29:40-0500,60.011,304527
2026-09-25 09:29:50-0500,59.997,304527
2026-09-25 09:30:00-0500,60,304527
2026-09-25 09:30:10-0500,59.985,304527
2026-09-25 09:30:20-0500,59.987,304527
2026-09-25 09:30:30-0500,59.988,304527
2026-09-25 09:30:40-0500,59.996,304527
2026-09-25 09:30:50-0500,59.991,304527
2026-09-25 09:31:00-0500,59.994,304527
2026-09-25 09:31:10-0500,59.987,304527
2026-09-25 09:31:20-0500,59.989,304527
2026-09-25 09:31:30-0500,60.012,304527
2026-09-25 09:31:40-0500,60.007,304527
2026-09-25 09:31:50-0500,59.989,304527
2026-09-25 09:32:00-0500,59.994,304527
2026-09-25 09:32:10-0500,59.999,304527
2026-09-25 09:32:20-0500,60.006,304527
2026-09-25 09:32:30-0500,60.012,304527
2026-09-25 09:32:40-0500,60.006,304527
2026-09-25 09:32:50-0500,60.013,304527
2026-09-25 09:33:00-0500,60.016,304527
2026-09-25 09:33:10-0500,60.015,304527
2026-09-25 09:33:20-0500,60.014,304527
2026-09-25 09:33:30-0500,60.014,304527
2026-09-25 09:33:40-0500,60.015,304527
2026-09-25 09:33:50-0500,60.013,304527
2026-09-25 09:34:00-0500,60.004,304527
2026-09-25 09:34:10-0500,59.994,304527
2026-09-25 09:34:20-0500,59.997,304527
2026-09-25 09:34:30-0500,60.011,304527
2026-09-25 09:34:40-0500,59.993,304527
2026-09-25 09:34:50-0500,59.984,304527
2026-09-25 09:35:00-0500,59.986,304527
2026-09-25 09:35:10-0500,60.013,304527
2026-09-25 09:35:20-0500,60.013,304527
2026-09-25 09:35:30-0500,60.009,304527
2026-09-25 09:35:40-0500,60.002,304527
2026-09-25 09:35:50-0500,60.012,304527
2026-09-25 09:36:00-0500,60.013,304527
2026-09-25 09:36:10-0500,60.005,304527
2026-09-25 09:36:20-0500,60.012,304527
2026-09-25 09:36:30-0500,60.013,304527
2026-09-25 09:36:40-0500,60.017,304527
2026-09-25 09:36:50-0500,60.015,304527
2026-09-25 09:37:00-0500,60.016,304527
2026-09-25 09:37:10-0500,60.015,304527
2026-09-25 09:37:20-0500,60.016,304527
2026-09-25 09:37:30-0500,60.017,304527
2026-09-25 09:37:40-0500,60.015,304527
2026-09-25 09:37:50-0500,60.015,304527
2026-09-25 09:38:00-0500,60.017,304527
2026-09-25 09:38:10-0500,60.015,304527
2026-09-25 09:38:20-0500,60.014,304527
2026-09-25 09:38:30-0500,60.016,304527
2026-09-25 09:38:40-0500,60.018,304527
2026-09-25 09:38:50-0500,60.018,304527
2026-09-25 09:39:00-0500,60.014,304527
2026-09-25 09:39:10-0500,60.017,304527
2026-09-25 09:39:20-0500,60.017,304527
2026-09-25 09:39:30-0500,60.018,304527
2026-09-25 09:39:40-0500,60.014,304527
2026-09-25 09:39:50-0500,60.017,304527
2026-09-25 09:40:00-0500,60.018,304527
2026-09-25 09:40:10-0500,60.016,304527
2026-09-25 09:40:20-0500,60.015,304527
2026-09-25 09:40:30-0500,60.015,304527
2026-09-25 09:40:40-0500,60.016,304527
2026-09-25 09:40:50-0500,60.015,304527
2026-09-25 09:41:00-0500,60.015,304527
2026-09-25 09:41:10-0500,60.015,304527
2026-09-25 09:41:20-0500,60.007,304527
2026-09-25 09:41:30-0500,60.002,304527
2026-09-25 09:41:40-0500,60.013,304527
2026-09-25 09:41:50-0500,60.012,304527
2026-09-25 09:42:00-0500,60.013,304527
2026-09-25 09:42:10-0500,59.993,304527
2026-09-25 09:42:20-0500,59.996,304527
2026-09-25 09:42:30-0500,60.008,304527
2026-09-25 09:42:40-0500,60.014,304527
2026-09-25 09:42:50-0500,59.995,304527
2026-09-25 09:43:00-0500,59.986,304527
2026-09-25 09:43:10-0500,59.986,304527
2026-09-25 09:43:20-0500,59.989,304527
2026-09-25 09:43:30-0500,59.988,304527
2026-09-25 09:43:40-0500,59.986,304527
2026-09-25 09:43:50-0500,59.984,304527
2026-09-25 09:44:00-0500,59.987,304527
2026-09-25 09:44:10-0500,59.983,304527
2026-09-25 09:44:20-0500,59.983,304527
2026-09-25 09:44:30-0500,59.984,304527
2026-09-25 09:44:40-0500,59.983,304527
2026-09-25 09:44:50-0500,59.984,304527
2026-09-25 09:45:00-0500,59.991,304527
2026-09-25 09:45:10-0500,59.991,304527
2026-09-25 09:45:20-0500,59.982,304527
2026-09-25 09:45:30-0500,59.982,304527
2026-09-25 09:45:40-0500,59.986,304527
2026-09-25 09:45:50-0500,59.982,304527
2026-09-25 09:46:00-0500,59.991,304527
2026-09-25 09:46:10-0500,60.001,304527
2026-09-25 09:46:20-0500,59.982,304527
2026-09-25 09:46:30-0500,59.985,304527
2026-09-25 09:46:40-0500,60.001,304527
2026-09-25 09:46:50-0500,60.017,304527
2026-09-25 09:47:00-0500,60.014,304527
2026-09-25 09:47:10-0500,60.018,304527
2026-09-25 09:47:20-0500,60.018,304527
2026-09-25 09:47:30-0500,60.018,304527
2026-09-25 09:47:40-0500,60.019,304527
2026-09-25 09:47:50-0500,60.014,304527
2026-09-25 09:48:00-0500,60.018,304527
2026-09-25 09:48:10-0500,60.016,304527
2026-09-25 09:48:20-0500,60.021,304527
2026-09-25 09:48:30-0500,60.02,304527
2026-09-25 09:48:40-0500,60.017,304527
2026-09-25 09:48:50-0500,60.02,304527
2026-09-25 09:49:00-0500,60.02,304527
2026-09-25 09:49:10-0500,60.019,304527
2026-09-25 09:49:20-0500,60.018,304527
2026-09-25 09:49:30-0500,60.018,304527
2026-09-25 09:49:40-0500,60.02,304527
2026-09-25 09:49:50-0500,60.013,304527
2026-09-25 09:50:00-0500,60.018,304527
2026-09-25 09:50:10-0500,60.015,304527
2026-09-25 09:50:20-0500,60.018,304527
2026-09-25 09:50:30-0500,60.014,304527
2026-09-25 09:50:40-0500,60.018,304618
2026-09-25 09:50:50-0500,60.017,304527
2026-09-25 09:51:00-0500,60.017,304618
2026-09-25 09:51:10-0500,60.018,304527
2026-09-25 09:51:20-0500,60.015,304527
2026-09-25 09:51:30-0500,60.02,304527
2026-09-25 09:51:40-0500,60.017,304527
2026-09-25 09:51:50-0500,60.016,304527
2026-09-25 09:52:00-0500,60.019,304527
2026-09-25 09:52:10-0500,60.015,304527
2026-09-25 09:52:20-0500,60.017,304527
2026-09-25 09:52:30-0500,60.019,304527
2026-09-25 09:52:40-0500,60.018,304527
2026-09-25 09:52:50-0500,60.018,304527
2026-09-25 09:53:00-0500,60.016,304527
2026-09-25 09:53:10-0500,60.014,304527
2026-09-25 09:53:20-0500,60.017,304527
2026-09-25 09:53:30-0500,60.017,304618
2026-09-25 09:53:40-0500,60.015,304618
2026-09-25 09:53:50-0500,60.019,304618
2026-09-25 09:54:00-0500,60.019,304618
2026-09-25 09:54:10-0500,60.019,304527
2026-09-25 09:54:20-0500,60.017,304527
2026-09-25 09:54:30-0500,60.015,304527
2026-09-25 09:54:40-0500,60.013,304527
2026-09-25 09:54:50-0500,60.02,304527
2026-09-25 09:55:00-0500,60.016,304527
2026-09-25 09:55:10-0500,60.013,304618
2026-09-25 09:55:20-0500,60.016,304527
2026-09-25 09:55:30-0500,60.016,304618
2026-09-25 09:55:40-0500,60.016,304618
2026-09-25 09:55:50-0500,60.017,304527
2026-09-25 09:56:00-0500,60.018,304618
2026-09-25 09:56:10-0500,60.016,304527
2026-09-25 09:56:20-0500,60.015,304618
2026-09-25 09:56:30-0500,60.016,304527
2026-09-25 09:56:40-0500,60.017,304527
2026-09-25 09:56:50-0500,60.016,304527
2026-09-25 09:57:00-0500,60.011,304618
2026-09-25 09:57:10-0500,60.016,304618
2026-09-25 09:57:20-0500,60.014,304527
2026-09-25 09:57:30-0500,60.014,304527
2026-09-25 09:57:40-0500,60.015,304527
2026-09-25 09:57:50-0500,60.014,304527
2026-09-25 09:58:00-0500,59.999,304527
2026-09-25 09:58:10-0500,59.985,304527
2026-09-25 09:58:20-0500,59.984,304618
2026-09-25 09:58:30-0500,59.985,304527
2026-09-25 09:58:40-0500,59.984,304618
2026-09-25 09:58:50-0500,59.991,304527
2026-09-25 09:59:00-0500,60.001,304618
2026-09-25 09:59:10-0500,60.006,304618
2026-09-25 09:59:20-0500,60.003,304618
2026-09-25 09:59:30-0500,59.991,304618
2026-09-25 09:59:40-0500,59.985,304618
2026-09-25 09:59:50-0500,59.984,304618
2026-09-25 10:00:00-0500,59.983,304618
2026-09-25 10:00:10-0500,59.983,304618
2026-09-25 10:00:20-0500,59.984,304618
2026-09-25 10:00:30-0500,59.984,304618
2026-09-25 10:00:40-0500,59.987,304618
2026-09-25 10:00:50-0500,59.993,304618
2026-09-25 10:01:00-0500,59.984,304618
2026-09-25 10:01:10-0500,59.984,304618
2026-09-25 10:01:20-0500,59.984,304618
2026-09-25 10:01:30-0500,59.983,304618
2026-09-25 10:01:40-0500,60.003,304618
2026-09-25 10:01:50-0500,60.014,304618
2026-09-25 10:02:00-0500,60.013,304618
2026-09-25 10:02:10-0500,60.014,304618
2026-09-25 10:02:20-0500,60.013,304618
2026-09-25 10:02:30-0500,60.013,304618
2026-09-25 10:02:40-0500,60.013,304618
2026-09-25 10:02:50-0500,60.001,304618
2026-09-25 10:03:00-0500,60,304618
2026-09-25 10:03:10-0500,59.999,304618
2026-09-25 10:03:20-0500,60.003,304618
2026-09-25 10:03:30-0500,60.013,304618
2026-09-25 10:03:40-0500,60.011,304618
2026-09-25 10:03:50-0500,60.002,304618
2026-09-25 10:04:00-0500,60.008,304618
2026-09-25 10:04:10-0500,60.018,304618
2026-09-25 10:04:20-0500,60.014,304618
2026-09-25 10:04:30-0500,60.014,304618
2026-09-25 10:04:40-0500,60.013,304618
2026-09-25 10:04:50-0500,60.014,304618
2026-09-25 10:05:00-0500,60.011,304618
2026-09-25 10:05:10-0500,59.999,304618
2026-09-25 10:05:20-0500,60.008,304527
2026-09-25 10:05:30-0500,60.014,304527
2026-09-25 10:05:40-0500,60.016,304527
2026-09-25 10:05:50-0500,60.013,304527
2026-09-25 10:06:00-0500,60.014,304527
2026-09-25 10:06:10-0500,59.999,304527
2026-09-25 10:06:20-0500,59.996,304527
2026-09-25 10:06:30-0500,59.99,304527
2026-09-25 10:06:40-0500,59.988,304527
2026-09-25 10:06:50-0500,59.997,304527
2026-09-25 10:07:00-0500,60.009,304527
2026-09-25 10:07:10-0500,59.991,304527
2026-09-25 10:07:20-0500,59.984,304527
2026-09-25 10:07:30-0500,59.985,304527
2026-09-25 10:07:40-0500,59.986,304527
2026-09-25 10:07:50-0500,59.986,304527
2026-09-25 10:08:00-0500,59.987,304527
2026-09-25 10:08:10-0500,59.989,304527
2026-09-25 10:08:20-0500,59.994,304527
2026-09-25 10:08:30-0500,60.011,304527
2026-09-25 10:08:40-0500,60.009,304527
2026-09-25 10:08:50-0500,59.993,304527
2026-09-25 10:09:00-0500,59.984,304527
2026-09-25 10:09:10-0500,59.984,304527
2026-09-25 10:09:20-0500,59.985,304527
2026-09-25 10:09:30-0500,59.985,304527
2026-09-25 10:09:40-0500,59.986,304527
2026-09-25 10:09:50-0500,59.983,304527
2026-09-25 10:10:00-0500,59.982,304527
2026-09-25 10:10:10-0500,59.983,304527
2026-09-25 10:10:20-0500,59.983,304527
2026-09-25 10:10:30-0500,59.986,304527
2026-09-25 10:10:40-0500,59.986,304527
2026-09-25 10:10:50-0500,60.001,304527
2026-09-25 10:11:00-0500,60.013,304527
2026-09-25 10:11:10-0500,60.016,304527
2026-09-25 10:11:20-0500,60.012,304527
2026-09-25 10:11:30-0500,60.009,304527
2026-09-25 10:11:40-0500,60.009,304527
2026-09-25 10:11:50-0500,59.998,304527
2026-09-25 10:12:00-0500,59.984,304527
2026-09-25 10:12:10-0500,59.983,304527
2026-09-25 10:12:20-0500,59.984,304527
2026-09-25 10:12:30-0500,59.985,304527
2026-09-25 10:12:40-0500,59.993,304527
2026-09-25 10:12:50-0500,59.986,304527
2026-09-25 10:13:00-0500,59.988,304527
2026-09-25 10:13:10-0500,59.987,304527
2026-09-25 10:13:20-0500,59.989,304527
2026-09-25 10:13:30-0500,60.014,304527
2026-09-25 10:13:40-0500,60.014,304527
2026-09-25 10:13:50-0500,60.013,304527
2026-09-25 10:14:00-0500,60.011,304527
2026-09-25 10:14:10-0500,60.012,304527
2026-09-25 10:14:20-0500,60.009,304527
2026-09-25 10:14:30-0500,60.011,304527
2026-09-25 10:14:40-0500,60.015,304527
2026-09-25 10:14:50-0500,60.013,304527
2026-09-25 10:15:00-0500,60.009,304527
2026-09-25 10:15:10-0500,60.004,304527
2026-09-25 10:15:20-0500,60.015,304527
2026-09-25 10:15:30-0500,60.015,304527
2026-09-25 10:15:40-0500,60.016,304527
2026-09-25 10:15:50-0500,60.016,304527
2026-09-25 10:16:00-0500,60.017,304527
2026-09-25 10:16:10-0500,60.017,304527
2026-09-25 10:16:20-0500,60.015,304527
2026-09-25 10:16:30-0500,60.014,304527
2026-09-25 10:16:40-0500,60.014,304527
2026-09-25 10:16:50-0500,60.014,304527
2026-09-25 10:17:00-0500,60.016,304527
2026-09-25 10:17:10-0500,60.012,304527
2026-09-25 10:17:20-0500,60.008,304527
2026-09-25 10:17:30-0500,59.995,304527
2026-09-25 10:17:40-0500,59.988,304436
2026-09-25 10:17:50-0500,59.987,304436
2026-09-25 10:18:00-0500,59.986,304436
2026-09-25 10:18:10-0500,59.986,304436
2026-09-25 10:18:20-0500,59.99,304436
2026-09-25 10:18:30-0500,60.018,304436
2026-09-25 10:18:40-0500,60.015,304436
2026-09-25 10:18:50-0500,60.014,304436
2026-09-25 10:19:00-0500,60.012,304436
2026-09-25 10:19:10-0500,60.015,304436
2026-09-25 10:19:20-0500,60.012,304436
2026-09-25 10:19:30-0500,60.011,304436
2026-09-25 10:19:40-0500,60.009,304436
2026-09-25 10:19:50-0500,60.015,304436
2026-09-25 10:20:00-0500,60.014,304436
2026-09-25 10:20:10-0500,60.015,304436
2026-09-25 10:20:20-0500,60.016,304436
2026-09-25 10:20:30-0500,60.015,304436
2026-09-25 10:20:40-0500,60.017,304436
2026-09-25 10:20:50-0500,60.017,304436
2026-09-25 10:21:00-0500,60.016,304436
2026-09-25 10:21:10-0500,60.016,304436
2026-09-25 10:21:20-0500,60.015,304436
2026-09-25 10:21:30-0500,60.014,304436
2026-09-25 10:21:40-0500,60.017,304436
2026-09-25 10:21:50-0500,60.015,304436
2026-09-25 10:22:00-0500,60.017,304436
2026-09-25 10:22:10-0500,60.017,304436
2026-09-25 10:22:20-0500,60.017,304436
2026-09-25 10:22:30-0500,60.017,304436
2026-09-25 10:22:40-0500,60.014,304436
2026-09-25 10:22:50-0500,60.014,304436
2026-09-25 10:23:00-0500,60.015,304436
2026-09-25 10:23:10-0500,60.018,304436
2026-09-25 10:23:20-0500,60.015,304436
2026-09-25 10:23:30-0500,60.017,304436
2026-09-25 10:23:40-0500,60.017,304436
2026-09-25 10:23:50-0500,60.015,304436
2026-09-25 10:24:00-0500,60.017,304436
2026-09-25 10:24:10-0500,60.018,304436
2026-09-25 10:24:20-0500,60.014,304436
2026-09-25 10:24:30-0500,60.016,304436
2026-09-25 10:24:40-0500,60.014,304436
2026-09-25 10:24:50-0500,60.015,304436
2026-09-25 10:25:00-0500,60.015,304436
2026-09-25 10:25:10-0500,60.015,304436
2026-09-25 10:25:20-0500,60.009,304436
2026-09-25 10:25:30-0500,60.015,304436
2026-09-25 10:25:40-0500,60.015,304436
2026-09-25 10:25:50-0500,60.014,304436
2026-09-25 10:26:00-0500,60.014,304436
2026-09-25 10:26:10-0500,60.013,304436
2026-09-25 10:26:20-0500,60.005,304436
2026-09-25 10:26:30-0500,59.983,304436
2026-09-25 10:26:40-0500,59.982,304436
2026-09-25 10:26:50-0500,59.983,304436
2026-09-25 10:27:00-0500,59.981,304436
2026-09-25 10:27:10-0500,59.981,304436
2026-09-25 10:27:20-0500,59.982,304436
2026-09-25 10:27:30-0500,59.98,304436
2026-09-25 10:27:40-0500,59.979,304436
2026-09-25 10:27:50-0500,59.981,304436
2026-09-25 10:28:00-0500,59.981,304436
2026-09-25 10:28:10-0500,59.983,304527
2026-09-25 10:28:20-0500,59.983,304436
2026-09-25 10:28:30-0500,59.981,304527
2026-09-25 10:28:40-0500,59.981,304527
2026-09-25 10:28:50-0500,59.98,304527
2026-09-25 10:29:00-0500,59.981,304527
2026-09-25 10:29:10-0500,59.983,304527
2026-09-25 10:29:20-0500,59.982,304527
2026-09-25 10:29:30-0500,59.983,304527
2026-09-25 10:29:40-0500,59.985,304527
2026-09-25 10:29:50-0500,59.985,304527
2026-09-25 10:30:00-0500,59.989,304527
2026-09-25 10:30:10-0500,59.995,304527
2026-09-25 10:30:20-0500,60.01,304527
2026-09-25 10:30:30-0500,60.012,304527
2026-09-25 10:30:40-0500,60.009,304527
2026-09-25 10:30:50-0500,59.985,304527
2026-09-25 10:31:00-0500,59.987,304527
2026-09-25 10:31:10-0500,59.997,304527
2026-09-25 10:31:20-0500,59.995,304527
2026-09-25 10:31:30-0500,59.984,304527
2026-09-25 10:31:40-0500,59.986,304527
2026-09-25 10:31:50-0500,60.006,304527
2026-09-25 10:32:00-0500,60.016,304527
2026-09-25 10:32:10-0500,60.016,304527
2026-09-25 10:32:20-0500,60.016,304527
2026-09-25 10:32:30-0500,60.015,304527
2026-09-25 10:32:40-0500,60.014,304527
2026-09-25 10:32:50-0500,60.011,304527
2026-09-25 10:33:00-0500,60.01,304527
2026-09-25 10:33:10-0500,60.013,304527
2026-09-25 10:33:20-0500,60.014,304527
2026-09-25 10:33:30-0500,60.007,304527
2026-09-25 10:33:40-0500,60.01,304527
2026-09-25 10:33:50-0500,60.013,304527
2026-09-25 10:34:00-0500,60.013,304527
2026-09-25 10:34:10-0500,60.015,304527
2026-09-25 10:34:20-0500,60.012,304527
2026-09-25 10:34:30-0500,60.018,304527
2026-09-25 10:34:40-0500,60.014,304527
2026-09-25 10:34:50-0500,60.015,304527
2026-09-25 10:35:00-0500,60.014,304527
2026-09-25 10:35:10-0500,60.013,304527
2026-09-25 10:35:20-0500,60.005,304527
2026-09-25 10:35:30-0500,59.991,304527
2026-09-25 10:35:40-0500,59.996,304527
2026-09-25 10:35:50-0500,59.981,304527
2026-09-25 10:36:00-0500,59.985,304527
2026-09-25 10:36:10-0500,59.985,304527
2026-09-25 10:36:20-0500,59.987,304527
2026-09-25 10:36:30-0500,59.986,304527
2026-09-25 10:36:40-0500,59.985,304527
2026-09-25 10:36:50-0500,60.018,304527
2026-09-25 10:37:00-0500,60.015,304527
2026-09-25 10:37:10-0500,60.017,304527
2026-09-25 10:37:20-0500,60.014,304527
2026-09-25 10:37:30-0500,60.016,304527
2026-09-25 10:37:40-0500,60.014,304527
2026-09-25 10:37:50-0500,60.015,304527
2026-09-25 10:38:00-0500,60.014,304527
2026-09-25 10:38:10-0500,60.013,304527
2026-09-25 10:38:20-0500,60.013,304527
2026-09-25 10:38:30-0500,60.008,304527
2026-09-25 10:38:40-0500,60.002,304527
2026-09-25 10:38:50-0500,59.998,304527
2026-09-25 10:39:00-0500,60.014,304527
2026-09-25 10:39:10-0500,60.015,304527
2026-09-25 10:39:20-0500,60.014,304527
2026-09-25 10:39:30-0500,60.012,304527
2026-09-25 10:39:40-0500,60.016,304527
2026-09-25 10:39:50-0500,60.017,304527
2026-09-25 10:40:00-0500,60.015,304527
2026-09-25 10:40:10-0500,60.012,304527
2026-09-25 10:40:20-0500,60.016,304527
2026-09-25 10:40:30-0500,60.016,304527
2026-09-25 10:40:40-0500,60.015,304527
2026-09-25 10:40:50-0500,60.014,304527
2026-09-25 10:41:00-0500,60.014,304527
2026-09-25 10:41:10-0500,60.015,304527
2026-09-25 10:41:20-0500,60.016,304527
2026-09-25 10:41:30-0500,60.013,304527
2026-09-25 10:41:40-0500,60.017,304527
2026-09-25 10:41:50-0500,60.017,304527
2026-09-25 10:42:00-0500,60.017,304527
2026-09-25 10:42:10-0500,60.017,304527
2026-09-25 10:42:20-0500,60.014,304527
2026-09-25 10:42:30-0500,60.017,304527
2026-09-25 10:42:40-0500,60.016,304527
2026-09-25 10:42:50-0500,60.016,304527
2026-09-25 10:43:00-0500,60.016,304527
2026-09-25 10:43:10-0500,60.013,304527
2026-09-25 10:43:20-0500,60.015,304527
2026-09-25 10:43:30-0500,60.015,304527
2026-09-25 10:43:40-0500,60.013,304527
2026-09-25 10:43:50-0500,60.015,304527
2026-09-25 10:44:00-0500,60.02,304527
2026-09-25 10:44:10-0500,60.013,304527
2026-09-25 10:44:20-0500,60.009,304527
2026-09-25 10:44:30-0500,60.016,304527
2026-09-25 10:44:40-0500,60.011,304527
2026-09-25 10:44:50-0500,60.001,304527
2026-09-25 10:45:00-0500,59.992,304527
2026-09-25 10:45:10-0500,59.992,304527
2026-09-25 10:45:20-0500,59.999,304527
2026-09-25 10:45:30-0500,60.005,304527
2026-09-25 10:45:40-0500,60.013,304527
2026-09-25 10:45:50-0500,60.012,304527
2026-09-25 10:46:00-0500,59.997,304527
2026-09-25 10:46:10-0500,59.984,304527
2026-09-25 10:46:20-0500,59.985,304527
2026-09-25 10:46:30-0500,59.987,304527
2026-09-25 10:46:40-0500,59.992,304527
2026-09-25 10:46:50-0500,59.992,304527
2026-09-25 10:47:00-0500,59.987,304527
2026-09-25 10:47:10-0500,59.996,304527
2026-09-25 10:47:20-0500,60.007,304527
2026-09-25 10:47:30-0500,60.002,304527
2026-09-25 10:47:40-0500,59.989,304527
2026-09-25 10:47:50-0500,59.984,304527
2026-09-25 10:48:00-0500,59.983,304527
2026-09-25 10:48:10-0500,59.982,304527
2026-09-25 10:48:20-0500,59.983,304527
2026-09-25 10:48:30-0500,59.983,304527
2026-09-25 10:48:40-0500,59.982,304527
2026-09-25 10:48:50-0500,59.981,304527
2026-09-25 10:49:00-0500,59.98,304527
2026-09-25 10:49:10-0500,59.979,304527
2026-09-25 10:49:20-0500,59.978,304527
2026-09-25 10:49:30-0500,59.98,304527
2026-09-25 10:49:40-0500,59.981,304527
2026-09-25 10:49:50-0500,59.981,304527
2026-09-25 10:50:00-0500,59.982,304527
2026-09-25 10:50:10-0500,59.981,304527
2026-09-25 10:50:20-0500,59.984,304527
2026-09-25 10:50:30-0500,59.988,304527
2026-09-25 10:50:40-0500,59.992,304527
2026-09-25 10:50:50-0500,60.011,304527
2026-09-25 10:51:00-0500,60.016,304527
2026-09-25 10:51:10-0500,60.014,304527
2026-09-25 10:51:20-0500,60.006,304527
2026-09-25 10:51:30-0500,59.989,304527
2026-09-25 10:51:40-0500,59.993,304527
2026-09-25 10:51:50-0500,60.016,304527
2026-09-25 10:52:00-0500,60.011,304527
2026-09-25 10:52:10-0500,60.007,304527
2026-09-25 10:52:20-0500,60.012,304527
2026-09-25 10:52:30-0500,60.013,304527
2026-09-25 10:52:40-0500,60.011,304527
2026-09-25 10:52:50-0500,60.004,304527
2026-09-25 10:53:00-0500,60.017,304527
2026-09-25 10:53:10-0500,60.01,304527
2026-09-25 10:53:20-0500,60.016,304527
2026-09-25 10:53:30-0500,60.015,304527
2026-09-25 10:53:40-0500,60.012,304527
2026-09-25 10:53:50-0500,60.017,304527
2026-09-25 10:54:00-0500,60.016,304527
2026-09-25 10:54:10-0500,60.015,304527
2026-09-25 10:54:20-0500,60.016,304527
2026-09-25 10:54:30-0500,60.015,304527
2026-09-25 10:54:40-0500,60.013,304527
2026-09-25 10:54:50-0500,60.001,304527
2026-09-25 10:55:00-0500,59.986,304527
2026-09-25 10:55:10-0500,59.984,304527
2026-09-25 10:55:20-0500,59.99,304527
2026-09-25 10:55:30-0500,59.987,304527
2026-09-25 10:55:40-0500,59.987,304527
2026-09-25 10:55:50-0500,60.009,304527
2026-09-25 10:56:00-0500,60.014,304527
2026-09-25 10:56:10-0500,60.01,304527
2026-09-25 10:56:20-0500,60.007,304527
2026-09-25 10:56:30-0500,60.01,306038
2026-09-25 10:56:40-0500,59.997,306038
2026-09-25 10:56:50-0500,59.985,306038
2026-09-25 10:57:00-0500,59.984,306038
2026-09-25 10:57:10-0500,59.989,306038
2026-09-25 10:57:20-0500,59.989,306038
2026-09-25 10:57:30-0500,59.998,306038
2026-09-25 10:57:40-0500,60.001,306038
2026-09-25 10:57:50-0500,60.003,306038
2026-09-25 10:58:00-0500,60.005,306038
2026-09-25 10:58:10-0500,59.997,306038
2026-09-25 10:58:20-0500,59.994,306038
2026-09-25 10:58:30-0500,60.013,306038
2026-09-25 10:58:40-0500,60.015,306038
2026-09-25 10:58:50-0500,60.003,306038
2026-09-25 10:59:00-0500,60,306038
2026-09-25 10:59:10-0500,60.017,306038
2026-09-25 10:59:20-0500,60.018,306038
2026-09-25 10:59:30-0500,60.018,306038
2026-09-25 10:59:40-0500,60.015,306038
2026-09-25 10:59:50-0500,60.017,306038
2026-09-25 11:00:00-0500,60.014,306038
2026-09-25 11:00:10-0500,60.014,306038
2026-09-25 11:00:20-0500,60.013,306038
2026-09-25 11:00:30-0500,60.015,306038
2026-09-25 11:00:40-0500,60.014,306038
2026-09-25 11:00:50-0500,60.014,306038
2026-09-25 11:01:00-0500,60.015,306038
2026-09-25 11:01:10-0500,60.015,306038
2026-09-25 11:01:20-0500,59.996,306038
2026-09-25 11:01:30-0500,59.986,306038
2026-09-25 11:01:40-0500,59.994,306038
2026-09-25 11:01:50-0500,60.014,306038
2026-09-25 11:02:00-0500,60.011,306038
2026-09-25 11:02:10-0500,60.008,306038
2026-09-25 11:02:20-0500,60.008,306038
2026-09-25 11:02:30-0500,60.018,306038
2026-09-25 11:02:40-0500,60.016,306038
2026-09-25 11:02:50-0500,60.016,306038
2026-09-25 11:03:00-0500,60.014,306038
2026-09-25 11:03:10-0500,60.001,306038
2026-09-25 11:03:20-0500,60.009,306038
2026-09-25 11:03:30-0500,60.009,306038
2026-09-25 11:03:40-0500,60.01,306038
2026-09-25 11:03:50-0500,60.004,306038
2026-09-25 11:04:00-0500,60.015,306038
2026-09-25 11:04:10-0500,60.016,306038
2026-09-25 11:04:20-0500,60.015,306038
2026-09-25 11:04:30-0500,60.008,306038
2026-09-25 11:04:40-0500,60.015,306038
2026-09-25 11:04:50-0500,60.011,306038
2026-09-25 11:05:00-0500,60.004,306038
2026-09-25 11:05:10-0500,59.982,306038
2026-09-25 11:05:20-0500,59.982,306038
2026-09-25 11:05:30-0500,59.982,306038
2026-09-25 11:05:40-0500,59.982,306038
2026-09-25 11:05:50-0500,59.984,306038
2026-09-25 11:06:00-0500,59.985,306038
2026-09-25 11:06:10-0500,59.984,306038
2026-09-25 11:06:20-0500,59.984,306038
2026-09-25 11:06:30-0500,59.982,306038
2026-09-25 11:06:40-0500,59.983,306038
2026-09-25 11:06:50-0500,59.984,306038
2026-09-25 11:07:00-0500,59.983,306038
2026-09-25 11:07:10-0500,59.983,306038
2026-09-25 11:07:20-0500,59.982,306038
2026-09-25 11:07:30-0500,59.981,306038
2026-09-25 11:07:40-0500,59.983,306038
2026-09-25 11:07:50-0500,59.988,306038
2026-09-25 11:08:00-0500,60.011,306038
2026-09-25 11:08:10-0500,60.016,306038
2026-09-25 11:08:20-0500,60.015,306038
2026-09-25 11:08:30-0500,60.016,306038
2026-09-25 11:08:40-0500,60.014,306038
2026-09-25 11:08:50-0500,60.016,306038
2026-09-25 11:09:00-0500,60.012,306038
2026-09-25 11:09:10-0500,60.014,306038
2026-09-25 11:09:20-0500,60.012,306038
2026-09-25 11:09:30-0500,60.003,306038
2026-09-25 11:09:40-0500,59.995,306038
2026-09-25 11:09:50-0500,60.009,306038
2026-09-25 11:10:00-0500,60.008,306038
2026-09-25 11:10:10-0500,59.997,306038
2026-09-25 11:10:20-0500,59.997,306038
2026-09-25 11:10:30-0500,60.013,306038
2026-09-25 11:10:40-0500,60.013,306038
2026-09-25 11:10:50-0500,60.014,306038
2026-09-25 11:11:00-0500,60.013,306038
2026-09-25 11:11:10-0500,60.015,306038
2026-09-25 11:11:20-0500,60.017,306038
2026-09-25 11:11:30-0500,60.015,306038
2026-09-25 11:11:40-0500,60.016,306038
2026-09-25 11:11:50-0500,60.014,306038
2026-09-25 11:12:00-0500,60.018,306038
2026-09-25 11:12:10-0500,60.016,306038
2026-09-25 11:12:20-0500,60.018,306038
2026-09-25 11:12:30-0500,60.016,306038
2026-09-25 11:12:40-0500,60.015,306038
2026-09-25 11:12:50-0500,60.015,306038
2026-09-25 11:13:00-0500,60.013,306038
2026-09-25 11:13:10-0500,60.014,306038
2026-09-25 11:13:20-0500,60.014,306038
2026-09-25 11:13:30-0500,60.015,306038
2026-09-25 11:13:40-0500,60.014,306038
2026-09-25 11:13:50-0500,60.014,306038
2026-09-25 11:14:00-0500,60.017,306038
2026-09-25 11:14:10-0500,60.016,306038
2026-09-25 11:14:20-0500,60.016,306038
2026-09-25 11:14:30-0500,60.015,306038
2026-09-25 11:14:40-0500,60.015,306038
2026-09-25 11:14:50-0500,60.012,306038
2026-09-25 11:15:00-0500,60.015,306038
2026-09-25 11:15:10-0500,60.01,306038
2026-09-25 11:15:20-0500,60.015,306038
2026-09-25 11:15:30-0500,60.011,306038
2026-09-25 11:15:40-0500,60.011,306038
2026-09-25 11:15:50-0500,60.006,306038
2026-09-25 11:16:00-0500,60.013,306038
2026-09-25 11:16:10-0500,59.991,306038
2026-09-25 11:16:20-0500,59.999,306038
2026-09-25 11:16:30-0500,60.012,306038
2026-09-25 11:16:40-0500,60.016,306038
2026-09-25 11:16:50-0500,60.014,306038
2026-09-25 11:17:00-0500,60.014,306038
2026-09-25 11:17:10-0500,60.015,306038
2026-09-25 11:17:20-0500,60.012,306038
2026-09-25 11:17:30-0500,60.009,306038
2026-09-25 11:17:40-0500,60.013,306038
2026-09-25 11:17:50-0500,60.014,306038
2026-09-25 11:18:00-0500,60.014,306038
2026-09-25 11:18:10-0500,60.009,306038
2026-09-25 11:18:20-0500,60.013,306038
2026-09-25 11:18:30-0500,60.002,306038
2026-09-25 11:18:40-0500,59.996,306038
2026-09-25 11:18:50-0500,60.01,306038
2026-09-25 11:19:00-0500,60.015,306038
2026-09-25 11:19:10-0500,60.012,306038
2026-09-25 11:19:20-0500,60.01,306038
2026-09-25 11:19:30-0500,60.005,306038
2026-09-25 11:19:40-0500,60.013,306038
2026-09-25 11:19:50-0500,60.009,306038
2026-09-25 11:20:00-0500,60.015,306038
2026-09-25 11:20:10-0500,60.013,306038
2026-09-25 11:20:20-0500,60.012,306038
2026-09-25 11:20:30-0500,60.013,306038
2026-09-25 11:20:40-0500,60.001,306038
2026-09-25 11:20:50-0500,59.983,306038
2026-09-25 11:21:00-0500,59.982,306038
2026-09-25 11:21:10-0500,59.987,306038
2026-09-25 11:21:20-0500,59.992,306038
2026-09-25 11:21:30-0500,60.013,306038
2026-09-25 11:21:40-0500,60.011,306038
2026-09-25 11:21:50-0500,60.009,306038
2026-09-25 11:22:00-0500,60,306038
2026-09-25 11:22:10-0500,59.984,306038
2026-09-25 11:22:20-0500,59.987,306038
2026-09-25 11:22:30-0500,59.993,306038
2026-09-25 11:22:40-0500,60.001,306038
2026-09-25 11:22:50-0500,59.987,306038
2026-09-25 11:23:00-0500,59.981,306038
2026-09-25 11:23:10-0500,59.982,306038
2026-09-25 11:23:20-0500,59.982,306038
2026-09-25 11:23:30-0500,59.983,306038
2026-09-25 11:23:40-0500,59.983,306038
2026-09-25 11:23:50-0500,59.984,306038
2026-09-25 11:24:00-0500,59.988,306038
2026-09-25 11:24:10-0500,59.984,306038
2026-09-25 11:24:20-0500,59.984,306038
2026-09-25 11:24:30-0500,60.004,306038
2026-09-25 11:24:40-0500,60.003,306038
2026-09-25 11:24:50-0500,60.001,306038
2026-09-25 11:25:00-0500,59.998,306038
2026-09-25 11:25:10-0500,59.987,306038
2026-09-25 11:25:20-0500,59.986,306038
2026-09-25 11:25:30-0500,59.983,306038
2026-09-25 11:25:40-0500,59.982,306038
2026-09-25 11:25:50-0500,59.981,306038
2026-09-25 11:26:00-0500,59.984,306038
2026-09-25 11:26:10-0500,59.984,306038
2026-09-25 11:26:20-0500,59.983,306038
2026-09-25 11:26:30-0500,59.98,306038
2026-09-25 11:26:40-0500,59.98,306038
2026-09-25 11:26:50-0500,59.98,306038
2026-09-25 11:27:00-0500,59.98,306038
2026-09-25 11:27:10-0500,59.98,306038
2026-09-25 11:27:20-0500,59.981,306038
2026-09-25 11:27:30-0500,59.983,306038
2026-09-25 11:27:40-0500,59.984,306038
2026-09-25 11:27:50-0500,59.982,306038
2026-09-25 11:28:00-0500,59.985,306038
2026-09-25 11:28:10-0500,59.987,306038
2026-09-25 11:28:20-0500,59.984,306038
2026-09-25 11:28:30-0500,59.984,306038
2026-09-25 11:28:40-0500,59.986,306038
2026-09-25 11:28:50-0500,59.983,306038
2026-09-25 11:29:00-0500,59.985,306038
2026-09-25 11:29:10-0500,59.99,306038
2026-09-25 11:29:20-0500,59.985,306038
2026-09-25 11:29:30-0500,59.986,306038
2026-09-25 11:29:40-0500,60.004,306038
2026-09-25 11:29:50-0500,59.982,306038
2026-09-25 11:30:00-0500,59.982,306038
2026-09-25 11:30:10-0500,59.982,306038
2026-09-25 11:30:20-0500,59.981,306038
2026-09-25 11:30:30-0500,59.98,306038
2026-09-25 11:30:40-0500,59.981,306038
2026-09-25 11:30:50-0500,59.982,306038
2026-09-25 11:31:00-0500,59.982,306038
2026-09-25 11:31:10-0500,59.98,306038
2026-09-25 11:31:20-0500,59.98,306038
2026-09-25 11:31:30-0500,59.983,306038
2026-09-25 11:31:40-0500,59.984,306038
2026-09-25 11:31:50-0500,59.986,306038
2026-09-25 11:32:00-0500,59.986,306038
2026-09-25 11:32:10-0500,59.998,306038
2026-09-25 11:32:20-0500,60.003,306038
2026-09-25 11:32:30-0500,59.985,306038
2026-09-25 11:32:40-0500,59.987,306038
2026-09-25 11:32:50-0500,59.988,306038
2026-09-25 11:33:00-0500,59.99,306038
2026-09-25 11:33:10-0500,59.989,306038
2026-09-25 11:33:20-0500,59.985,306038
2026-09-25 11:33:30-0500,59.985,306038
2026-09-25 11:33:40-0500,59.997,306038
2026-09-25 11:33:50-0500,60.015,306038
2026-09-25 11:34:00-0500,60.009,306038
2026-09-25 11:34:10-0500,60.012,306038
2026-09-25 11:34:20-0500,60.015,306038
2026-09-25 11:34:30-0500,60.007,306038
2026-09-25 11:34:40-0500,60.014,306038
2026-09-25 11:34:50-0500,60.014,306038
2026-09-25 11:35:00-0500,60.018,306038
2026-09-25 11:35:10-0500,60.014,306038
2026-09-25 11:35:20-0500,60.015,306126
2026-09-25 11:35:30-0500,60.014,306126
2026-09-25 11:35:40-0500,60.014,306126
2026-09-25 11:35:50-0500,60.012,306126
2026-09-25 11:36:00-0500,60.015,306126
2026-09-25 11:36:10-0500,60.011,306126
2026-09-25 11:36:20-0500,60.012,306126
2026-09-25 11:36:30-0500,60.011,306126
2026-09-25 11:36:40-0500,60.013,306126
2026-09-25 11:36:50-0500,60.014,306126
2026-09-25 11:37:00-0500,60.014,306126
2026-09-25 11:37:10-0500,60.017,306126
2026-09-25 11:37:20-0500,60.016,306126
2026-09-25 11:37:30-0500,60.015,306126
2026-09-25 11:37:40-0500,60.015,306126
2026-09-25 11:37:50-0500,60.017,306126
2026-09-25 11:38:00-0500,60.014,306126
2026-09-25 11:38:10-0500,60.015,306126
2026-09-25 11:38:20-0500,60.015,306035
2026-09-25 11:38:30-0500,60.007,306035
2026-09-25 11:38:40-0500,60.005,306035
2026-09-25 11:38:50-0500,60.001,306035
2026-09-25 11:39:00-0500,59.992,306035
2026-09-25 11:39:10-0500,59.984,306035
2026-09-25 11:39:20-0500,59.984,306035
2026-09-25 11:39:30-0500,59.989,306035
2026-09-25 11:39:40-0500,59.984,306035
2026-09-25 11:39:50-0500,59.986,306035
2026-09-25 11:40:00-0500,59.989,306035
2026-09-25 11:40:10-0500,59.987,306035
2026-09-25 11:40:20-0500,59.993,306035
2026-09-25 11:40:30-0500,59.999,306035
2026-09-25 11:40:40-0500,60.001,306035
2026-09-25 11:40:50-0500,59.987,306035
2026-09-25 11:41:00-0500,60.001,306035
2026-09-25 11:41:10-0500,60.011,306035
2026-09-25 11:41:20-0500,60.006,306035
2026-09-25 11:41:30-0500,60.01,306035
2026-09-25 11:41:40-0500,60.014,306035
2026-09-25 11:41:50-0500,60.007,306035
2026-09-25 11:42:00-0500,59.991,306035
2026-09-25 11:42:10-0500,59.986,306035
2026-09-25 11:42:20-0500,59.985,306035
2026-09-25 11:42:30-0500,59.99,306126
2026-09-25 11:42:40-0500,59.996,306126
2026-09-25 11:42:50-0500,60.006,306126
2026-09-25 11:43:00-0500,60.008,306126
2026-09-25 11:43:10-0500,60.018,306035
2026-09-25 11:43:20-0500,60.017,306035
2026-09-25 11:43:30-0500,60.016,306035
2026-09-25 11:43:40-0500,60.015,306035
2026-09-25 11:43:50-0500,60.015,306035
2026-09-25 11:44:00-0500,60.011,306035
2026-09-25 11:44:10-0500,60.016,306035
2026-09-25 11:44:20-0500,60.016,305947
2026-09-25 11:44:30-0500,60.014,305947
2026-09-25 11:44:40-0500,60.008,305947
2026-09-25 11:44:50-0500,60.016,305947
2026-09-25 11:45:00-0500,60.014,305947
2026-09-25 11:45:10-0500,60.006,305947
2026-09-25 11:45:20-0500,60,305947
2026-09-25 11:45:30-0500,59.988,306038
2026-09-25 11:45:40-0500,59.991,305947
2026-09-25 11:45:50-0500,59.999,306038
2026-09-25 11:46:00-0500,59.998,305947
2026-09-25 11:46:10-0500,59.998,306038
2026-09-25 11:46:20-0500,60.004,305947
2026-09-25 11:46:30-0500,60.01,306038
2026-09-25 11:46:40-0500,60.009,306038
2026-09-25 11:46:50-0500,60.01,305947
2026-09-25 11:47:00-0500,60.013,305947
2026-09-25 11:47:10-0500,60.011,305947
2026-09-25 11:47:20-0500,60.002,305947
2026-09-25 11:47:30-0500,60.008,306038
2026-09-25 11:47:40-0500,60.007,306038
2026-09-25 11:47:50-0500,60.003,305947
2026-09-25 11:48:00-0500,60.005,305947
2026-09-25 11:48:10-0500,59.992,306038
2026-09-25 11:48:20-0500,59.989,305947
2026-09-25 11:48:30-0500,59.982,305947
2026-09-25 11:48:40-0500,59.979,306038
2026-09-25 11:48:50-0500,59.98,305947
2026-09-25 11:49:00-0500,59.981,306038
2026-09-25 11:49:10-0500,59.979,306038
2026-09-25 11:49:20-0500,59.979,305947
2026-09-25 11:49:30-0500,59.98,306038
2026-09-25 11:49:40-0500,59.98,305947
2026-09-25 11:49:50-0500,59.98,305947
2026-09-25 11:50:00-0500,59.979,306038
2026-09-25 11:50:10-0500,59.98,306038
2026-09-25 11:50:20-0500,59.979,306038
2026-09-25 11:50:30-0500,59.98,307155
2026-09-25 11:50:40-0500,59.979,307155
2026-09-25 11:50:50-0500,59.979,307155
2026-09-25 11:51:00-0500,59.98,307155
2026-09-25 11:51:10-0500,59.979,307155
2026-09-25 11:51:20-0500,59.981,307064
2026-09-25 11:51:30-0500,59.982,307155
2026-09-25 11:51:40-0500,59.986,307064
2026-09-25 11:51:50-0500,60.006,307064
2026-09-25 11:52:00-0500,60.014,307064
2026-09-25 11:52:10-0500,60.014,307155
2026-09-25 11:52:20-0500,60.016,307064
2026-09-25 11:52:30-0500,60.015,307064
2026-09-25 11:52:40-0500,60.015,307064
2026-09-25 11:52:50-0500,60.01,307155
2026-09-25 11:53:00-0500,60.005,307155
2026-09-25 11:53:10-0500,59.993,307155
2026-09-25 11:53:20-0500,60.005,307155
2026-09-25 11:53:30-0500,60.004,307155
2026-09-25 11:53:40-0500,59.999,307155
2026-09-25 11:53:50-0500,59.992,307155
2026-09-25 11:54:00-0500,60.011,307155
2026-09-25 11:54:10-0500,60.013,307160
2026-09-25 11:54:20-0500,60.014,307160
2026-09-25 11:54:30-0500,60.015,307160
2026-09-25 11:54:40-0500,60.017,307160
2026-09-25 11:54:50-0500,60.015,307160
2026-09-25 11:55:00-0500,60.014,307160
2026-09-25 11:55:10-0500,60.013,307160
2026-09-25 11:55:20-0500,60.013,307160
2026-09-25 11:55:30-0500,60.013,307160
2026-09-25 11:55:40-0500,60.008,307160
2026-09-25 11:55:50-0500,60.017,307160
2026-09-25 11:56:00-0500,60.016,307160
2026-09-25 11:56:10-0500,60.014,307160
2026-09-25 11:56:20-0500,60.014,307160
2026-09-25 11:56:30-0500,60.014,307160
2026-09-25 11:56:40-0500,60.011,307160
2026-09-25 11:56:50-0500,60.001,307160
2026-09-25 11:57:00-0500,60.014,307160
2026-09-25 11:57:10-0500,60.016,307160
2026-09-25 11:57:20-0500,60.015,307160
2026-09-25 11:57:30-0500,60.013,307160
2026-09-25 11:57:40-0500,60.014,307160
2026-09-25 11:57:50-0500,60.015,307160
2026-09-25 11:58:00-0500,60.016,307160
2026-09-25 11:58:10-0500,60.013,307160
2026-09-25 11:58:20-0500,60.015,307160
2026-09-25 11:58:30-0500,60.014,307160
2026-09-25 11:58:40-0500,60.002,307160
2026-09-25 11:58:50-0500,60.008,307160
2026-09-25 11:59:00-0500,60.014,307160
2026-09-25 11:59:10-0500,60.015,307160
2026-09-25 11:59:20-0500,60.014,307160
2026-09-25 11:59:30-0500,60.014,307160
2026-09-25 11:59:40-0500,60.012,307160
2026-09-25 11:59:50-0500,60.018,307160
2026-09-25 12:00:00-0500,60.017,307160
2026-09-25 12:00:10-0500,60.013,307160
2026-09-25 12:00:20-0500,60.017,307160
2026-09-25 12:00:30-0500,60.017,307160
2026-09-25 12:00:40-0500,60.014,307160
2026-09-25 12:00:50-0500,60.016,307160
2026-09-25 12:01:00-0500,60.015,307160
2026-09-25 12:01:10-0500,60.016,307160
2026-09-25 12:01:20-0500,60.018,307160
2026-09-25 12:01:30-0500,60.014,307160
2026-09-25 12:01:40-0500,60.018,307160
2026-09-25 12:01:50-0500,60.016,307160
2026-09-25 12:02:00-0500,60.018,307160
2026-09-25 12:02:10-0500,60.019,307160
2026-09-25 12:02:20-0500,60.017,307160
2026-09-25 12:02:30-0500,60.018,307160
2026-09-25 12:02:40-0500,60.019,307160
2026-09-25 12:02:50-0500,60.015,307160
2026-09-25 12:03:00-0500,60.015,307160
2026-09-25 12:03:10-0500,60.014,307160
2026-09-25 12:03:20-0500,60.014,307160
2026-09-25 12:03:30-0500,60.015,307160
2026-09-25 12:03:40-0500,60.016,307160
2026-09-25 12:03:50-0500,60.011,307160
2026-09-25 12:04:00-0500,60.015,307160
2026-09-25 12:04:10-0500,60.015,307160
2026-09-25 12:04:20-0500,60.019,307160
2026-09-25 12:04:30-0500,60.016,307160
2026-09-25 12:04:40-0500,60.016,307160
2026-09-25 12:04:50-0500,60.014,307160
2026-09-25 12:05:00-0500,60.011,307160
2026-09-25 12:05:10-0500,60.014,307160
2026-09-25 12:05:20-0500,60.009,307160
2026-09-25 12:05:30-0500,59.998,307160
2026-09-25 12:05:40-0500,59.992,307160
2026-09-25 12:05:50-0500,59.997,307160
2026-09-25 12:06:00-0500,59.986,307160
2026-09-25 12:06:10-0500,59.985,307160
2026-09-25 12:06:20-0500,59.985,307160
2026-09-25 12:06:30-0500,59.988,307160
2026-09-25 12:06:40-0500,59.985,307160
2026-09-25 12:06:50-0500,59.986,307160
2026-09-25 12:07:00-0500,59.985,307160
2026-09-25 12:07:10-0500,59.986,307160
2026-09-25 12:07:20-0500,59.986,307160
2026-09-25 12:07:30-0500,59.992,307160
2026-09-25 12:07:40-0500,60.004,307160
2026-09-25 12:07:50-0500,60.01,307160
2026-09-25 12:08:00-0500,60.002,307160
2026-09-25 12:08:10-0500,59.991,307160
2026-09-25 12:08:20-0500,59.988,307160
2026-09-25 12:08:30-0500,60.005,307160
2026-09-25 12:08:40-0500,60.017,307160
2026-09-25 12:08:50-0500,60.014,307160
2026-09-25 12:09:00-0500,60.011,307160
2026-09-25 12:09:10-0500,60.015,307160
2026-09-25 12:09:20-0500,60.015,307160
2026-09-25 12:09:30-0500,60.011,307160
2026-09-25 12:09:40-0500,60.014,307160
2026-09-25 12:09:50-0500,60.009,307160
2026-09-25 12:10:00-0500,60.007,307160
2026-09-25 12:10:10-0500,60.016,307160
2026-09-25 12:10:20-0500,60.016,307160
2026-09-25 12:10:30-0500,60.015,307160
2026-09-25 12:10:40-0500,60.014,307160
2026-09-25 12:10:50-0500,60.014,307160
2026-09-25 12:11:00-0500,60.007,307160
2026-09-25 12:11:10-0500,59.997,307160
2026-09-25 12:11:20-0500,60.002,307160
2026-09-25 12:11:30-0500,60.014,307160
2026-09-25 12:11:40-0500,60.011,307160
2026-09-25 12:11:50-0500,59.996,307160
2026-09-25 12:12:00-0500,59.985,307160
2026-09-25 12:12:10-0500,59.987,307160
2026-09-25 12:12:20-0500,59.985,307160
2026-09-25 12:12:30-0500,59.981,307160
2026-09-25 12:12:40-0500,59.982,307160
2026-09-25 12:12:50-0500,59.98,305649
2026-09-25 12:13:00-0500,59.981,305649
2026-09-25 12:13:10-0500,59.981,305649
2026-09-25 12:13:20-0500,59.982,305649
2026-09-25 12:13:30-0500,59.982,305649
2026-09-25 12:13:40-0500,59.982,305649
2026-09-25 12:13:50-0500,59.984,305649
2026-09-25 12:14:00-0500,59.987,305649
2026-09-25 12:14:10-0500,59.986,305649
2026-09-25 12:14:20-0500,59.99,305649
2026-09-25 12:14:30-0500,59.985,305649
2026-09-25 12:14:40-0500,59.984,305649
2026-09-25 12:14:50-0500,59.982,305649
2026-09-25 12:15:00-0500,59.983,305649
2026-09-25 12:15:10-0500,59.982,305649
2026-09-25 12:15:20-0500,59.982,305649
2026-09-25 12:15:30-0500,59.983,305649
2026-09-25 12:15:40-0500,59.983,305649
2026-09-25 12:15:50-0500,59.982,305649
2026-09-25 12:16:00-0500,59.981,305649
2026-09-25 12:16:10-0500,59.982,305649
2026-09-25 12:16:20-0500,59.982,305649
2026-09-25 12:16:30-0500,59.98,305649
2026-09-25 12:16:40-0500,59.981,305817
2026-09-25 12:16:50-0500,59.98,305817
2026-09-25 12:17:00-0500,59.98,305817
2026-09-25 12:17:10-0500,59.98,305817
2026-09-25 12:17:20-0500,59.978,305817
2026-09-25 12:17:30-0500,59.979,305817
2026-09-25 12:17:40-0500,59.98,305817
2026-09-25 12:17:50-0500,59.979,305817
2026-09-25 12:18:00-0500,59.979,305817
2026-09-25 12:18:10-0500,59.979,305817
2026-09-25 12:18:20-0500,59.978,305817
2026-09-25 12:18:30-0500,59.977,305817
2026-09-25 12:18:40-0500,59.976,305817
2026-09-25 12:18:50-0500,59.975,305817
2026-09-25 12:19:00-0500,59.975,305817
2026-09-25 12:19:10-0500,59.975,305817
2026-09-25 12:19:20-0500,59.974,305817
2026-09-25 12:19:30-0500,59.974,305817
2026-09-25 12:19:40-0500,59.976,305817
2026-09-25 12:19:50-0500,59.976,305817
2026-09-25 12:20:00-0500,59.975,305817
2026-09-25 12:20:10-0500,59.976,305817
2026-09-25 12:20:20-0500,59.976,305817
2026-09-25 12:20:30-0500,59.977,305817
2026-09-25 12:20:40-0500,59.978,305817
2026-09-25 12:20:50-0500,59.979,305817
2026-09-25 12:21:00-0500,59.978,305817
2026-09-25 12:21:10-0500,59.979,305817
2026-09-25 12:21:20-0500,59.981,305817
2026-09-25 12:21:30-0500,59.983,305817
2026-09-25 12:21:40-0500,59.985,305817
2026-09-25 12:21:50-0500,59.987,305817
2026-09-25 12:22:00-0500,59.995,305817
2026-09-25 12:22:10-0500,60.014,305817
2026-09-25 12:22:20-0500,60.015,305817
2026-09-25 12:22:30-0500,60.013,305817
2026-09-25 12:22:40-0500,60.015,305817
2026-09-25 12:22:50-0500,60.012,305817
2026-09-25 12:23:00-0500,60.002,305817
2026-09-25 12:23:10-0500,59.982,305817
2026-09-25 12:23:20-0500,59.982,305817
2026-09-25 12:23:30-0500,59.983,306237
2026-09-25 12:23:40-0500,59.982,306237
2026-09-25 12:23:50-0500,59.982,306237
2026-09-25 12:24:00-0500,59.98,306237
2026-09-25 12:24:10-0500,59.98,306237
2026-09-25 12:24:20-0500,59.978,306237
2026-09-25 12:24:30-0500,59.978,306237
2026-09-25 12:24:40-0500,59.977,306237
2026-09-25 12:24:50-0500,59.979,306237
2026-09-25 12:25:00-0500,59.979,306237
2026-09-25 12:25:10-0500,59.979,306237
2026-09-25 12:25:20-0500,59.981,306237
2026-09-25 12:25:30-0500,59.981,306237
2026-09-25 12:25:40-0500,59.982,306237
2026-09-25 12:25:50-0500,59.989,306237
2026-09-25 12:26:00-0500,59.99,306237
2026-09-25 12:26:10-0500,60.015,306237
2026-09-25 12:26:20-0500,60.016,306237
2026-09-25 12:26:30-0500,60.013,306237
2026-09-25 12:26:40-0500,60.012,306237
2026-09-25 12:26:50-0500,60.015,306237
2026-09-25 12:27:00-0500,60.015,306237
2026-09-25 12:27:10-0500,60.014,306237
2026-09-25 12:27:20-0500,60.014,306237
2026-09-25 12:27:30-0500,60.016,306237
2026-09-25 12:27:40-0500,60.016,306237
2026-09-25 12:27:50-0500,60.015,306237
2026-09-25 12:28:00-0500,60.016,306237
2026-09-25 12:28:10-0500,60.016,306237
2026-09-25 12:28:20-0500,60.018,306237
2026-09-25 12:28:30-0500,60.016,306237
2026-09-25 12:28:40-0500,60.012,306237
2026-09-25 12:28:50-0500,60.018,306237
2026-09-25 12:29:00-0500,60.015,306237
2026-09-25 12:29:10-0500,60.018,306237
2026-09-25 12:29:20-0500,60.017,306237
2026-09-25 12:29:30-0500,60.016,306237
2026-09-25 12:29:40-0500,60.017,306237
2026-09-25 12:29:50-0500,60.018,306237
2026-09-25 12:30:00-0500,60.017,306237
2026-09-25 12:30:10-0500,60.018,306237
2026-09-25 12:30:20-0500,60.017,306237
2026-09-25 12:30:30-0500,60.016,306927
2026-09-25 12:30:40-0500,60.015,306927
2026-09-25 12:30:50-0500,60.018,306927
2026-09-25 12:31:00-0500,60.016,306927
2026-09-25 12:31:10-0500,60.017,306927
2026-09-25 12:31:20-0500,60.016,306927
2026-09-25 12:31:30-0500,60.015,306927
2026-09-25 12:31:40-0500,60.014,306945
2026-09-25 12:31:50-0500,60.012,306945
2026-09-25 12:32:00-0500,60.012,306945
2026-09-25 12:32:10-0500,60.01,306945
2026-09-25 12:32:20-0500,60.007,306945
2026-09-25 12:32:30-0500,60.003,306945
2026-09-25 12:32:40-0500,59.999,306945
2026-09-25 12:32:50-0500,59.988,306945
2026-09-25 12:33:00-0500,59.983,306945
2026-09-25 12:33:10-0500,59.983,306945
2026-09-25 12:33:20-0500,59.986,306945
2026-09-25 12:33:30-0500,59.988,306945
2026-09-25 12:33:40-0500,59.997,306945
2026-09-25 12:33:50-0500,60.011,306945
2026-09-25 12:34:00-0500,60.01,306945
2026-09-25 12:34:10-0500,59.988,306945
2026-09-25 12:34:20-0500,59.987,306945
2026-09-25 12:34:30-0500,59.985,306945
2026-09-25 12:34:40-0500,59.984,306945
2026-09-25 12:34:50-0500,59.983,306945
2026-09-25 12:35:00-0500,59.983,307029
2026-09-25 12:35:10-0500,59.981,307113
2026-09-25 12:35:20-0500,59.982,307113
2026-09-25 12:35:30-0500,59.98,307113
2026-09-25 12:35:40-0500,59.981,307113
2026-09-25 12:35:50-0500,59.982,307113
2026-09-25 12:36:00-0500,59.982,307113
2026-09-25 12:36:10-0500,59.981,307113
2026-09-25 12:36:20-0500,59.98,307113
2026-09-25 12:36:30-0500,59.978,307113
2026-09-25 12:36:40-0500,59.977,307113
2026-09-25 12:36:50-0500,59.978,307113
2026-09-25 12:37:00-0500,59.977,307113
2026-09-25 12:37:10-0500,59.977,307113
2026-09-25 12:37:20-0500,59.977,307113
2026-09-25 12:37:30-0500,59.975,307113
2026-09-25 12:37:40-0500,59.975,307113
2026-09-25 12:37:50-0500,59.977,307113
2026-09-25 12:38:00-0500,59.976,307113
2026-09-25 12:38:10-0500,59.977,307113
2026-09-25 12:38:20-0500,59.977,307113
2026-09-25 12:38:30-0500,59.977,307113
2026-09-25 12:38:40-0500,59.976,307113
2026-09-25 12:38:50-0500,59.977,307113
2026-09-25 12:39:00-0500,59.978,307113
2026-09-25 12:39:10-0500,59.979,307113
2026-09-25 12:39:20-0500,59.979,307113
2026-09-25 12:39:30-0500,59.979,307113
2026-09-25 12:39:40-0500,59.979,307113
2026-09-25 12:39:50-0500,59.98,307113
2026-09-25 12:40:00-0500,59.979,307113
2026-09-25 12:40:10-0500,59.978,307113
2026-09-25 12:40:20-0500,59.977,307113
2026-09-25 12:40:30-0500,59.974,307113
2026-09-25 12:40:40-0500,59.975,307113
2026-09-25 12:40:50-0500,59.974,307113
2026-09-25 12:41:00-0500,59.973,307113
2026-09-25 12:41:10-0500,59.973,307113
2026-09-25 12:41:20-0500,59.973,307113
2026-09-25 12:41:30-0500,59.973,307113
2026-09-25 12:41:40-0500,59.975,307113
2026-09-25 12:41:50-0500,59.974,307113
2026-09-25 12:42:00-0500,59.976,307113
2026-09-25 12:42:10-0500,59.975,307113
2026-09-25 12:42:20-0500,59.975,307113
2026-09-25 12:42:30-0500,59.976,307113
2026-09-25 12:42:40-0500,59.976,307113
2026-09-25 12:42:50-0500,59.976,307113
2026-09-25 12:43:00-0500,59.977,307113
2026-09-25 12:43:10-0500,59.978,307113
2026-09-25 12:43:20-0500,59.981,309408
2026-09-25 12:43:30-0500,59.98,309408
2026-09-25 12:43:40-0500,59.982,309408
2026-09-25 12:43:50-0500,59.989,309425
2026-09-25 12:44:00-0500,60,309408
2026-09-25 12:44:10-0500,60.016,309425
2026-09-25 12:44:20-0500,60.015,309425
2026-09-25 12:44:30-0500,60.015,309425
2026-09-25 12:44:40-0500,60.016,309425
2026-09-25 12:44:50-0500,60.013,309425
2026-09-25 12:45:00-0500,60.015,309425
2026-09-25 12:45:10-0500,60.013,309425
2026-09-25 12:45:20-0500,60.014,309425
2026-09-25 12:45:30-0500,60.014,309425
2026-09-25 12:45:40-0500,60.014,309425
2026-09-25 12:45:50-0500,60.016,309425
2026-09-25 12:46:00-0500,60.014,309425
2026-09-25 12:46:10-0500,60.018,309425
2026-09-25 12:46:20-0500,60.017,309425
2026-09-25 12:46:30-0500,60.018,309425
2026-09-25 12:46:40-0500,60.017,309425
2026-09-25 12:46:50-0500,60.015,309425
2026-09-25 12:47:00-0500,60.017,309425
2026-09-25 12:47:10-0500,60.015,309425
2026-09-25 12:47:20-0500,60.016,309425
2026-09-25 12:47:30-0500,60.009,309425
2026-09-25 12:47:40-0500,60.014,309425
2026-09-25 12:47:50-0500,60.013,309425
2026-09-25 12:48:00-0500,60.013,309425
2026-09-25 12:48:10-0500,60.004,309425
2026-09-25 12:48:20-0500,60.009,309425
2026-09-25 12:48:30-0500,60.005,309425
2026-09-25 12:48:40-0500,60.009,309425
2026-09-25 12:48:50-0500,60.002,309425
2026-09-25 12:49:00-0500,59.989,309425
2026-09-25 12:49:10-0500,59.984,309425
2026-09-25 12:49:20-0500,59.992,309425
2026-09-25 12:49:30-0500,60.012,309425
2026-09-25 12:49:40-0500,60.021,309425
2026-09-25 12:49:50-0500,60.017,309425
2026-09-25 12:50:00-0500,60.016,309425
2026-09-25 12:50:10-0500,60.014,309425
2026-09-25 12:50:20-0500,60.009,309425
2026-09-25 12:50:30-0500,59.993,309425
2026-09-25 12:50:40-0500,59.996,309425
2026-09-25 12:50:50-0500,59.988,309425
2026-09-25 12:51:00-0500,59.99,309425
2026-09-25 12:51:10-0500,59.985,309425
2026-09-25 12:51:20-0500,59.996,309425
2026-09-25 12:51:30-0500,59.985,309425
2026-09-25 12:51:40-0500,59.983,309425
2026-09-25 12:51:50-0500,59.981,309425
2026-09-25 12:52:00-0500,59.981,309425
2026-09-25 12:52:10-0500,59.979,309425
2026-09-25 12:52:20-0500,59.98,309425
2026-09-25 12:52:30-0500,59.982,309425
2026-09-25 12:52:40-0500,59.981,309425
2026-09-25 12:52:50-0500,59.983,309425
2026-09-25 12:53:00-0500,59.982,309425
2026-09-25 12:53:10-0500,59.991,309425
2026-09-25 12:53:20-0500,59.997,309425
2026-09-25 12:53:30-0500,60.011,309425
2026-09-25 12:53:40-0500,60.014,309425
2026-09-25 12:53:50-0500,60.015,309425
2026-09-25 12:54:00-0500,60.014,309425
2026-09-25 12:54:10-0500,60.012,309425
2026-09-25 12:54:20-0500,59.998,309425
2026-09-25 12:54:30-0500,59.983,309425
2026-09-25 12:54:40-0500,59.982,309425
2026-09-25 12:54:50-0500,59.981,309425
2026-09-25 12:55:00-0500,59.981,309425
2026-09-25 12:55:10-0500,59.978,309425
2026-09-25 12:55:20-0500,59.978,309425
2026-09-25 12:55:30-0500,59.977,309425
2026-09-25 12:55:40-0500,59.977,309425
2026-09-25 12:55:50-0500,59.978,309425
2026-09-25 12:56:00-0500,59.981,309425
2026-09-25 12:56:10-0500,59.982,309425
2026-09-25 12:56:20-0500,59.981,309425
2026-09-25 12:56:30-0500,59.981,309425
2026-09-25 12:56:40-0500,59.982,309425
2026-09-25 12:56:50-0500,59.983,309425
2026-09-25 12:57:00-0500,59.985,309425
2026-09-25 12:57:10-0500,59.987,309425
2026-09-25 12:57:20-0500,59.992,309425
2026-09-25 12:57:30-0500,60.006,309425
2026-09-25 12:57:40-0500,60.006,309425
2026-09-25 12:57:50-0500,60.014,309425
2026-09-25 12:58:00-0500,60.016,309425
2026-09-25 12:58:10-0500,60.011,309425
2026-09-25 12:58:20-0500,60.012,309425
2026-09-25 12:58:30-0500,60.005,309425
2026-09-25 12:58:40-0500,60.006,309425
2026-09-25 12:58:50-0500,60.014,309425
2026-09-25 12:59:00-0500,60.012,309425
2026-09-25 12:59:10-0500,60.015,309425
2026-09-25 12:59:20-0500,60.016,309425
2026-09-25 12:59:30-0500,60.017,309425
2026-09-25 12:59:40-0500,60.016,309425
2026-09-25 12:59:50-0500,60.017,309425
2026-09-25 13:00:00-0500,60.016,309425
2026-09-25 13:00:10-0500,60.018,309425
2026-09-25 13:00:20-0500,60.016,309425
2026-09-25 13:00:30-0500,60.016,309425
2026-09-25 13:00:40-0500,60.015,309425
2026-09-25 13:00:50-0500,60.014,309425
2026-09-25 13:01:00-0500,60.01,309425
2026-09-25 13:01:10-0500,60.008,309425
2026-09-25 13:01:20-0500,60.013,309425
2026-09-25 13:01:30-0500,60.014,309425
2026-09-25 13:01:40-0500,60.004,309425
2026-09-25 13:01:50-0500,59.997,309425
2026-09-25 13:02:00-0500,59.99,309425
2026-09-25 13:02:10-0500,59.99,309425
2026-09-25 13:02:20-0500,60.012,309425
2026-09-25 13:02:30-0500,60.002,309392
2026-09-25 13:02:40-0500,59.985,309392
2026-09-25 13:02:50-0500,59.985,309392
2026-09-25 13:03:00-0500,59.985,309392
2026-09-25 13:03:10-0500,59.983,309392
2026-09-25 13:03:20-0500,59.983,309392
2026-09-25 13:03:30-0500,59.982,309392
2026-09-25 13:03:40-0500,59.98,309392
2026-09-25 13:03:50-0500,59.98,309397
2026-09-25 13:04:00-0500,59.98,309397
2026-09-25 13:04:10-0500,59.98,309397
2026-09-25 13:04:20-0500,59.98,309397
2026-09-25 13:04:30-0500,59.978,309397
2026-09-25 13:04:40-0500,59.98,309397
2026-09-25 13:04:50-0500,59.979,309397
2026-09-25 13:05:00-0500,59.979,309397
2026-09-25 13:05:10-0500,59.98,309397
2026-09-25 13:05:20-0500,59.981,309397
2026-09-25 13:05:30-0500,59.981,309397
2026-09-25 13:05:40-0500,59.981,309397
2026-09-25 13:05:50-0500,59.982,309490
2026-09-25 13:06:00-0500,59.982,309490
2026-09-25 13:06:10-0500,59.982,309397
2026-09-25 13:06:20-0500,59.992,309397
2026-09-25 13:06:30-0500,60.014,309490
2026-09-25 13:06:40-0500,60.015,309397
2026-09-25 13:06:50-0500,60.005,309490
2026-09-25 13:07:00-0500,60.003,309587
2026-09-25 13:07:10-0500,59.994,309597
2026-09-25 13:07:20-0500,60.001,309597
2026-09-25 13:07:30-0500,60.016,309659
2026-09-25 13:07:40-0500,60.012,309720
2026-09-25 13:07:50-0500,59.996,309720
2026-09-25 13:08:00-0500,59.984,309720
2026-09-25 13:08:10-0500,59.989,309720
2026-09-25 13:08:20-0500,60.006,309720
2026-09-25 13:08:30-0500,59.991,309720
2026-09-25 13:08:40-0500,59.986,309720
2026-09-25 13:08:50-0500,59.997,309720
2026-09-25 13:09:00-0500,60.007,309720
2026-09-25 13:09:10-0500,59.99,309720
2026-09-25 13:09:20-0500,59.987,309720
2026-09-25 13:09:30-0500,59.989,309720
2026-09-25 13:09:40-0500,60.002,309720
2026-09-25 13:09:50-0500,60.005,309720
2026-09-25 13:10:00-0500,60.006,309720
2026-09-25 13:10:10-0500,60.009,309720
2026-09-25 13:10:20-0500,60.009,309720
2026-09-25 13:10:30-0500,59.997,309720
2026-09-25 13:10:40-0500,59.987,309720
2026-09-25 13:10:50-0500,59.987,309720
2026-09-25 13:11:00-0500,59.992,309720
2026-09-25 13:11:10-0500,60.002,309720
2026-09-25 13:11:20-0500,59.995,309720
2026-09-25 13:11:30-0500,59.985,309720
2026-09-25 13:11:40-0500,59.988,309720
2026-09-25 13:11:50-0500,59.993,310401
2026-09-25 13:12:00-0500,59.99,310401
2026-09-25 13:12:10-0500,59.983,309720
2026-09-25 13:12:20-0500,59.99,309720
2026-09-25 13:12:30-0500,59.984,309720
2026-09-25 13:12:40-0500,59.987,309720
2026-09-25 13:12:50-0500,59.989,309720
2026-09-25 13:13:00-0500,59.985,309720
2026-09-25 13:13:10-0500,59.984,309720
2026-09-25 13:13:20-0500,59.983,309720
2026-09-25 13:13:30-0500,59.983,309720
2026-09-25 13:13:40-0500,59.985,309720
2026-09-25 13:13:50-0500,59.982,309720
2026-09-25 13:14:00-0500,59.981,309720
2026-09-25 13:14:10-0500,59.982,309720
2026-09-25 13:14:20-0500,59.981,309720
2026-09-25 13:14:30-0500,59.981,309720
2026-09-25 13:14:40-0500,59.982,309720
2026-09-25 13:14:50-0500,59.982,309720
2026-09-25 13:15:00-0500,59.983,309720
2026-09-25 13:15:10-0500,59.982,309720
2026-09-25 13:15:20-0500,59.985,309720
2026-09-25 13:15:30-0500,59.992,309720
2026-09-25 13:15:40-0500,60.014,309720
2026-09-25 13:15:50-0500,60.014,309720
2026-09-25 13:16:00-0500,60.012,310247
2026-09-25 13:16:10-0500,60.008,310247
2026-09-25 13:16:20-0500,60.016,310247
2026-09-25 13:16:30-0500,60.017,310247
2026-09-25 13:16:40-0500,60.016,310247
2026-09-25 13:16:50-0500,60.016,310247
2026-09-25 13:17:00-0500,60.014,310247
2026-09-25 13:17:10-0500,60.015,310247
2026-09-25 13:17:20-0500,60.016,310247
2026-09-25 13:17:30-0500,60.015,310247
2026-09-25 13:17:40-0500,60.017,310247
2026-09-25 13:17:50-0500,60.014,310247
2026-09-25 13:18:00-0500,60.015,310247
2026-09-25 13:18:10-0500,60.017,310247
2026-09-25 13:18:20-0500,60.012,310247
2026-09-25 13:18:30-0500,60.012,310247
2026-09-25 13:18:40-0500,60.017,310247
2026-09-25 13:18:50-0500,60.018,310247
2026-09-25 13:19:00-0500,60.015,310247
2026-09-25 13:19:10-0500,60.02,310247
2026-09-25 13:19:20-0500,60.019,310247
2026-09-25 13:19:30-0500,60.015,310247
2026-09-25 13:19:40-0500,60.017,310247
2026-09-25 13:19:50-0500,60.019,310247
2026-09-25 13:20:00-0500,60.015,310247
2026-09-25 13:20:10-0500,60.016,310247
2026-09-25 13:20:20-0500,60.014,310247
2026-09-25 13:20:30-0500,60.017,310247
2026-09-25 13:20:40-0500,60.017,310247
2026-09-25 13:20:50-0500,60.017,310247
2026-09-25 13:21:00-0500,60.014,310247
2026-09-25 13:21:10-0500,60.016,310247
2026-09-25 13:21:20-0500,60.002,310247
2026-09-25 13:21:30-0500,60.011,310247
2026-09-25 13:21:40-0500,60.015,310247
2026-09-25 13:21:50-0500,60.011,310247
2026-09-25 13:22:00-0500,60.013,310247
2026-09-25 13:22:10-0500,59.994,310247
2026-09-25 13:22:20-0500,59.998,310247
2026-09-25 13:22:30-0500,59.999,310247
2026-09-25 13:22:40-0500,59.984,310247
2026-09-25 13:22:50-0500,59.984,310247
2026-09-25 13:23:00-0500,59.984,310247
2026-09-25 13:23:10-0500,59.981,310247
2026-09-25 13:23:20-0500,59.979,310247
2026-09-25 13:23:30-0500,59.978,310247
2026-09-25 13:23:40-0500,59.979,310247
2026-09-25 13:23:50-0500,59.976,310247
2026-09-25 13:24:00-0500,59.974,310247
2026-09-25 13:24:10-0500,59.976,310247
2026-09-25 13:24:20-0500,59.974,310247
2026-09-25 13:24:30-0500,59.974,310247
2026-09-25 13:24:40-0500,59.975,310247
2026-09-25 13:24:50-0500,59.975,310247
2026-09-25 13:25:00-0500,59.975,310247
2026-09-25 13:25:10-0500,59.975,310247
2026-09-25 13:25:20-0500,59.976,310247
2026-09-25 13:25:30-0500,59.974,310247
2026-09-25 13:25:40-0500,59.975,310247
2026-09-25 13:25:50-0500,59.975,310155
2026-09-25 13:26:00-0500,59.975,310155
2026-09-25 13:26:10-0500,59.975,310155
2026-09-25 13:26:20-0500,59.974,310155
2026-09-25 13:26:30-0500,59.975,310155
2026-09-25 13:26:40-0500,59.977,310155
2026-09-25 13:26:50-0500,59.978,310155
2026-09-25 13:27:00-0500,59.979,310155
2026-09-25 13:27:10-0500,59.979,310155
2026-09-25 13:27:20-0500,59.981,310155
2026-09-25 13:27:30-0500,59.983,310155
2026-09-25 13:27:40-0500,59.986,310155
2026-09-25 13:27:50-0500,60.004,310155
2026-09-25 13:28:00-0500,60.016,310155
2026-09-25 13:28:10-0500,60.015,310155
2026-09-25 13:28:20-0500,60.016,310155
2026-09-25 13:28:30-0500,60.016,310155
2026-09-25 13:28:40-0500,60.015,310155
2026-09-25 13:28:50-0500,60.012,310155
2026-09-25 13:29:00-0500,60.016,310155
2026-09-25 13:29:10-0500,60.012,310155
2026-09-25 13:29:20-0500,60.013,310155
2026-09-25 13:29:30-0500,60.008,310155
2026-09-25 13:29:40-0500,60.009,310155
2026-09-25 13:29:50-0500,60.007,310155
2026-09-25 13:30:00-0500,60.013,310155
2026-09-25 13:30:10-0500,59.998,310155
2026-09-25 13:30:20-0500,59.984,310155
2026-09-25 13:30:30-0500,59.984,310155
2026-09-25 13:30:40-0500,59.986,310155
2026-09-25 13:30:50-0500,59.986,310155
2026-09-25 13:31:00-0500,59.984,310155
2026-09-25 13:31:10-0500,59.991,310155
2026-09-25 13:31:20-0500,59.989,310155
2026-09-25 13:31:30-0500,59.983,310155
2026-09-25 13:31:40-0500,59.984,310155
2026-09-25 13:31:50-0500,59.983,310155
2026-09-25 13:32:00-0500,59.984,310155
2026-09-25 13:32:10-0500,59.984,310155
2026-09-25 13:32:20-0500,59.989,310155
2026-09-25 13:32:30-0500,59.985,310155
2026-09-25 13:32:40-0500,59.985,310155
2026-09-25 13:32:50-0500,59.995,310155
2026-09-25 13:33:00-0500,59.982,310155
2026-09-25 13:33:10-0500,59.982,310155
2026-09-25 13:33:20-0500,59.982,310155
2026-09-25 13:33:30-0500,59.98,310247
2026-09-25 13:33:40-0500,59.98,310247
2026-09-25 13:33:50-0500,59.978,310247
2026-09-25 13:34:00-0500,59.978,310155
2026-09-25 13:34:10-0500,59.976,310247
2026-09-25 13:34:20-0500,59.977,310155
2026-09-25 13:34:30-0500,59.978,310155
2026-09-25 13:34:40-0500,59.979,310247
2026-09-25 13:34:50-0500,59.979,310247
2026-09-25 13:35:00-0500,59.978,310155
2026-09-25 13:35:10-0500,59.977,310155
2026-09-25 13:35:20-0500,59.977,310155
2026-09-25 13:35:30-0500,59.979,310247
2026-09-25 13:35:40-0500,59.978,310247
2026-09-25 13:35:50-0500,59.981,310155
2026-09-25 13:36:00-0500,59.98,310155
2026-09-25 13:36:10-0500,59.979,310155
2026-09-25 13:36:20-0500,59.982,310155
2026-09-25 13:36:30-0500,59.981,310247
2026-09-25 13:36:40-0500,59.983,310247
2026-09-25 13:36:50-0500,59.987,310247
2026-09-25 13:37:00-0500,59.998,310247
2026-09-25 13:37:10-0500,60.014,310247
2026-09-25 13:37:20-0500,60.014,310247
2026-09-25 13:37:30-0500,60.014,310247
2026-09-25 13:37:40-0500,60.013,310247
2026-09-25 13:37:50-0500,60.013,310247
2026-09-25 13:38:00-0500,60.013,310247
2026-09-25 13:38:10-0500,60.01,310247
2026-09-25 13:38:20-0500,60.009,310247
2026-09-25 13:38:30-0500,59.998,310247
2026-09-25 13:38:40-0500,59.997,310247
2026-09-25 13:38:50-0500,60.015,310247
2026-09-25 13:39:00-0500,60.013,310247
2026-09-25 13:39:10-0500,60.001,310247
2026-09-25 13:39:20-0500,59.985,310247
2026-09-25 13:39:30-0500,59.989,310247
2026-09-25 13:39:40-0500,60.018,310247
2026-09-25 13:39:50-0500,60.01,310247
2026-09-25 13:40:00-0500,60.009,310247
2026-09-25 13:40:10-0500,60.013,310247
2026-09-25 13:40:20-0500,60.012,310247
2026-09-25 13:40:30-0500,59.991,310247
2026-09-25 13:40:40-0500,59.99,310247
2026-09-25 13:40:50-0500,59.991,310247
2026-09-25 13:41:00-0500,60.007,310247
2026-09-25 13:41:10-0500,60.014,310247
2026-09-25 13:41:20-0500,60.013,310247
2026-09-25 13:41:30-0500,60.009,310247
2026-09-25 13:41:40-0500,60.013,310247
2026-09-25 13:41:50-0500,60.015,310247
2026-09-25 13:42:00-0500,60.014,310247
2026-09-25 13:42:10-0500,60.013,310247
2026-09-25 13:42:20-0500,60.012,310247
2026-09-25 13:42:30-0500,60.012,310247
2026-09-25 13:42:40-0500,60.012,310247
2026-09-25 13:42:50-0500,60.016,310247
2026-09-25 13:43:00-0500,60.017,310514
2026-09-25 13:43:10-0500,60.018,310514
2026-09-25 13:43:20-0500,60.015,310514
2026-09-25 13:43:30-0500,60.015,310514
2026-09-25 13:43:40-0500,60.015,310514
2026-09-25 13:43:50-0500,60.015,310514
2026-09-25 13:44:00-0500,60.015,310514
2026-09-25 13:44:10-0500,60.014,310514
2026-09-25 13:44:20-0500,60.011,310514
2026-09-25 13:44:30-0500,60.002,310514
2026-09-25 13:44:40-0500,60.005,310514
2026-09-25 13:44:50-0500,60.014,310514
2026-09-25 13:45:00-0500,60.01,310514
2026-09-25 13:45:10-0500,60.011,310514
2026-09-25 13:45:20-0500,60.015,310514
2026-09-25 13:45:30-0500,60.016,310514
2026-09-25 13:45:40-0500,60.012,310514
2026-09-25 13:45:50-0500,60.012,310514
2026-09-25 13:46:00-0500,60.015,310514
2026-09-25 13:46:10-0500,60.013,310514
2026-09-25 13:46:20-0500,60.01,310514
2026-09-25 13:46:30-0500,59.988,310514
2026-09-25 13:46:40-0500,59.991,310514
2026-09-25 13:46:50-0500,60.003,310514
2026-09-25 13:47:00-0500,60.01,310514
2026-09-25 13:47:10-0500,60.008,310514
2026-09-25 13:47:20-0500,60.012,310514
2026-09-25 13:47:30-0500,60.007,310514
2026-09-25 13:47:40-0500,60.003,310514
2026-09-25 13:47:50-0500,60.007,310514
2026-09-25 13:48:00-0500,60.01,310528
2026-09-25 13:48:10-0500,60.01,310607
2026-09-25 13:48:20-0500,60.01,310607
2026-09-25 13:48:30-0500,59.995,310607
2026-09-25 13:48:40-0500,59.985,311289
2026-09-25 13:48:50-0500,59.984,310607
2026-09-25 13:49:00-0500,59.986,310607
2026-09-25 13:49:10-0500,59.996,310607
2026-09-25 13:49:20-0500,60.015,310607
2026-09-25 13:49:30-0500,60.015,310607
2026-09-25 13:49:40-0500,60.015,310607
2026-09-25 13:49:50-0500,60.009,310607
2026-09-25 13:50:00-0500,60.012,310607
2026-09-25 13:50:10-0500,60.016,310607
2026-09-25 13:50:20-0500,60.015,310607
2026-09-25 13:50:30-0500,60.017,310607
2026-09-25 13:50:40-0500,60.013,310607
2026-09-25 13:50:50-0500,60.012,310607
2026-09-25 13:51:00-0500,60.013,311289
2026-09-25 13:51:10-0500,60.011,310607
2026-09-25 13:51:20-0500,60.011,310607
2026-09-25 13:51:30-0500,59.993,310607
2026-09-25 13:51:40-0500,59.991,310607
2026-09-25 13:51:50-0500,59.996,311289
2026-09-25 13:52:00-0500,59.992,310607
2026-09-25 13:52:10-0500,59.984,310607
2026-09-25 13:52:20-0500,59.985,311289
2026-09-25 13:52:30-0500,59.986,310698
2026-09-25 13:52:40-0500,59.983,311379
2026-09-25 13:52:50-0500,59.984,311379
2026-09-25 13:53:00-0500,59.984,311379
2026-09-25 13:53:10-0500,59.995,311379
2026-09-25 13:53:20-0500,60.012,311379
2026-09-25 13:53:30-0500,60.012,311379
2026-09-25 13:53:40-0500,60.012,311379
2026-09-25 13:53:50-0500,60.003,311379
2026-09-25 13:54:00-0500,60.003,311379
2026-09-25 13:54:10-0500,60.003,311379
2026-09-25 13:54:20-0500,60.013,311379
2026-09-25 13:54:30-0500,60.013,311379
2026-09-25 13:54:40-0500,60.015,311379
2026-09-25 13:54:50-0500,60.014,311379
2026-09-25 13:55:00-0500,60.013,311379
2026-09-25 13:55:10-0500,59.994,311379
2026-09-25 13:55:20-0500,60.01,311379
2026-09-25 13:55:30-0500,60.016,311379
2026-09-25 13:55:40-0500,60.018,311379
2026-09-25 13:55:50-0500,60.014,311379
2026-09-25 13:56:00-0500,60.014,311379
2026-09-25 13:56:10-0500,60.015,311379
2026-09-25 13:56:20-0500,60.013,311379
2026-09-25 13:56:30-0500,60.009,311379
2026-09-25 13:56:40-0500,60.014,311379
2026-09-25 13:56:50-0500,60.012,311379
2026-09-25 13:57:00-0500,60.001,311379
2026-09-25 13:57:10-0500,59.999,311379
2026-09-25 13:57:20-0500,60.015,311379
2026-09-25 13:57:30-0500,60.013,311379
2026-09-25 13:57:40-0500,60.001,311379
2026-09-25 13:57:50-0500,59.988,311379
2026-09-25 13:58:00-0500,59.989,311379
2026-09-25 13:58:10-0500,59.989,311379
2026-09-25 13:58:20-0500,59.986,311379
2026-09-25 13:58:30-0500,59.984,311379
2026-09-25 13:58:40-0500,59.984,311379
2026-09-25 13:58:50-0500,59.983,311379
2026-09-25 13:59:00-0500,59.982,311379
2026-09-25 13:59:10-0500,59.981,311379
2026-09-25 13:59:20-0500,59.98,311379
2026-09-25 13:59:30-0500,59.98,311379
2026-09-25 13:59:40-0500,59.981,311379
2026-09-25 13:59:50-0500,59.98,311379
2026-09-25 14:00:00-0500,59.978,311379
2026-09-25 14:00:10-0500,59.98,311379
2026-09-25 14:00:20-0500,59.978,311379
2026-09-25 14:00:30-0500,59.978,311379
2026-09-25 14:00:40-0500,59.978,311379
2026-09-25 14:00:50-0500,59.977,311379
2026-09-25 14:01:00-0500,59.977,311379
2026-09-25 14:01:10-0500,59.977,311379
2026-09-25 14:01:20-0500,59.977,311379
2026-09-25 14:01:30-0500,59.976,311379
2026-09-25 14:01:40-0500,59.976,311379
2026-09-25 14:01:50-0500,59.977,311379
2026-09-25 14:02:00-0500,59.977,311379
2026-09-25 14:02:10-0500,59.977,311379
2026-09-25 14:02:20-0500,59.976,311379
2026-09-25 14:02:30-0500,59.977,311379
2026-09-25 14:02:40-0500,59.976,311379
2026-09-25 14:02:50-0500,59.975,311379
2026-09-25 14:03:00-0500,59.975,311379
2026-09-25 14:03:10-0500,59.975,311379
2026-09-25 14:03:20-0500,59.976,311379
2026-09-25 14:03:30-0500,59.977,311379
2026-09-25 14:03:40-0500,59.977,311379
2026-09-25 14:03:50-0500,59.978,311379
2026-09-25 14:04:00-0500,59.978,311379
2026-09-25 14:04:10-0500,59.979,311379
2026-09-25 14:04:20-0500,59.979,311379
2026-09-25 14:04:30-0500,59.979,311458
2026-09-25 14:04:40-0500,59.981,311458
2026-09-25 14:04:50-0500,59.981,311458
2026-09-25 14:05:00-0500,59.981,311458
2026-09-25 14:05:10-0500,59.986,311458
2026-09-25 14:05:20-0500,59.999,311458
2026-09-25 14:05:30-0500,60.011,311458
2026-09-25 14:05:40-0500,60.007,311458
2026-09-25 14:05:50-0500,60.001,311458
2026-09-25 14:06:00-0500,60.004,311458
2026-09-25 14:06:10-0500,60.004,311458
2026-09-25 14:06:20-0500,60.008,311458
2026-09-25 14:06:30-0500,59.988,311458
2026-09-25 14:06:40-0500,59.983,311458
2026-09-25 14:06:50-0500,59.983,311458
2026-09-25 14:07:00-0500,59.983,311458
2026-09-25 14:07:10-0500,59.984,311458
2026-09-25 14:07:20-0500,59.984,311458
2026-09-25 14:07:30-0500,59.984,311458
2026-09-25 14:07:40-0500,59.983,311458
2026-09-25 14:07:50-0500,59.986,311458
2026-09-25 14:08:00-0500,59.988,311458
2026-09-25 14:08:10-0500,59.993,311458
2026-09-25 14:08:20-0500,59.996,311458
2026-09-25 14:08:30-0500,59.996,311458
2026-09-25 14:08:40-0500,59.985,311458
2026-09-25 14:08:50-0500,59.984,311458
2026-09-25 14:09:00-0500,59.985,311458
2026-09-25 14:09:10-0500,59.983,311458
2026-09-25 14:09:20-0500,59.982,311458
2026-09-25 14:09:30-0500,59.98,311458
2026-09-25 14:09:40-0500,59.98,311458
2026-09-25 14:09:50-0500,59.98,311458
2026-09-25 14:10:00-0500,59.981,311458
2026-09-25 14:10:10-0500,59.981,311458
2026-09-25 14:10:20-0500,59.98,311458
2026-09-25 14:10:30-0500,59.981,311458
2026-09-25 14:10:40-0500,59.981,311458
2026-09-25 14:10:50-0500,59.982,311458
2026-09-25 14:11:00-0500,59.982,311458
2026-09-25 14:11:10-0500,59.981,311458
2026-09-25 14:11:20-0500,59.981,311458
2026-09-25 14:11:30-0500,59.98,311458
2026-09-25 14:11:40-0500,59.979,311458
2026-09-25 14:11:50-0500,59.979,311458
2026-09-25 14:12:00-0500,59.979,311458
2026-09-25 14:12:10-0500,59.978,311458
2026-09-25 14:12:20-0500,59.978,311458
2026-09-25 14:12:30-0500,59.976,311458
2026-09-25 14:12:40-0500,59.976,311458
2026-09-25 14:12:50-0500,59.976,311458
2026-09-25 14:13:00-0500,59.973,311458
2026-09-25 14:13:10-0500,59.973,311458
2026-09-25 14:13:20-0500,59.974,311458
2026-09-25 14:13:30-0500,59.973,311458
2026-09-25 14:13:40-0500,59.974,311458
2026-09-25 14:13:50-0500,59.97,311458
2026-09-25 14:14:00-0500,59.971,311458
2026-09-25 14:14:10-0500,59.971,311458
2026-09-25 14:14:20-0500,59.97,311458
2026-09-25 14:14:30-0500,59.969,311458
2026-09-25 14:14:40-0500,59.969,311458
2026-09-25 14:14:50-0500,59.969,311458
2026-09-25 14:15:00-0500,59.968,311458
2026-09-25 14:15:10-0500,59.966,311458
2026-09-25 14:15:20-0500,59.968,311458
2026-09-25 14:15:30-0500,59.97,311458
2026-09-25 14:15:40-0500,59.969,311458
2026-09-25 14:15:50-0500,59.972,311458
2026-09-25 14:16:00-0500,59.972,311458
2026-09-25 14:16:10-0500,59.973,311458
2026-09-25 14:16:20-0500,59.973,311458
2026-09-25 14:16:30-0500,59.974,311458
2026-09-25 14:16:40-0500,59.975,311458
2026-09-25 14:16:50-0500,59.977,311458
2026-09-25 14:17:00-0500,59.979,311458
2026-09-25 14:17:10-0500,59.983,311458
2026-09-25 14:17:20-0500,59.984,311458
2026-09-25 14:17:30-0500,60,311458
2026-09-25 14:17:40-0500,60.009,311458
2026-09-25 14:17:50-0500,60.016,311458
2026-09-25 14:18:00-0500,60.016,311458
2026-09-25 14:18:10-0500,60.016,311511
2026-09-25 14:18:20-0500,60.016,311596
2026-09-25 14:18:30-0500,60.019,311596
2026-09-25 14:18:40-0500,60.014,311681
2026-09-25 14:18:50-0500,60.015,311681
2026-09-25 14:19:00-0500,60.015,311681
2026-09-25 14:19:10-0500,60.015,311681
2026-09-25 14:19:20-0500,60.015,311681
2026-09-25 14:19:30-0500,60.016,311686
2026-09-25 14:19:40-0500,60.014,311686
2026-09-25 14:19:50-0500,60.014,311826
2026-09-25 14:20:00-0500,60.014,311826
2026-09-25 14:20:10-0500,60.014,311893
2026-09-25 14:20:20-0500,60.015,311893
2026-09-25 14:20:30-0500,60.013,311893
2026-09-25 14:20:40-0500,60.016,311893
2026-09-25 14:20:50-0500,60.015,311893
2026-09-25 14:21:00-0500,60.015,311893
2026-09-25 14:21:10-0500,60.013,311893
2026-09-25 14:21:20-0500,60.014,311893
2026-09-25 14:21:30-0500,60.006,311893
2026-09-25 14:21:40-0500,60.008,311893
2026-09-25 14:21:50-0500,60.006,311893
2026-09-25 14:22:00-0500,60.015,311893
2026-09-25 14:22:10-0500,60.013,311893
2026-09-25 14:22:20-0500,60.009,311893
2026-09-25 14:22:30-0500,60.013,311893
2026-09-25 14:22:40-0500,60.003,311893
2026-09-25 14:22:50-0500,59.988,311893
2026-09-25 14:23:00-0500,59.984,312148
2026-09-25 14:23:10-0500,59.983,312148
2026-09-25 14:23:20-0500,59.982,312148
2026-09-25 14:23:30-0500,59.982,312148
2026-09-25 14:23:40-0500,59.98,312217
2026-09-25 14:23:50-0500,59.98,312217
2026-09-25 14:24:00-0500,59.978,312217
2026-09-25 14:24:10-0500,59.975,312217
2026-09-25 14:24:20-0500,59.975,312217
2026-09-25 14:24:30-0500,59.974,312217
2026-09-25 14:24:40-0500,59.975,312217
2026-09-25 14:24:50-0500,59.975,312217
2026-09-25 14:25:00-0500,59.975,312217
2026-09-25 14:25:10-0500,59.976,312282
2026-09-25 14:25:20-0500,59.975,312282
2026-09-25 14:25:30-0500,59.978,312282
2026-09-25 14:25:40-0500,59.979,312282
2026-09-25 14:25:50-0500,59.98,312282
2026-09-25 14:26:00-0500,59.98,312282
2026-09-25 14:26:10-0500,59.983,312282
2026-09-25 14:26:20-0500,59.985,312282
2026-09-25 14:26:30-0500,59.985,312282
2026-09-25 14:26:40-0500,59.99,312282
2026-09-25 14:26:50-0500,60.01,312282
2026-09-25 14:27:00-0500,60.014,312282
2026-09-25 14:27:10-0500,60.01,312282
2026-09-25 14:27:20-0500,59.991,312282
2026-09-25 14:27:30-0500,59.984,312282
2026-09-25 14:27:40-0500,59.984,312282
2026-09-25 14:27:50-0500,59.982,312282
2026-09-25 14:28:00-0500,59.983,312282
2026-09-25 14:28:10-0500,59.983,312310
2026-09-25 14:28:20-0500,59.982,312310
2026-09-25 14:28:30-0500,59.982,312310
2026-09-25 14:28:40-0500,59.98,312310
2026-09-25 14:28:50-0500,59.982,312310
2026-09-25 14:29:00-0500,59.981,312310
2026-09-25 14:29:10-0500,59.982,312310
2026-09-25 14:29:20-0500,59.983,312310
2026-09-25 14:29:30-0500,59.983,312310
2026-09-25 14:29:40-0500,59.988,312310
2026-09-25 14:29:50-0500,59.991,312310
2026-09-25 14:30:00-0500,59.999,312310
2026-09-25 14:30:10-0500,59.986,312310
2026-09-25 14:30:20-0500,59.984,313821
2026-09-25 14:30:30-0500,59.983,313821
2026-09-25 14:30:40-0500,59.984,313821
2026-09-25 14:30:50-0500,59.986,313821
2026-09-25 14:31:00-0500,59.989,313821
2026-09-25 14:31:10-0500,59.992,313821
2026-09-25 14:31:20-0500,60.003,313821
2026-09-25 14:31:30-0500,60.002,313821
2026-09-25 14:31:40-0500,59.983,313821
2026-09-25 14:31:50-0500,59.985,313821
2026-09-25 14:32:00-0500,59.982,313821
2026-09-25 14:32:10-0500,59.983,313821
2026-09-25 14:32:20-0500,59.981,313821
2026-09-25 14:32:30-0500,59.98,313821
2026-09-25 14:32:40-0500,59.985,313821
2026-09-25 14:32:50-0500,59.987,313821
2026-09-25 14:33:00-0500,59.99,313821
2026-09-25 14:33:10-0500,59.987,313821
2026-09-25 14:33:20-0500,59.993,313821
2026-09-25 14:33:30-0500,59.984,313821
2026-09-25 14:33:40-0500,59.985,313821
2026-09-25 14:33:50-0500,59.986,314380
2026-09-25 14:34:00-0500,59.988,314380
2026-09-25 14:34:10-0500,59.988,314380
2026-09-25 14:34:20-0500,59.995,314380
2026-09-25 14:34:30-0500,60.007,314938
2026-09-25 14:34:40-0500,60.01,314938
2026-09-25 14:34:50-0500,60.003,314938
2026-09-25 14:35:00-0500,60.006,314938
2026-09-25 14:35:10-0500,60,314938
2026-09-25 14:35:20-0500,60.005,314938
2026-09-25 14:35:30-0500,59.996,314938
2026-09-25 14:35:40-0500,60.003,314938
2026-09-25 14:35:50-0500,59.994,314938
2026-09-25 14:36:00-0500,59.987,314938
2026-09-25 14:36:10-0500,59.991,314938
2026-09-25 14:36:20-0500,59.985,314938
2026-09-25 14:36:30-0500,59.987,314938
2026-09-25 14:36:40-0500,59.987,314938
2026-09-25 14:36:50-0500,59.988,314938
2026-09-25 14:37:00-0500,59.99,314938
2026-09-25 14:37:10-0500,60.013,314938
2026-09-25 14:37:20-0500,60.015,314938
2026-09-25 14:37:30-0500,60.009,314938
2026-09-25 14:37:40-0500,60.005,314938
2026-09-25 14:37:50-0500,59.991,314938
2026-09-25 14:38:00-0500,59.994,314938
2026-09-25 14:38:10-0500,59.989,314938
2026-09-25 14:38:20-0500,59.997,314943
2026-09-25 14:38:30-0500,60.013,314943
2026-09-25 14:38:40-0500,60.012,314943
2026-09-25 14:38:50-0500,60.015,314943
2026-09-25 14:39:00-0500,60.014,314943
2026-09-25 14:39:10-0500,60.013,314943
2026-09-25 14:39:20-0500,60.014,314943
2026-09-25 14:39:30-0500,60.015,314943
2026-09-25 14:39:40-0500,60.018,314943
2026-09-25 14:39:50-0500,60.017,314943
2026-09-25 14:40:00-0500,60.016,314943
2026-09-25 14:40:10-0500,60.014,314943
2026-09-25 14:40:20-0500,60.016,314943
2026-09-25 14:40:30-0500,60.013,314943
2026-09-25 14:40:40-0500,60.014,314943
2026-09-25 14:40:50-0500,60.015,314943
2026-09-25 14:41:00-0500,60.01,314943
2026-09-25 14:41:10-0500,59.999,314943
2026-09-25 14:41:20-0500,60.003,314943
2026-09-25 14:41:30-0500,60.012,314943
2026-09-25 14:41:40-0500,60.011,314943
2026-09-25 14:41:50-0500,60.01,314938
2026-09-25 14:42:00-0500,60.012,314938
2026-09-25 14:42:10-0500,60.014,314938
2026-09-25 14:42:20-0500,60.014,314938
2026-09-25 14:42:30-0500,60.011,314938
2026-09-25 14:42:40-0500,60.012,314938
2026-09-25 14:42:50-0500,60.016,314938
2026-09-25 14:43:00-0500,60.015,314938
2026-09-25 14:43:10-0500,60.012,314938
2026-09-25 14:43:20-0500,60.017,314938
2026-09-25 14:43:30-0500,60.016,314938
2026-09-25 14:43:40-0500,60.015,314938
2026-09-25 14:43:50-0500,60.015,314938
2026-09-25 14:44:00-0500,60.015,314938
2026-09-25 14:44:10-0500,60.013,314938
2026-09-25 14:44:20-0500,60.012,314938
2026-09-25 14:44:30-0500,60.008,314938
2026-09-25 14:44:40-0500,59.997,314938
2026-09-25 14:44:50-0500,59.985,314938
2026-09-25 14:45:00-0500,59.983,314938
2026-09-25 14:45:10-0500,59.982,314847
2026-09-25 14:45:20-0500,59.984,314847
2026-09-25 14:45:30-0500,59.984,314847
2026-09-25 14:45:40-0500,59.983,314847
2026-09-25 14:45:50-0500,59.983,314847
2026-09-25 14:46:00-0500,59.982,314847
2026-09-25 14:46:10-0500,59.982,314865
2026-09-25 14:46:20-0500,59.983,314865
2026-09-25 14:46:30-0500,59.981,314865
2026-09-25 14:46:40-0500,59.98,314865
2026-09-25 14:46:50-0500,59.979,314865
2026-09-25 14:47:00-0500,59.979,314930
2026-09-25 14:47:10-0500,59.977,315198
2026-09-25 14:47:20-0500,59.979,315198
2026-09-25 14:47:30-0500,59.983,315198
2026-09-25 14:47:40-0500,59.982,315198
2026-09-25 14:47:50-0500,59.982,315198
2026-09-25 14:48:00-0500,59.989,315198
2026-09-25 14:48:10-0500,59.986,315198
2026-09-25 14:48:20-0500,59.986,315198
2026-09-25 14:48:30-0500,59.989,315198
2026-09-25 14:48:40-0500,59.987,315198
2026-09-25 14:48:50-0500,59.995,315198
2026-09-25 14:49:00-0500,60.005,315198
2026-09-25 14:49:10-0500,59.989,315198
2026-09-25 14:49:20-0500,59.984,315198
2026-09-25 14:49:30-0500,59.985,315198
2026-09-25 14:49:40-0500,59.986,315198
2026-09-25 14:49:50-0500,59.986,315198
2026-09-25 14:50:00-0500,59.986,315198
2026-09-25 14:50:10-0500,59.982,315198
2026-09-25 14:50:20-0500,59.986,315198
2026-09-25 14:50:30-0500,59.985,315198
2026-09-25 14:50:40-0500,59.986,315198
2026-09-25 14:50:50-0500,59.985,315198
2026-09-25 14:51:00-0500,59.986,315198
2026-09-25 14:51:10-0500,59.99,315198
2026-09-25 14:51:20-0500,59.992,315198
2026-09-25 14:51:30-0500,59.99,315198
2026-09-25 14:51:40-0500,59.985,315198
2026-09-25 14:51:50-0500,59.999,315198
2026-09-25 14:52:00-0500,59.989,315198
2026-09-25 14:52:10-0500,59.984,315278
2026-09-25 14:52:20-0500,59.991,315278
2026-09-25 14:52:30-0500,60.006,315278
2026-09-25 14:52:40-0500,59.998,315278
2026-09-25 14:52:50-0500,59.982,315954
2026-09-25 14:53:00-0500,59.983,315954
2026-09-25 14:53:10-0500,59.983,315954
2026-09-25 14:53:20-0500,59.986,315954
2026-09-25 14:53:30-0500,60.005,315954
2026-09-25 14:53:40-0500,59.995,315954
2026-09-25 14:53:50-0500,59.989,315954
2026-09-25 14:54:00-0500,59.998,315954
2026-09-25 14:54:10-0500,60.005,315954
2026-09-25 14:54:20-0500,60.006,315954
2026-09-25 14:54:30-0500,60.014,315954
2026-09-25 14:54:40-0500,60.013,315954
2026-09-25 14:54:50-0500,60.015,315954
2026-09-25 14:55:00-0500,60.013,315954
2026-09-25 14:55:10-0500,60.015,315954
2026-09-25 14:55:20-0500,60.014,315954
2026-09-25 14:55:30-0500,60.012,315954
2026-09-25 14:55:40-0500,60.015,315954
2026-09-25 14:55:50-0500,60.011,315954
2026-09-25 14:56:00-0500,60.015,315959
2026-09-25 14:56:10-0500,60.015,315959
2026-09-25 14:56:20-0500,60.016,315959
2026-09-25 14:56:30-0500,60.01,315959
2026-09-25 14:56:40-0500,60.008,315959
2026-09-25 14:56:50-0500,60.005,315959
2026-09-25 14:57:00-0500,60.013,315959
2026-09-25 14:57:10-0500,60.004,315959
2026-09-25 14:57:20-0500,60.001,315959
2026-09-25 14:57:30-0500,60,315959
2026-09-25 14:57:40-0500,60.005,315959
2026-09-25 14:57:50-0500,60.015,315959
2026-09-25 14:58:00-0500,60.013,315959
2026-09-25 14:58:10-0500,60.008,315959
2026-09-25 14:58:20-0500,60.004,315959
2026-09-25 14:58:30-0500,60.008,315959
2026-09-25 14:58:40-0500,60.004,315959
2026-09-25 14:58:50-0500,59.991,315959
2026-09-25 14:59:00-0500,59.987,315959
2026-09-25 14:59:10-0500,59.99,315959
2026-09-25 14:59:20-0500,59.994,315959
2026-09-25 14:59:30-0500,60.012,315959
2026-09-25 14:59:40-0500,60.016,315959
2026-09-25 14:59:50-0500,60.016,315959
2026-09-25 15:00:00-0500,60.016,315959
2026-09-25 15:00:10-0500,60.012,315959
2026-09-25 15:00:20-0500,60.015,315959
2026-09-25 15:00:30-0500,60.016,315959
2026-09-25 15:00:40-0500,60.015,315959
2026-09-25 15:00:50-0500,60.016,315959
2026-09-25 15:01:00-0500,60.017,315959
2026-09-25 15:01:10-0500,60.017,316959
2026-09-25 15:01:20-0500,60.016,316959
2026-09-25 15:01:30-0500,60.018,316959
2026-09-25 15:01:40-0500,60.014,316954
2026-09-25 15:01:50-0500,60.015,316954
2026-09-25 15:02:00-0500,60.017,316954
2026-09-25 15:02:10-0500,60.015,316954
2026-09-25 15:02:20-0500,60.017,316954
2026-09-25 15:02:30-0500,60.017,316954
2026-09-25 15:02:40-0500,60.015,316954
2026-09-25 15:02:50-0500,60.016,316954
2026-09-25 15:03:00-0500,60.015,316954
2026-09-25 15:03:10-0500,60.018,316954
2026-09-25 15:03:20-0500,60.015,316954
2026-09-25 15:03:30-0500,60.016,316954
2026-09-25 15:03:40-0500,60.016,316954
2026-09-25 15:03:50-0500,60.017,316954
2026-09-25 15:04:00-0500,60.018,316954
2026-09-25 15:04:10-0500,60.016,316954
2026-09-25 15:04:20-0500,60.015,316954
2026-09-25 15:04:30-0500,60.017,316954
2026-09-25 15:04:40-0500,60.013,316954
2026-09-25 15:04:50-0500,60.012,316954
2026-09-25 15:05:00-0500,60.012,316954
2026-09-25 15:05:10-0500,60.009,316954
2026-09-25 15:05:20-0500,60.004,316954
2026-09-25 15:05:30-0500,59.989,316954
2026-09-25 15:05:40-0500,59.986,316954
2026-09-25 15:05:50-0500,59.982,316954
2026-09-25 15:06:00-0500,59.984,316954
2026-09-25 15:06:10-0500,59.985,316954
2026-09-25 15:06:20-0500,59.983,316954
2026-09-25 15:06:30-0500,59.985,316954
2026-09-25 15:06:40-0500,59.987,316940
2026-09-25 15:06:50-0500,59.998,316940
2026-09-25 15:07:00-0500,60.004,316940
2026-09-25 15:07:10-0500,60.013,316940
2026-09-25 15:07:20-0500,60.012,316926
2026-09-25 15:07:30-0500,60.015,316926
2026-09-25 15:07:40-0500,60.012,316926
2026-09-25 15:07:50-0500,60.015,316926
2026-09-25 15:08:00-0500,60.015,316926
2026-09-25 15:08:10-0500,60.014,316926
2026-09-25 15:08:20-0500,60.015,316926
2026-09-25 15:08:30-0500,60.017,316926
2026-09-25 15:08:40-0500,60.013,316926
2026-09-25 15:08:50-0500,60.008,316926
2026-09-25 15:09:00-0500,60.013,316926
2026-09-25 15:09:10-0500,60.009,316926
2026-09-25 15:09:20-0500,60.009,316926
2026-09-25 15:09:30-0500,59.991,316926
2026-09-25 15:09:40-0500,59.982,316926
2026-09-25 15:09:50-0500,59.982,316926
2026-09-25 15:10:00-0500,59.981,316926
2026-09-25 15:10:10-0500,59.979,316926
2026-09-25 15:10:20-0500,59.979,316926
2026-09-25 15:10:30-0500,59.979,316926
2026-09-25 15:10:40-0500,59.978,316926
2026-09-25 15:10:50-0500,59.978,316926
2026-09-25 15:11:00-0500,59.978,316926
2026-09-25 15:11:10-0500,59.979,316926
2026-09-25 15:11:20-0500,59.979,316926
2026-09-25 15:11:30-0500,59.978,316926
2026-09-25 15:11:40-0500,59.979,316926
2026-09-25 15:11:50-0500,59.979,316926
2026-09-25 15:12:00-0500,59.978,316926
2026-09-25 15:12:10-0500,59.979,316926
2026-09-25 15:12:20-0500,59.978,316926
2026-09-25 15:12:30-0500,59.979,316926
2026-09-25 15:12:40-0500,59.978,316926
2026-09-25 15:12:50-0500,59.98,316926
2026-09-25 15:13:00-0500,59.979,316926
2026-09-25 15:13:10-0500,59.98,316926
2026-09-25 15:13:20-0500,59.982,316926
2026-09-25 15:13:30-0500,59.983,316926
2026-09-25 15:13:40-0500,59.983,316926
2026-09-25 15:13:50-0500,59.982,316926
2026-09-25 15:14:00-0500,59.984,316926
2026-09-25 15:14:10-0500,59.989,316926
2026-09-25 15:14:20-0500,59.998,316926
2026-09-25 15:14:30-0500,60,316926
2026-09-25 15:14:40-0500,59.992,316926
2026-09-25 15:14:50-0500,59.984,316926
2026-09-25 15:15:00-0500,59.988,316926
2026-09-25 15:15:10-0500,59.983,316926
2026-09-25 15:15:20-0500,59.988,316926
2026-09-25 15:15:30-0500,59.984,316926
2026-09-25 15:15:40-0500,59.983,316926
2026-09-25 15:15:50-0500,59.986,316926
2026-09-25 15:16:00-0500,59.995,316926
2026-09-25 15:16:10-0500,60.008,316926
2026-09-25 15:16:20-0500,60.005,316926
2026-09-25 15:16:30-0500,59.996,316926
2026-09-25 15:16:40-0500,59.997,316926
2026-09-25 15:16:50-0500,59.999,316926
2026-09-25 15:17:00-0500,59.986,316926
2026-09-25 15:17:10-0500,59.984,316926
2026-09-25 15:17:20-0500,59.989,316926
2026-09-25 15:17:30-0500,60.002,316926
2026-09-25 15:17:40-0500,60.006,316926
2026-09-25 15:17:50-0500,60.014,316926
2026-09-25 15:18:00-0500,60.016,316926
2026-09-25 15:18:10-0500,60.013,316926
2026-09-25 15:18:20-0500,60.014,317452
2026-09-25 15:18:30-0500,60.012,317452
2026-09-25 15:18:40-0500,60.011,317452
2026-09-25 15:18:50-0500,60.017,317452
2026-09-25 15:19:00-0500,60.016,317452
2026-09-25 15:19:10-0500,60.012,317452
2026-09-25 15:19:20-0500,60.016,317452
2026-09-25 15:19:30-0500,60.014,317452
2026-09-25 15:19:40-0500,60.013,317452
2026-09-25 15:19:50-0500,60.015,317452
2026-09-25 15:20:00-0500,60.005,317452
2026-09-25 15:20:10-0500,60.013,317452
2026-09-25 15:20:20-0500,60.014,317452
2026-09-25 15:20:30-0500,60.012,317452
2026-09-25 15:20:40-0500,60.015,317452
2026-09-25 15:20:50-0500,60.014,317452
2026-09-25 15:21:00-0500,60.015,317452
2026-09-25 15:21:10-0500,60.005,317452
2026-09-25 15:21:20-0500,60,317452
2026-09-25 15:21:30-0500,60.003,317690
2026-09-25 15:21:40-0500,60.007,317690
2026-09-25 15:21:50-0500,60.003,317690
2026-09-25 15:22:00-0500,60.01,317690
2026-09-25 15:22:10-0500,60.009,317690
2026-09-25 15:22:20-0500,59.994,317690
2026-09-25 15:22:30-0500,59.988,317690
2026-09-25 15:22:40-0500,59.989,317690
2026-09-25 15:22:50-0500,59.989,317690
2026-09-25 15:23:00-0500,60.003,317690
2026-09-25 15:23:10-0500,59.998,317690
2026-09-25 15:23:20-0500,59.993,317690
2026-09-25 15:23:30-0500,59.985,317690
2026-09-25 15:23:40-0500,59.985,317690
2026-09-25 15:23:50-0500,60.016,317690
2026-09-25 15:24:00-0500,60.014,317690
2026-09-25 15:24:10-0500,60.011,317690
2026-09-25 15:24:20-0500,60.003,317690
2026-09-25 15:24:30-0500,59.984,317690
2026-09-25 15:24:40-0500,59.986,317690
2026-09-25 15:24:50-0500,59.982,317690
2026-09-25 15:25:00-0500,59.985,317690
2026-09-25 15:25:10-0500,59.995,317690
2026-09-25 15:25:20-0500,59.988,317690
2026-09-25 15:25:30-0500,59.982,317690
2026-09-25 15:25:40-0500,59.98,317690
2026-09-25 15:25:50-0500,59.982,317690
2026-09-25 15:26:00-0500,59.981,317690
2026-09-25 15:26:10-0500,59.981,317690
2026-09-25 15:26:20-0500,59.98,317690
2026-09-25 15:26:30-0500,59.979,317690
2026-09-25 15:26:40-0500,59.978,317690
2026-09-25 15:26:50-0500,59.978,317690
2026-09-25 15:27:00-0500,59.978,317690
2026-09-25 15:27:10-0500,59.977,317690
2026-09-25 15:27:20-0500,59.977,317690
2026-09-25 15:27:30-0500,59.977,317690
2026-09-25 15:27:40-0500,59.979,317690
2026-09-25 15:27:50-0500,59.977,317690
2026-09-25 15:28:00-0500,59.978,317690
2026-09-25 15:28:10-0500,59.978,317690
2026-09-25 15:28:20-0500,59.978,317690
2026-09-25 15:28:30-0500,59.978,317690
2026-09-25 15:28:40-0500,59.979,317690
2026-09-25 15:28:50-0500,59.978,317690
2026-09-25 15:29:00-0500,59.978,317690
2026-09-25 15:29:10-0500,59.98,317690
2026-09-25 15:29:20-0500,59.98,317690
2026-09-25 15:29:30-0500,59.978,317690
2026-09-25 15:29:40-0500,59.979,317690
2026-09-25 15:29:50-0500,59.978,317690
2026-09-25 15:30:00-0500,59.978,317690
2026-09-25 15:30:10-0500,59.979,317690
2026-09-25 15:30:20-0500,59.978,317690
2026-09-25 15:30:30-0500,59.98,317690
2026-09-25 15:30:40-0500,59.978,317690
2026-09-25 15:30:50-0500,59.978,317690
2026-09-25 15:31:00-0500,59.98,317690
2026-09-25 15:31:10-0500,59.977,317690
2026-09-25 15:31:20-0500,59.98,317690
2026-09-25 15:31:30-0500,59.979,317690
2026-09-25 15:31:40-0500,59.978,317690
2026-09-25 15:31:50-0500,59.978,317690
2026-09-25 15:32:00-0500,59.977,317690
2026-09-25 15:32:10-0500,59.978,317690
2026-09-25 15:32:20-0500,59.981,317690
2026-09-25 15:32:30-0500,59.98,317690
2026-09-25 15:32:40-0500,59.981,317690
2026-09-25 15:32:50-0500,59.982,317690
2026-09-25 15:33:00-0500,59.981,317690
2026-09-25 15:33:10-0500,59.981,317690
2026-09-25 15:33:20-0500,59.982,317690
2026-09-25 15:33:30-0500,59.983,317690
2026-09-25 15:33:40-0500,59.989,317690
2026-09-25 15:33:50-0500,60.017,317690
2026-09-25 15:34:00-0500,60.016,317690
2026-09-25 15:34:10-0500,60.017,317690
2026-09-25 15:34:20-0500,60.018,317690
2026-09-25 15:34:30-0500,60.016,317690
2026-09-25 15:34:40-0500,60.016,317695
2026-09-25 15:34:50-0500,60.015,317695
2026-09-25 15:35:00-0500,60.016,317695
2026-09-25 15:35:10-0500,60.017,317780
2026-09-25 15:35:20-0500,60.017,317780
2026-09-25 15:35:30-0500,60.014,317780
2026-09-25 15:35:40-0500,60.017,317780
2026-09-25 15:35:50-0500,60.015,317780
2026-09-25 15:36:00-0500,60.016,317865
2026-09-25 15:36:10-0500,60.017,317865
2026-09-25 15:36:20-0500,60.016,317865
2026-09-25 15:36:30-0500,60.015,317865
2026-09-25 15:36:40-0500,60.015,317865
2026-09-25 15:36:50-0500,60.015,317865
2026-09-25 15:37:00-0500,60.017,317865
2026-09-25 15:37:10-0500,60.015,317865
2026-09-25 15:37:20-0500,60.014,317865
2026-09-25 15:37:30-0500,60.016,317865
2026-09-25 15:37:40-0500,60.013,317865
2026-09-25 15:37:50-0500,60.012,317865
2026-09-25 15:38:00-0500,60.013,317865
2026-09-25 15:38:10-0500,60.006,317865
2026-09-25 15:38:20-0500,59.993,317865
2026-09-25 15:38:30-0500,59.983,317947
2026-09-25 15:38:40-0500,59.984,317947
2026-09-25 15:38:50-0500,59.982,318038
2026-09-25 15:39:00-0500,59.981,318038
2026-09-25 15:39:10-0500,59.979,318038
2026-09-25 15:39:20-0500,59.98,318038
2026-09-25 15:39:30-0500,59.978,318038
2026-09-25 15:39:40-0500,59.978,318038
2026-09-25 15:39:50-0500,59.978,318038
2026-09-25 15:40:00-0500,59.98,318038
2026-09-25 15:40:10-0500,59.979,318038
2026-09-25 15:40:20-0500,59.98,318038
2026-09-25 15:40:30-0500,59.981,318038
2026-09-25 15:40:40-0500,59.98,318038
2026-09-25 15:40:50-0500,59.981,318038
2026-09-25 15:41:00-0500,59.98,318057
2026-09-25 15:41:10-0500,59.982,318057
2026-09-25 15:41:20-0500,59.986,318057
2026-09-25 15:41:30-0500,59.987,318057
2026-09-25 15:41:40-0500,59.988,318057
2026-09-25 15:41:50-0500,59.982,318057
2026-09-25 15:42:00-0500,59.982,318057
2026-09-25 15:42:10-0500,59.979,318038
2026-09-25 15:42:20-0500,59.98,318038
2026-09-25 15:42:30-0500,59.98,318038
2026-09-25 15:42:40-0500,59.98,318038
2026-09-25 15:42:50-0500,59.982,318038
2026-09-25 15:43:00-0500,59.981,318038
2026-09-25 15:43:10-0500,59.982,318038
2026-09-25 15:43:20-0500,59.98,318038
2026-09-25 15:43:30-0500,59.98,318038
2026-09-25 15:43:40-0500,59.98,318038
2026-09-25 15:43:50-0500,59.979,318038
2026-09-25 15:44:00-0500,59.979,318038
2026-09-25 15:44:10-0500,59.978,318038
2026-09-25 15:44:20-0500,59.978,318038
2026-09-25 15:44:30-0500,59.977,318038
2026-09-25 15:44:40-0500,59.978,318038
2026-09-25 15:44:50-0500,59.977,318038
2026-09-25 15:45:00-0500,59.977,318038
2026-09-25 15:45:10-0500,59.976,318038
2026-09-25 15:45:20-0500,59.976,318038
2026-09-25 15:45:30-0500,59.976,318038
2026-09-25 15:45:40-0500,59.976,318038
2026-09-25 15:45:50-0500,59.976,318038
2026-09-25 15:46:00-0500,59.975,318038
2026-09-25 15:46:10-0500,59.975,318038
2026-09-25 15:46:20-0500,59.976,318038
2026-09-25 15:46:30-0500,59.975,318038
2026-09-25 15:46:40-0500,59.975,318038
2026-09-25 15:46:50-0500,59.975,318038
2026-09-25 15:47:00-0500,59.975,318038
2026-09-25 15:47:10-0500,59.978,318038
2026-09-25 15:47:20-0500,59.979,318052
2026-09-25 15:47:30-0500,59.98,318066
2026-09-25 15:47:40-0500,59.98,318066
2026-09-25 15:47:50-0500,59.982,318066
2026-09-25 15:48:00-0500,59.982,318066
2026-09-25 15:48:10-0500,59.98,318066
2026-09-25 15:48:20-0500,59.98,318066
2026-09-25 15:48:30-0500,59.982,318066
2026-09-25 15:48:40-0500,59.982,318066
2026-09-25 15:48:50-0500,59.982,318066
2026-09-25 15:49:00-0500,59.982,318066
2026-09-25 15:49:10-0500,59.982,318066
2026-09-25 15:49:20-0500,59.983,318066
2026-09-25 15:49:30-0500,59.986,318066
2026-09-25 15:49:40-0500,59.988,318066
2026-09-25 15:49:50-0500,60.008,318066
2026-09-25 15:50:00-0500,60.015,318066
2026-09-25 15:50:10-0500,60.016,318066
2026-09-25 15:50:20-0500,60.015,318066
2026-09-25 15:50:30-0500,60.014,318066
2026-09-25 15:50:40-0500,60.015,318066
2026-09-25 15:50:50-0500,60.017,318066
2026-09-25 15:51:00-0500,60.015,318066
2026-09-25 15:51:10-0500,60.015,318151
2026-09-25 15:51:20-0500,60.014,318151
2026-09-25 15:51:30-0500,60.015,318151
2026-09-25 15:51:40-0500,60.011,318151
2026-09-25 15:51:50-0500,60.008,318151
2026-09-25 15:52:00-0500,60.016,318151
2026-09-25 15:52:10-0500,60.016,318151
2026-09-25 15:52:20-0500,60.017,318231
2026-09-25 15:52:30-0500,60.014,318231
2026-09-25 15:52:40-0500,60.017,318231
2026-09-25 15:52:50-0500,60.015,318231
2026-09-25 15:53:00-0500,60.015,318231
2026-09-25 15:53:10-0500,60.016,318231
2026-09-25 15:53:20-0500,60.016,318231
2026-09-25 15:53:30-0500,60.016,318231
2026-09-25 15:53:40-0500,60.016,318231
2026-09-25 15:53:50-0500,60.015,318231
2026-09-25 15:54:00-0500,60.016,318231
2026-09-25 15:54:10-0500,60.019,318231
2026-09-25 15:54:20-0500,60.018,318231
2026-09-25 15:54:30-0500,60.016,318231
2026-09-25 15:54:40-0500,60.017,318310
2026-09-25 15:54:50-0500,60.019,318310
2026-09-25 15:55:00-0500,60.016,318310
2026-09-25 15:55:10-0500,60.017,318310
2026-09-25 15:55:20-0500,60.017,318310
2026-09-25 15:55:30-0500,60.014,318310
2026-09-25 15:55:40-0500,60.016,318310
2026-09-25 15:55:50-0500,60.015,318310
2026-09-25 15:56:00-0500,60.014,318310
2026-09-25 15:56:10-0500,60.013,318310
2026-09-25 15:56:20-0500,60.016,318310
2026-09-25 15:56:30-0500,60.014,318310
2026-09-25 15:56:40-0500,60.011,318310
2026-09-25 15:56:50-0500,60,318310
2026-09-25 15:57:00-0500,60.007,318310
2026-09-25 15:57:10-0500,60.015,318310
2026-09-25 15:57:20-0500,60.001,318310
2026-09-25 15:57:30-0500,59.997,318310
2026-09-25 15:57:40-0500,59.996,318310
2026-09-25 15:57:50-0500,59.997,318310
2026-09-25 15:58:00-0500,59.996,318310
2026-09-25 15:58:10-0500,59.999,318310
2026-09-25 15:58:20-0500,59.997,318310
2026-09-25 15:58:30-0500,60.007,318310
2026-09-25 15:58:40-0500,60.014,318310
2026-09-25 15:58:50-0500,60.009,318310
2026-09-25 15:59:00-0500,59.996,318310
2026-09-25 15:59:10-0500,59.992,318310
2026-09-25 15:59:20-0500,60.004,318310
2026-09-25 15:59:30-0500,60.013,318906
2026-09-25 15:59:40-0500,60.011,318305
2026-09-25 15:59:50-0500,60.011,318305
2026-09-25 16:00:00-0500,60.005,318305
2026-09-25 16:00:10-0500,59.983,318901
2026-09-25 16:00:20-0500,59.987,318901
2026-09-25 16:00:30-0500,59.993,318901
2026-09-25 16:00:40-0500,60.006,319901
2026-09-25 16:00:50-0500,60.006,319901
2026-09-25 16:01:00-0500,60.003,319901
2026-09-25 16:01:10-0500,59.994,319901
2026-09-25 16:01:20-0500,59.991,319901
2026-09-25 16:01:30-0500,59.994,319901
2026-09-25 16:01:40-0500,59.998,319901
2026-09-25 16:01:50-0500,59.993,319901
2026-09-25 16:02:00-0500,60.003,319901
2026-09-25 16:02:10-0500,60.007,319901
2026-09-25 16:02:20-0500,60.002,319901
2026-09-25 16:02:30-0500,59.996,319901
2026-09-25 16:02:40-0500,60.008,319901
2026-09-25 16:02:50-0500,59.987,319901
2026-09-25 16:03:00-0500,59.985,319901
2026-09-25 16:03:10-0500,59.981,319906
2026-09-25 16:03:20-0500,59.98,319906
2026-09-25 16:03:30-0500,59.979,319906
2026-09-25 16:03:40-0500,59.978,319906
2026-09-25 16:03:50-0500,59.978,319906
2026-09-25 16:04:00-0500,59.978,319906
2026-09-25 16:04:10-0500,59.978,319906
2026-09-25 16:04:20-0500,59.979,319906
2026-09-25 16:04:30-0500,59.978,319906
2026-09-25 16:04:40-0500,59.977,319906
2026-09-25 16:04:50-0500,59.975,319906
2026-09-25 16:05:00-0500,59.976,319906
2026-09-25 16:05:10-0500,59.974,319906
2026-09-25 16:05:20-0500,59.975,319906
2026-09-25 16:05:30-0500,59.975,319906
2026-09-25 16:05:40-0500,59.974,319906
2026-09-25 16:05:50-0500,59.973,319906
2026-09-25 16:06:00-0500,59.974,319906
2026-09-25 16:06:10-0500,59.975,319987
2026-09-25 16:06:20-0500,59.976,319987
2026-09-25 16:06:30-0500,59.976,319390
2026-09-25 16:06:40-0500,59.974,319390
2026-09-25 16:06:50-0500,59.975,319390
2026-09-25 16:07:00-0500,59.976,319390
2026-09-25 16:07:10-0500,59.975,319390
2026-09-25 16:07:20-0500,59.976,319390
2026-09-25 16:07:30-0500,59.974,319390
2026-09-25 16:07:40-0500,59.974,319390
2026-09-25 16:07:50-0500,59.976,319390
2026-09-25 16:08:00-0500,59.975,319390
2026-09-25 16:08:10-0500,59.975,319390
2026-09-25 16:08:20-0500,59.974,319390
2026-09-25 16:08:30-0500,59.975,319390
2026-09-25 16:08:40-0500,59.973,319390
2026-09-25 16:08:50-0500,59.974,319390
2026-09-25 16:09:00-0500,59.974,319390
2026-09-25 16:09:10-0500,59.974,319390
2026-09-25 16:09:20-0500,59.974,319390
2026-09-25 16:09:30-0500,59.972,319390
2026-09-25 16:09:40-0500,59.973,319390
2026-09-25 16:09:50-0500,59.972,319390
2026-09-25 16:10:00-0500,59.976,319390
2026-09-25 16:10:10-0500,59.975,319390
2026-09-25 16:10:20-0500,59.977,319390
2026-09-25 16:10:30-0500,59.975,319390
2026-09-25 16:10:40-0500,59.976,319390
2026-09-25 16:10:50-0500,59.976,319390
2026-09-25 16:11:00-0500,59.975,319390
2026-09-25 16:11:10-0500,59.978,319390
2026-09-25 16:11:20-0500,59.981,319390
2026-09-25 16:11:30-0500,59.981,319390
2026-09-25 16:11:40-0500,59.981,319390
2026-09-25 16:11:50-0500,59.981,319390
2026-09-25 16:12:00-0500,59.983,319390
2026-09-25 16:12:10-0500,59.988,319390
2026-09-25 16:12:20-0500,59.998,319390
2026-09-25 16:12:30-0500,60.016,319390
2026-09-25 16:12:40-0500,60.016,319390
2026-09-25 16:12:50-0500,60.016,319390
2026-09-25 16:13:00-0500,60.013,319390
2026-09-25 16:13:10-0500,60.016,319390
2026-09-25 16:13:20-0500,60.016,319390
2026-09-25 16:13:30-0500,60.017,319390
2026-09-25 16:13:40-0500,60.016,319390
2026-09-25 16:13:50-0500,60.014,319390
2026-09-25 16:14:00-0500,60.016,319390
2026-09-25 16:14:10-0500,60.017,319390
2026-09-25 16:14:20-0500,60.016,319390
2026-09-25 16:14:30-0500,60.013,319390
2026-09-25 16:14:40-0500,60.009,319390
2026-09-25 16:14:50-0500,60.01,319390
2026-09-25 16:15:00-0500,60.007,319390
2026-09-25 16:15:10-0500,59.995,319390
2026-09-25 16:15:20-0500,59.995,319390
2026-09-25 16:15:30-0500,60,319390
2026-09-25 16:15:40-0500,60,319390
2026-09-25 16:15:50-0500,59.984,319390
2026-09-25 16:16:00-0500,59.985,319390
2026-09-25 16:16:10-0500,59.988,319390
2026-09-25 16:16:20-0500,59.989,319390
2026-09-25 16:16:30-0500,59.987,319390
2026-09-25 16:16:40-0500,59.984,319390
2026-09-25 16:16:50-0500,59.987,319390
2026-09-25 16:17:00-0500,59.986,319390
2026-09-25 16:17:10-0500,59.983,319390
2026-09-25 16:17:20-0500,59.985,319554
2026-09-25 16:17:30-0500,59.985,319554
2026-09-25 16:17:40-0500,59.996,319554
2026-09-25 16:17:50-0500,59.995,319554
2026-09-25 16:18:00-0500,59.993,319554
2026-09-25 16:18:10-0500,59.987,319554
2026-09-25 16:18:20-0500,59.989,319554
2026-09-25 16:18:30-0500,60.008,319554
2026-09-25 16:18:40-0500,59.989,319554
2026-09-25 16:18:50-0500,59.984,319554
2026-09-25 16:19:00-0500,59.983,319554
2026-09-25 16:19:10-0500,59.985,319554
2026-09-25 16:19:20-0500,59.986,319554
2026-09-25 16:19:30-0500,59.987,319554
2026-09-25 16:19:40-0500,59.985,319554
2026-09-25 16:19:50-0500,59.986,319554
2026-09-25 16:20:00-0500,59.984,319554
2026-09-25 16:20:10-0500,59.983,319554
2026-09-25 16:20:20-0500,59.988,319554
2026-09-25 16:20:30-0500,59.988,319554
2026-09-25 16:20:40-0500,59.99,319554
2026-09-25 16:20:50-0500,59.988,319554
2026-09-25 16:21:00-0500,59.987,319554
2026-09-25 16:21:10-0500,59.985,319554
2026-09-25 16:21:20-0500,59.983,319554
2026-09-25 16:21:30-0500,59.984,319554
2026-09-25 16:21:40-0500,59.987,319554
2026-09-25 16:21:50-0500,59.989,319554
2026-09-25 16:22:00-0500,60.003,319554
2026-09-25 16:22:10-0500,60.006,319554
2026-09-25 16:22:20-0500,59.987,319554
2026-09-25 16:22:30-0500,60.01,319554
2026-09-25 16:22:40-0500,60.012,319724
2026-09-25 16:22:50-0500,60.008,319809
2026-09-25 16:23:00-0500,59.998,319809
2026-09-25 16:23:10-0500,59.992,319809
2026-09-25 16:23:20-0500,59.998,319809
2026-09-25 16:23:30-0500,59.989,319809
2026-09-25 16:23:40-0500,59.989,319809
2026-09-25 16:23:50-0500,59.986,319809
2026-09-25 16:24:00-0500,59.985,319809
2026-09-25 16:24:10-0500,59.986,319809
2026-09-25 16:24:20-0500,59.99,319809
2026-09-25 16:24:30-0500,60.008,319809
2026-09-25 16:24:40-0500,60.013,319809
2026-09-25 16:24:50-0500,60.013,319809
2026-09-25 16:25:00-0500,60.013,319809
2026-09-25 16:25:10-0500,60.002,319809
2026-09-25 16:25:20-0500,60.016,319809
2026-09-25 16:25:30-0500,60.017,319809
2026-09-25 16:25:40-0500,60.014,319809
2026-09-25 16:25:50-0500,60.009,319809
2026-09-25 16:26:00-0500,60.006,319809
2026-09-25 16:26:10-0500,60,319809
2026-09-25 16:26:20-0500,59.996,319809
2026-09-25 16:26:30-0500,59.983,319809
2026-09-25 16:26:40-0500,59.982,319809
2026-09-25 16:26:50-0500,59.981,319879
2026-09-25 16:27:00-0500,59.981,319949
2026-09-25 16:27:10-0500,59.98,320090
2026-09-25 16:27:20-0500,59.979,320090
2026-09-25 16:27:30-0500,59.979,320090
2026-09-25 16:27:40-0500,59.979,320090
2026-09-25 16:27:50-0500,59.979,320090
2026-09-25 16:28:00-0500,59.981,320090
2026-09-25 16:28:10-0500,59.981,320090
2026-09-25 16:28:20-0500,59.984,320090
2026-09-25 16:28:30-0500,59.985,320090
2026-09-25 16:28:40-0500,59.989,320090
2026-09-25 16:28:50-0500,59.992,320090
2026-09-25 16:29:00-0500,59.997,320090
2026-09-25 16:29:10-0500,59.985,320090
2026-09-25 16:29:20-0500,59.986,320090
2026-09-25 16:29:30-0500,59.994,320090
2026-09-25 16:29:40-0500,60.01,320090
2026-09-25 16:29:50-0500,60.005,320090
2026-09-25 16:30:00-0500,59.992,320090
2026-09-25 16:30:10-0500,59.983,320090
2026-09-25 16:30:20-0500,59.984,320090
2026-09-25 16:30:30-0500,59.989,320090
2026-09-25 16:30:40-0500,59.992,320090
2026-09-25 16:30:50-0500,59.989,320090
2026-09-25 16:31:00-0500,59.997,320090
2026-09-25 16:31:10-0500,59.983,320090
2026-09-25 16:31:20-0500,59.981,320090
2026-09-25 16:31:30-0500,59.981,320090
2026-09-25 16:31:40-0500,59.98,320090
2026-09-25 16:31:50-0500,59.982,320090
2026-09-25 16:32:00-0500,59.982,320090
2026-09-25 16:32:10-0500,59.982,320090
2026-09-25 16:32:20-0500,59.982,320345
2026-09-25 16:32:30-0500,59.984,320345
2026-09-25 16:32:40-0500,59.991,320345
2026-09-25 16:32:50-0500,60.013,320345
2026-09-25 16:33:00-0500,60.007,320345
2026-09-25 16:33:10-0500,60.001,320345
2026-09-25 16:33:20-0500,59.999,320345
2026-09-25 16:33:30-0500,59.995,320345
2026-09-25 16:33:40-0500,59.993,320345
2026-09-25 16:33:50-0500,59.989,320345
2026-09-25 16:34:00-0500,59.991,320345
2026-09-25 16:34:10-0500,59.988,320345
2026-09-25 16:34:20-0500,59.986,320429
2026-09-25 16:34:30-0500,59.985,320519
2026-09-25 16:34:40-0500,59.984,320603
2026-09-25 16:34:50-0500,59.985,320603
2026-09-25 16:35:00-0500,59.984,320603
2026-09-25 16:35:10-0500,59.982,320603
2026-09-25 16:35:20-0500,59.986,320603
2026-09-25 16:35:30-0500,59.987,320603
2026-09-25 16:35:40-0500,59.99,320603
2026-09-25 16:35:50-0500,59.992,320603
2026-09-25 16:36:00-0500,59.989,320603
2026-09-25 16:36:10-0500,59.985,320603
2026-09-25 16:36:20-0500,59.989,320603
2026-09-25 16:36:30-0500,60,320603
2026-09-25 16:36:40-0500,60.009,320603
2026-09-25 16:36:50-0500,60.015,320603
2026-09-25 16:37:00-0500,60.013,320603
2026-09-25 16:37:10-0500,60.01,320603
2026-09-25 16:37:20-0500,59.993,320603
2026-09-25 16:37:30-0500,59.982,320603
2026-09-25 16:37:40-0500,59.984,320603
2026-09-25 16:37:50-0500,59.984,320603
2026-09-25 16:38:00-0500,59.983,320687
2026-09-25 16:38:10-0500,59.983,320687
2026-09-25 16:38:20-0500,59.984,320687
2026-09-25 16:38:30-0500,59.981,320687
2026-09-25 16:38:40-0500,59.981,320687
2026-09-25 16:38:50-0500,59.98,320687
2026-09-25 16:39:00-0500,59.981,320687
2026-09-25 16:39:10-0500,59.981,320687
2026-09-25 16:39:20-0500,59.982,320857
2026-09-25 16:39:30-0500,59.982,320857
2026-09-25 16:39:40-0500,59.982,320857
2026-09-25 16:39:50-0500,59.982,320857
2026-09-25 16:40:00-0500,59.981,320857
2026-09-25 16:40:10-0500,59.982,320843
2026-09-25 16:40:20-0500,59.983,320843
2026-09-25 16:40:30-0500,59.981,320843
2026-09-25 16:40:40-0500,59.982,320843
2026-09-25 16:40:50-0500,59.981,320829
2026-09-25 16:41:00-0500,59.981,320829
2026-09-25 16:41:10-0500,59.984,320829
2026-09-25 16:41:20-0500,59.981,320829
2026-09-25 16:41:30-0500,59.979,320829
2026-09-25 16:41:40-0500,59.98,320829
2026-09-25 16:41:50-0500,59.981,320829
2026-09-25 16:42:00-0500,59.981,320829
2026-09-25 16:42:10-0500,59.981,320829
2026-09-25 16:42:20-0500,59.981,320829
2026-09-25 16:42:30-0500,59.983,320829
2026-09-25 16:42:40-0500,59.982,320829
2026-09-25 16:42:50-0500,59.988,320829
2026-09-25 16:43:00-0500,59.996,320829
2026-09-25 16:43:10-0500,60.011,320829
2026-09-25 16:43:20-0500,59.996,320910
2026-09-25 16:43:30-0500,59.983,320991
2026-09-25 16:43:40-0500,59.981,321153
2026-09-25 16:43:50-0500,59.981,321153
2026-09-25 16:44:00-0500,59.981,321153
2026-09-25 16:44:10-0500,59.979,321153
2026-09-25 16:44:20-0500,59.979,321153
2026-09-25 16:44:30-0500,59.981,321153
2026-09-25 16:44:40-0500,59.981,321153
2026-09-25 16:44:50-0500,59.982,321153
2026-09-25 16:45:00-0500,59.981,321153
2026-09-25 16:45:10-0500,59.98,321153
2026-09-25 16:45:20-0500,59.979,321153
2026-09-25 16:45:30-0500,59.981,321153
2026-09-25 16:45:40-0500,59.98,321153
2026-09-25 16:45:50-0500,59.979,321153
2026-09-25 16:46:00-0500,59.98,321153
2026-09-25 16:46:10-0500,59.98,321153
2026-09-25 16:46:20-0500,59.98,321153
2026-09-25 16:46:30-0500,59.976,321167
2026-09-25 16:46:40-0500,59.976,321167
2026-09-25 16:46:50-0500,59.977,321181
2026-09-25 16:47:00-0500,59.977,321181
2026-09-25 16:47:10-0500,59.976,321181
2026-09-25 16:47:20-0500,59.975,321181
2026-09-25 16:47:30-0500,59.976,321181
2026-09-25 16:47:40-0500,59.978,321181
2026-09-25 16:47:50-0500,59.977,321181
2026-09-25 16:48:00-0500,59.979,321181
2026-09-25 16:48:10-0500,59.979,321266
2026-09-25 16:48:20-0500,59.98,321266
2026-09-25 16:48:30-0500,59.98,321266
2026-09-25 16:48:40-0500,59.98,321350
2026-09-25 16:48:50-0500,59.981,321350
2026-09-25 16:49:00-0500,59.98,321350
2026-09-25 16:49:10-0500,59.981,321350
2026-09-25 16:49:20-0500,59.981,321350
2026-09-25 16:49:30-0500,59.982,321350
2026-09-25 16:49:40-0500,59.984,321350
2026-09-25 16:49:50-0500,59.995,321350
2026-09-25 16:50:00-0500,60.018,321350
2026-09-25 16:50:10-0500,60.014,321350
2026-09-25 16:50:20-0500,60.013,321350
2026-09-25 16:50:30-0500,60.006,321350
2026-09-25 16:50:40-0500,60.001,321604
2026-09-25 16:50:50-0500,60.007,321604
2026-09-25 16:51:00-0500,60.003,321683
2026-09-25 16:51:10-0500,60.007,321683
2026-09-25 16:51:20-0500,60.012,321683
2026-09-25 16:51:30-0500,60.014,321683
2026-09-25 16:51:40-0500,60.014,321683
2026-09-25 16:51:50-0500,60.015,321683
2026-09-25 16:52:00-0500,60.016,321683
2026-09-25 16:52:10-0500,60.016,321683
2026-09-25 16:52:20-0500,60.014,321683
2026-09-25 16:52:30-0500,60.015,321683
2026-09-25 16:52:40-0500,60.015,321683
2026-09-25 16:52:50-0500,60.015,321683
2026-09-25 16:53:00-0500,60.015,321683
2026-09-25 16:53:10-0500,60.016,321683
2026-09-25 16:53:20-0500,60.016,321683
2026-09-25 16:53:30-0500,60.015,321683
2026-09-25 16:53:40-0500,60.016,321683
2026-09-25 16:53:50-0500,60.014,321683
2026-09-25 16:54:00-0500,60.016,321683
2026-09-25 16:54:10-0500,60.014,321683
2026-09-25 16:54:20-0500,60.015,321683
2026-09-25 16:54:30-0500,60.015,321683
2026-09-25 16:54:40-0500,60.014,321683
2026-09-25 16:54:50-0500,60.016,321683
2026-09-25 16:55:00-0500,60.016,321683
2026-09-25 16:55:10-0500,60.016,321683
2026-09-25 16:55:20-0500,60.015,321683
2026-09-25 16:55:30-0500,60.014,321683
2026-09-25 16:55:40-0500,60.016,321683
2026-09-25 16:55:50-0500,60.011,321683
2026-09-25 16:56:00-0500,60.007,321683
2026-09-25 16:56:10-0500,59.99,321683
2026-09-25 16:56:20-0500,59.984,321688
2026-09-25 16:56:30-0500,59.982,321683
2026-09-25 16:56:40-0500,59.981,321683
2026-09-25 16:56:50-0500,59.982,321683
2026-09-25 16:57:00-0500,59.982,321683
2026-09-25 16:57:10-0500,59.981,321683
2026-09-25 16:57:20-0500,59.981,321683
2026-09-25 16:57:30-0500,59.981,321767
2026-09-25 16:57:40-0500,59.982,321767
2026-09-25 16:57:50-0500,59.982,321767
2026-09-25 16:58:00-0500,59.982,321804
2026-09-25 16:58:10-0500,59.981,321804
2026-09-25 16:58:20-0500,59.98,321804
2026-09-25 16:58:30-0500,59.979,321804
2026-09-25 16:58:40-0500,59.979,321804
2026-09-25 16:58:50-0500,59.978,321804
2026-09-25 16:59:00-0500,59.979,321804
2026-09-25 16:59:10-0500,59.978,321882
2026-09-25 16:59:20-0500,59.979,321882
2026-09-25 16:59:30-0500,59.977,321882
2026-09-25 16:59:40-0500,59.978,321901
2026-09-25 16:59:50-0500,59.977,321901
2026-09-25 17:00:00-0500,59.977,321901
2026-09-25 17:00:10-0500,59.977,321901
2026-09-25 17:00:20-0500,59.978,322212
2026-09-25 17:00:30-0500,59.982,322212
2026-09-25 17:00:40-0500,59.985,322212
2026-09-25 17:00:50-0500,59.99,322212
2026-09-25 17:01:00-0500,59.988,322212
2026-09-25 17:01:10-0500,59.987,322212
2026-09-25 17:01:20-0500,59.986,322212
2026-09-25 17:01:30-0500,59.995,322212
2026-09-25 17:01:40-0500,60.012,322212
2026-09-25 17:01:50-0500,60.011,322212
2026-09-25 17:02:00-0500,60.015,322212
2026-09-25 17:02:10-0500,60.012,322212
2026-09-25 17:02:20-0500,60.005,322212
2026-09-25 17:02:30-0500,59.985,322212
2026-09-25 17:02:40-0500,59.983,322212
2026-09-25 17:02:50-0500,59.982,322212
2026-09-25 17:03:00-0500,59.982,322212
2026-09-25 17:03:10-0500,59.982,322212
2026-09-25 17:03:20-0500,59.983,322212
2026-09-25 17:03:30-0500,59.98,322212
2026-09-25 17:03:40-0500,59.981,322212
2026-09-25 17:03:50-0500,59.981,322212
2026-09-25 17:04:00-0500,59.982,322212
2026-09-25 17:04:10-0500,59.98,322212
2026-09-25 17:04:20-0500,59.982,322212
2026-09-25 17:04:30-0500,59.979,322212
2026-09-25 17:04:40-0500,59.98,322212
2026-09-25 17:04:50-0500,59.981,322212
2026-09-25 17:05:00-0500,59.981,322212
2026-09-25 17:05:10-0500,59.981,322212
2026-09-25 17:05:20-0500,59.982,322212
2026-09-25 17:05:30-0500,59.986,322212
2026-09-25 17:05:40-0500,59.988,322212
2026-09-25 17:05:50-0500,60.014,322212
2026-09-25 17:06:00-0500,60.016,322212
2026-09-25 17:06:10-0500,60.017,322212
2026-09-25 17:06:20-0500,60.018,322212
2026-09-25 17:06:30-0500,60.017,322212
2026-09-25 17:06:40-0500,60.015,322212
2026-09-25 17:06:50-0500,60.017,322212
2026-09-25 17:07:00-0500,60.015,322212
2026-09-25 17:07:10-0500,60.016,324096
2026-09-25 17:07:20-0500,60.013,324096
2026-09-25 17:07:30-0500,60.01,324096
2026-09-25 17:07:40-0500,60.011,324096
2026-09-25 17:07:50-0500,59.995,324096
2026-09-25 17:08:00-0500,59.984,324096
2026-09-25 17:08:10-0500,59.983,324096
2026-09-25 17:08:20-0500,59.984,324096
2026-09-25 17:08:30-0500,59.982,324096
2026-09-25 17:08:40-0500,59.982,324096
2026-09-25 17:08:50-0500,59.982,324096
2026-09-25 17:09:00-0500,59.983,324096
2026-09-25 17:09:10-0500,59.982,324096
2026-09-25 17:09:20-0500,59.983,324096
2026-09-25 17:09:30-0500,59.982,324101
2026-09-25 17:09:40-0500,59.981,324101
2026-09-25 17:09:50-0500,59.981,324101
2026-09-25 17:10:00-0500,59.982,324106
2026-09-25 17:10:10-0500,59.981,324106
2026-09-25 17:10:20-0500,59.98,324106
2026-09-25 17:10:30-0500,59.981,324106
2026-09-25 17:10:40-0500,59.981,324106
2026-09-25 17:10:50-0500,59.979,324106
2026-09-25 17:11:00-0500,59.98,324106
2026-09-25 17:11:10-0500,59.979,324106
2026-09-25 17:11:20-0500,59.979,324106
2026-09-25 17:11:30-0500,59.979,324106
2026-09-25 17:11:40-0500,59.98,324101
2026-09-25 17:11:50-0500,59.981,325214
2026-09-25 17:12:00-0500,59.981,325214
2026-09-25 17:12:10-0500,59.98,325214
2026-09-25 17:12:20-0500,59.979,325214
2026-09-25 17:12:30-0500,59.978,325214
2026-09-25 17:12:40-0500,59.978,325214
2026-09-25 17:12:50-0500,59.979,325214
2026-09-25 17:13:00-0500,59.978,325214
2026-09-25 17:13:10-0500,59.979,325214
2026-09-25 17:13:20-0500,59.979,325214
2026-09-25 17:13:30-0500,59.978,325214
2026-09-25 17:13:40-0500,59.978,325214
2026-09-25 17:13:50-0500,59.978,325214
2026-09-25 17:14:00-0500,59.979,325214
2026-09-25 17:14:10-0500,59.981,325214
2026-09-25 17:14:20-0500,59.981,325214
2026-09-25 17:14:30-0500,59.98,325214
2026-09-25 17:14:40-0500,59.979,325214
2026-09-25 17:14:50-0500,59.98,325214
2026-09-25 17:15:00-0500,59.98,325214
2026-09-25 17:15:10-0500,59.981,325209
2026-09-25 17:15:20-0500,59.982,325209
2026-09-25 17:15:30-0500,59.983,325209
2026-09-25 17:15:40-0500,59.984,325209
2026-09-25 17:15:50-0500,59.985,325209
2026-09-25 17:16:00-0500,59.997,325209
2026-09-25 17:16:10-0500,60.011,325209
2026-09-25 17:16:20-0500,60.011,325214
2026-09-25 17:16:30-0500,60.005,325214
2026-09-25 17:16:40-0500,59.998,325214
2026-09-25 17:16:50-0500,59.99,325214
2026-09-25 17:17:00-0500,59.999,325214
2026-09-25 17:17:10-0500,59.994,325214
2026-09-25 17:17:20-0500,59.986,325214
2026-09-25 17:17:30-0500,59.983,325214
2026-09-25 17:17:40-0500,59.986,325214
2026-09-25 17:17:50-0500,59.996,325214
2026-09-25 17:18:00-0500,60,325214
2026-09-25 17:18:10-0500,59.996,325214
2026-09-25 17:18:20-0500,59.987,325214
2026-09-25 17:18:30-0500,59.984,325214
2026-09-25 17:18:40-0500,59.982,325214
2026-09-25 17:18:50-0500,59.986,325214
2026-09-25 17:19:00-0500,59.998,325214
2026-09-25 17:19:10-0500,59.992,325214
2026-09-25 17:19:20-0500,59.998,325214
2026-09-25 17:19:30-0500,59.993,325214
2026-09-25 17:19:40-0500,59.993,325214
2026-09-25 17:19:50-0500,59.984,325214
2026-09-25 17:20:00-0500,59.983,325214
2026-09-25 17:20:10-0500,59.983,325214
2026-09-25 17:20:20-0500,59.983,325214
2026-09-25 17:20:30-0500,59.985,325214
2026-09-25 17:20:40-0500,59.985,325214
2026-09-25 17:20:50-0500,59.984,325214
2026-09-25 17:21:00-0500,59.996,325214
2026-09-25 17:21:10-0500,60.01,324688
2026-09-25 17:21:20-0500,60.012,324688
2026-09-25 17:21:30-0500,60.01,324688
2026-09-25 17:21:40-0500,60.015,324688
2026-09-25 17:21:50-0500,60.015,324688
2026-09-25 17:22:00-0500,60.018,324688
2026-09-25 17:22:10-0500,59.994,324688
2026-09-25 17:22:20-0500,59.991,324688
2026-09-25 17:22:30-0500,60.013,324688
2026-09-25 17:22:40-0500,60.012,324688
2026-09-25 17:22:50-0500,60,324773
2026-09-25 17:23:00-0500,59.999,324773
2026-09-25 17:23:10-0500,59.983,324857
2026-09-25 17:23:20-0500,59.983,324857
2026-09-25 17:23:30-0500,59.983,324857
2026-09-25 17:23:40-0500,59.985,324857
2026-09-25 17:23:50-0500,59.986,324857
2026-09-25 17:24:00-0500,59.984,324857
2026-09-25 17:24:10-0500,59.982,324857
2026-09-25 17:24:20-0500,59.983,324857
2026-09-25 17:24:30-0500,59.981,324857
2026-09-25 17:24:40-0500,59.982,324857
2026-09-25 17:24:50-0500,59.98,324857
2026-09-25 17:25:00-0500,59.98,324857
2026-09-25 17:25:10-0500,59.98,324857
2026-09-25 17:25:20-0500,59.98,324857
2026-09-25 17:25:30-0500,59.98,324857
2026-09-25 17:25:40-0500,59.978,324857
2026-09-25 17:25:50-0500,59.98,324857
2026-09-25 17:26:00-0500,59.98,324857
2026-09-25 17:26:10-0500,59.98,324857
2026-09-25 17:26:20-0500,59.978,324857
2026-09-25 17:26:30-0500,59.978,324857
2026-09-25 17:26:40-0500,59.978,324857
2026-09-25 17:26:50-0500,59.977,324857
2026-09-25 17:27:00-0500,59.978,324857
2026-09-25 17:27:10-0500,59.976,324857
2026-09-25 17:27:20-0500,59.977,324857
2026-09-25 17:27:30-0500,59.978,324857
2026-09-25 17:27:40-0500,59.976,324857
2026-09-25 17:27:50-0500,59.978,324857
2026-09-25 17:28:00-0500,59.978,324857
2026-09-25 17:28:10-0500,59.979,324857
2026-09-25 17:28:20-0500,59.979,324857
2026-09-25 17:28:30-0500,59.98,324852
2026-09-25 17:28:40-0500,59.979,324852
2026-09-25 17:28:50-0500,59.98,324852
2026-09-25 17:29:00-0500,59.979,324857
2026-09-25 17:29:10-0500,59.98,324857
2026-09-25 17:29:20-0500,59.98,324857
2026-09-25 17:29:30-0500,59.979,324857
2026-09-25 17:29:40-0500,59.98,324857
2026-09-25 17:29:50-0500,59.979,324857
2026-09-25 17:30:00-0500,59.979,324857
2026-09-25 17:30:10-0500,59.98,324857
2026-09-25 17:30:20-0500,59.982,324857
2026-09-25 17:30:30-0500,59.982,324857
2026-09-25 17:30:40-0500,59.982,324857
2026-09-25 17:30:50-0500,59.982,324857
2026-09-25 17:31:00-0500,59.989,324857
2026-09-25 17:31:10-0500,59.996,324857
2026-09-25 17:31:20-0500,59.991,324857
2026-09-25 17:31:30-0500,59.984,324857
2026-09-25 17:31:40-0500,59.993,324857
2026-09-25 17:31:50-0500,60.008,324857
2026-09-25 17:32:00-0500,60.013,324857
2026-09-25 17:32:10-0500,59.997,324857
2026-09-25 17:32:20-0500,59.991,324857
2026-09-25 17:32:30-0500,59.985,324857
2026-09-25 17:32:40-0500,59.982,324857
2026-09-25 17:32:50-0500,59.983,324857
2026-09-25 17:33:00-0500,59.981,324857
2026-09-25 17:33:10-0500,59.98,324857
2026-09-25 17:33:20-0500,59.98,324857
2026-09-25 17:33:30-0500,59.979,324857
2026-09-25 17:33:40-0500,59.978,324857
2026-09-25 17:33:50-0500,59.979,324857
2026-09-25 17:34:00-0500,59.978,324857
2026-09-25 17:34:10-0500,59.978,324857
2026-09-25 17:34:20-0500,59.978,324857
2026-09-25 17:34:30-0500,59.979,324857
2026-09-25 17:34:40-0500,59.978,324857
2026-09-25 17:34:50-0500,59.98,324857
2026-09-25 17:35:00-0500,59.98,324857
2026-09-25 17:35:10-0500,59.981,324857
2026-09-25 17:35:20-0500,59.981,324857
2026-09-25 17:35:30-0500,59.982,324857
2026-09-25 17:35:40-0500,59.984,324862
2026-09-25 17:35:50-0500,59.984,324862
2026-09-25 17:36:00-0500,59.986,324857
2026-09-25 17:36:10-0500,59.991,324857
2026-09-25 17:36:20-0500,60.016,324857
2026-09-25 17:36:30-0500,60.015,324857
2026-09-25 17:36:40-0500,60.014,324857
2026-09-25 17:36:50-0500,60.018,324857
2026-09-25 17:37:00-0500,60.016,324857
2026-09-25 17:37:10-0500,60.017,324862
2026-09-25 17:37:20-0500,60.015,324857
2026-09-25 17:37:30-0500,60.014,324857
2026-09-25 17:37:40-0500,60.011,324857
2026-09-25 17:37:50-0500,60.009,324857
2026-09-25 17:38:00-0500,59.998,324857
2026-09-25 17:38:10-0500,59.992,324857
2026-09-25 17:38:20-0500,60,324857
2026-09-25 17:38:30-0500,59.997,324857
2026-09-25 17:38:40-0500,60.002,324857
2026-09-25 17:38:50-0500,60.01,324857
2026-09-25 17:39:00-0500,60.008,324857
2026-09-25 17:39:10-0500,60.015,324857
2026-09-25 17:39:20-0500,60.015,324857
2026-09-25 17:39:30-0500,60.016,324857
2026-09-25 17:39:40-0500,60.016,324857
2026-09-25 17:39:50-0500,60.013,324857
2026-09-25 17:40:00-0500,60.016,324857
2026-09-25 17:40:10-0500,60.014,324857
2026-09-25 17:40:20-0500,60.013,324857
2026-09-25 17:40:30-0500,60.013,324857
2026-09-25 17:40:40-0500,60.015,324857
2026-09-25 17:40:50-0500,60.015,324857
2026-09-25 17:41:00-0500,60.014,324857
2026-09-25 17:41:10-0500,60.009,324857
2026-09-25 17:41:20-0500,60.015,324857
2026-09-25 17:41:30-0500,60.015,324857
2026-09-25 17:41:40-0500,60.016,324857
2026-09-25 17:41:50-0500,60.016,324857
2026-09-25 17:42:00-0500,60.016,324857
2026-09-25 17:42:10-0500,60.014,324857
2026-09-25 17:42:20-0500,60.016,324857
2026-09-25 17:42:30-0500,60.014,324857
2026-09-25 17:42:40-0500,60.015,324857
2026-09-25 17:42:50-0500,60.011,324857
2026-09-25 17:43:00-0500,60.008,324857
2026-09-25 17:43:10-0500,60.003,324857
2026-09-25 17:43:20-0500,60.007,324857
2026-09-25 17:43:30-0500,60.013,326647
2026-09-25 17:43:40-0500,60.015,326647
2026-09-25 17:43:50-0500,60.013,327173
2026-09-25 17:44:00-0500,60.012,327173
2026-09-25 17:44:10-0500,60.013,327770
2026-09-25 17:44:20-0500,60.014,327770
2026-09-25 17:44:30-0500,60.014,328366
2026-09-25 17:44:40-0500,60.015,328366
2026-09-25 17:44:50-0500,60.015,328371
2026-09-25 17:45:00-0500,60.012,328366
2026-09-25 17:45:10-0500,60.005,328366
2026-09-25 17:45:20-0500,60,328366
2026-09-25 17:45:30-0500,60.001,328366
2026-09-25 17:45:40-0500,60.009,328366
2026-09-25 17:45:50-0500,59.987,328366
2026-09-25 17:46:00-0500,59.988,328366
2026-09-25 17:46:10-0500,59.985,328366
2026-09-25 17:46:20-0500,59.984,328366
2026-09-25 17:46:30-0500,59.983,328366
2026-09-25 17:46:40-0500,59.987,328366
2026-09-25 17:46:50-0500,59.988,328366
2026-09-25 17:47:00-0500,59.988,328366
2026-09-25 17:47:10-0500,60.003,328366
2026-09-25 17:47:20-0500,60.013,328366
2026-09-25 17:47:30-0500,60.013,328366
2026-09-25 17:47:40-0500,60.009,328366
2026-09-25 17:47:50-0500,60.014,328366
2026-09-25 17:48:00-0500,60.015,328366
2026-09-25 17:48:10-0500,60.006,328366
2026-09-25 17:48:20-0500,59.993,328366
2026-09-25 17:48:30-0500,59.998,328366
2026-09-25 17:48:40-0500,60.009,328366
2026-09-25 17:48:50-0500,60.013,328366
2026-09-25 17:49:00-0500,60.005,328366
2026-09-25 17:49:10-0500,59.995,328366
2026-09-25 17:49:20-0500,59.988,328366
2026-09-25 17:49:30-0500,59.984,328366
2026-09-25 17:49:40-0500,59.986,328451
2026-09-25 17:49:50-0500,59.991,328451
2026-09-25 17:50:00-0500,59.994,328451
2026-09-25 17:50:10-0500,59.99,328451
2026-09-25 17:50:20-0500,59.983,328451
2026-09-25 17:50:30-0500,59.981,328451
2026-09-25 17:50:40-0500,59.982,328451
2026-09-25 17:50:50-0500,59.996,328456
2026-09-25 17:51:00-0500,60.014,328456
2026-09-25 17:51:10-0500,60.016,328456
2026-09-25 17:51:20-0500,60.015,329018
2026-09-25 17:51:30-0500,60.017,329018
2026-09-25 17:51:40-0500,60.016,329018
2026-09-25 17:51:50-0500,60.016,329018
2026-09-25 17:52:00-0500,60.012,329018
2026-09-25 17:52:10-0500,60.013,329581
2026-09-25 17:52:20-0500,60.016,329581
2026-09-25 17:52:30-0500,59.999,329581
2026-09-25 17:52:40-0500,60.014,329581
2026-09-25 17:52:50-0500,60.012,329581
2026-09-25 17:53:00-0500,60.007,329581
2026-09-25 17:53:10-0500,59.985,330143
2026-09-25 17:53:20-0500,59.991,330143
2026-09-25 17:53:30-0500,59.988,330143
2026-09-25 17:53:40-0500,59.994,330143
2026-09-25 17:53:50-0500,59.988,330143
2026-09-25 17:54:00-0500,59.986,330143
2026-09-25 17:54:10-0500,59.985,330143
2026-09-25 17:54:20-0500,59.985,330143
2026-09-25 17:54:30-0500,59.982,330143
2026-09-25 17:54:40-0500,59.983,330143
2026-09-25 17:54:50-0500,59.98,330143
2026-09-25 17:55:00-0500,59.98,330143
2026-09-25 17:55:10-0500,59.98,330143
2026-09-25 17:55:20-0500,59.979,330143
2026-09-25 17:55:30-0500,59.979,330143
2026-09-25 17:55:40-0500,59.98,330143
2026-09-25 17:55:50-0500,59.98,330143
2026-09-25 17:56:00-0500,59.98,330143
2026-09-25 17:56:10-0500,59.98,330143
2026-09-25 17:56:20-0500,59.98,330143
2026-09-25 17:56:30-0500,59.98,330143
2026-09-25 17:56:40-0500,59.981,330143
2026-09-25 17:56:50-0500,59.982,330143
2026-09-25 17:57:00-0500,59.981,330143
2026-09-25 17:57:10-0500,59.982,330143
2026-09-25 17:57:20-0500,59.983,330143
2026-09-25 17:57:30-0500,59.985,330143
2026-09-25 17:57:40-0500,59.987,330143
2026-09-25 17:57:50-0500,59.984,330143
2026-09-25 17:58:00-0500,59.982,330143
2026-09-25 17:58:10-0500,59.979,330143
2026-09-25 17:58:20-0500,59.979,330143
2026-09-25 17:58:30-0500,59.979,330143
2026-09-25 17:58:40-0500,59.98,330265
2026-09-25 17:58:50-0500,59.98,330302
2026-09-25 17:59:00-0500,59.98,330302
2026-09-25 17:59:10-0500,59.979,330302
2026-09-25 17:59:20-0500,59.98,330302
2026-09-25 17:59:30-0500,59.98,330302
2026-09-25 17:59:40-0500,59.98,330302
2026-09-25 17:59:50-0500,59.982,330302
2026-09-25 18:00:00-0500,59.981,330369
2026-09-25 18:00:10-0500,59.981,330369
2026-09-25 18:00:20-0500,59.981,330369
2026-09-25 18:00:30-0500,59.986,330369
2026-09-25 18:00:40-0500,60,330369
2026-09-25 18:00:50-0500,60.013,330369
2026-09-25 18:01:00-0500,60.014,330369
2026-09-25 18:01:10-0500,60.013,330369
2026-09-25 18:01:20-0500,60.013,330369
2026-09-25 18:01:30-0500,60.014,330369
2026-09-25 18:01:40-0500,60.014,330369
2026-09-25 18:01:50-0500,60.004,330369
2026-09-25 18:02:00-0500,60.003,330369
2026-09-25 18:02:10-0500,60.012,330369
2026-09-25 18:02:20-0500,60.015,330369
2026-09-25 18:02:30-0500,60.005,330369
2026-09-25 18:02:40-0500,60.018,330369
2026-09-25 18:02:50-0500,60.018,330369
2026-09-25 18:03:00-0500,60.016,330369
2026-09-25 18:03:10-0500,60.015,330369
2026-09-25 18:03:20-0500,60.013,330369
2026-09-25 18:03:30-0500,60.008,330369
2026-09-25 18:03:40-0500,60.018,330369
2026-09-25 18:03:50-0500,60.015,330369
2026-09-25 18:04:00-0500,60.016,330369
2026-09-25 18:04:10-0500,60.017,330369
2026-09-25 18:04:20-0500,60.015,330369
2026-09-25 18:04:30-0500,60.016,330369
2026-09-25 18:04:40-0500,60.016,330369
2026-09-25 18:04:50-0500,60.014,330369
2026-09-25 18:05:00-0500,60.011,330369
2026-09-25 18:05:10-0500,59.991,330369
2026-09-25 18:05:20-0500,59.984,330369
2026-09-25 18:05:30-0500,59.984,330369
2026-09-25 18:05:40-0500,59.987,330369
2026-09-25 18:05:50-0500,59.986,330369
2026-09-25 18:06:00-0500,59.984,330369
2026-09-25 18:06:10-0500,59.988,330369
2026-09-25 18:06:20-0500,59.988,330369
2026-09-25 18:06:30-0500,59.995,330369
2026-09-25 18:06:40-0500,60.002,330369
2026-09-25 18:06:50-0500,60.011,330369
2026-09-25 18:07:00-0500,60.014,330369
2026-09-25 18:07:10-0500,60.004,330369
2026-09-25 18:07:20-0500,59.989,330369
2026-09-25 18:07:30-0500,59.983,330369
2026-09-25 18:07:40-0500,59.985,330369
2026-09-25 18:07:50-0500,59.993,330369
2026-09-25 18:08:00-0500,60,330369
2026-09-25 18:08:10-0500,60.001,330369
2026-09-25 18:08:20-0500,60.01,330454
2026-09-25 18:08:30-0500,60.016,330539
2026-09-25 18:08:40-0500,60.016,330624
2026-09-25 18:08:50-0500,60.012,330624
2026-09-25 18:09:00-0500,60.017,330624
2026-09-25 18:09:10-0500,60.013,330624
2026-09-25 18:09:20-0500,60.015,330624
2026-09-25 18:09:30-0500,60.014,330624
2026-09-25 18:09:40-0500,60.013,330624
2026-09-25 18:09:50-0500,60.015,330624
2026-09-25 18:10:00-0500,60.011,330624
2026-09-25 18:10:10-0500,59.987,330624
2026-09-25 18:10:20-0500,59.983,330624
2026-09-25 18:10:30-0500,59.983,330624
2026-09-25 18:10:40-0500,59.984,330624
2026-09-25 18:10:50-0500,59.984,330624
2026-09-25 18:11:00-0500,59.984,330624
2026-09-25 18:11:10-0500,59.983,330624
2026-09-25 18:11:20-0500,59.984,330624
2026-09-25 18:11:30-0500,59.986,330624
2026-09-25 18:11:40-0500,59.984,330624
2026-09-25 18:11:50-0500,59.987,330624
2026-09-25 18:12:00-0500,59.983,330624
2026-09-25 18:12:10-0500,59.99,330624
2026-09-25 18:12:20-0500,59.992,330624
2026-09-25 18:12:30-0500,60.003,330624
2026-09-25 18:12:40-0500,60.012,330624
2026-09-25 18:12:50-0500,60.006,330624
2026-09-25 18:13:00-0500,60.005,330624
2026-09-25 18:13:10-0500,60.016,330624
2026-09-25 18:13:20-0500,60.014,330624
2026-09-25 18:13:30-0500,60.016,330624
2026-09-25 18:13:40-0500,60.017,330624
2026-09-25 18:13:50-0500,60.016,330624
2026-09-25 18:14:00-0500,60.017,330624
2026-09-25 18:14:10-0500,60.017,330624
2026-09-25 18:14:20-0500,60.015,330624
2026-09-25 18:14:30-0500,60.015,330624
2026-09-25 18:14:40-0500,60.017,330624
2026-09-25 18:14:50-0500,60.015,330624
2026-09-25 18:15:00-0500,60.012,330624
2026-09-25 18:15:10-0500,59.996,330624
2026-09-25 18:15:20-0500,59.983,330624
2026-09-25 18:15:30-0500,59.981,330624
2026-09-25 18:15:40-0500,59.979,330624
2026-09-25 18:15:50-0500,59.977,330624
2026-09-25 18:16:00-0500,59.978,330624
2026-09-25 18:16:10-0500,59.977,330624
2026-09-25 18:16:20-0500,59.977,330624
2026-09-25 18:16:30-0500,59.975,330624
2026-09-25 18:16:40-0500,59.976,330624
2026-09-25 18:16:50-0500,59.976,330624
2026-09-25 18:17:00-0500,59.975,330624
2026-09-25 18:17:10-0500,59.976,330624
2026-09-25 18:17:20-0500,59.975,330624
2026-09-25 18:17:30-0500,59.975,330624
2026-09-25 18:17:40-0500,59.975,330624
2026-09-25 18:17:50-0500,59.976,330624
2026-09-25 18:18:00-0500,59.976,330624
2026-09-25 18:18:10-0500,59.975,330624
2026-09-25 18:18:20-0500,59.975,330624
2026-09-25 18:18:30-0500,59.975,330624
2026-09-25 18:18:40-0500,59.975,330624
2026-09-25 18:18:50-0500,59.976,330624
2026-09-25 18:19:00-0500,59.976,330624
2026-09-25 18:19:10-0500,59.977,330624
2026-09-25 18:19:20-0500,59.976,330624
2026-09-25 18:19:30-0500,59.977,330624
2026-09-25 18:19:40-0500,59.977,330624
2026-09-25 18:19:50-0500,59.977,330624
2026-09-25 18:20:00-0500,59.977,330624
2026-09-25 18:20:10-0500,59.977,330624
2026-09-25 18:20:20-0500,59.978,330624
2026-09-25 18:20:30-0500,59.98,330624
2026-09-25 18:20:40-0500,59.979,330624
2026-09-25 18:20:50-0500,59.983,330624
2026-09-25 18:21:00-0500,59.982,330624
2026-09-25 18:21:10-0500,59.983,330624
2026-09-25 18:21:20-0500,59.986,330624
2026-09-25 18:21:30-0500,59.991,330715
2026-09-25 18:21:40-0500,59.991,330745
2026-09-25 18:21:50-0500,60.01,330745
2026-09-25 18:22:00-0500,60.009,330837
2026-09-25 18:22:10-0500,59.998,330806
2026-09-25 18:22:20-0500,59.983,330837
2026-09-25 18:22:30-0500,59.985,330837
2026-09-25 18:22:40-0500,59.988,330745
2026-09-25 18:22:50-0500,59.992,330745
2026-09-25 18:23:00-0500,59.988,330745
2026-09-25 18:23:10-0500,59.984,330745
2026-09-25 18:23:20-0500,59.986,330837
2026-09-25 18:23:30-0500,59.986,330745
2026-09-25 18:23:40-0500,59.983,330806
2026-09-25 18:23:50-0500,59.985,330654
2026-09-25 18:24:00-0500,59.984,330715
2026-09-25 18:24:10-0500,59.981,330837
2026-09-25 18:24:20-0500,59.982,330837
2026-09-25 18:24:30-0500,59.981,330837
2026-09-25 18:24:40-0500,59.982,330654
2026-09-25 18:24:50-0500,59.985,330806
2026-09-25 18:25:00-0500,59.984,330654
2026-09-25 18:25:10-0500,59.981,330745
2026-09-25 18:25:20-0500,59.981,330745
2026-09-25 18:25:30-0500,59.982,330837
2026-09-25 18:25:40-0500,59.981,330715
2026-09-25 18:25:50-0500,59.981,330654
2026-09-25 18:26:00-0500,59.981,330745
2026-09-25 18:26:10-0500,59.981,330745
2026-09-25 18:26:20-0500,59.982,330745
2026-09-25 18:26:30-0500,59.984,330745
2026-09-25 18:26:40-0500,59.984,330745
2026-09-25 18:26:50-0500,59.992,330745
2026-09-25 18:27:00-0500,59.99,330745
2026-09-25 18:27:10-0500,59.993,330745
2026-09-25 18:27:20-0500,59.995,330837
2026-09-25 18:27:30-0500,59.997,330837
2026-09-25 18:27:40-0500,60.006,330837
2026-09-25 18:27:50-0500,60.015,330837
2026-09-25 18:28:00-0500,60.015,330837
2026-09-25 18:28:10-0500,60.016,330837
2026-09-25 18:28:20-0500,60.016,330837
2026-09-25 18:28:30-0500,60.015,330837
2026-09-25 18:28:40-0500,60.017,330837
2026-09-25 18:28:50-0500,60.017,330837
2026-09-25 18:29:00-0500,60.017,330837
2026-09-25 18:29:10-0500,60.016,330837
2026-09-25 18:29:20-0500,60.016,330837
2026-09-25 18:29:30-0500,60.017,330837
2026-09-25 18:29:40-0500,60.017,330837
2026-09-25 18:29:50-0500,60.017,330837
2026-09-25 18:30:00-0500,60.016,330837
2026-09-25 18:30:10-0500,60.014,330837
2026-09-25 18:30:20-0500,60.013,330837
2026-09-25 18:30:30-0500,59.998,330837
2026-09-25 18:30:40-0500,59.994,330837
2026-09-25 18:30:50-0500,59.989,330837
2026-09-25 18:31:00-0500,59.985,330837
2026-09-25 18:31:10-0500,59.999,330837
2026-09-25 18:31:20-0500,60.011,330837
2026-09-25 18:31:30-0500,60.011,330837
2026-09-25 18:31:40-0500,60.016,330837
2026-09-25 18:31:50-0500,60.012,330837
2026-09-25 18:32:00-0500,60.014,330837
2026-09-25 18:32:10-0500,59.994,330837
2026-09-25 18:32:20-0500,59.989,330837
2026-09-25 18:32:30-0500,59.991,330837
2026-09-25 18:32:40-0500,59.985,330837
2026-09-25 18:32:50-0500,59.986,330837
2026-09-25 18:33:00-0500,59.985,330837
2026-09-25 18:33:10-0500,59.987,330837
2026-09-25 18:33:20-0500,59.985,330837
2026-09-25 18:33:30-0500,59.987,330837
2026-09-25 18:33:40-0500,59.99,330837
2026-09-25 18:33:50-0500,59.995,330837
2026-09-25 18:34:00-0500,60.003,330837
2026-09-25 18:34:10-0500,59.991,330837
2026-09-25 18:34:20-0500,59.984,330837
2026-09-25 18:34:30-0500,59.987,330837
2026-09-25 18:34:40-0500,59.988,330837
2026-09-25 18:34:50-0500,59.986,330837
2026-09-25 18:35:00-0500,59.985,330837
2026-09-25 18:35:10-0500,59.983,330837
2026-09-25 18:35:20-0500,59.984,330837
2026-09-25 18:35:30-0500,59.985,330837
2026-09-25 18:35:40-0500,59.985,330837
2026-09-25 18:35:50-0500,59.987,330837
2026-09-25 18:36:00-0500,59.996,330837
2026-09-25 18:36:10-0500,60.001,330837
2026-09-25 18:36:20-0500,60.005,330837
2026-09-25 18:36:30-0500,60.014,330837
2026-09-25 18:36:40-0500,60.016,330837
2026-09-25 18:36:50-0500,60.017,330837
2026-09-25 18:37:00-0500,60.015,330837
2026-09-25 18:37:10-0500,60.008,330837
2026-09-25 18:37:20-0500,60.013,330837
2026-09-25 18:37:30-0500,60.016,330837
2026-09-25 18:37:40-0500,60.015,330837
2026-09-25 18:37:50-0500,60.006,330837
2026-09-25 18:38:00-0500,59.991,330837
2026-09-25 18:38:10-0500,59.998,330837
2026-09-25 18:38:20-0500,59.996,330837
2026-09-25 18:38:30-0500,59.985,330837
2026-09-25 18:38:40-0500,59.982,330837
2026-09-25 18:38:50-0500,59.985,330837
2026-09-25 18:39:00-0500,59.986,330837
2026-09-25 18:39:10-0500,59.984,330837
2026-09-25 18:39:20-0500,59.984,330837
2026-09-25 18:39:30-0500,59.984,330837
2026-09-25 18:39:40-0500,59.985,330837
2026-09-25 18:39:50-0500,59.995,330837
2026-09-25 18:40:00-0500,59.999,330837
2026-09-25 18:40:10-0500,59.982,330837
2026-09-25 18:40:20-0500,59.981,330837
2026-09-25 18:40:30-0500,59.985,330837
2026-09-25 18:40:40-0500,59.981,330837
2026-09-25 18:40:50-0500,59.982,330837
2026-09-25 18:41:00-0500,59.981,330837
2026-09-25 18:41:10-0500,59.981,330837
2026-09-25 18:41:20-0500,59.981,330837
2026-09-25 18:41:30-0500,59.98,330837
2026-09-25 18:41:40-0500,59.98,330837
2026-09-25 18:41:50-0500,59.981,330837
2026-09-25 18:42:00-0500,59.981,330837
2026-09-25 18:42:10-0500,59.979,330837
2026-09-25 18:42:20-0500,59.98,330837
2026-09-25 18:42:30-0500,59.98,330837
2026-09-25 18:42:40-0500,59.983,330837
2026-09-25 18:42:50-0500,59.983,330837
2026-09-25 18:43:00-0500,59.985,330837
2026-09-25 18:43:10-0500,60.003,330837
2026-09-25 18:43:20-0500,59.996,330837
2026-09-25 18:43:30-0500,60,330837
2026-09-25 18:43:40-0500,60.012,330837
2026-09-25 18:43:50-0500,60.012,330837
2026-09-25 18:44:00-0500,60.013,330837
2026-09-25 18:44:10-0500,59.995,330837
2026-09-25 18:44:20-0500,59.988,330837
2026-09-25 18:44:30-0500,59.988,330837
2026-09-25 18:44:40-0500,59.995,330837
2026-09-25 18:44:50-0500,59.987,330837
2026-09-25 18:45:00-0500,59.985,330837
2026-09-25 18:45:10-0500,59.983,330837
2026-09-25 18:45:20-0500,59.981,330837
2026-09-25 18:45:30-0500,59.981,330837
2026-09-25 18:45:40-0500,59.981,330837
2026-09-25 18:45:50-0500,59.981,330837
2026-09-25 18:46:00-0500,59.982,330837
2026-09-25 18:46:10-0500,59.982,330837
2026-09-25 18:46:20-0500,59.985,330837
2026-09-25 18:46:30-0500,59.996,330837
2026-09-25 18:46:40-0500,60.005,330837
2026-09-25 18:46:50-0500,60.013,330837
2026-09-25 18:47:00-0500,60.01,330837
2026-09-25 18:47:10-0500,60.007,330837
2026-09-25 18:47:20-0500,59.995,330837
2026-09-25 18:47:30-0500,60.013,330837
2026-09-25 18:47:40-0500,60.013,330837
2026-09-25 18:47:50-0500,60.003,330837
2026-09-25 18:48:00-0500,59.983,330837
2026-09-25 18:48:10-0500,59.982,330832
2026-09-25 18:48:20-0500,59.982,330832
2026-09-25 18:48:30-0500,59.981,330832
2026-09-25 18:48:40-0500,59.981,330832
2026-09-25 18:48:50-0500,59.983,330832
2026-09-25 18:49:00-0500,59.983,330832
2026-09-25 18:49:10-0500,59.985,330832
2026-09-25 18:49:20-0500,59.984,330832
2026-09-25 18:49:30-0500,59.996,330832
2026-09-25 18:49:40-0500,60.009,330832
2026-09-25 18:49:50-0500,60.014,330832
2026-09-25 18:50:00-0500,60.013,330832
2026-09-25 18:50:10-0500,59.994,330832
2026-09-25 18:50:20-0500,59.992,330832
2026-09-25 18:50:30-0500,60,330832
2026-09-25 18:50:40-0500,60.002,330832
2026-09-25 18:50:50-0500,60,330832
2026-09-25 18:51:00-0500,60.001,330832
2026-09-25 18:51:10-0500,60.017,330832
2026-09-25 18:51:20-0500,60.015,330832
2026-09-25 18:51:30-0500,60.01,330832
2026-09-25 18:51:40-0500,60.016,330832
2026-09-25 18:51:50-0500,60.005,330832
2026-09-25 18:52:00-0500,60.008,330832
2026-09-25 18:52:10-0500,60.011,330832
2026-09-25 18:52:20-0500,60.013,330837
2026-09-25 18:52:30-0500,60.009,330837
2026-09-25 18:52:40-0500,60.002,330837
2026-09-25 18:52:50-0500,60.014,330837
2026-09-25 18:53:00-0500,60.015,330837
2026-09-25 18:53:10-0500,60.014,330837
2026-09-25 18:53:20-0500,60.015,330837
2026-09-25 18:53:30-0500,60.011,330837
2026-09-25 18:53:40-0500,60.003,330837
2026-09-25 18:53:50-0500,60.01,330837
2026-09-25 18:54:00-0500,60.013,330837
2026-09-25 18:54:10-0500,60.013,330837
2026-09-25 18:54:20-0500,60.008,330837
2026-09-25 18:54:30-0500,60.012,330837
2026-09-25 18:54:40-0500,60.015,330837
2026-09-25 18:54:50-0500,60.011,330928
2026-09-25 18:55:00-0500,59.991,330928
2026-09-25 18:55:10-0500,59.983,330928
2026-09-25 18:55:20-0500,59.983,330928
2026-09-25 18:55:30-0500,59.984,330928
2026-09-25 18:55:40-0500,59.985,330928
2026-09-25 18:55:50-0500,59.989,330928
2026-09-25 18:56:00-0500,59.998,330928
2026-09-25 18:56:10-0500,60.014,330928
2026-09-25 18:56:20-0500,60.016,330928
2026-09-25 18:56:30-0500,60.009,330928
2026-09-25 18:56:40-0500,60.004,330928
2026-09-25 18:56:50-0500,59.998,330928
2026-09-25 18:57:00-0500,60.004,330928
2026-09-25 18:57:10-0500,60.016,330928
2026-09-25 18:57:20-0500,60.01,330928
2026-09-25 18:57:30-0500,60.007,330928
2026-09-25 18:57:40-0500,60.01,330928
2026-09-25 18:57:50-0500,60.001,330928
2026-09-25 18:58:00-0500,59.991,330928
2026-09-25 18:58:10-0500,59.985,330928
2026-09-25 18:58:20-0500,59.987,330928
2026-09-25 18:58:30-0500,59.992,330928
2026-09-25 18:58:40-0500,59.994,330890
2026-09-25 18:58:50-0500,60.004,330890
2026-09-25 18:59:00-0500,60.005,330890
2026-09-25 18:59:10-0500,59.982,330890
2026-09-25 18:59:20-0500,59.984,330890
2026-09-25 18:59:30-0500,59.987,330890
2026-09-25 18:59:40-0500,59.99,330890
2026-09-25 18:59:50-0500,60.003,330890
2026-09-25 19:00:00-0500,60.002,330890
2026-09-25 19:00:10-0500,59.992,330890
2026-09-25 19:00:20-0500,59.994,330890
2026-09-25 19:00:30-0500,60.003,330890
2026-09-25 19:00:40-0500,59.992,330890
2026-09-25 19:00:50-0500,59.998,330890
2026-09-25 19:01:00-0500,60.015,330854
2026-09-25 19:01:10-0500,60.009,330854
2026-09-25 19:01:20-0500,60.008,330854
2026-09-25 19:01:30-0500,60.008,330854
2026-09-25 19:01:40-0500,60.014,330854
2026-09-25 19:01:50-0500,60.01,330854
2026-09-25 19:02:00-0500,60.006,330854
2026-09-25 19:02:10-0500,59.988,330854
2026-09-25 19:02:20-0500,59.987,330854
2026-09-25 19:02:30-0500,59.987,330854
2026-09-25 19:02:40-0500,60.003,330854
2026-09-25 19:02:50-0500,59.998,330854
2026-09-25 19:03:00-0500,60.011,330854
2026-09-25 19:03:10-0500,60.014,330854
2026-09-25 19:03:20-0500,60.015,330854
2026-09-25 19:03:30-0500,60.002,330942
2026-09-25 19:03:40-0500,60.005,330942
2026-09-25 19:03:50-0500,60.014,330942
2026-09-25 19:04:00-0500,60.013,330942
2026-09-25 19:04:10-0500,60.015,330942
2026-09-25 19:04:20-0500,60.011,330942
2026-09-25 19:04:30-0500,60.009,330942
2026-09-25 19:04:40-0500,60.015,330942
2026-09-25 19:04:50-0500,60.005,330942
2026-09-25 19:05:00-0500,59.991,330942
2026-09-25 19:05:10-0500,59.988,330942
2026-09-25 19:05:20-0500,59.992,330942
2026-09-25 19:05:30-0500,59.985,330942
2026-09-25 19:05:40-0500,59.984,330942
2026-09-25 19:05:50-0500,59.986,330942
2026-09-25 19:06:00-0500,59.985,330942
2026-09-25 19:06:10-0500,59.984,330942
2026-09-25 19:06:20-0500,59.987,330942
2026-09-25 19:06:30-0500,59.998,330942
2026-09-25 19:06:40-0500,60.003,330942
2026-09-25 19:06:50-0500,60.003,330942
2026-09-25 19:07:00-0500,60.005,330942
2026-09-25 19:07:10-0500,60.004,330942
2026-09-25 19:07:20-0500,60.008,330942
2026-09-25 19:07:30-0500,59.994,330942
2026-09-25 19:07:40-0500,59.986,330942
2026-09-25 19:07:50-0500,59.983,330942
2026-09-25 19:08:00-0500,59.999,330942
2026-09-25 19:08:10-0500,60.016,330942
2026-09-25 19:08:20-0500,60.013,330942
2026-09-25 19:08:30-0500,60.006,330942
2026-09-25 19:08:40-0500,59.997,330942
2026-09-25 19:08:50-0500,60.007,330942
2026-09-25 19:09:00-0500,60.013,330942
2026-09-25 19:09:10-0500,59.999,330942
2026-09-25 19:09:20-0500,60,330942
2026-09-25 19:09:30-0500,60.003,330942
2026-09-25 19:09:40-0500,60.001,330942
2026-09-25 19:09:50-0500,59.989,330942
2026-09-25 19:10:00-0500,59.988,330942
2026-09-25 19:10:10-0500,59.991,330942
2026-09-25 19:10:20-0500,59.996,330942
2026-09-25 19:10:30-0500,59.997,330942
2026-09-25 19:10:40-0500,59.995,330942
2026-09-25 19:10:50-0500,60.004,330942
2026-09-25 19:11:00-0500,60.014,330942
2026-09-25 19:11:10-0500,60.015,330942
2026-09-25 19:11:20-0500,60.016,330942
2026-09-25 19:11:30-0500,60.015,330942
2026-09-25 19:11:40-0500,60.014,330942
2026-09-25 19:11:50-0500,60.016,330942
2026-09-25 19:12:00-0500,60.013,330942
2026-09-25 19:12:10-0500,60.013,330942
2026-09-25 19:12:20-0500,60.014,330942
2026-09-25 19:12:30-0500,60.009,330942
2026-09-25 19:12:40-0500,60.001,330942
2026-09-25 19:12:50-0500,59.999,330942
2026-09-25 19:13:00-0500,60.008,330942
2026-09-25 19:13:10-0500,60.004,330942
2026-09-25 19:13:20-0500,60.013,330942
2026-09-25 19:13:30-0500,60.015,330942
2026-09-25 19:13:40-0500,60.013,330942
2026-09-25 19:13:50-0500,59.999,330942
2026-09-25 19:14:00-0500,60,330942
2026-09-25 19:14:10-0500,59.997,330942
2026-09-25 19:14:20-0500,60.007,330942
2026-09-25 19:14:30-0500,60.016,330942
2026-09-25 19:14:40-0500,60.014,330942
2026-09-25 19:14:50-0500,60.005,330942
2026-09-25 19:15:00-0500,59.994,330942
2026-09-25 19:15:10-0500,60.003,330942
2026-09-25 19:15:20-0500,60.003,330942
2026-09-25 19:15:30-0500,59.997,330942
2026-09-25 19:15:40-0500,59.983,330942
2026-09-25 19:15:50-0500,59.986,330942
2026-09-25 19:16:00-0500,59.988,330942
2026-09-25 19:16:10-0500,60.001,330942
2026-09-25 19:16:20-0500,60.002,330942
2026-09-25 19:16:30-0500,60.013,330942
2026-09-25 19:16:40-0500,60.014,330942
2026-09-25 19:16:50-0500,60.013,330942
2026-09-25 19:17:00-0500,59.999,330942
2026-09-25 19:17:10-0500,59.986,330942
2026-09-25 19:17:20-0500,59.99,330942
2026-09-25 19:17:30-0500,59.994,330942
2026-09-25 19:17:40-0500,59.994,330942
2026-09-25 19:17:50-0500,59.991,330942
2026-09-25 19:18:00-0500,59.994,330942
2026-09-25 19:18:10-0500,60.005,330942
2026-09-25 19:18:20-0500,60,330942
2026-09-25 19:18:30-0500,59.985,330942
2026-09-25 19:18:40-0500,59.986,330942
2026-09-25 19:18:50-0500,59.988,330942
2026-09-25 19:19:00-0500,59.996,330942
2026-09-25 19:19:10-0500,59.993,330942
2026-09-25 19:19:20-0500,60.002,330942
2026-09-25 19:19:30-0500,60.003,330942
2026-09-25 19:19:40-0500,59.983,330942
2026-09-25 19:19:50-0500,59.983,330942
2026-09-25 19:20:00-0500,59.985,330942
2026-09-25 19:20:10-0500,59.985,330942
2026-09-25 19:20:20-0500,59.993,330942
2026-09-25 19:20:30-0500,59.997,330942
2026-09-25 19:20:40-0500,60.001,330942
2026-09-25 19:20:50-0500,60.013,330942
2026-09-25 19:21:00-0500,60.016,330942
2026-09-25 19:21:10-0500,60.008,330942
2026-09-25 19:21:20-0500,60.006,330942
2026-09-25 19:21:30-0500,60.015,330942
2026-09-25 19:21:40-0500,60.015,330942
2026-09-25 19:21:50-0500,60.015,330942
2026-09-25 19:22:00-0500,60.006,330942
2026-09-25 19:22:10-0500,60.002,330942
2026-09-25 19:22:20-0500,60.006,330942
2026-09-25 19:22:30-0500,60.006,330942
2026-09-25 19:22:40-0500,60.004,330942
2026-09-25 19:22:50-0500,59.993,330942
2026-09-25 19:23:00-0500,60.018,330942
2026-09-25 19:23:10-0500,60.017,330942
2026-09-25 19:23:20-0500,60.015,330942
2026-09-25 19:23:30-0500,60.017,330942
2026-09-25 19:23:40-0500,60.016,330942
2026-09-25 19:23:50-0500,60.015,330942
2026-09-25 19:24:00-0500,60.015,330942
2026-09-25 19:24:10-0500,60.014,330942
2026-09-25 19:24:20-0500,60.014,330942
2026-09-25 19:24:30-0500,60.015,330942
2026-09-25 19:24:40-0500,60.015,330942
2026-09-25 19:24:50-0500,60.013,330942
2026-09-25 19:25:00-0500,60.012,330942
2026-09-25 19:25:10-0500,60.006,330942
2026-09-25 19:25:20-0500,60.003,330942
2026-09-25 19:25:30-0500,60.007,330942
2026-09-25 19:25:40-0500,60.01,330942
2026-09-25 19:25:50-0500,60.015,330942
2026-09-25 19:26:00-0500,60.014,330942
2026-09-25 19:26:10-0500,59.997,330942
2026-09-25 19:26:20-0500,60.004,330942
2026-09-25 19:26:30-0500,60.015,330942
2026-09-25 19:26:40-0500,60.016,330942
2026-09-25 19:26:50-0500,60.009,330942
2026-09-25 19:27:00-0500,60.009,330942
2026-09-25 19:27:10-0500,60.004,330942
2026-09-25 19:27:20-0500,59.995,330942
2026-09-25 19:27:30-0500,59.994,330942
2026-09-25 19:27:40-0500,59.987,330942
2026-09-25 19:27:50-0500,60.002,330942
2026-09-25 19:28:00-0500,60.012,330942
2026-09-25 19:28:10-0500,60.012,330942
2026-09-25 19:28:20-0500,60.011,330942
2026-09-25 19:28:30-0500,60.003,330942
2026-09-25 19:28:40-0500,60.003,330942
2026-09-25 19:28:50-0500,59.998,330942
2026-09-25 19:29:00-0500,59.995,330942
2026-09-25 19:29:10-0500,59.989,330942
2026-09-25 19:29:20-0500,59.994,330942
2026-09-25 19:29:30-0500,60.015,330942
2026-09-25 19:29:40-0500,60.012,330942
2026-09-25 19:29:50-0500,60.009,330942
2026-09-25 19:30:00-0500,60.005,330942
2026-09-25 19:30:10-0500,59.993,330942
2026-09-25 19:30:20-0500,59.987,330942
2026-09-25 19:30:30-0500,59.983,330942
2026-09-25 19:30:40-0500,59.985,330942
2026-09-25 19:30:50-0500,59.988,330942
2026-09-25 19:31:00-0500,59.988,330942
2026-09-25 19:31:10-0500,59.988,330942
2026-09-25 19:31:20-0500,59.989,330942
2026-09-25 19:31:30-0500,60.001,330942
2026-09-25 19:31:40-0500,60.002,330942
2026-09-25 19:31:50-0500,59.993,330942
2026-09-25 19:32:00-0500,59.983,330942
2026-09-25 19:32:10-0500,59.983,330942
2026-09-25 19:32:20-0500,59.986,330942
2026-09-25 19:32:30-0500,59.986,330942
2026-09-25 19:32:40-0500,59.986,330942
2026-09-25 19:32:50-0500,59.998,330942
2026-09-25 19:33:00-0500,59.998,330942
2026-09-25 19:33:10-0500,59.988,330942
2026-09-25 19:33:20-0500,59.986,330942
2026-09-25 19:33:30-0500,59.992,330942
2026-09-25 19:33:40-0500,60.013,330942
2026-09-25 19:33:50-0500,60.01,330942
2026-09-25 19:34:00-0500,60.006,330942
2026-09-25 19:34:10-0500,60.006,330942
2026-09-25 19:34:20-0500,60.011,330942
2026-09-25 19:34:30-0500,60.004,330942
2026-09-25 19:34:40-0500,60.006,330942
2026-09-25 19:34:50-0500,59.998,330942
2026-09-25 19:35:00-0500,59.995,330942
2026-09-25 19:35:10-0500,59.988,330942
2026-09-25 19:35:20-0500,59.994,330942
2026-09-25 19:35:30-0500,59.987,330942
2026-09-25 19:35:40-0500,59.988,330942
2026-09-25 19:35:50-0500,59.989,330942
2026-09-25 19:36:00-0500,59.996,330942
2026-09-25 19:36:10-0500,60.005,330942
2026-09-25 19:36:20-0500,60.013,330942
2026-09-25 19:36:30-0500,60.013,330942
2026-09-25 19:36:40-0500,60.015,330942
2026-09-25 19:36:50-0500,60.015,330942
2026-09-25 19:37:00-0500,60.014,330942
2026-09-25 19:37:10-0500,60.014,330942
2026-09-25 19:37:20-0500,60.015,330942
2026-09-25 19:37:30-0500,60.014,330942
2026-09-25 19:37:40-0500,60.012,330942
2026-09-25 19:37:50-0500,60.013,330942
2026-09-25 19:38:00-0500,60.014,330942
2026-09-25 19:38:10-0500,60.011,330942
2026-09-25 19:38:20-0500,60.012,330942
2026-09-25 19:38:30-0500,60.011,330942
2026-09-25 19:38:40-0500,60.009,330942
2026-09-25 19:38:50-0500,60.014,330942
2026-09-25 19:39:00-0500,60.014,330942
2026-09-25 19:39:10-0500,60.014,330942
2026-09-25 19:39:20-0500,60.012,330942
2026-09-25 19:39:30-0500,60.008,330942
2026-09-25 19:39:40-0500,59.999,330942
2026-09-25 19:39:50-0500,59.985,330942
2026-09-25 19:40:00-0500,59.987,330942
2026-09-25 19:40:10-0500,59.986,330942
2026-09-25 19:40:20-0500,59.985,330942
2026-09-25 19:40:30-0500,59.994,330942
2026-09-25 19:40:40-0500,60,330942
2026-09-25 19:40:50-0500,60.015,330942
2026-09-25 19:41:00-0500,60.014,330942
2026-09-25 19:41:10-0500,60.016,330942
2026-09-25 19:41:20-0500,60.017,330942
2026-09-25 19:41:30-0500,60.016,330942
2026-09-25 19:41:40-0500,60.017,330942
2026-09-25 19:41:50-0500,60.014,330942
2026-09-25 19:42:00-0500,60.014,330942
2026-09-25 19:42:10-0500,60.015,330942
2026-09-25 19:42:20-0500,60.015,330942
2026-09-25 19:42:30-0500,60.011,333025
2026-09-25 19:42:40-0500,60.006,333025
2026-09-25 19:42:50-0500,60.013,333025
2026-09-25 19:43:00-0500,60.015,333025
2026-09-25 19:43:10-0500,60.011,333025
2026-09-25 19:43:20-0500,60,333025
2026-09-25 19:43:30-0500,60.006,333025
2026-09-25 19:43:40-0500,60.009,333025
2026-09-25 19:43:50-0500,60.002,333025
2026-09-25 19:44:00-0500,59.983,333025
2026-09-25 19:44:10-0500,59.986,333025
2026-09-25 19:44:20-0500,59.985,333025
2026-09-25 19:44:30-0500,60.004,333025
2026-09-25 19:44:40-0500,60.003,333025
2026-09-25 19:44:50-0500,59.999,333025
2026-09-25 19:45:00-0500,60.005,333025
2026-09-25 19:45:10-0500,60.012,333025
2026-09-25 19:45:20-0500,60.013,333025
2026-09-25 19:45:30-0500,60.01,333025
2026-09-25 19:45:40-0500,60.01,333025
2026-09-25 19:45:50-0500,60.012,333025
2026-09-25 19:46:00-0500,60.011,333025
2026-09-25 19:46:10-0500,59.998,333025
2026-09-25 19:46:20-0500,59.999,333025
2026-09-25 19:46:30-0500,60.01,333025
2026-09-25 19:46:40-0500,60.006,333025
2026-09-25 19:46:50-0500,60.003,333025
2026-09-25 19:47:00-0500,60.007,333025
2026-09-25 19:47:10-0500,60.016,333025
2026-09-25 19:47:20-0500,60.014,333025
2026-09-25 19:47:30-0500,60.011,333025
2026-09-25 19:47:40-0500,60.012,333025
2026-09-25 19:47:50-0500,60.012,333025
2026-09-25 19:48:00-0500,60.015,333025
2026-09-25 19:48:10-0500,60.013,333025
2026-09-25 19:48:20-0500,60.012,333025
2026-09-25 19:48:30-0500,60.013,333025
2026-09-25 19:48:40-0500,60.014,333025
2026-09-25 19:48:50-0500,60.011,333025
2026-09-25 19:49:00-0500,60.002,333025
2026-09-25 19:49:10-0500,60.015,333025
2026-09-25 19:49:20-0500,60.015,333025
2026-09-25 19:49:30-0500,60.015,333025
2026-09-25 19:49:40-0500,60.014,333025
2026-09-25 19:49:50-0500,60.016,333025
2026-09-25 19:50:00-0500,60.019,333025
2026-09-25 19:50:10-0500,60.018,333025
2026-09-25 19:50:20-0500,60.015,333025
2026-09-25 19:50:30-0500,60.017,333025
2026-09-25 19:50:40-0500,60.016,333025
2026-09-25 19:50:50-0500,60.016,333025
2026-09-25 19:51:00-0500,60.016,333025
2026-09-25 19:51:10-0500,60.013,333025
2026-09-25 19:51:20-0500,60.014,333025
2026-09-25 19:51:30-0500,60.012,333025
2026-09-25 19:51:40-0500,60.009,333025
2026-09-25 19:51:50-0500,60.013,333025
2026-09-25 19:52:00-0500,60.015,333025
2026-09-25 19:52:10-0500,60.014,333025
2026-09-25 19:52:20-0500,60.014,333025
2026-09-25 19:52:30-0500,60.01,333025
2026-09-25 19:52:40-0500,60.005,333025
2026-09-25 19:52:50-0500,60.012,333025
2026-09-25 19:53:00-0500,60.015,333025
2026-09-25 19:53:10-0500,60.003,333025
2026-09-25 19:53:20-0500,59.989,333025
2026-09-25 19:53:30-0500,60.006,333025
2026-09-25 19:53:40-0500,60.011,333025
2026-09-25 19:53:50-0500,60.014,333025
2026-09-25 19:54:00-0500,60.012,333025
2026-09-25 19:54:10-0500,60.01,333025
2026-09-25 19:54:20-0500,60.009,333025
2026-09-25 19:54:30-0500,60.004,333025
2026-09-25 19:54:40-0500,59.998,333025
2026-09-25 19:54:50-0500,59.991,333025
2026-09-25 19:55:00-0500,60.002,333025
2026-09-25 19:55:10-0500,60.014,333025
2026-09-25 19:55:20-0500,60.014,333025
2026-09-25 19:55:30-0500,60.015,333025
2026-09-25 19:55:40-0500,60.016,333025
2026-09-25 19:55:50-0500,60.015,333025
2026-09-25 19:56:00-0500,60.017,333025
2026-09-25 19:56:10-0500,60.014,333025
2026-09-25 19:56:20-0500,60.009,333025
2026-09-25 19:56:30-0500,60.015,333025
2026-09-25 19:56:40-0500,60.015,333025
2026-09-25 19:56:50-0500,60.016,333025
2026-09-25 19:57:00-0500,60.015,333025
2026-09-25 19:57:10-0500,60.016,333025
2026-09-25 19:57:20-0500,60.017,333025
2026-09-25 19:57:30-0500,60.016,333025
2026-09-25 19:57:40-0500,60.014,333025
2026-09-25 19:57:50-0500,60.016,333025
2026-09-25 19:58:00-0500,60.015,333025
2026-09-25 19:58:10-0500,60.017,333025
2026-09-25 19:58:20-0500,60.017,333025
2026-09-25 19:58:30-0500,60.015,333025
2026-09-25 19:58:40-0500,60.015,333025
2026-09-25 19:58:50-0500,60.015,333025
2026-09-25 19:59:00-0500,60.015,333025
2026-09-25 19:59:10-0500,60.013,333025
2026-09-25 19:59:20-0500,60.014,333025
2026-09-25 19:59:30-0500,60.014,333025
2026-09-25 19:59:40-0500,60.015,333025
2026-09-25 19:59:50-0500,60.012,333025
2026-09-25 20:00:00-0500,60.01,333025
2026-09-25 20:00:10-0500,60.005,333025
2026-09-25 20:00:20-0500,60.009,333025
2026-09-25 20:00:30-0500,60.014,333025
2026-09-25 20:00:40-0500,60.012,333025
2026-09-25 20:00:50-0500,60.014,332973
2026-09-25 20:01:00-0500,60.014,332973
2026-09-25 20:01:10-0500,60.012,332973
2026-09-25 20:01:20-0500,60.015,332906
2026-09-25 20:01:30-0500,59.998,332906
2026-09-25 20:01:40-0500,60.004,332906
2026-09-25 20:01:50-0500,59.998,332906
2026-09-25 20:02:00-0500,59.987,332906
2026-09-25 20:02:10-0500,59.984,332906
2026-09-25 20:02:20-0500,59.988,332906
2026-09-25 20:02:30-0500,59.991,332906
2026-09-25 20:02:40-0500,60.003,332906
2026-09-25 20:02:50-0500,60.014,332906
2026-09-25 20:03:00-0500,60.012,332906
2026-09-25 20:03:10-0500,60.008,332906
2026-09-25 20:03:20-0500,60.008,332906
2026-09-25 20:03:30-0500,60.007,332906
2026-09-25 20:03:40-0500,59.994,332906
2026-09-25 20:03:50-0500,59.989,332906
2026-09-25 20:04:00-0500,59.985,332906
2026-09-25 20:04:10-0500,59.993,332906
2026-09-25 20:04:20-0500,59.997,332906
2026-09-25 20:04:30-0500,60,332906
2026-09-25 20:04:40-0500,60.011,332906
2026-09-25 20:04:50-0500,60.007,332906
2026-09-25 20:05:00-0500,60.002,332906
2026-09-25 20:05:10-0500,59.982,332906
2026-09-25 20:05:20-0500,59.992,332906
2026-09-25 20:05:30-0500,60.002,332906
2026-09-25 20:05:40-0500,60.005,332906
2026-09-25 20:05:50-0500,60.01,332906
2026-09-25 20:06:00-0500,60.008,332906
2026-09-25 20:06:10-0500,60.011,332906
2026-09-25 20:06:20-0500,60.013,332906
2026-09-25 20:06:30-0500,60.012,332906
2026-09-25 20:06:40-0500,59.984,332906
2026-09-25 20:06:50-0500,59.985,332906
2026-09-25 20:07:00-0500,59.985,332906
2026-09-25 20:07:10-0500,59.989,332906
2026-09-25 20:07:20-0500,60,332906
2026-09-25 20:07:30-0500,60.011,332906
2026-09-25 20:07:40-0500,60.013,332906
2026-09-25 20:07:50-0500,60.013,332906
2026-09-25 20:08:00-0500,60.003,332906
2026-09-25 20:08:10-0500,59.987,332906
2026-09-25 20:08:20-0500,59.986,332906
2026-09-25 20:08:30-0500,59.992,332906
2026-09-25 20:08:40-0500,60.01,332906
2026-09-25 20:08:50-0500,59.987,332906
2026-09-25 20:09:00-0500,59.987,332906
2026-09-25 20:09:10-0500,59.992,332906
2026-09-25 20:09:20-0500,59.989,332906
2026-09-25 20:09:30-0500,59.995,332906
2026-09-25 20:09:40-0500,59.982,332906
2026-09-25 20:09:50-0500,59.986,332906
2026-09-25 20:10:00-0500,59.995,332906
2026-09-25 20:10:10-0500,60.003,332906
2026-09-25 20:10:20-0500,60.016,332906
2026-09-25 20:10:30-0500,60.016,332906
2026-09-25 20:10:40-0500,60.013,332906
2026-09-25 20:10:50-0500,60.014,332906
2026-09-25 20:11:00-0500,60.013,332906
2026-09-25 20:11:10-0500,60.001,332906
2026-09-25 20:11:20-0500,60.008,332906
2026-09-25 20:11:30-0500,60.014,332906
2026-09-25 20:11:40-0500,60.015,332906
2026-09-25 20:11:50-0500,60.014,332906
2026-09-25 20:12:00-0500,60.015,332906
2026-09-25 20:12:10-0500,60.015,332906
2026-09-25 20:12:20-0500,60.015,332906
2026-09-25 20:12:30-0500,60.01,332906
2026-09-25 20:12:40-0500,60.012,332906
2026-09-25 20:12:50-0500,60.016,332906
2026-09-25 20:13:00-0500,60.014,332906
2026-09-25 20:13:10-0500,60.019,332906
2026-09-25 20:13:20-0500,60.016,332906
2026-09-25 20:13:30-0500,60.016,332906
2026-09-25 20:13:40-0500,60.018,332906
2026-09-25 20:13:50-0500,60.017,332906
2026-09-25 20:14:00-0500,60.016,332906
2026-09-25 20:14:10-0500,60.015,332906
2026-09-25 20:14:20-0500,60.015,332906
2026-09-25 20:14:30-0500,60.015,332906
2026-09-25 20:14:40-0500,60.014,332906
2026-09-25 20:14:50-0500,60.015,332906
2026-09-25 20:15:00-0500,60.015,332906
2026-09-25 20:15:10-0500,60.016,332906
2026-09-25 20:15:20-0500,60.013,332906
2026-09-25 20:15:30-0500,59.992,332906
2026-09-25 20:15:40-0500,60.003,332906
2026-09-25 20:15:50-0500,60.001,332906
2026-09-25 20:16:00-0500,60.005,332906
2026-09-25 20:16:10-0500,60.006,332906
2026-09-25 20:16:20-0500,60.006,332906
2026-09-25 20:16:30-0500,59.996,332906
2026-09-25 20:16:40-0500,60.004,332906
2026-09-25 20:16:50-0500,60.002,332906
2026-09-25 20:17:00-0500,59.999,332906
2026-09-25 20:17:10-0500,59.987,332906
2026-09-25 20:17:20-0500,59.988,332906
2026-09-25 20:17:30-0500,59.989,332906
2026-09-25 20:17:40-0500,59.991,332906
2026-09-25 20:17:50-0500,59.999,332906
2026-09-25 20:18:00-0500,59.994,332906
2026-09-25 20:18:10-0500,60.004,332906
2026-09-25 20:18:20-0500,60.012,332906
2026-09-25 20:18:30-0500,60.012,332906
2026-09-25 20:18:40-0500,60.006,332906
2026-09-25 20:18:50-0500,59.987,332906
2026-09-25 20:19:00-0500,60.014,332906
2026-09-25 20:19:10-0500,60.015,332906
2026-09-25 20:19:20-0500,60.014,332906
2026-09-25 20:19:30-0500,60.013,332906
2026-09-25 20:19:40-0500,60.01,332906
2026-09-25 20:19:50-0500,60.012,332906
2026-09-25 20:20:00-0500,60.008,332906
2026-09-25 20:20:10-0500,60.001,332827
2026-09-25 20:20:20-0500,60.006,332827
2026-09-25 20:20:30-0500,60.013,332827
2026-09-25 20:20:40-0500,60.016,332827
2026-09-25 20:20:50-0500,60.014,332827
2026-09-25 20:21:00-0500,60.007,332827
2026-09-25 20:21:10-0500,60,332827
2026-09-25 20:21:20-0500,60.003,332827
2026-09-25 20:21:30-0500,60.013,332827
2026-09-25 20:21:40-0500,60.011,332827
2026-09-25 20:21:50-0500,59.986,332827
2026-09-25 20:22:00-0500,59.985,332827
2026-09-25 20:22:10-0500,60.001,332827
2026-09-25 20:22:20-0500,60.014,332827
2026-09-25 20:22:30-0500,60.008,332827
2026-09-25 20:22:40-0500,60.01,332827
2026-09-25 20:22:50-0500,60.014,332827
2026-09-25 20:23:00-0500,60.013,332827
2026-09-25 20:23:10-0500,60.007,332827
2026-09-25 20:23:20-0500,60.002,332827
2026-09-25 20:23:30-0500,60.014,332827
2026-09-25 20:23:40-0500,60.013,332827
2026-09-25 20:23:50-0500,60.012,332827
2026-09-25 20:24:00-0500,59.994,332827
2026-09-25 20:24:10-0500,59.984,332827
2026-09-25 20:24:20-0500,59.987,332827
2026-09-25 20:24:30-0500,59.993,332827
2026-09-25 20:24:40-0500,59.996,332827
2026-09-25 20:24:50-0500,59.986,332827
2026-09-25 20:25:00-0500,59.986,332827
2026-09-25 20:25:10-0500,59.984,332827
2026-09-25 20:25:20-0500,60,332827
2026-09-25 20:25:30-0500,60.012,332827
2026-09-25 20:25:40-0500,60.015,332827
2026-09-25 20:25:50-0500,60.013,332827
2026-09-25 20:26:00-0500,60.014,332827
2026-09-25 20:26:10-0500,60.007,332827
2026-09-25 20:26:20-0500,59.994,332827
2026-09-25 20:26:30-0500,59.984,332827
2026-09-25 20:26:40-0500,59.986,332827
2026-09-25 20:26:50-0500,59.992,332748
2026-09-25 20:27:00-0500,60,332748
2026-09-25 20:27:10-0500,59.999,332748
2026-09-25 20:27:20-0500,59.992,332748
2026-09-25 20:27:30-0500,59.984,332748
2026-09-25 20:27:40-0500,59.985,332748
2026-09-25 20:27:50-0500,59.984,332748
2026-09-25 20:28:00-0500,59.99,332748
2026-09-25 20:28:10-0500,59.999,332748
2026-09-25 20:28:20-0500,59.999,332748
2026-09-25 20:28:30-0500,59.997,332748
2026-09-25 20:28:40-0500,59.988,332748
2026-09-25 20:28:50-0500,59.999,332748
2026-09-25 20:29:00-0500,60.005,332748
2026-09-25 20:29:10-0500,59.994,330665
2026-09-25 20:29:20-0500,59.986,330665
2026-09-25 20:29:30-0500,59.994,330665
2026-09-25 20:29:40-0500,60.002,330665
2026-09-25 20:29:50-0500,59.994,330665
2026-09-25 20:30:00-0500,59.991,330665
2026-09-25 20:30:10-0500,59.985,330665
2026-09-25 20:30:20-0500,59.988,330665
2026-09-25 20:30:30-0500,59.999,330665
2026-09-25 20:30:40-0500,60.012,330665
2026-09-25 20:30:50-0500,60.015,330665
2026-09-25 20:31:00-0500,60.015,330665
2026-09-25 20:31:10-0500,60.014,330665
2026-09-25 20:31:20-0500,60.013,330665
2026-09-25 20:31:30-0500,59.999,330665
2026-09-25 20:31:40-0500,59.983,330665
2026-09-25 20:31:50-0500,59.987,330665
2026-09-25 20:32:00-0500,59.987,330665
2026-09-25 20:32:10-0500,60.001,330665
2026-09-25 20:32:20-0500,60.013,330665
2026-09-25 20:32:30-0500,60.014,330665
2026-09-25 20:32:40-0500,60.015,330665
2026-09-25 20:32:50-0500,60.004,330665
2026-09-25 20:33:00-0500,59.994,330665
2026-09-25 20:33:10-0500,59.984,330660
2026-09-25 20:33:20-0500,59.985,330660
2026-09-25 20:33:30-0500,59.986,330660
2026-09-25 20:33:40-0500,59.984,330660
2026-09-25 20:33:50-0500,59.981,330660
2026-09-25 20:34:00-0500,59.982,330660
2026-09-25 20:34:10-0500,59.985,330660
2026-09-25 20:34:20-0500,59.986,330660
2026-09-25 20:34:30-0500,59.994,330660
2026-09-25 20:34:40-0500,59.999,330660
2026-09-25 20:34:50-0500,60.003,330660
2026-09-25 20:35:00-0500,60.002,330660
2026-09-25 20:35:10-0500,59.994,330486
2026-09-25 20:35:20-0500,59.99,330486
2026-09-25 20:35:30-0500,59.995,330486
2026-09-25 20:35:40-0500,59.998,330486
2026-09-25 20:35:50-0500,60.013,330486
2026-09-25 20:36:00-0500,60.012,330486
2026-09-25 20:36:10-0500,60.006,330486
2026-09-25 20:36:20-0500,59.99,330486
2026-09-25 20:36:30-0500,59.984,330486
2026-09-25 20:36:40-0500,59.984,330486
2026-09-25 20:36:50-0500,59.984,330486
2026-09-25 20:37:00-0500,59.983,330486
2026-09-25 20:37:10-0500,59.984,330486
2026-09-25 20:37:20-0500,59.983,330486
2026-09-25 20:37:30-0500,59.985,330486
2026-09-25 20:37:40-0500,59.986,330486
2026-09-25 20:37:50-0500,59.989,330486
2026-09-25 20:38:00-0500,59.991,330486
2026-09-25 20:38:10-0500,59.989,330486
2026-09-25 20:38:20-0500,60.001,330486
2026-09-25 20:38:30-0500,60.014,330486
2026-09-25 20:38:40-0500,60.014,330486
2026-09-25 20:38:50-0500,60.013,330486
2026-09-25 20:39:00-0500,60.014,330486
2026-09-25 20:39:10-0500,60.002,330486
2026-09-25 20:39:20-0500,59.994,330486
2026-09-25 20:39:30-0500,59.985,330486
2026-09-25 20:39:40-0500,59.992,330486
2026-09-25 20:39:50-0500,59.998,330486
2026-09-25 20:40:00-0500,60.002,330486
2026-09-25 20:40:10-0500,60.001,330486
2026-09-25 20:40:20-0500,60.002,330486
2026-09-25 20:40:30-0500,60.015,330486
2026-09-25 20:40:40-0500,60.012,330486
2026-09-25 20:40:50-0500,60.007,330486
2026-09-25 20:41:00-0500,59.989,330486
2026-09-25 20:41:10-0500,59.989,330486
2026-09-25 20:41:20-0500,60.001,330486
2026-09-25 20:41:30-0500,60.004,330486
2026-09-25 20:41:40-0500,60.015,330486
2026-09-25 20:41:50-0500,60.016,330486
2026-09-25 20:42:00-0500,60.014,330486
2026-09-25 20:42:10-0500,60.009,330486
2026-09-25 20:42:20-0500,59.996,330486
2026-09-25 20:42:30-0500,60.011,330486
2026-09-25 20:42:40-0500,60.013,330486
2026-09-25 20:42:50-0500,60.011,330486
2026-09-25 20:43:00-0500,60,330486
2026-09-25 20:43:10-0500,59.99,330486
2026-09-25 20:43:20-0500,59.993,330486
2026-09-25 20:43:30-0500,59.99,330486
2026-09-25 20:43:40-0500,59.993,330486
2026-09-25 20:43:50-0500,59.999,330486
2026-09-25 20:44:00-0500,60.008,330486
2026-09-25 20:44:10-0500,60.004,330486
2026-09-25 20:44:20-0500,60.014,330486
2026-09-25 20:44:30-0500,60.015,330486
2026-09-25 20:44:40-0500,60.016,330486
2026-09-25 20:44:50-0500,60.015,330486
2026-09-25 20:45:00-0500,60.014,330486
2026-09-25 20:45:10-0500,60.014,330486
2026-09-25 20:45:20-0500,60.017,330486
2026-09-25 20:45:30-0500,60.017,330486
2026-09-25 20:45:40-0500,60.016,330486
2026-09-25 20:45:50-0500,60.015,330486
2026-09-25 20:46:00-0500,60.006,330486
2026-09-25 20:46:10-0500,60.016,330486
2026-09-25 20:46:20-0500,60.015,330486
2026-09-25 20:46:30-0500,59.996,330486
2026-09-25 20:46:40-0500,59.983,330486
2026-09-25 20:46:50-0500,59.986,330486
2026-09-25 20:47:00-0500,59.99,330486
2026-09-25 20:47:10-0500,60.016,330486
2026-09-25 20:47:20-0500,60.015,330486
2026-09-25 20:47:30-0500,60.014,330486
2026-09-25 20:47:40-0500,60.015,330486
2026-09-25 20:47:50-0500,60.016,330486
2026-09-25 20:48:00-0500,60.013,330486
2026-09-25 20:48:10-0500,60.008,330486
2026-09-25 20:48:20-0500,60.015,330486
2026-09-25 20:48:30-0500,60.013,330486
2026-09-25 20:48:40-0500,60.013,330486
2026-09-25 20:48:50-0500,60.001,330486
2026-09-25 20:49:00-0500,60.015,330486
2026-09-25 20:49:10-0500,60.015,330486
2026-09-25 20:49:20-0500,60.014,330486
2026-09-25 20:49:30-0500,60.006,330486
2026-09-25 20:49:40-0500,60.006,330486
2026-09-25 20:49:50-0500,60.008,330486
2026-09-25 20:50:00-0500,60.01,330486
2026-09-25 20:50:10-0500,60.006,330486
2026-09-25 20:50:20-0500,60.011,330486
2026-09-25 20:50:30-0500,60.014,330486
2026-09-25 20:50:40-0500,60.012,330486
2026-09-25 20:50:50-0500,60,330486
2026-09-25 20:51:00-0500,59.997,330486
2026-09-25 20:51:10-0500,60.005,330486
2026-09-25 20:51:20-0500,60.008,330486
2026-09-25 20:51:30-0500,60.003,330486
2026-09-25 20:51:40-0500,59.99,330486
2026-09-25 20:51:50-0500,59.984,330486
2026-09-25 20:52:00-0500,59.998,330486
2026-09-25 20:52:10-0500,60.015,330486
2026-09-25 20:52:20-0500,60.016,330486
2026-09-25 20:52:30-0500,60.015,330486
2026-09-25 20:52:40-0500,60.013,330486
2026-09-25 20:52:50-0500,60.015,330486
2026-09-25 20:53:00-0500,60.013,330486
2026-09-25 20:53:10-0500,60.014,330486
2026-09-25 20:53:20-0500,60.01,330486
2026-09-25 20:53:30-0500,60.01,330486
2026-09-25 20:53:40-0500,60.008,330486
2026-09-25 20:53:50-0500,60.009,330486
2026-09-25 20:54:00-0500,60.012,330486
2026-09-25 20:54:10-0500,60.011,330486
2026-09-25 20:54:20-0500,60.002,330486
2026-09-25 20:54:30-0500,59.982,330486
2026-09-25 20:54:40-0500,59.983,330486
2026-09-25 20:54:50-0500,59.981,330486
2026-09-25 20:55:00-0500,59.981,330486
2026-09-25 20:55:10-0500,59.981,330486
2026-09-25 20:55:20-0500,59.981,330486
2026-09-25 20:55:30-0500,59.982,330486
2026-09-25 20:55:40-0500,59.983,330486
2026-09-25 20:55:50-0500,59.984,330486
2026-09-25 20:56:00-0500,59.988,330486
2026-09-25 20:56:10-0500,60.016,330486
2026-09-25 20:56:20-0500,59.999,330486
2026-09-25 20:56:30-0500,59.983,330486
2026-09-25 20:56:40-0500,59.983,330486
2026-09-25 20:56:50-0500,59.993,330486
2026-09-25 20:57:00-0500,59.994,330486
2026-09-25 20:57:10-0500,59.983,330486
2026-09-25 20:57:20-0500,59.982,330486
2026-09-25 20:57:30-0500,59.99,330486
2026-09-25 20:57:40-0500,60.005,330486
2026-09-25 20:57:50-0500,60.013,330486
2026-09-25 20:58:00-0500,60.01,330486
2026-09-25 20:58:10-0500,59.994,330486
2026-09-25 20:58:20-0500,59.995,330486
2026-09-25 20:58:30-0500,60.007,330401
2026-09-25 20:58:40-0500,60.012,330401
2026-09-25 20:58:50-0500,60.016,330401
2026-09-25 20:59:00-0500,60.015,330401
2026-09-25 20:59:10-0500,60.017,330401
2026-09-25 20:59:20-0500,60.016,330401
2026-09-25 20:59:30-0500,60.013,330317
2026-09-25 20:59:40-0500,60.017,330317
2026-09-25 20:59:50-0500,60.017,330317
2026-09-25 21:00:00-0500,60.017,330317
2026-09-25 21:00:10-0500,60.015,330317
2026-09-25 21:00:20-0500,60.014,330317
2026-09-25 21:00:30-0500,60.017,330317
2026-09-25 21:00:40-0500,60.014,330317
2026-09-25 21:00:50-0500,60.018,330317
2026-09-25 21:01:00-0500,60.018,330317
2026-09-25 21:01:10-0500,60.016,330317
2026-09-25 21:01:20-0500,60.017,330317
2026-09-25 21:01:30-0500,60.017,330317
2026-09-25 21:01:40-0500,60.013,330317
2026-09-25 21:01:50-0500,60.017,330317
2026-09-25 21:02:00-0500,60.017,330317
2026-09-25 21:02:10-0500,60.017,330317
2026-09-25 21:02:20-0500,60.019,330317
2026-09-25 21:02:30-0500,60.018,330317
2026-09-25 21:02:40-0500,60.018,330317
2026-09-25 21:02:50-0500,60.018,330317
2026-09-25 21:03:00-0500,60.016,330317
2026-09-25 21:03:10-0500,60.018,330317
2026-09-25 21:03:20-0500,60.016,330317
2026-09-25 21:03:30-0500,60.015,330317
2026-09-25 21:03:40-0500,60.018,330317
2026-09-25 21:03:50-0500,60.015,330317
2026-09-25 21:04:00-0500,60.016,330317
2026-09-25 21:04:10-0500,60.017,330317
2026-09-25 21:04:20-0500,60.017,330317
2026-09-25 21:04:30-0500,60.015,330317
2026-09-25 21:04:40-0500,60.014,330317
2026-09-25 21:04:50-0500,60.014,330317
2026-09-25 21:05:00-0500,60.014,330317
2026-09-25 21:05:10-0500,60.013,330317
2026-09-25 21:05:20-0500,60.016,330317
2026-09-25 21:05:30-0500,60.016,330317
2026-09-25 21:05:40-0500,60.017,330317
2026-09-25 21:05:50-0500,60.016,330317
2026-09-25 21:06:00-0500,60.016,330317
2026-09-25 21:06:10-0500,60.017,330317
2026-09-25 21:06:20-0500,60.015,330317
2026-09-25 21:06:30-0500,60.015,330317
2026-09-25 21:06:40-0500,60.014,330317
2026-09-25 21:06:50-0500,60.015,330317
2026-09-25 21:07:00-0500,60.015,330317
2026-09-25 21:07:10-0500,60.013,330317
2026-09-25 21:07:20-0500,60.009,330317
2026-09-25 21:07:30-0500,59.992,330317
2026-09-25 21:07:40-0500,59.996,330317
2026-09-25 21:07:50-0500,59.997,330317
2026-09-25 21:08:00-0500,59.988,330317
2026-09-25 21:08:10-0500,59.984,330317
2026-09-25 21:08:20-0500,59.99,330317
2026-09-25 21:08:30-0500,60.005,330317
2026-09-25 21:08:40-0500,60.013,330317
2026-09-25 21:08:50-0500,60.014,330317
2026-09-25 21:09:00-0500,60.005,330317
2026-09-25 21:09:10-0500,60.009,330317
2026-09-25 21:09:20-0500,60.015,330317
2026-09-25 21:09:30-0500,60.009,330317
2026-09-25 21:09:40-0500,59.98,330317
2026-09-25 21:09:50-0500,59.981,330317
2026-09-25 21:10:00-0500,59.982,330317
2026-09-25 21:10:10-0500,59.987,330317
2026-09-25 21:10:20-0500,59.986,330317
2026-09-25 21:10:30-0500,59.989,330317
2026-09-25 21:10:40-0500,59.999,330317
2026-09-25 21:10:50-0500,60.013,330317
2026-09-25 21:11:00-0500,60.011,330317
2026-09-25 21:11:10-0500,60.003,330317
2026-09-25 21:11:20-0500,59.985,330317
2026-09-25 21:11:30-0500,59.995,330317
2026-09-25 21:11:40-0500,60.007,330317
2026-09-25 21:11:50-0500,60.012,330317
2026-09-25 21:12:00-0500,60.011,330317
2026-09-25 21:12:10-0500,60.015,330317
2026-09-25 21:12:20-0500,60.015,330317
2026-09-25 21:12:30-0500,60.018,330317
2026-09-25 21:12:40-0500,60.016,330317
2026-09-25 21:12:50-0500,60.015,330317
2026-09-25 21:13:00-0500,60.015,330317
2026-09-25 21:13:10-0500,60.015,330317
2026-09-25 21:13:20-0500,60.015,330317
2026-09-25 21:13:30-0500,60.011,330317
2026-09-25 21:13:40-0500,60.015,330317
2026-09-25 21:13:50-0500,60.015,330317
2026-09-25 21:14:00-0500,60.011,330317
2026-09-25 21:14:10-0500,59.988,330317
2026-09-25 21:14:20-0500,59.983,330317
2026-09-25 21:14:30-0500,59.992,330317
2026-09-25 21:14:40-0500,60.011,330317
2026-09-25 21:14:50-0500,60.012,330317
2026-09-25 21:15:00-0500,60.012,330317
2026-09-25 21:15:10-0500,60.012,330317
2026-09-25 21:15:20-0500,60.014,330317
2026-09-25 21:15:30-0500,60.014,330317
2026-09-25 21:15:40-0500,60.015,330317
2026-09-25 21:15:50-0500,60.012,330317
2026-09-25 21:16:00-0500,60.016,330317
2026-09-25 21:16:10-0500,60.013,330317
2026-09-25 21:16:20-0500,60.008,330317
2026-09-25 21:16:30-0500,60.014,330317
2026-09-25 21:16:40-0500,60.014,330317
2026-09-25 21:16:50-0500,60,330317
2026-09-25 21:17:00-0500,59.996,330317
2026-09-25 21:17:10-0500,59.987,330317
2026-09-25 21:17:20-0500,59.987,330317
2026-09-25 21:17:30-0500,60.001,330317
2026-09-25 21:17:40-0500,60.016,330317
2026-09-25 21:17:50-0500,60.015,330317
2026-09-25 21:18:00-0500,60.013,330317
2026-09-25 21:18:10-0500,60.015,330317
2026-09-25 21:18:20-0500,60.013,330317
2026-09-25 21:18:30-0500,60.014,330317
2026-09-25 21:18:40-0500,60.014,330317
2026-09-25 21:18:50-0500,60.005,330317
2026-09-25 21:19:00-0500,60.013,330317
2026-09-25 21:19:10-0500,60.012,330317
2026-09-25 21:19:20-0500,60.014,330317
2026-09-25 21:19:30-0500,60.001,330317
2026-09-25 21:19:40-0500,60.001,330317
2026-09-25 21:19:50-0500,60.013,330317
2026-09-25 21:20:00-0500,60.013,330317
2026-09-25 21:20:10-0500,60.009,330317
2026-09-25 21:20:20-0500,59.996,330317
2026-09-25 21:20:30-0500,60.012,330317
2026-09-25 21:20:40-0500,60.007,330317
2026-09-25 21:20:50-0500,59.996,330317
2026-09-25 21:21:00-0500,59.997,330317
2026-09-25 21:21:10-0500,59.991,330317
2026-09-25 21:21:20-0500,59.996,330317
2026-09-25 21:21:30-0500,60.007,330317
2026-09-25 21:21:40-0500,60.002,330317
2026-09-25 21:21:50-0500,59.999,330317
2026-09-25 21:22:00-0500,60.005,330317
2026-09-25 21:22:10-0500,59.998,330317
2026-09-25 21:22:20-0500,59.998,330317
2026-09-25 21:22:30-0500,59.983,330232
2026-09-25 21:22:40-0500,59.983,330232
2026-09-25 21:22:50-0500,59.986,330232
2026-09-25 21:23:00-0500,59.988,330232
2026-09-25 21:23:10-0500,60.001,330232
2026-09-25 21:23:20-0500,59.99,330232
2026-09-25 21:23:30-0500,59.995,330232
2026-09-25 21:23:40-0500,59.998,330232
2026-09-25 21:23:50-0500,60.002,330232
2026-09-25 21:24:00-0500,60.006,330232
2026-09-25 21:24:10-0500,60.002,330232
2026-09-25 21:24:20-0500,60.015,330232
2026-09-25 21:24:30-0500,60.012,330232
2026-09-25 21:24:40-0500,60.005,330232
2026-09-25 21:24:50-0500,59.988,330232
2026-09-25 21:25:00-0500,59.995,330232
2026-09-25 21:25:10-0500,60.007,330232
2026-09-25 21:25:20-0500,60.011,330232
2026-09-25 21:25:30-0500,60.013,330232
2026-09-25 21:25:40-0500,60.008,330232
2026-09-25 21:25:50-0500,60.014,330232
2026-09-25 21:26:00-0500,60.013,330232
2026-09-25 21:26:10-0500,60.007,330232
2026-09-25 21:26:20-0500,59.994,330232
2026-09-25 21:26:30-0500,59.99,330232
2026-09-25 21:26:40-0500,59.992,330232
2026-09-25 21:26:50-0500,59.995,330232
2026-09-25 21:27:00-0500,59.996,330232
2026-09-25 21:27:10-0500,59.987,330232
2026-09-25 21:27:20-0500,59.991,330232
2026-09-25 21:27:30-0500,59.998,330232
2026-09-25 21:27:40-0500,59.993,330232
2026-09-25 21:27:50-0500,59.99,330232
2026-09-25 21:28:00-0500,60.005,330232
2026-09-25 21:28:10-0500,59.991,330232
2026-09-25 21:28:20-0500,59.998,330232
2026-09-25 21:28:30-0500,59.992,330232
2026-09-25 21:28:40-0500,59.994,330232
2026-09-25 21:28:50-0500,60.016,330232
2026-09-25 21:29:00-0500,60.015,330232
2026-09-25 21:29:10-0500,60.015,330232
2026-09-25 21:29:20-0500,60.013,330232
2026-09-25 21:29:30-0500,60.012,330232
2026-09-25 21:29:40-0500,59.989,330232
2026-09-25 21:29:50-0500,59.992,330232
2026-09-25 21:30:00-0500,59.991,330232
2026-09-25 21:30:10-0500,59.983,330232
2026-09-25 21:30:20-0500,59.985,330232
2026-09-25 21:30:30-0500,59.993,330232
2026-09-25 21:30:40-0500,59.99,330232
2026-09-25 21:30:50-0500,59.988,330232
2026-09-25 21:31:00-0500,59.993,330232
2026-09-25 21:31:10-0500,59.997,330232
2026-09-25 21:31:20-0500,59.997,330232
2026-09-25 21:31:30-0500,59.987,330232
2026-09-25 21:31:40-0500,59.985,330232
2026-09-25 21:31:50-0500,59.999,330232
2026-09-25 21:32:00-0500,60,330232
2026-09-25 21:32:10-0500,59.991,330232
2026-09-25 21:32:20-0500,59.996,330232
2026-09-25 21:32:30-0500,59.996,330232
2026-09-25 21:32:40-0500,59.999,330232
2026-09-25 21:32:50-0500,59.999,330232
2026-09-25 21:33:00-0500,59.997,330232
2026-09-25 21:33:10-0500,59.986,330232
2026-09-25 21:33:20-0500,59.994,330232
2026-09-25 21:33:30-0500,59.988,330232
2026-09-25 21:33:40-0500,59.988,329669
2026-09-25 21:33:50-0500,59.984,329669
2026-09-25 21:34:00-0500,59.993,329669
2026-09-25 21:34:10-0500,60.011,329669
2026-09-25 21:34:20-0500,60.013,329107
2026-09-25 21:34:30-0500,60.012,329107
2026-09-25 21:34:40-0500,60.009,329107
2026-09-25 21:34:50-0500,60.011,329107
2026-09-25 21:35:00-0500,60.011,329107
2026-09-25 21:35:10-0500,60.002,329107
2026-09-25 21:35:20-0500,59.999,329107
2026-09-25 21:35:30-0500,60.004,329107
2026-09-25 21:35:40-0500,60.011,328545
2026-09-25 21:35:50-0500,59.994,328545
2026-09-25 21:36:00-0500,59.985,328545
2026-09-25 21:36:10-0500,59.988,328545
2026-09-25 21:36:20-0500,59.995,328545
2026-09-25 21:36:30-0500,60.005,328545
2026-09-25 21:36:40-0500,60.01,328545
2026-09-25 21:36:50-0500,60.003,328545
2026-09-25 21:37:00-0500,60.004,328545
2026-09-25 21:37:10-0500,60.014,328545
2026-09-25 21:37:20-0500,60.013,328545
2026-09-25 21:37:30-0500,60.015,328545
2026-09-25 21:37:40-0500,60.016,328545
2026-09-25 21:37:50-0500,60.019,328545
2026-09-25 21:38:00-0500,60.018,328545
2026-09-25 21:38:10-0500,60.017,328545
2026-09-25 21:38:20-0500,60.018,328545
2026-09-25 21:38:30-0500,60.016,328545
2026-09-25 21:38:40-0500,60.016,328545
2026-09-25 21:38:50-0500,60.017,328545
2026-09-25 21:39:00-0500,60.015,328545
2026-09-25 21:39:10-0500,60.015,328545
2026-09-25 21:39:20-0500,60.015,328545
2026-09-25 21:39:30-0500,60.017,328545
2026-09-25 21:39:40-0500,60.015,328545
2026-09-25 21:39:50-0500,60.015,328545
2026-09-25 21:40:00-0500,60.014,328545
2026-09-25 21:40:10-0500,60.011,328545
2026-09-25 21:40:20-0500,60.011,328545
2026-09-25 21:40:30-0500,60.008,328545
2026-09-25 21:40:40-0500,60.009,328545
2026-09-25 21:40:50-0500,60.015,328545
2026-09-25 21:41:00-0500,60.011,328545
2026-09-25 21:41:10-0500,59.993,328545
2026-09-25 21:41:20-0500,59.998,328545
2026-09-25 21:41:30-0500,60.014,328545
2026-09-25 21:41:40-0500,60.015,328545
2026-09-25 21:41:50-0500,60.014,328545
2026-09-25 21:42:00-0500,60.014,328545
2026-09-25 21:42:10-0500,60.01,328545
2026-09-25 21:42:20-0500,60.004,328545
2026-09-25 21:42:30-0500,60.01,328545
2026-09-25 21:42:40-0500,60.014,328461
2026-09-25 21:42:50-0500,60.015,328461
2026-09-25 21:43:00-0500,60.015,328461
2026-09-25 21:43:10-0500,60.013,328461
2026-09-25 21:43:20-0500,60.003,328461
2026-09-25 21:43:30-0500,60.008,328461
2026-09-25 21:43:40-0500,60.013,328461
2026-09-25 21:43:50-0500,60.014,328461
2026-09-25 21:44:00-0500,59.998,328461
2026-09-25 21:44:10-0500,59.991,328376
2026-09-25 21:44:20-0500,60,328376
2026-09-25 21:44:30-0500,60.004,328376
2026-09-25 21:44:40-0500,59.999,328376
2026-09-25 21:44:50-0500,59.995,328376
2026-09-25 21:45:00-0500,60.002,328376
2026-09-25 21:45:10-0500,60.006,328376
2026-09-25 21:45:20-0500,60.011,328376
2026-09-25 21:45:30-0500,60.004,328376
2026-09-25 21:45:40-0500,60.012,328376
2026-09-25 21:45:50-0500,60.012,328376
2026-09-25 21:46:00-0500,60.012,328376
2026-09-25 21:46:10-0500,60.005,328376
2026-09-25 21:46:20-0500,60.004,328376
2026-09-25 21:46:30-0500,60.008,328376
2026-09-25 21:46:40-0500,59.997,328376
2026-09-25 21:46:50-0500,59.988,328376
2026-09-25 21:47:00-0500,59.986,328376
2026-09-25 21:47:10-0500,60.002,328376
2026-09-25 21:47:20-0500,60.008,328376
2026-09-25 21:47:30-0500,60.012,328376
2026-09-25 21:47:40-0500,60.008,328376
2026-09-25 21:47:50-0500,60.011,328293
2026-09-25 21:48:00-0500,60.01,328293
2026-09-25 21:48:10-0500,59.994,328293
2026-09-25 21:48:20-0500,59.99,328293
2026-09-25 21:48:30-0500,59.997,328293
2026-09-25 21:48:40-0500,60.009,328293
2026-09-25 21:48:50-0500,60.001,328293
2026-09-25 21:49:00-0500,59.998,328293
2026-09-25 21:49:10-0500,59.992,328293
2026-09-25 21:49:20-0500,60,328293
2026-09-25 21:49:30-0500,60.014,328293
2026-09-25 21:49:40-0500,60.013,328293
2026-09-25 21:49:50-0500,60.013,328293
2026-09-25 21:50:00-0500,60.014,328293
2026-09-25 21:50:10-0500,60.011,328293
2026-09-25 21:50:20-0500,59.997,328293
2026-09-25 21:50:30-0500,59.986,328293
2026-09-25 21:50:40-0500,59.984,328293
2026-09-25 21:50:50-0500,59.987,328293
2026-09-25 21:51:00-0500,59.992,328293
2026-09-25 21:51:10-0500,60.003,328293
2026-09-25 21:51:20-0500,60.014,328293
2026-09-25 21:51:30-0500,60.009,328293
2026-09-25 21:51:40-0500,60.011,328293
2026-09-25 21:51:50-0500,60.018,328293
2026-09-25 21:52:00-0500,60.018,328293
2026-09-25 21:52:10-0500,60.017,328288
2026-09-25 21:52:20-0500,60.016,328288
2026-09-25 21:52:30-0500,60.012,328288
2026-09-25 21:52:40-0500,60,328288
2026-09-25 21:52:50-0500,60.014,328288
2026-09-25 21:53:00-0500,60.012,328288
2026-09-25 21:53:10-0500,60.015,328288
2026-09-25 21:53:20-0500,60.005,327978
2026-09-25 21:53:30-0500,59.985,327978
2026-09-25 21:53:40-0500,59.986,327978
2026-09-25 21:53:50-0500,59.992,327978
2026-09-25 21:54:00-0500,59.993,327978
2026-09-25 21:54:10-0500,59.984,327978
2026-09-25 21:54:20-0500,59.989,327978
2026-09-25 21:54:30-0500,59.994,327978
2026-09-25 21:54:40-0500,59.991,327978
2026-09-25 21:54:50-0500,59.984,327978
2026-09-25 21:55:00-0500,59.988,327978
2026-09-25 21:55:10-0500,59.992,327978
2026-09-25 21:55:20-0500,59.987,327978
2026-09-25 21:55:30-0500,59.985,327978
2026-09-25 21:55:40-0500,59.991,327978
2026-09-25 21:55:50-0500,60.01,327978
2026-09-25 21:56:00-0500,60.014,327978
2026-09-25 21:56:10-0500,60.012,327978
2026-09-25 21:56:20-0500,60.009,327978
2026-09-25 21:56:30-0500,60.001,327892
2026-09-25 21:56:40-0500,60.002,327892
2026-09-25 21:56:50-0500,60.004,327892
2026-09-25 21:57:00-0500,60.013,327808
2026-09-25 21:57:10-0500,59.994,327808
2026-09-25 21:57:20-0500,60.004,327808
2026-09-25 21:57:30-0500,60.016,327723
2026-09-25 21:57:40-0500,60.009,327723
2026-09-25 21:57:50-0500,60.013,327639
2026-09-25 21:58:00-0500,60.017,327639
2026-09-25 21:58:10-0500,60.016,327639
2026-09-25 21:58:20-0500,60.014,327639
2026-09-25 21:58:30-0500,60.005,327639
2026-09-25 21:58:40-0500,60.009,327639
2026-09-25 21:58:50-0500,60.015,327639
2026-09-25 21:59:00-0500,60.016,327639
2026-09-25 21:59:10-0500,60.011,327639
2026-09-25 21:59:20-0500,60.015,327639
2026-09-25 21:59:30-0500,60.014,327639
2026-09-25 21:59:40-0500,60.011,327639
2026-09-25 21:59:50-0500,60.015,327639
2026-09-25 22:00:00-0500,60.016,327554
2026-09-25 22:00:10-0500,60.009,327554
2026-09-25 22:00:22-0500,60.014,327554
2026-09-25 22:00:30-0500,60.016,327469
2026-09-25 22:00:40-0500,60.013,326942
2026-09-25 22:00:50-0500,60.008,326942
2026-09-25 22:01:00-0500,60.004,326942
2026-09-25 22:01:10-0500,60,326942
2026-09-25 22:01:20-0500,60.008,326942
2026-09-25 22:01:30-0500,60.012,326873
2026-09-25 22:01:40-0500,60.012,326873
2026-09-25 22:01:50-0500,60.009,326873
2026-09-25 22:02:00-0500,60.005,326873
2026-09-25 22:02:10-0500,60.013,326873
2026-09-25 22:02:20-0500,60.01,326873
2026-09-25 22:02:30-0500,60.005,326788
2026-09-25 22:02:40-0500,60.003,326788
2026-09-25 22:02:50-0500,60.008,326703
2026-09-25 22:03:00-0500,60.012,326703
2026-09-25 22:03:10-0500,60.014,326703
2026-09-25 22:03:20-0500,60.014,326703
2026-09-25 22:03:30-0500,60.016,326703
2026-09-25 22:03:40-0500,60.013,326703
2026-09-25 22:03:50-0500,60.012,326703
2026-09-25 22:04:00-0500,60.013,326703
2026-09-25 22:04:10-0500,60.013,326703
2026-09-25 22:04:20-0500,60.012,326703
2026-09-25 22:04:30-0500,60.01,326703
2026-09-25 22:04:40-0500,60.003,326703
2026-09-25 22:04:50-0500,60.001,326708
2026-09-25 22:05:00-0500,59.995,326708
2026-09-25 22:05:10-0500,59.998,326708
2026-09-25 22:05:20-0500,60.006,326629
2026-09-25 22:05:30-0500,59.998,326629
2026-09-25 22:05:40-0500,60.006,326629
2026-09-25 22:05:50-0500,60.005,326629
2026-09-25 22:06:00-0500,60,326629
2026-09-25 22:06:10-0500,59.993,326629
2026-09-25 22:06:20-0500,59.991,326624
2026-09-25 22:06:30-0500,59.993,326624
2026-09-25 22:06:40-0500,59.997,326624
2026-09-25 22:06:50-0500,59.984,326624
2026-09-25 22:07:00-0500,59.989,326624
2026-09-25 22:07:10-0500,60.004,326624
2026-09-25 22:07:20-0500,60.002,326624
2026-09-25 22:07:30-0500,59.998,326624
2026-09-25 22:07:40-0500,59.998,326624
2026-09-25 22:07:50-0500,60.003,326624
2026-09-25 22:08:00-0500,60.001,326624
2026-09-25 22:08:10-0500,59.985,326539
2026-09-25 22:08:20-0500,59.987,326539
2026-09-25 22:08:30-0500,59.987,326539
2026-09-25 22:08:40-0500,59.989,326539
2026-09-25 22:08:50-0500,59.998,326539
2026-09-25 22:09:00-0500,59.998,326539
2026-09-25 22:09:10-0500,60.008,326539
2026-09-25 22:09:20-0500,60.017,326539
2026-09-25 22:09:30-0500,60.016,326539
2026-09-25 22:09:40-0500,60.015,326539
2026-09-25 22:09:50-0500,60.015,326539
2026-09-25 22:10:00-0500,60.015,326539
2026-09-25 22:10:10-0500,60.01,326328
2026-09-25 22:10:20-0500,60.013,326258
2026-09-25 22:10:30-0500,60.013,326258
2026-09-25 22:10:40-0500,60.012,326178
2026-09-25 22:10:50-0500,60.002,326178
2026-09-25 22:11:00-0500,59.994,326178
2026-09-25 22:11:10-0500,59.988,326178
2026-09-25 22:11:20-0500,59.992,326178
2026-09-25 22:11:30-0500,60.004,326178
2026-09-25 22:11:40-0500,60,325910
2026-09-25 22:11:50-0500,59.986,325910
2026-09-25 22:12:00-0500,59.99,325910
2026-09-25 22:12:10-0500,59.992,325910
2026-09-25 22:12:20-0500,59.995,325910
2026-09-25 22:12:30-0500,59.995,325910
2026-09-25 22:12:40-0500,60.002,325910
2026-09-25 22:12:50-0500,60.01,325910
2026-09-25 22:13:00-0500,60.003,325910
2026-09-25 22:13:10-0500,59.998,325910
2026-09-25 22:13:20-0500,59.991,325910
2026-09-25 22:13:30-0500,59.988,325910
2026-09-25 22:13:40-0500,59.992,325910
2026-09-25 22:13:50-0500,59.984,325830
2026-09-25 22:14:00-0500,59.984,325830
2026-09-25 22:14:10-0500,59.983,325830
2026-09-25 22:14:20-0500,59.986,325830
2026-09-25 22:14:30-0500,59.987,325830
2026-09-25 22:14:40-0500,59.99,325830
2026-09-25 22:14:50-0500,60.007,325830
2026-09-25 22:15:00-0500,60.011,325830
2026-09-25 22:15:10-0500,60.017,325830
2026-09-25 22:15:20-0500,60.016,325660
2026-09-25 22:15:30-0500,60.017,325491
2026-09-25 22:15:40-0500,60.017,325491
2026-09-25 22:15:50-0500,60.017,325491
2026-09-25 22:16:00-0500,60.015,325491
2026-09-25 22:16:10-0500,60.014,325491
2026-09-25 22:16:20-0500,60.014,325491
2026-09-25 22:16:30-0500,60.006,325491
2026-09-25 22:16:40-0500,59.999,325491
2026-09-25 22:16:50-0500,59.983,325491
2026-09-25 22:17:00-0500,59.983,325491
2026-09-25 22:17:10-0500,59.984,325491
2026-09-25 22:17:20-0500,59.983,325491
2026-09-25 22:17:30-0500,59.984,325407
2026-09-25 22:17:40-0500,59.986,325407
2026-09-25 22:17:50-0500,59.991,325335
2026-09-25 22:18:00-0500,59.991,325335
2026-09-25 22:18:10-0500,59.987,325335
2026-09-25 22:18:20-0500,59.995,325263
2026-09-25 22:18:30-0500,60.01,325263
2026-09-25 22:18:40-0500,60.014,325263
2026-09-25 22:18:50-0500,60.011,325263
2026-09-25 22:19:00-0500,60.012,325263
2026-09-25 22:19:10-0500,60.009,325263
2026-09-25 22:19:20-0500,59.994,325263
2026-09-25 22:19:30-0500,59.995,325263
2026-09-25 22:19:40-0500,59.986,325263
2026-09-25 22:19:50-0500,59.993,325263
2026-09-25 22:20:00-0500,59.998,325263
2026-09-25 22:20:10-0500,60.003,325263
2026-09-25 22:20:20-0500,60.001,325263
2026-09-25 22:20:30-0500,60.018,325263
2026-09-25 22:20:40-0500,60.015,325263
2026-09-25 22:20:50-0500,60.015,325263
2026-09-25 22:21:00-0500,60.013,325263
2026-09-25 22:21:10-0500,60.011,325263
2026-09-25 22:21:20-0500,60.006,325263
2026-09-25 22:21:30-0500,60.002,325263
2026-09-25 22:21:40-0500,59.995,325263
2026-09-25 22:21:50-0500,59.99,325263
2026-09-25 22:22:00-0500,60.001,325263
2026-09-25 22:22:10-0500,60.011,325263
2026-09-25 22:22:20-0500,60.011,325263
2026-09-25 22:22:30-0500,60,325263
2026-09-25 22:22:40-0500,60.005,325263
2026-09-25 22:22:50-0500,60.012,325263
2026-09-25 22:23:00-0500,60.014,325263
2026-09-25 22:23:10-0500,60.015,325263
2026-09-25 22:23:20-0500,60.01,325263
2026-09-25 22:23:30-0500,60.002,325263
2026-09-25 22:23:40-0500,59.997,325263
2026-09-25 22:23:50-0500,59.996,325263
2026-09-25 22:24:00-0500,59.995,325263
2026-09-25 22:24:10-0500,59.987,325263
2026-09-25 22:24:20-0500,59.985,325263
2026-09-25 22:24:30-0500,59.989,325178
2026-09-25 22:24:40-0500,59.984,324923
2026-09-25 22:24:50-0500,59.986,324923
2026-09-25 22:25:00-0500,59.996,324923
2026-09-25 22:25:10-0500,60.012,324923
2026-09-25 22:25:20-0500,60.013,324923
2026-09-25 22:25:30-0500,60.012,324923
2026-09-25 22:25:40-0500,60.007,324923
2026-09-25 22:25:50-0500,59.992,324923
2026-09-25 22:26:00-0500,59.985,324923
2026-09-25 22:26:10-0500,59.99,324923
2026-09-25 22:26:20-0500,60.008,324923
2026-09-25 22:26:30-0500,60.008,324923
2026-09-25 22:26:40-0500,60.007,324923
2026-09-25 22:26:50-0500,60.008,324923
2026-09-25 22:27:00-0500,60.011,324923
2026-09-25 22:27:10-0500,60.013,324923
2026-09-25 22:27:20-0500,60.012,324923
2026-09-25 22:27:30-0500,60.001,324923
2026-09-25 22:27:40-0500,60.01,324923
2026-09-25 22:27:50-0500,60.01,324923
2026-09-25 22:28:00-0500,60.007,324923
2026-09-25 22:28:10-0500,60.001,324923
2026-09-25 22:28:20-0500,59.996,324923
2026-09-25 22:28:30-0500,60.004,324923
2026-09-25 22:28:40-0500,60.004,324923
2026-09-25 22:28:50-0500,60.002,323923
2026-09-25 22:29:00-0500,60.011,323923
2026-09-25 22:29:10-0500,60.017,323923
2026-09-25 22:29:20-0500,60.017,323923
2026-09-25 22:29:30-0500,60.014,323923
2026-09-25 22:29:40-0500,60.015,323923
2026-09-25 22:29:50-0500,60.013,323923
2026-09-25 22:30:00-0500,60.015,323923
2026-09-25 22:30:10-0500,60.007,323923
2026-09-25 22:30:20-0500,60.001,323923
2026-09-25 22:30:30-0500,60.01,323923
2026-09-25 22:30:40-0500,60.011,323923
2026-09-25 22:30:50-0500,60.007,323923
2026-09-25 22:31:00-0500,60.009,323923
2026-09-25 22:31:10-0500,60.016,323923
2026-09-25 22:31:20-0500,60.016,323923
2026-09-25 22:31:30-0500,60.011,323923
2026-09-25 22:31:40-0500,60.007,323923
2026-09-25 22:31:50-0500,60.01,323923
2026-09-25 22:32:00-0500,60.014,323923
2026-09-25 22:32:10-0500,60.017,323923
2026-09-25 22:32:20-0500,60.015,323923
2026-09-25 22:32:30-0500,60.016,323923
2026-09-25 22:32:40-0500,60.015,323923
2026-09-25 22:32:50-0500,60.01,323923
2026-09-25 22:33:00-0500,60,323923
2026-09-25 22:33:10-0500,59.988,323923
2026-09-25 22:33:20-0500,59.994,323923
2026-09-25 22:33:30-0500,59.983,323923
2026-09-25 22:33:40-0500,59.983,323923
2026-09-25 22:33:50-0500,59.983,323923
2026-09-25 22:34:00-0500,59.985,323923
2026-09-25 22:34:10-0500,59.992,323923
2026-09-25 22:34:20-0500,59.996,323923
2026-09-25 22:34:30-0500,59.997,323923
2026-09-25 22:34:40-0500,59.988,323923
2026-09-25 22:34:50-0500,59.999,323923
2026-09-25 22:35:00-0500,60.001,323923
2026-09-25 22:35:10-0500,60.012,323923
2026-09-25 22:35:20-0500,60.011,323923
2026-09-25 22:35:30-0500,60.014,323923
2026-09-25 22:35:40-0500,60.013,323923
2026-09-25 22:35:50-0500,60.004,323923
2026-09-25 22:36:00-0500,59.99,323923
2026-09-25 22:36:10-0500,60.002,323923
2026-09-25 22:36:20-0500,60.006,323923
2026-09-25 22:36:30-0500,60.011,323923
2026-09-25 22:36:40-0500,60.001,323923
2026-09-25 22:36:50-0500,60.009,323923
2026-09-25 22:37:00-0500,60.014,323923
2026-09-25 22:37:10-0500,60.013,323923
2026-09-25 22:37:20-0500,60.007,323923
2026-09-25 22:37:30-0500,60.004,323923
2026-09-25 22:37:40-0500,60.012,323923
2026-09-25 22:37:50-0500,60.002,322923
2026-09-25 22:38:00-0500,60.01,322923
2026-09-25 22:38:10-0500,60.015,322923
2026-09-25 22:38:20-0500,60.013,322923
2026-09-25 22:38:30-0500,60.014,322923
2026-09-25 22:38:40-0500,60.014,322923
2026-09-25 22:38:50-0500,60.007,322923
2026-09-25 22:39:00-0500,60.013,322923
2026-09-25 22:39:10-0500,60.011,322923
2026-09-25 22:39:20-0500,60.013,322923
2026-09-25 22:39:30-0500,60.009,322923
2026-09-25 22:39:40-0500,60.014,322923
2026-09-25 22:39:50-0500,60.016,322923
2026-09-25 22:40:00-0500,60.013,322923
2026-09-25 22:40:10-0500,60.007,322923
2026-09-25 22:40:20-0500,60.007,322923
2026-09-25 22:40:30-0500,60.018,322923
2026-09-25 22:40:40-0500,60.018,322923
2026-09-25 22:40:50-0500,60.015,322923
2026-09-25 22:41:00-0500,60.014,322923
2026-09-25 22:41:10-0500,60.014,322923
2026-09-25 22:41:20-0500,60.016,322923
2026-09-25 22:41:30-0500,60.014,322923
2026-09-25 22:41:40-0500,60.015,322923
2026-09-25 22:41:50-0500,59.997,322923
2026-09-25 22:42:00-0500,59.984,322923
2026-09-25 22:42:10-0500,59.984,322923
2026-09-25 22:42:20-0500,59.986,322923
2026-09-25 22:42:30-0500,59.984,322923
2026-09-25 22:42:40-0500,59.986,322923
2026-09-25 22:42:50-0500,59.986,322923
2026-09-25 22:43:00-0500,59.99,322923
2026-09-25 22:43:10-0500,59.988,322923
2026-09-25 22:43:20-0500,59.996,322923
2026-09-25 22:43:30-0500,60.014,322923
2026-09-25 22:43:40-0500,60.015,322923
2026-09-25 22:43:50-0500,60.01,322923
2026-09-25 22:44:00-0500,60.008,322923
2026-09-25 22:44:10-0500,60.015,322923
2026-09-25 22:44:20-0500,60.014,322923
2026-09-25 22:44:30-0500,60.014,322923
2026-09-25 22:44:40-0500,60.008,322923
2026-09-25 22:44:50-0500,60.013,322923
2026-09-25 22:45:00-0500,60.013,322923
2026-09-25 22:45:10-0500,60.003,322923
2026-09-25 22:45:20-0500,59.988,322923
2026-09-25 22:45:30-0500,59.993,322923
2026-09-25 22:45:40-0500,60.001,322923
2026-09-25 22:45:50-0500,60.002,322923
2026-09-25 22:46:00-0500,60.003,322923
