OpenDSS Value (p.u.),Bus
0.9686172633897399,p1ulv12890
0.9686717752152321,p1ulv25078
0.9713312582668724,p1ulv19884
0.9726572481520446,p1udm9654
0.9730730668204166,p1udm48808
0.9739968799573351,p1ulv15987
0.9742437945254996,p1ulv27544
0.975299006657566,p1ulv61958
0.9753684478340687,p1udm43554
0.9762042795476562,p1ulv38270
0.9762434615278203,p1udm9623
0.9766613277438063,p1ulv44614
0.9767640735965808,p1ulv25600
0.9768680839467556,p1ulv11617
0.9769704772628786,p1ulv57064
0.976998676051619,p1udm5719
0.9771087724244465,p1ulv40218
0.9771495890372348,p1ulv62593
0.9771864353093787,p1ulv43962
0.9773037160899298,p1ulv54606
0.977383269401292,p1ulv5326
0.9774002528081096,p1ulv37046
0.9774720809028115,p1ulv6031
0.9778210107402958,p1ulv291
0.9779315938041258,p1ulv37033
0.9782459577107601,p1ulv61934
0.9782749651830418,p1ulv42050
0.9782947276615575,p1ulv39543
0.9783955146055714,p1udm27310
0.9784131550993349,p1ulv36432
0.9784483783409474,p1ulv61937
0.9784910011978671,p1ulv27568
0.97859456224593,p1ulv50850
0.9786525523676592,p1ulv14723
0.9786583676487609,p1ulv52082
0.9786714046446863,p1ulv24353
0.9788252158959166,p1ulv49566
0.9788316359224674,p1ulv46558
0.9788604404955997,p1ulv46533
0.9789580215411073,p1ulv50831
0.9789926020198126,p1ulv15440
0.9790354164423378,p1ulv35809
0.9790610811583544,p1ulv33237
0.9791428318661135,p1ulv40828
0.9791489815722582,p1udm38275
0.9791722257429392,p1ulv27534
0.979250747532159,p1udm30959
0.979301076503003,p1ulv60054
0.9793251029189998,p1ulv904
0.9793696367683082,p1ulv28790
0.9794501692243034,p1ulv35147
0.9794845108940534,p1ulv3552
0.9794896302607092,p1ulv34516
0.979513590879852,p1ulv52061
0.9795570503570339,p1ulv27522
0.9795802824098843,p1ulv23063
0.9796507392062754,p1ulv41426
0.9797216969139472,p1ulv35808
0.9797763252446322,p1udm967
0.9797877784800019,p1udm30956
0.9797883294237195,p1ulv42055
0.9797929486131296,p1ulv65110
0.9798067250216704,p1ulv1622
0.9798153248218793,p1ulv11618
0.9798197349802691,p1ulv37630
0.9798230171271417,p1ulv38249
0.9798690084897307,p1udm42773
0.9798957745495642,p1ulv47728
0.9799009874502607,p1ulv55864
0.9799028981895497,p1ulv8509
0.979905245336608,p1ulv41408
0.9799385290680694,p1udt11399lv
0.9799489102891932,p1ulv54010
0.9800150985510153,p1ulv45881
0.9800520174772894,p1ulv47760
0.9800523574015366,p1ulv15963
0.9801243439533338,p1ulv28174
0.9801364991996813,p1udm43546
0.9801438185454314,p1udm37350
0.9801739449117807,p1ulv47123
0.9801773573874611,p1ulv52067
0.9802120103972161,p1ulv26351
0.9802311242585233,p1udm30952
0.9802496147064532,p1ulv8521
0.980273873307429,p1ulv5335
0.980285128160816,p1ulv16630
0.9803291093653002,p1udm48746
0.9803447631725254,p1ulv45905
0.9803905320477853,p1ulv37656
0.9804819445233874,p1udm1004
0.9804865460399936,p1ulv35180
0.9805141068485984,p1ulv46532
0.9805572967235316,p1udm11521
0.9806124908709617,p1ulv15977
0.9806294895275058,p1udm38272
0.9807160542314474,p1udm20196
0.9807382285826013,p1ulv11636
0.9807734601541529,p1ulv47148
0.9807800515879078,p1ulv54622
0.9808222137758049,p1ulv23669
0.9808251241224718,p1ulv11640
0.9808781612251274,p1udm18575
0.980886767207239,p1udm13304
0.9808942944870894,p1ulv58262
0.9809137781364785,p1ulv43308
0.9809155103111991,p1ulv5333
0.9809494259065534,p1ulv15978
0.9810163399252823,p1ulv2214
0.9810260582909094,p1ulv23058
0.9810326092812068,p1ulv52770
0.9810450128027233,p1ulv58834
0.9810494240031491,p1udm56904
0.9810617732290031,p1udm57956
0.9810706025619875,p1ulv40815
0.9811434543432436,p1ulv62581
0.9811480278385791,p1ulv2856
0.9812019068572919,p1ulv59440
0.9812022193544514,p1ulv54034
0.9812065785049712,p1ulv48377
0.9812323718888507,p1ulv14112
0.9812536935753127,p1ulv58240
0.9812621583485559,p1udm36455
0.9812670213508066,p1ulv29400
0.9812676128704744,p1ulv38261
0.9812871508142755,p1ulv36457
0.9812908908250099,p1ulv48991
0.9813223602127712,p1ulv33226
0.9813272024966901,p1ulv61920
0.9813316612708007,p1udm7574
0.9813794463797048,p1udm13384
0.98139128039736,p1ulv3495
0.9814574953001031,p1ulv60050
0.981483687976413,p1udm24614
0.9814975577091574,p1udm37353
0.9815147829035284,p1ulv19215
0.9815338256947457,p1ulv26233
0.981561259819685,p1ulv57067
0.98158511671211,p1ulv54045
0.981601061588367,p1ulv56439
0.9816104179112517,p1ulv296
0.9816158547633379,p1ulv47125
0.9816462697228272,p1ulv11638
0.9816524224525027,p1ulv30011
0.9816925408419328,p1ulv50171
0.9816979251314418,p1udm43549
0.9817097774857814,p1ulv11602
0.9817146889434769,p1ulv29404
0.9817186261590658,p1ulv21167
0.9817188338260763,p1udm30957
0.9817470466956806,p1ulv22389
0.9817478150167293,p1udm11576
0.9817511002373543,p1ulv63827
0.9817808502152516,p1udm7618
0.9818286465637436,p1ulv35810
0.9818304914091944,p1udm18573
0.9818558832131651,p1ulv61969
0.9818563093655661,p1udt20498lv
0.9818883524447313,p1ulv2854
0.9818965830111379,p1ulv18568
0.9819033395065607,p1ulv47762
0.9819059731080091,p1ulv28147
0.9819173681966915,p1ulv28792
0.9819178025788186,p1ulv17910
0.9819259895008217,p1udm3239
0.9819399635479663,p1ulv30033
0.9819406317070072,p1ulv40804
0.9819426866662997,p1ulv28813
0.9819569316007913,p1ulv39567
0.981975098129451,p1ulv37633
0.9819835163931736,p1ulv60664
0.9819881013334726,p1ulv278
0.9819932656322916,p1ulv41410
0.9819980407021746,p1ulv55847
0.9820250657931416,p1ulv30663
0.982040057840988,p1ulv26895
0.9820451578717144,p1udm18576
0.9820511225339122,p1ulv41449
0.9820733650425664,p1ulv7312
0.9820903976400394,p1ulv15980
0.9820937203383637,p1ulv37654
0.9820977504871677,p1ulv61967
0.9821186955347156,p1ulv36433
0.9821537564961225,p1ulv52065
0.9821623985587492,p1ulv37154
0.9822007490691637,p1udm55957
0.9822195057183485,p1ulv33872
0.9822688204032348,p1ulv58845
0.982301757651215,p1udm5720
0.9823078148378294,p1udm30954
0.9823515418570918,p1ulv64476
0.9823563532975234,p1ulv10423
0.982364634486201,p1udm966
0.9823807630921311,p1udm7777
0.9823904253163275,p1ulv2264
0.9823959375602821,p1ulv15373
0.9824113695004029,p1ulv19862
0.9824171379797942,p1ulv54610
0.9824200249294808,p1ulv29438
0.9824230464544305,p1ulv47112
0.9824250678836258,p1ulv52739
0.9824269445495208,p1ulv1621
0.9824304401116525,p1udm52252
0.9824326801767159,p1ulv40184
0.9824478062766999,p1ulv5994
0.9824774666595906,p1ulv28770
0.9824857394484088,p1ulv63828
0.9825007667369996,p1udt19709lv
0.9825059926852611,p1ulv56449
0.9825086993010674,p1ulv57054
0.982508929313241,p1udm39274
0.982520766701794,p1ulv54032
0.9825242199709787,p1udm41065
0.9825544160235016,p1udm9622
0.982555028928888,p1ulv41421
0.982586222821463,p1ulv61307
0.982626080918007,p1udm49810
0.9826294982557021,p1ulv45265
0.9826669096574361,p1ulv11619
0.9826981363972305,p1ulv59450
0.982700142924505,p1ulv55839
0.9827053631443495,p1ulv57671
0.9827248486256641,p1ulv4137
0.9827412227770401,p1ulv12859
0.9827723772300042,p1ulv35248
0.9827750818728249,p1udm44918
0.9827883126873154,p1udm43545
0.9828005840778424,p1ulv55845
0.9828007458144297,p1ulv32561
0.9828103169872373,p1udm57428
0.9828120666179516,p1ulv58228
0.9828203790506719,p1ulv28787
0.9828232741607791,p1ulv43970
0.9828403314713595,p1ulv59455
0.9828446804970454,p1udm46250
0.9828628220380806,p1ulv33246
0.9828658337320498,p1ulv40839
0.9828658786462033,p1ulv32542
0.9828767210793337,p1ulv48349
0.9828777733968875,p1ulv13520
0.9828808807044251,p1ulv13500
0.9828819834443523,p1udm7617
0.9828851400766443,p1ulv33269
0.9828863615932537,p1ulv43956
0.9828915959059515,p1udm21804
0.9829001729114426,p1udm49908
0.9829110381498634,p1ulv30035
0.9829227167889929,p1udm16715
0.9829284872820334,p1ulv25616
0.9829284988754092,p1ulv53355
0.9829381282137114,p1ulv52737
0.9829552371300275,p1ulv54626
0.9829606031603291,p1ulv48987
0.9829624588384391,p1ulv45884
0.9829715875096732,p1ulv24974
0.9829941310745167,p1udm30960
0.9830039829950956,p1udm39272
0.9830041798043048,p1ulv21828
0.9830046084677928,p1udm38270
0.983021991819008,p1ulv26879
0.9830244702635562,p1ulv57641
0.9830468924720022,p1ulv30029
0.9830518651615541,p1ulv5342
0.9830528970506356,p1ulv19254
0.9830564426271144,p1ulv12900
0.9830905009610682,p1ulv15356
0.9831197195397903,p1udm44241
0.9831328652857739,p1ulv43299
0.98313856977131,p1ulv23045
0.9831440489136135,p1ulv2203
0.9831470037435166,p1ulv15964
0.9831517451816474,p1ulv14113
0.9831650333176497,p1ulv32585
0.9831939564233192,p1ulv12855
0.9831979622524186,p1ulv7295
0.9832083147959121,p1ulv39553
0.9832380603809274,p1ulv43311
0.9832398340608446,p1ulv55233
0.9832526292298227,p1udm59068
0.9832607807772262,p1ulv12875
0.9832732619705347,p1ulv17264
0.9832761198323328,p1udm30916
0.9832819086414559,p1udm5624
0.9832927269818112,p1ulv28159
0.9832930984825454,p1udm16714
0.9833092739660918,p1ulv34513
0.983325176136969,p1udm1168
0.9833574175501096,p1ulv64520
0.983369433790592,p1ulv5343
0.983374450426861,p1ulv40838
0.983375733635333,p1udm24583
0.9833758936188437,p1ulv21796
0.9833759449240935,p1ulv36420
0.9833834248878364,p1ulv3513
0.9833863718151128,p1udm11577
0.9833865627479534,p1ulv57082
0.9833899674731418,p1ulv27521
0.9833959529720435,p1ulv6697
0.9834144474616662,p1ulv26220
0.9834170469756485,p1ulv33905
0.9834229821237299,p1udm43547
0.9834243162661376,p1ulv52087
0.9834335244298791,p1udm3240
0.9834436500634374,p1ulv30034
0.9834451505294408,p1ulv24392
0.9834546091570369,p1ulv9792
0.9834666565787271,p1udm21803
0.9834698606430079,p1ulv23679
0.9834791365383428,p1ulv35158
0.9834803564484116,p1ulv27536
0.983487902762797,p1ulv15369
0.9835073514589622,p1ulv27520
0.9835187674772508,p1udm27351
0.9835362524464304,p1ulv57062
0.9835497555469154,p1udm60255
0.983563830643345,p1ulv63199
0.9835648933080188,p1ulv45252
0.9835684517457928,p1ulv31929
0.9835689526901483,p1ulv12871
0.9835705100379091,p1ulv10379
0.9835745334574418,p1ulv33871
0.9835754600660359,p1ulv52745
0.9835802024872145,p1udm7577
0.9835832362528303,p1ulv23713
0.9835836316494408,p1udm44920
0.9835859126636851,p1ulv922
0.9835908328262244,p1udm18477
0.9836018675313578,p1ulv48332
0.9836095719855039,p1udm35421
0.9836135529962986,p1ulv6657
0.9836332200252635,p1ulv18573
0.9836389046029393,p1ulv41407
0.9836635452988218,p1ulv54035
0.9836769415865805,p1ulv26267
0.983684002862939,p1udm965
0.9836843577980752,p1ulv52117
0.9836855509254785,p1ulv21180
0.9836955387421566,p1ulv31949
0.9836976193887734,p1ulv32545
0.9836983361306588,p1ulv54630
0.9837068996659113,p1ulv41409
0.9837107158308676,p1udm47584
0.9837408745650833,p1ulv58875
0.9837771110317493,p1ulv38310
0.9837786676723638,p1ulv24361
0.9838138322694499,p1ulv38259
0.9838295513297572,p1ulv52736
0.9838300134102173,p1ulv33236
0.9838328781125075,p1ulv13503
0.9838355946990092,p1ulv14130
0.9838437630758097,p1udm18574
0.9838473661919941,p1ulv32562
0.9838526829499226,p1ulv40829
0.9838560023836187,p1udm37381
0.9838595172165732,p1ulv7948
0.9838715035876169,p1ulv36429
0.9838719769267285,p1ulv32595
0.9838836299689218,p1ulv16632
0.9839012800457488,p1ulv25009
0.9839094953991077,p1ulv60038
0.9839332680253937,p1ulv17913
0.9839392041507298,p1ulv31910
0.9839473403072652,p1ulv11615
0.9839497397778422,p1ulv1635
0.9839685065949183,p1udm38271
0.9839690334021337,p1udm11531
0.9839716460716321,p1ulv38940
0.9839749742425254,p1ulv21795
0.9839804977556754,p1ulv9767
0.9839828770992862,p1ulv905
0.9839910060470103,p1udm23169
0.9840000706241796,p1ulv37644
0.9840022514881863,p1ulv14127
0.9840026353627045,p1ulv50214
0.9840140997399429,p1ulv49012
0.9840198835365372,p1ulv11000
0.9840357863775405,p1ulv44616
0.9840397182247937,p1udm37382
0.9840417225570423,p1udm16793
0.9840518307134376,p1ulv58272
0.9840588690885467,p1ulv52747
0.9840672608627872,p1ulv11003
0.9840676826409172,p1ulv45888
0.984074161371132,p1ulv52738
0.9840747055368667,p1udm33225
0.9840747397910312,p1udm32149
0.9840760707827463,p1ulv29432
0.9840769922193583,p1ulv9873
0.9840845482641261,p1ulv2255
0.984086573759853,p1ulv62572
0.984090698403318,p1ulv44610
0.9840960906970357,p1ulv18555
0.9840981726543866,p1ulv6008
0.9841027879314643,p1ulv54040
0.9841214463372809,p1udm16709
0.9841249635343238,p1ulv62583
0.9841289396877875,p1udm11518
0.9841484359991881,p1ulv43346
0.9841491756559826,p1ulv30644
0.9841553665521021,p1ulv36421
0.9841558876816845,p1ulv38271
0.9841561491056092,p1udm20271
0.9841623904508099,p1ulv49573
0.9841669560251822,p1ulv19870
0.9841738932502444,p1ulv45232
0.9841762142647257,p1udm21772
0.9841898695879883,p1ulv7899
0.9841951825547145,p1udm30958
0.9842045290138567,p1ulv46536
0.9842051239851666,p1ulv64480
0.9842115338261663,p1udm32139
0.9842146989689736,p1ulv7900
0.9842169637397696,p1ulv21178
0.9842214464990919,p1ulv47126
0.9842443908130976,p1ulv9127
0.9842486635481891,p1ulv60090
0.9842489377949218,p1udm27505
0.9842553833301552,p1ulv12874
0.9842592821940732,p1ulv28203
0.9842629844248401,p1udm13415
0.984265681616044,p1ulv20515
0.984270905331405,p1ulv6006
0.9842746671145919,p1udm50821
0.984278419937163,p1udm30911
0.9842797328061114,p1ulv3511
0.984282371870863,p1ulv19910
0.9842897164547542,p1ulv57648
0.9843035814135277,p1ulv52083
0.9843036184958345,p1ulv9168
0.9843092313677521,p1ulv5373
0.9843103591210429,p1ulv16647
0.9843134958269635,p1ulv57670
0.9843135693407574,p1ulv37648
0.9843342240788332,p1udm11528
0.984336576812499,p1ulv44647
0.9843386016612921,p1ulv63830
0.9843452792623086,p1ulv48993
0.9843664144187885,p1ulv15982
0.9843751156572073,p1udm49811
0.9843753079166914,p1ulv21181
0.984381436367151,p1ulv58274
0.9843857882918494,p1ulv45219
0.9843894207738451,p1ulv54627
0.9843922526727603,p1ulv40813
0.9843964333170836,p1ulv54625
0.9843996707824636,p1ulv55231
0.9844116489319545,p1udm30985
0.9844199841237185,p1ulv402
0.9844285339323711,p1udm35418
0.9844653801216534,p1udm33200
0.9844699118651423,p1ulv14108
0.984475638620261,p1ulv45912
0.9844841460140827,p1ulv45238
0.9844850666904768,p1ulv63218
0.9844874364098252,p1ulv1579
0.9844914983777948,p1ulv60774
0.9844930250917076,p1udm13325
0.9844963512694285,p1ulv333
0.9845023544416978,p1udm15140
0.9845125953110129,p1ulv27542
0.9845128073179847,p1udm24669
0.9845185751287139,p1udm49288
0.9845247072779277,p1udm55958
0.9845351854515181,p1udm33202
0.9845458989861562,p1ulv4120
0.9845525856407167,p1ulv42043
0.9845606516180317,p1ulv12856
0.9845615760973613,p1ulv11001
0.9845634247876137,p1ulv2852
0.9845654910315833,p1udm7620
0.9845655452275133,p1ulv50819
0.9845729697469787,p1ulv40182
0.9845831610004494,p1udm7786
0.9845852608227588,p1ulv15378
0.9845926179019858,p1ulv22372
0.9846029591714136,p1ulv54634
0.9846040426195648,p1ulv27540
0.9846060471722138,p1udm33274
0.9846113134724537,p1ulv908
0.9846203573612722,p1ulv2201
0.9846317663933468,p1ulv12264
0.9846381987345412,p1ulv50816
0.9846388586971035,p1ulv45883
0.9846471790936587,p1ulv26892
0.9846609139501818,p1udm11578
0.9846651282699083,p1ulv9128
0.984669467220136,p1ulv54604
0.9846819908874636,p1ulv31277
0.9846848867024102,p1ulv49590
0.984692889525788,p1ulv6009
0.9846961494425917,p1ulv14137
0.9846962219471813,p1udm35420
0.9847114433150632,p1ulv19266
0.9847380633612792,p1udm38276
0.984738087192248,p1udm47582
0.984741047909941,p1ulv42056
0.9847469382011371,p1ulv57646
0.9847499747326331,p1ulv37646
0.9847506045845478,p1udm44919
0.9847579102777186,p1ulv44622
0.984758595444322,p1ulv28158
0.9847607418457527,p1ulv57080
0.9847672274593591,p1udm13413
0.9847675641883777,p1ulv38954
0.9847814333560495,p1udm30955
0.9847937840225044,p1ulv47731
0.9847978659173637,p1ulv39578
0.9848016300540718,p1udt4773lv
0.9848050863679585,p1ulv4741
0.9848072925331749,p1ulv29409
0.9848085786576939,p1ulv8507
0.9848093484356231,p1ulv38248
0.9848105871400443,p1ulv11027
0.9848111117836793,p1ulv13501
0.9848124017686045,p1ulv10368
0.9848148512871733,p1udm28594
0.9848281957236269,p1ulv22392
0.9848287957419781,p1ulv58244
0.9848289560767117,p1udm1021
0.9848350227575935,p1ulv20553
0.9848382187202394,p1ulv32586
0.9848460373946647,p1ulv25599
0.9848513995145468,p1udm38347
0.98485155463228,p1ulv55260
0.9848627348887782,p1ulv60700
0.9848631768320428,p1ulv23056
0.9848656387226039,p1udm30914
0.9848776676094273,p1udt22173lv
0.9848898183996377,p1udm41960
0.9848961273825476,p1ulv12887
0.9849008262280105,p1ulv52081
0.9849021622642602,p1ulv40835
0.9849033011795869,p1ulv14741
0.9849059586754955,p1ulv62592
0.9849065906742587,p1ulv38939
0.9849092988721103,p1ulv24970
0.9849102699849468,p1ulv47129
0.9849113699959797,p1ulv7326
0.9849119320216413,p1ulv17916
0.984928108692217,p1ulv18556
0.9849308658050004,p1ulv43969
0.9849316140587251,p1ulv63816
0.9849332923822571,p1ulv17931
0.9849389444865919,p1ulv1595
0.9849410379367443,p1ulv2217
0.9849413887483073,p1ulv14743
0.9849463823735055,p1ulv4739
0.9849527158434447,p1ulv57632
0.9849547466936872,p1ulv52723
0.9849589033414837,p1udm30986
0.9849589348217118,p1udm18504
0.9849590358249336,p1ulv907
0.9849620820510383,p1ulv14744
0.9849624110957063,p1udt12031lv
0.9849638456381751,p1ulv2855
0.9849639241169581,p1ulv8519
0.9849639411279405,p1ulv9769
0.9849689379798812,p1ulv3509
0.984971094797843,p1ulv41411
0.9849727836527475,p1ulv53339
0.9849735671527022,p1ulv6691
0.9849766407108871,p1ulv16012
0.9849770434910967,p1ulv4726
0.9849784677631479,p1ulv300
0.9849812829739768,p1ulv45216
0.984981338177976,p1udm970
0.9849829428541519,p1udm28681
0.9849856121536089,p1ulv1594
0.984985662220002,p1ulv16629
0.9850071414146062,p1ulv60060
0.9850084538662986,p1udm33192
0.9850093697624351,p1ulv30661
0.9850170800705732,p1ulv4109
0.9850224983567675,p1udt20790lv
0.9850267381521195,p1ulv23047
0.9850275235004037,p1ulv41422
0.9850286077664969,p1ulv59442
0.9850517514426487,p1ulv61938
0.9850561787727287,p1ulv38941
0.9850589336698858,p1udm7784
0.9850598168113194,p1ulv24359
0.98506233081161,p1ulv35182
0.9850646694880001,p1ulv40219
0.9850741234228464,p1ulv20519
0.9850817955446143,p1ulv45917
0.9850831958628256,p1ulv31921
0.985097348126514,p1ulv41447
0.9851068458039782,p1ulv3551
0.9851086011542132,p1ulv9771
0.9851100404008712,p1ulv2853
0.9851104279759922,p1ulv53341
0.98511222934755,p1udm26048
0.9851221920300592,p1ulv37634
0.9851396538389294,p1ulv63201
0.9851409026343125,p1ulv21780
0.9851414147623327,p1udm41959
0.9851416021947286,p1ulv57634
0.9851438808957873,p1ulv40183
0.9851439799667172,p1udm13360
0.9851445631912172,p1udm44240
0.9851503409049893,p1ulv54013
0.9851599608030885,p1ulv38252
0.9851637341440348,p1udm38296
0.9851736704319536,p1ulv31912
0.9851740855960036,p1udm48748
0.9851815761817092,p1udm21807
0.985183325419834,p1udm1440
0.9851855553796849,p1udm7634
0.9851871734954635,p1udm38295
0.9851877194900167,p1ulv63952
0.9851912029085098,p1ulv279
0.9851996597151098,p1udt5291lv
0.9852031851361442,p1ulv28171
0.9852134804428807,p1ulv2869
0.9852278858799793,p1ulv55865
0.9852320598567461,p1ulv53356
0.9852333201159147,p1ulv18601
0.9852344161670917,p1udm21770
0.9852365916625108,p1ulv62574
0.985236827298182,p1udm33234
0.985237019179102,p1ulv52788
0.9852390007015634,p1ulv17915
0.9852444788655748,p1ulv65091
0.9852452290924729,p1ulv51430
0.9852469617587758,p1udm39270
0.9852533597978359,p1udm29780
0.9852584800883784,p1ulv51464
0.9852612442996344,p1ulv28826
0.9852710367208689,p1ulv29399
0.9852751840523954,p1udm21805
0.985276107893307,p1ulv15965
0.9852819575997702,p1udm37365
0.9852834472873058,p1udm7632
0.9852837488195323,p1ulv53360
0.9852885318014055,p1ulv51432
0.9852948755087356,p1ulv3498
0.9852971628868593,p1ulv10380
0.9853000258394266,p1ulv25621
0.9853004884443439,p1ulv47732
0.9853033661284738,p1ulv39542
0.9853058138775305,p1udt19855lv
0.9853073312100475,p1ulv54046
0.985320930437155,p1ulv27569
0.985336401651178,p1ulv28791
0.9853402211963697,p1udt5321lv
0.9853437303013689,p1ulv37652
0.9853508054916308,p1ulv8518
0.98535140096906,p1ulv28170
0.9853516648329894,p1ulv43312
0.9853521370637592,p1ulv12266
0.9853544214441201,p1ulv17933
0.9853577171641104,p1ulv22415
0.9853611809930218,p1udm60259
0.9853664183402517,p1udm28581
0.9853668349641589,p1udt19323lv
0.9853683903614564,p1ulv40223
0.9853700021010595,p1udm7576
0.9853780834409658,p1ulv45237
0.9853788125131797,p1ulv8504
0.9853860964147567,p1ulv62628
0.9853874467432286,p1udm26038
0.9853906715102656,p1ulv21829
0.9853936149405029,p1ulv10382
0.9853936773409675,p1ulv39037
0.985399697702436,p1ulv39584
0.9854196029885007,p1ulv65108
0.9854202514875525,p1udm20274
0.9854207931144976,p1udm26104
0.985423414151905,p1ulv40170
0.9854245471187643,p1ulv4738
0.9854262641686149,p1ulv19271
0.9854267886790385,p1ulv40807
0.9854271369360127,p1ulv25013
0.9854286646407905,p1udm18517
0.985429727548488,p1ulv6769
0.9854321265833774,p1ulv12858
0.9854324788504992,p1udm27350
0.9854329790610872,p1udm13324
0.9854348263561848,p1ulv44613
0.985435476993763,p1udm20171
0.985444162239926,p1ulv54016
0.9854486164717067,p1ulv4098
0.9854506620585364,p1udm28579
0.9854639355100163,p1ulv23683
0.9854640975207521,p1ulv42639
0.9854665722571121,p1udm11570
0.9854735104229785,p1ulv50829
0.9854773325547415,p1udm18518
0.9854838816111993,p1udm24606
0.9854855983507387,p1ulv23682
0.9855014335349499,p1udm21765
0.9855082127672986,p1ulv63826
0.985516176617639,p1udm50352
0.9855167571288135,p1ulv4728
0.9855169902432654,p1ulv26228
0.985519267087498,p1udm48180
0.9855296410095453,p1udm15104
0.985531523516881,p1ulv30662
0.9855328225714443,p1ulv54605
0.9855335603931938,p1ulv24360
0.9855411612265551,p1ulv45263
0.9855419558201786,p1ulv61295
0.9855426906884557,p1udm33197
0.9855467512851348,p1ulv50817
0.9855590541023278,p1ulv57644
0.9855615550149652,p1ulv327
0.9855625310997822,p1ulv22427
0.9855677345618038,p1ulv63865
0.9855678615118016,p1ulv27546
0.9855805968328193,p1ulv14111
0.9855824419992241,p1ulv25635
0.9855827569442065,p1ulv17918
0.9855840087640181,p1ulv41425
0.9855912011518274,p1ulv35830
0.9855951326451484,p1ulv29408
0.9855996979763774,p1ulv8506
0.9855999464494358,p1ulv45911
0.9856018855374082,p1ulv23060
0.9856029429249576,p1ulv3514
0.9856065984967366,p1udm11520
0.9856069654244484,p1ulv9134
0.9856083621957463,p1ulv6045
0.9856123988152166,p1ulv23085
0.9856141370516001,p1ulv38931
0.9856170004786036,p1ulv4099
0.9856183622429786,p1ulv57044
0.9856200272798926,p1ulv30659
0.9856229957665696,p1ulv17962
0.9856265036524754,p1ulv7299
0.9856349550722553,p1ulv25614
0.9856452187542922,p1ulv28772
0.9856482459726172,p1udm27506
0.9856484661859913,p1ulv43300
0.9856513424589624,p1udt1562lv
0.9856574327430737,p1udm7755
0.9856574706524286,p1udm50818
0.9856579599214218,p1ulv37651
0.985662316689091,p1ulv26920
0.9856669489748201,p1ulv12273
0.9856698322999399,p1ulv50173
0.98566988545989,p1udm52253
0.9856729758649407,p1ulv43314
0.9856735915732451,p1ulv52115
0.9856762908933914,p1ulv295
0.9856815748207765,p1udm15141
0.9856827861059781,p1ulv45916
0.9856835941573812,p1udm21764
0.985700314583359,p1ulv63311
0.98570035430331,p1ulv46527
0.9857003681930558,p1ulv43318
0.985702962234856,p1ulv42675
0.9857039334396286,p1ulv18698
0.985704377993889,p1udm35437
0.9857054617870031,p1ulv26235
0.985707999556138,p1ulv11604
0.9857091235472015,p1ulv49571
0.9857093891349702,p1ulv32563
0.9857189740103014,p1ulv11004
0.9857196909618438,p1udm38297
0.9857201979754133,p1ulv26230
0.9857281489998558,p1ulv8544
0.9857290527505036,p1ulv40209
0.9857299806977706,p1ulv47733
0.9857397275145958,p1ulv53382
0.9857399315579796,p1ulv14769
0.9857444723889291,p1udm46247
0.9857507778700743,p1ulv27565
0.9857535619409366,p1udm1166
0.98575397689619,p1ulv62585
0.9857608095588435,p1ulv43999
0.9857647134211336,p1udm11584
0.985771176685244,p1ulv14738
0.9857744730752163,p1ulv8561
0.9857746568449561,p1ulv25012
0.9857828231361562,p1ulv38250
0.9857832325679846,p1ulv26234
0.9857847139831899,p1ulv920
0.9857894840822826,p1ulv31306
0.9857909605338344,p1ulv58955
0.9857953900245893,p1udm3304
0.9857959213842459,p1udm28686
0.9858076397912541,p1udm3298
0.9858148782703965,p1udm3303
0.9858163364785442,p1udm38303
0.9858168975466226,p1udm968
0.9858211695801316,p1udm21738
0.9858221175908501,p1udm48181
0.9858265323128621,p1ulv23686
0.985827102276541,p1ulv60039
0.9858273971748115,p1ulv47130
0.9858280018536629,p1udm33272
0.9858381861494186,p1udm44921
0.9858544339936642,p1udm50819
0.9858556180579869,p1ulv20528
0.9858579291887548,p1ulv45229
0.9858582086004793,p1ulv50814
0.9858582560165943,p1udm38278
0.9858624630929161,p1ulv4119
0.985863750413694,p1ulv11026
0.9858668115845788,p1ulv6652
0.9858670157689169,p1ulv35794
0.9858701591894627,p1ulv25602
0.9858763103838234,p1udm39269
0.9858783353126407,p1ulv63831
0.9858784403973535,p1ulv56451
0.9858963996378347,p1ulv19255
0.9859164938215094,p1udm51764
0.9859169099245461,p1ulv10381
0.9859197702016826,p1udt9196lv
0.9859239910929382,p1ulv16761
0.9859253786506397,p1ulv59441
0.9859280815768924,p1ulv56440
0.9859295725829733,p1ulv47109
0.9859315943268461,p1udm7757
0.9859320506487298,p1udm1163
0.9859418598734386,p1ulv47160
0.9859436860911988,p1udm49812
0.9859496324840744,p1ulv58248
0.985954225400884,p1ulv48392
0.9859610830984911,p1udm28593
0.9859639555090967,p1ulv7902
0.9859668257501454,p1ulv29437
0.9859687213451546,p1udt10678lv
0.98596999069404,p1ulv26219
0.9859710673696389,p1ulv6661
0.9859769859747214,p1udm3241
0.985985499158617,p1ulv61935
0.985989572469653,p1udt9183lv
0.9859910022218557,p1udm21842
0.9859928855705512,p1ulv63200
0.986004469267895,p1udm26106
0.9860048280743736,p1ulv31307
0.9860172879001136,p1ulv60058
0.9860208282908265,p1udm46260
0.9860220317548224,p1ulv46519
0.9860248536653637,p1ulv13507
0.9860304850806076,p1udm32124
0.9860322259921104,p1ulv52740
0.9860327545853386,p1ulv6692
0.9860346764390895,p1ulv38316
0.9860395112050725,p1ulv33881
0.9860397128774796,p1ulv18600
0.9860412632576376,p1ulv40834
0.9860422703367262,p1ulv16683
0.9860436669170144,p1ulv13508
0.9860521016083006,p1udm47581
0.986052913086622,p1ulv42042
0.986055507079491,p1ulv21179
0.9860626563365548,p1ulv23046
0.9860646447089275,p1ulv21781
0.986065920247089,p1udm1147
0.9860680837254245,p1ulv45885
0.986078270667164,p1ulv17301
0.9860786789384464,p1ulv35156
0.9860809138695315,p1ulv10986
0.9860810151281281,p1ulv60055
0.9860853789734867,p1ulv14770
0.986092604454898,p1ulv30677
0.986096303295317,p1ulv14155
0.9861000894391353,p1ulv13506
0.9861002987110066,p1udm9618
0.9861104433455676,p1ulv55232
0.9861151270570699,p1ulv49562
0.9861162666267125,p1udm26107
0.9861176575645046,p1ulv56554
0.9861214720638631,p1udm20270
0.9861214896402715,p1ulv38916
0.9861225725623329,p1ulv31926
0.9861366206677795,p1udm13326
0.9861389919275986,p1ulv2868
0.9861399583125241,p1ulv30654
0.9861471561464541,p1udm41936
0.9861557662103158,p1udm3295
0.9861592081877113,p1ulv17917
0.9861597266176646,p1ulv33903
0.9861609658401258,p1udt9186lv
0.9861656542345016,p1udm1145
0.9861659127474414,p1ulv13534
0.9861720032338356,p1udt8073lv
0.9861735535038604,p1ulv26227
0.9861833318733071,p1ulv8560
0.9861898472711407,p1udm34315
0.9861903705560076,p1udm42754
0.986192229401873,p1ulv59451
0.9861957814623257,p1ulv46534
0.9862019709377035,p1ulv47156
0.986207839356954,p1ulv65088
0.9862101847298402,p1ulv49085
0.9862101983626016,p1udt15001lv
0.9862136231870868,p1ulv32555
0.9862222842080823,p1udt13027lv
0.986222465288945,p1ulv24362
0.9862235158262517,p1udm20467
0.9862235596720568,p1udm24580
0.9862273365010498,p1ulv20518
0.9862322085324993,p1ulv29433
0.9862357213585646,p1ulv32597
0.9862386958898461,p1udm16792
0.9862434448111861,p1ulv64463
0.9862460194202025,p1udm53085
0.9862476648229453,p1ulv30655
0.9862578184783655,p1udm35417
0.986258468940014,p1ulv48393
0.9862662775352768,p1udm24708
0.9862667741074405,p1ulv51414
0.9862677555395496,p1ulv4724
0.9862734920803221,p1ulv23667
0.9862743876751261,p1ulv45886
0.9862744932984594,p1ulv32590
0.9862765027135119,p1udm18513
0.986276921756216,p1udm52250
0.9862785451677742,p1ulv44620
0.986283823790314,p1ulv45239
0.9862867397886645,p1ulv14762
0.9862883315230372,p1ulv11601
0.9862918253599138,p1ulv28789
0.9862967129339897,p1udt3787lv
0.9863026466096245,p1udm23176
0.9863033027769612,p1udm37361
0.986304389679404,p1ulv65105
0.9863112739667297,p1ulv10428
0.9863188798447238,p1udm34337
0.9863192455764569,p1ulv13489
0.9863225050561235,p1udt12097lv
0.986324873297304,p1udt19322lv
0.986330214875949,p1udm38346
0.9863308302456881,p1ulv19872
0.9863333138760568,p1udm24668
0.9863337637714082,p1ulv57055
0.9863346585276835,p1ulv61942
0.986340326024544,p1ulv40221
0.9863435004171976,p1ulv9129
0.9863445855735421,p1udm21841
0.9863447407350352,p1ulv47718
0.9863470120291301,p1udm39338
0.986348405663886,p1ulv52724
0.9863524147942662,p1ulv36419
0.9863535592312818,p1ulv31923
0.9863551085051576,p1udm32142
0.986360979183953,p1ulv15375
0.9863700647450488,p1udm7633
0.9863733745724548,p1udm54563
0.986375646310563,p1ulv59461
0.986376877892549,p1ulv12892
0.9863782378086956,p1ulv25601
0.9863789499374258,p1ulv43972
0.9863814179979248,p1udm27306
0.9863834175869164,p1ulv35839
0.986391887589963,p1udm15110
0.9863924001674423,p1ulv49555
0.9863937282300262,p1ulv2220
0.9863945114465353,p1ulv39552
0.9863953651678926,p1ulv64521
0.9864023469197885,p1udt15766lv
0.9864059205182378,p1udm15134
0.9864077735921899,p1udm9621
0.9864117546141502,p1ulv44617
0.9864125688310916,p1ulv53362
0.9864163761204061,p1udm51277
0.9864186213801849,p1ulv32547
0.9864219750810171,p1ulv7914
0.986422253220719,p1ulv19218
0.9864222757968406,p1ulv28165
0.9864252364106454,p1ulv50857
0.9864255279586821,p1ulv57040
0.9864263414371859,p1ulv17932
0.9864268715513884,p1ulv39576
0.9864385878795975,p1udm21771
0.9864401836472595,p1udm29778
0.98644177755646,p1udm50350
0.9864418806192792,p1ulv43964
0.986442562304072,p1udm9600
0.9864460880383858,p1udm28683
0.9864466414146089,p1ulv34518
0.9864468365353086,p1ulv36521
0.986447664794986,p1ulv47120
0.986455837693013,p1ulv65106
0.9864637961494068,p1ulv923
0.9864666119424055,p1udt2146lv
0.9864685116260608,p1ulv32564
0.986469626172637,p1ulv23664
0.9864702379294368,p1ulv24960
0.9864708091082794,p1ulv15966
0.9864709849533235,p1ulv15985
0.9864732588803953,p1ulv36428
0.9864749163520141,p1ulv10422
0.9864815321965854,p1udm47546
0.9864818029787545,p1udm5623
0.9864829114652669,p1udm26025
0.9864891295215907,p1ulv48344
0.986493425904325,p1ulv5997
0.9864999746021008,p1udm35440
0.986500322855488,p1ulv5996
0.9865038069302517,p1udt21768lv
0.986504425458295,p1ulv38313
0.9865086050540783,p1ulv53361
0.9865125664988418,p1ulv5455
0.9865175810225868,p1udm33193
0.9865251694260545,p1udm62891
0.9865346288977934,p1ulv44597
0.9865428583523579,p1ulv7284
0.9865492900575201,p1udm26059
0.9865549907566813,p1ulv44609
0.9865606624879761,p1ulv27566
0.9865634579830485,p1ulv53338
0.9865637300081158,p1ulv42672
0.9865770830461078,p1ulv46000
0.9865772294503591,p1ulv16013
0.9865795240941719,p1udt5304lv
0.9865816484200769,p1ulv48343
0.9865885096708291,p1udm47565
0.9865988108536015,p1udm26024
0.9865994785506329,p1udm45680
0.9866009453351703,p1udm51765
0.98660476930211,p1udm23201
0.9866062221962433,p1ulv58243
0.9866083956002607,p1ulv50174
0.9866088686150616,p1udm21742
0.9866104526247145,p1udm13322
0.9866109711900688,p1udm35439
0.986614764753983,p1udm27352
0.9866162246821081,p1ulv50159
0.9866174803209392,p1ulv4146
0.9866230494835994,p1udt7201lv
0.986627481372838,p1udm7778
0.9866314175949138,p1udm28583
0.9866349027512649,p1udt22175lv
0.9866371839644592,p1udm39268
0.986644146220244,p1udm5618
0.9866447143685182,p1ulv17276
0.9866450488756477,p1ulv47729
0.9866452413546933,p1ulv34510
0.986645456863299,p1udm42138
0.9866525764950747,p1udm23172
0.9866571569361984,p1udm3238
0.9866589919082615,p1ulv12257
0.9866626594965843,p1ulv37766
0.9866647899596586,p1ulv16650
0.9866660107200976,p1udm41064
0.9866662692416921,p1udm34381
0.9866666322663344,p1udm3251
0.9866696557033962,p1udt20786lv
0.9866810388738569,p1udm46212
0.9866858862473387,p1ulv50157
0.9866863851087572,p1ulv43301
0.9866914155795763,p1udm46246
0.9866922891687645,p1ulv9874
0.9866931332526059,p1ulv7915
0.986693273712265,p1udt23583lv
0.9867003058382999,p1udm28684
0.9867008181994669,p1ulv44646
0.986701590997261,p1udt22435lv
0.9867041542946606,p1udm50836
0.9867080367761281,p1ulv50856
0.9867112224421738,p1ulv1619
0.9867115232705699,p1udm7586
0.9867147976912201,p1udt5838lv
0.9867180887454582,p1ulv50820
0.9867238048926876,p1udm57955
0.9867259850890833,p1ulv40171
0.9867278055006341,p1ulv15968
0.9867314750913816,p1ulv43319
0.9867378067357323,p1ulv50212
0.9867450409590509,p1udm15103
0.9867484153322348,p1udm46880
0.9867529812445354,p1udm38350
0.986755396030261,p1ulv37072
0.9867571991154017,p1ulv4745
0.98675903524049,p1ulv57645
0.9867616918124109,p1ulv13502
0.9867657796902094,p1ulv5341
0.9867674827887131,p1udm20466
0.9867716896947866,p1udm37362
0.986773283706751,p1udm45640
0.9867741992366799,p1ulv47132
0.9867749197968063,p1udm26105
0.9867758722848936,p1udm3252
0.9867778906397495,p1ulv3512
0.9867806195747599,p1udm41935
0.9867912703289522,p1ulv25615
0.9867928475616942,p1ulv35177
0.9867934394932458,p1udm7753
0.9868040734445838,p1ulv50158
0.9868064084451298,p1ulv37685
0.9868065757815413,p1ulv7282
0.9868114003207242,p1ulv31961
0.9868124104679392,p1ulv9138
0.9868139671326892,p1ulv28204
0.9868150997625222,p1ulv60661
0.9868236509331614,p1udm24603
0.9868266667391521,p1ulv36431
0.9868269385174182,p1udm51288
0.9868279024698998,p1ulv9773
0.9868291771501283,p1udm18503
0.9868295903583019,p1udm11569
0.9868352876595157,p1ulv21782
0.986838536101668,p1udm15138
0.9868405691317487,p1udt19880lv
0.986841079644593,p1ulv26899
0.986841520733077,p1ulv59462
0.9868429404540728,p1udm29821
0.9868478543623709,p1ulv59454
0.9868481815547172,p1udm1164
0.986853256262659,p1ulv22374
0.9868560832687558,p1ulv57063
0.9868563966941222,p1ulv5334
0.986861859499987,p1udm59892
0.9868630426841642,p1udm15131
0.9868635623042478,p1udm38349
0.9868686393818362,p1ulv34512
0.9868710446567777,p1ulv16648
0.9868722844308341,p1ulv52105
0.986875948889735,p1udm21766
0.9868798294877028,p1udt2102lv
0.9868807193937552,p1ulv60676
0.986881416658572,p1ulv31278
0.9868849087786764,p1udm24605
0.9868927091570878,p1udt9171lv
0.9868928284546108,p1udt19525lv
0.9868945643047256,p1udm54570
0.986897762543646,p1udm33194
0.9869033488096974,p1udm45641
0.9869053269655874,p1udm21741
0.9869084694715148,p1ulv34520
0.9869091780864125,p1ulv59465
0.9869138927933518,p1ulv25006
0.9869219195013508,p1udt9195lv
0.9869227071166597,p1udm16794
0.9869234608169906,p1udt275lv
0.9869236560702532,p1ulv6011
0.9869279803817015,p1ulv928
0.9869300146168891,p1udm28697
0.9869306181680995,p1udm51289
0.9869306657860653,p1ulv25603
0.9869362379520625,p1ulv41420
0.986936279194174,p1udm18613
0.986951424322233,p1ulv45870
0.9869520064686215,p1ulv45251
0.9869587332144796,p1ulv38251
0.9869587655167964,p1ulv43313
0.9869669749912758,p1udm27302
0.9869729459556624,p1ulv19869
0.9869757804225073,p1ulv39035
0.9869829136340225,p1ulv26229
0.986984342957542,p1ulv19868
0.9869874688442801,p1ulv41433
0.9869875017795623,p1udt3259lv
0.9869881733734012,p1udt3273lv
0.9869885684506681,p1ulv63247
0.9869942714803285,p1udm27307
0.9869969729255782,p1ulv49569
0.987004753011092,p1ulv43310
0.9870067390037901,p1ulv61921
0.9870075979892075,p1ulv61919
0.9870087728216911,p1ulv54633
0.9870107559383716,p1ulv23689
0.9870130505666562,p1ulv26890
0.9870152335724643,p1udm15102
0.9870156677641281,p1udm34314
0.9870159354752219,p1ulv64478
0.9870206795375955,p1ulv57061
0.9870252596845623,p1udm39337
0.9870260025576114,p1ulv59456
0.987027309795715,p1ulv19229
0.9870362835364308,p1ulv23688
0.9870404744443468,p1ulv42647
0.9870427767534946,p1ulv6644
0.9870441291207772,p1udm15111
0.987047282935949,p1ulv40812
0.9870477591864089,p1ulv57053
0.9870504103804394,p1udm11586
0.9870523428934642,p1ulv14125
0.9870526725495714,p1ulv14740
0.987054589077854,p1udm13436
0.9870631695360212,p1udm48177
0.9870632713172585,p1udm42820
0.9870639006544807,p1udm32128
0.9870675117519405,p1ulv17964
0.9870683788650845,p1udm7752
0.9870688872555622,p1ulv42082
0.9870689139799429,p1ulv2849
0.9870753556560045,p1ulv29436
0.9870778085029263,p1ulv31927
0.9870833814940425,p1udm48809
0.98708459826648,p1udm3302
0.9870853050596328,p1udm48178
0.9870863037774027,p1ulv2261
0.9870949215369692,p1udm39300
0.9870965707093355,p1udm38274
0.987104965319296,p1udm54564
0.9871058276737663,p1udm46881
0.9871089255806559,p1udt8074lv
0.9871112190038427,p1udm57460
0.9871148673846589,p1ulv21184
0.9871164007208945,p1ulv10498
0.9871188651855229,p1ulv4746
0.9871227647866575,p1ulv6770
0.9871235880423129,p1ulv47730
0.9871266547208057,p1udm58647
0.9871291437923677,p1ulv54623
0.987129914062873,p1udm1144
0.9871332742663598,p1udt13645lv
0.987135827902737,p1ulv35251
0.9871409969353211,p1udt14220lv
0.9871435016556687,p1ulv12868
0.9871451065580957,p1udm38277
0.9871451573725792,p1ulv36524
0.987147068028243,p1udm41062
0.9871485089781635,p1udm3294
0.987151191375016,p1ulv7937
0.9871514522616709,p1udm42826
0.9871530008677221,p1ulv46563
0.987155704183702,p1udm5574
0.987157158484788,p1ulv57065
0.9871623856366987,p1udm1023
0.9871629954619292,p1ulv24381
0.9871654677883006,p1ulv30643
0.9871656378645892,p1ulv16631
0.9871668878632384,p1ulv42645
0.9871675737066956,p1ulv19228
0.9871717174102317,p1udm34375
0.9871731232403425,p1ulv33242
0.9871739138886793,p1ulv1588
0.9871762996864517,p1ulv52735
0.9871765261994778,p1ulv9140
0.9871790427832168,p1ulv23690
0.9871790763890769,p1ulv40808
0.9871806805965976,p1udm9610
0.9871841122481247,p1ulv31911
0.9871849117103892,p1ulv19907
0.9871924489568791,p1udm54571
0.987197270563398,p1udm13414
0.9872002892677261,p1ulv54631
0.9872009081600153,p1ulv50178
0.9872038274987261,p1ulv60056
0.9872060535424539,p1ulv31258
0.9872098928508027,p1ulv33234
0.9872125457871181,p1ulv65111
0.9872130939410579,p1ulv13488
0.9872178639836542,p1udt9581lv
0.9872180077243644,p1ulv30056
0.9872198193873174,p1ulv43976
0.9872279290515816,p1ulv4104
0.9872302209780668,p1ulv30055
0.9872304260215108,p1udt14747lv
0.9872322374982834,p1ulv61933
0.9872340676315323,p1ulv7909
0.9872352476646264,p1udt11684lv
0.9872390171559361,p1udt6319lv
0.9872478705244194,p1udt23026lv
0.9872537262541372,p1ulv45913
0.987254100559073,p1ulv34515
0.9872542167755608,p1udm9612
0.9872545187481376,p1ulv55849
0.9872555508115683,p1udm11582
0.9872567235094465,p1ulv6646
0.9872595745844754,p1ulv2888
0.9872615136633691,p1ulv34519
0.9872616386004388,p1udm23199
0.9872621579508348,p1ulv15983
0.9872680124351622,p1ulv44652
0.987271667243767,p1ulv11093
0.9872741125255002,p1udm35419
0.9872745014216457,p1ulv57665
0.9872753043956897,p1udm34336
0.9872754200277951,p1ulv63314
0.9872786926854087,p1udm20167
0.9872809595858822,p1udm34380
0.987281929835747,p1ulv64481
0.9872863107798346,p1ulv14722
0.9872869860800714,p1ulv18696
0.987288003669007,p1udm20194
0.9872891801446162,p1udm55638
0.9872947370011135,p1udm20170
0.9872968243683924,p1ulv17934
0.9872969729121317,p1udm3248
0.9872973154796664,p1udm42000
0.9872998442720637,p1udt22031lv
0.9873024009381492,p1ulv2842
0.9873051069801934,p1ulv8567
0.9873060166286807,p1udm24600
0.9873120398466183,p1ulv14131
0.9873122055052169,p1ulv24959
0.9873131551549604,p1udm33201
0.987320512870073,p1ulv26997
0.9873207742413042,p1ulv37032
0.9873246640797144,p1udt17774lv
0.9873248904205469,p1ulv50170
0.987325193362312,p1ulv9802
0.9873264733641575,p1udm57693
0.9873288650375573,p1udm26036
0.9873321206102827,p1udt20336lv
0.9873338664178213,p1ulv7325
0.9873355925498979,p1ulv48345
0.9873356998766785,p1ulv41429
0.9873365430600249,p1udm23207
0.9873399296587964,p1udm28677
0.9873452009118961,p1ulv33879
0.9873622924339666,p1udm57958
0.9873629778283433,p1udm41933
0.9873648879758338,p1ulv43955
0.9873668855707669,p1udm13358
0.9873681260381465,p1udm24608
0.9873787663556952,p1ulv7280
0.9873792983015279,p1udm28699
0.9873801223154962,p1ulv13486
0.9873811520400013,p1ulv48389
0.9873817795472994,p1udm45679
0.9873857178950058,p1udm18505
0.9873867091005701,p1udm49286
0.9873879348209555,p1ulv10385
0.9873901529216127,p1ulv13485
0.9873914273082258,p1ulv13533
0.9873920973927841,p1ulv12265
0.9873932992819994,p1udt12030lv
0.9874006173086508,p1udt5303lv
0.9874039859958388,p1ulv16651
0.9874064529669575,p1udt13940lv
0.9874129742420258,p1udm53832
0.9874132028562899,p1ulv47157
0.9874135281594113,p1ulv50815
0.9874151898466561,p1udt11023lv
0.9874217410248611,p1udt7165lv
0.9874247593467149,p1ulv38258
0.9874321261174742,p1ulv50176
0.9874349877401144,p1ulv39034
0.987436743530242,p1ulv11632
0.9874373315501077,p1ulv10425
0.9874409387963865,p1udm9602
0.9874425352910459,p1ulv53352
0.9874441643275849,p1ulv6656
0.987446872732725,p1ulv50860
0.9874511637152782,p1udt7202lv
0.9874513852990052,p1udm30923
0.9874534273462521,p1udm54194
0.9874551501314541,p1ulv62695
0.987455354693691,p1udm24599
0.9874581382085712,p1udm28678
0.9874593065858224,p1udm5721
0.9874596743665727,p1udt6718lv
0.9874596763538073,p1ulv39541
0.9874599316926314,p1ulv20527
0.9874634639798182,p1udm11588
0.9874673907578595,p1ulv15355
0.9874677605806019,p1ulv11002
0.9874678664089025,p1ulv20516
0.987470617256323,p1udt16252lv
0.9874767116334844,p1ulv42049
0.9874779163282787,p1udm57461
0.9874781412432228,p1ulv6650
0.9874786168913416,p1ulv3515
0.9874808477508976,p1udt906lv
0.987483792394262,p1ulv54636
0.9874841209272582,p1ulv55259
0.9874883825647446,p1ulv27530
0.9874891732133377,p1udm9657
0.987490674043891,p1ulv62042
0.9874913043795135,p1udm57426
0.9874949622961663,p1ulv32546
0.9874988084449119,p1udt16487lv
0.9875050813617872,p1udt10308lv
0.9875068913234097,p1ulv49552
0.987507223219171,p1ulv10999
0.9875093470264449,p1ulv57056
0.9875120466851481,p1udt6717lv
0.9875120826485781,p1udm33273
0.9875135075233139,p1ulv47717
0.9875163292449338,p1ulv14109
0.9875163501354705,p1udm42821
0.9875193761495366,p1udt4859lv
0.9875213080499351,p1ulv15367
0.9875225141815038,p1ulv921
0.9875289725670972,p1ulv8522
0.9875314358436633,p1ulv15981
0.9875316380365105,p1ulv9770
0.9875340811144147,p1udt293lv
0.9875378861430315,p1ulv24972
0.9875389291534036,p1udm3317
0.987542384169108,p1udm43544
0.9875440804970634,p1ulv31274
0.9875442767989256,p1udm9625
0.9875458506120285,p1ulv6695
0.987547802695162,p1udt17785lv
0.9875481063485989,p1ulv55841
0.9875506123335455,p1udt15792lv
0.9875513005994347,p1udm42001
0.9875528477938453,p1ulv29391
0.9875603391576352,p1udm55621
0.9875672330905649,p1udm41073
0.9875677723130976,p1udt12055lv
0.9875695009205563,p1ulv52118
0.9875696520662244,p1ulv30768
0.9875732247523743,p1ulv2221
0.987584485159122,p1ulv31276
0.9875847198879415,p1udm39278
0.9875850859200084,p1ulv62625
0.9875862205711432,p1udm55295
0.9875890710221233,p1ulv10366
0.9875919244182312,p1ulv17935
0.9875988593654451,p1ulv4744
0.987607122907038,p1ulv15967
0.9876077644371297,p1ulv301
0.9876080219794693,p1udt10679lv
0.9876092745763637,p1udt16928lv
0.9876117465434857,p1udt10688lv
0.9876165913050354,p1ulv58245
0.9876183143622761,p1ulv47727
0.9876186201104451,p1ulv27519
0.9876262436329564,p1ulv13536
0.987626983545422,p1ulv38932
0.9876296325720146,p1udm48750
0.9876297415046863,p1ulv62584
0.9876312161065541,p1ulv50179
0.9876346987662168,p1ulv40800
0.9876370189595829,p1udt11692lv
0.9876374416356748,p1ulv59486
0.9876486006510574,p1ulv28156
0.9876542048081316,p1udm59893
0.9876669465129837,p1ulv26886
0.9876685591007655,p1ulv52726
0.9876727960930136,p1ulv30771
0.9876770114795914,p1ulv17965
0.9876839686090662,p1udm30921
0.98768422403104,p1udm28558
0.987685569407986,p1udt15521lv
0.9876915600284726,p1ulv15353
0.9876961385209488,p1udt3776lv
0.9877003805049644,p1udm42759
0.9877003851401284,p1udt19157lv
0.9877013742039514,p1udt13089lv
0.9877024689293675,p1udt8490lv
0.9877025705940761,p1udm7573
0.9877034084668428,p1udt19528lv
0.9877058586487628,p1udm40254
0.9877109914409296,p1udm36412
0.9877136572614548,p1udm47567
0.9877179791453563,p1udt7173lv
0.9877199645981791,p1udm3247
0.9877245172952219,p1ulv64474
0.9877255570092179,p1ulv21899
0.9877275996798481,p1ulv11645
0.987731471112575,p1udt24793lv
0.9877315590565318,p1udt5892lv
0.9877337871098528,p1udt13091lv
0.9877393432225021,p1udm1015
0.9877435608777018,p1ulv54019
0.9877440100708604,p1udt16525lv
0.9877446939506536,p1udt8858lv
0.987744924309202,p1ulv21800
0.98775055052459,p1udm47564
0.9877511915802218,p1ulv62570
0.9877531303039532,p1udt20202lv
0.9877531326375268,p1ulv31948
0.9877542802633272,p1udm55294
0.9877550498164717,p1udm53155
0.9877552806460206,p1udm45736
0.9877598982737462,p1ulv38260
0.9877619462028602,p1ulv51411
0.9877632852257093,p1ulv48333
0.9877686540774974,p1udt24997lv
0.9877702111225448,p1ulv15368
0.9877732289232279,p1udt11363lv
0.987777081749972,p1ulv37042
0.9877785896358198,p1ulv31922
0.9877787084489611,p1ulv2884
0.9877792388626025,p1ulv29403
0.9877815844794289,p1ulv33240
0.9877822786236018,p1udm52251
0.9877826127714866,p1udt11694lv
0.9877826249004511,p1udm42823
0.9877883065714927,p1ulv54617
0.987792959875632,p1udm1161
0.9877930706842215,p1ulv7913
0.9877940566243903,p1ulv59464
0.9877954950007692,p1udt7599lv
0.9877993198170019,p1ulv288
0.9877994204587083,p1udt3271lv
0.9878061703368499,p1ulv21182
0.9878068208940529,p1udm39276
0.9878103678158514,p1ulv37030
0.9878169940209518,p1ulv8508
0.9878192047709269,p1udt324lv
0.9878219381869272,p1ulv25010
0.987824326888981,p1udt2687lv
0.9878245389665533,p1udt20201lv
0.9878261356494602,p1udm47566
0.9878278290269191,p1ulv6682
0.9878297118009867,p1udm59891
0.9878300445121371,p1ulv41428
0.9878343333416926,p1udm7581
0.9878348654742725,p1ulv3510
0.9878384998389328,p1udt2107lv
0.9878432196725004,p1ulv21176
0.9878435751341522,p1ulv38918
0.987844580715588,p1udt6299lv
0.9878450453860429,p1ulv24352
0.9878468369624797,p1ulv62693
0.9878479904728276,p1ulv60062
0.9878543799932862,p1udt20344lv
0.9878625091279639,p1ulv37029
0.9878638035707112,p1ulv58842
0.9878638832146986,p1ulv45887
0.9878680876213621,p1udm56892
0.9878687703172118,p1ulv33245
0.9878699518015227,p1udm41111
0.9878707921340294,p1ulv33876
0.987871846656908,p1ulv45869
0.987872509838269,p1udm59314
0.98787301893168,p1ulv47764
0.9878738071889855,p1udm47574
0.9878785893447282,p1ulv30642
0.9878787443082593,p1udt9928lv
0.987879345917672,p1ulv4117
0.9878813630652807,p1udm38310
0.9878835490811664,p1udm53075
0.9878873919180227,p1udt21769lv
0.9878963104999546,p1udt17152lv
0.9878974545465746,p1udt8025lv
0.9879025332084015,p1udt16933lv
0.9879052424888825,p1udt14727lv
0.9879093066797758,p1udm971
0.9879101201445158,p1ulv22377
0.9879125372120989,p1ulv45240
0.9879136212619875,p1udm56592
0.9879164035531806,p1udt10323lv
0.9879166621083217,p1udt6297lv
0.9879173682065738,p1udm1034
0.9879188788950103,p1udm41940
0.9879207890741105,p1udm26054
0.9879279841809538,p1udm23202
0.987936847814958,p1udt889lv
0.9879389199118063,p1ulv24354
0.9879390163012346,p1udm24611
0.9879402750247166,p1ulv30013
0.9879427749005585,p1udm42824
0.9879431185959815,p1udm36411
0.9879437598872749,p1udm37378
0.9879450800777392,p1ulv294
0.9879454132877781,p1udt2686lv
0.9879467195401939,p1udm34379
0.9879486938356562,p1udt9185lv
0.9879488075097098,p1udm34376
0.9879537599695469,p1ulv15979
0.9879563849404305,p1ulv48992
0.9879593137445646,p1udt8440lv
0.9879657119837296,p1udt7620lv
0.9879667083569728,p1ulv43357
0.9879706713133818,p1udm24584
0.987974349498185,p1ulv60685
0.9879744703803153,p1ulv65097
0.9879754055626698,p1udm55288
0.9879953906606176,p1udt13368lv
0.9880002318841399,p1udt24051lv
0.9880010795543093,p1ulv52088
0.9880023821189567,p1ulv64587
0.9880033618531017,p1udt8819lv
0.9880054085307778,p1udm60258
0.9880095560872881,p1udm13435
0.9880095566812128,p1ulv38269
0.988015399921682,p1udm24617
0.9880226405943504,p1ulv27525
0.9880247536087782,p1ulv45235
0.9880264126193916,p1udm47576
0.9880311043767267,p1ulv50858
0.9880339652126793,p1ulv63829
0.988035163497635,p1ulv32543
0.9880366424865308,p1udt8806lv
0.9880400482948872,p1ulv45995
0.9880434446528612,p1udt19140lv
0.988046171347288,p1ulv56452
0.9880490725363706,p1ulv28786
0.9880492130300056,p1udt21213lv
0.9880536031412188,p1ulv61311
0.9880582264277742,p1udm13437
0.9880592103572371,p1ulv15976
0.9880680850770159,p1udm27303
0.9880684834932227,p1udm28582
0.9880706093932589,p1ulv2851
0.9880714051691898,p1udm3291
0.988073461739051,p1ulv4725
0.9880821412011045,p1ulv5995
0.9880829164493008,p1udt17817lv
0.9880835300071187,p1ulv31267
0.9880859211290509,p1ulv30660
0.9880869876279901,p1ulv38265
0.9880878641298874,p1ulv28173
0.9880910771736404,p1udt7602lv
0.9880973814517633,p1ulv9135
0.9881015335779956,p1ulv26265
0.988105656266564,p1ulv64475
0.988110054361291,p1udt15520lv
0.9881116666303266,p1udm42771
0.9881184763995088,p1udm43579
0.9881194756756806,p1udt18160lv
0.9881203155353013,p1udt10297lv
0.9881221264264883,p1ulv25611
0.9881268495759482,p1ulv38253
0.9881272670446927,p1udm50837
0.9881318634421685,p1udm1162
0.9881386374267102,p1udm24585
0.9881388773434023,p1udm9608
0.9881397685150244,p1ulv38938
0.9881410614816777,p1udm32123
0.9881438590647609,p1ulv60666
0.9881454916938925,p1ulv14110
0.98814766735688,p1udt11024lv
0.9881524363080728,p1ulv48984
0.9881542335271283,p1udm11580
0.9881588928222349,p1ulv53343
0.9881641121115138,p1ulv33359
0.9881698038299248,p1udt13039lv
0.9881744424429959,p1ulv12860
0.9881796852166326,p1ulv39551
0.9881821421940624,p1ulv27545
0.9881863079999864,p1ulv23057
0.9881888098533023,p1udm11583
0.9881907386183821,p1udm32136
0.9881980899128856,p1ulv28784
0.9882046186374012,p1ulv44650
0.9882077719636689,p1ulv5453
0.9882091390988795,p1udm16795
0.9882098369309507,p1udm38311
0.9882105235634295,p1ulv24356
0.9882113505108702,p1ulv26270
0.988215005366853,p1ulv35159
0.9882204519757545,p1ulv5998
0.9882213498183214,p1ulv47720
0.9882230882509998,p1ulv38963
0.9882272303077813,p1udm15106
0.9882284715374656,p1udm59308
0.9882293551688698,p1udm53464
0.9882336709106054,p1ulv38266
0.988236335200265,p1udt15273lv
0.9882366177514889,p1ulv43971
0.9882386543827497,p1udm20164
0.98824194461088,p1udm45737
0.9882523524560409,p1ulv40801
0.9882529785219375,p1udt11685lv
0.988260676556896,p1udt18565lv
0.9882609736977694,p1ulv30769
0.9882629830147551,p1udt17814lv
0.9882663244697436,p1ulv19873
0.9882673278261952,p1ulv40222
0.9882722027626745,p1udt330lv
0.9882723487819206,p1udm18612
0.988276868808174,p1ulv5340
0.9882863667377108,p1udt24904lv
0.9882906193397318,p1udm15153
0.9882927988530453,p1ulv23677
0.9882951649342033,p1ulv22376
0.9882965476625711,p1ulv302
0.9883027116364933,p1ulv1589
0.9883030114206659,p1ulv48334
0.9883031975139955,p1udm15108
0.988303349340995,p1ulv52772
0.9883062164976524,p1udm3288
0.9883068748809576,p1ulv57059
0.9883070528757372,p1udm44254
0.9883095970626252,p1udm37377
0.9883110512427944,p1ulv23666
0.9883112062788841,p1ulv63871
0.9883143099846119,p1udm23200
0.9883231155802816,p1udt8437lv
0.9883253769024349,p1ulv14763
0.988326378548183,p1udm13302
0.9883328139986176,p1ulv23674
0.9883387020513744,p1udt6318lv
0.9883402270406905,p1ulv3516
0.9883406794241811,p1udt3276lv
0.9883436206389222,p1udt9930lv
0.9883461698654928,p1udm42762
0.9883468165928688,p1ulv60663
0.9883528731884635,p1ulv37041
0.9883619503068697,p1udt11038lv
0.9883628994313288,p1ulv29515
0.9883679869803473,p1ulv37635
0.9883684431116577,p1udm15101
0.9883812730740332,p1ulv30036
0.9883825519393621,p1udm7579
0.9883869243317056,p1udt5301lv
0.988387235302463,p1ulv46530
0.9883914053887781,p1ulv56456
0.9883931773011343,p1udt907lv
0.9883939807280336,p1udt6308lv
0.9883941588622283,p1ulv51431
0.9884001771425003,p1udm9708
0.9884080622903944,p1udt17778lv
0.9884094902773076,p1udt10702lv
0.9884095501929229,p1ulv42053
0.9884115993632849,p1ulv51413
0.9884127518597614,p1ulv23061
0.9884144944197546,p1ulv57633
0.9884145784206548,p1udt22520lv
0.9884186364646939,p1ulv7292
0.988420586548433,p1ulv60679
0.9884328076348396,p1udm23205
0.9884329506219791,p1udm20269
0.988433697121085,p1udt11708lv
0.9884351839669795,p1udm28693
0.9884373829190427,p1ulv48990
0.9884401468398542,p1udt13018lv
0.9884401921154514,p1ulv30014
0.9884405644219132,p1udm50838
0.9884407525902967,p1udt14502lv
0.9884424612327477,p1udt22527lv
0.9884454976177217,p1udm15132
0.9884491076369812,p1udt20178lv
0.9884506955893188,p1ulv17914
0.9884508712525835,p1udt892lv
0.9884593251886027,p1ulv57066
0.9884601669802987,p1udm32167
0.9884605357473762,p1ulv22416
0.9884671534421087,p1ulv60681
0.9884671901497906,p1ulv13487
0.9884692443248765,p1udt2143lv
0.9884694093306075,p1ulv24355
0.9884700853933245,p1udm20165
0.9884741262191716,p1udt6287lv
0.9884769434173704,p1ulv5327
0.9884771872149434,p1ulv21819
0.9884775038910429,p1ulv9149
0.9884785068982973,p1udm1017
0.9884795239288962,p1ulv61936
0.9884843611618411,p1ulv28164
0.9884853918764878,p1udm50348
0.9884886266183779,p1udt11362lv
0.9884917618231015,p1udm33237
0.988495352793114,p1udm24666
0.9884974427747703,p1ulv10384
0.9884977613778179,p1udm5577
0.9885004253868659,p1ulv10410
0.988501479551066,p1udt24465lv
0.9885025776773996,p1udt16261lv
0.9885035726676824,p1udt4857lv
0.9885043019570565,p1udm39281
0.9885064699526733,p1ulv38928
0.9885083848682835,p1ulv52078
0.98851314522615,p1ulv57041
0.9885257036775942,p1udm7584
0.9885284747910106,p1udm15152
0.9885294148143589,p1udt23252lv
0.9885379684399693,p1udt14744lv
0.98853816533454,p1udm28584
0.9885382953420151,p1ulv44596
0.9885419510193796,p1udt2685lv
0.9885425144583029,p1ulv27538
0.9885465814454606,p1udt10307lv
0.9885469149648438,p1udt18598lv
0.9885472257760748,p1ulv31275
0.9885493133789476,p1udt25193lv
0.9885537459104401,p1udt15262lv
0.9885586541006032,p1udt8436lv
0.9885594183566799,p1udt12697lv
0.9885596423515647,p1ulv16764
0.9885603369635572,p1ulv48975
0.9885678052217444,p1udm9655
0.9885731774477691,p1ulv12869
0.988578903561917,p1ulv61939
0.9885828905378289,p1udt14993lv
0.9885849556741529,p1ulv2840
0.9885864778762667,p1ulv62595
0.9885931443982889,p1udm35416
0.9885995425961288,p1udm54195
0.9886027558774805,p1ulv2228
0.9886031815214783,p1udt20335lv
0.9886061043426664,p1ulv35146
0.98861023333901,p1ulv17926
0.9886149493739183,p1ulv57664
0.988629977500222,p1ulv24343
0.9886302029587704,p1ulv5336
0.9886323939682152,p1ulv3497
0.9886400787846013,p1ulv50199
0.9886411602053562,p1ulv4100
0.9886411671680957,p1ulv57647
0.988641421765329,p1ulv40189
0.98864252403837,p1udt10325lv
0.9886487982412897,p1udt14516lv
0.9886570180344214,p1udm36449
0.9886581354393218,p1udt1560lv
0.9886614517236987,p1udt2137lv
0.9886676441194979,p1ulv14139
0.9886678543512413,p1udm43550
0.9886689694679103,p1ulv19912
0.9886726531457273,p1ulv37031
0.988679342483209,p1ulv58833
0.9886817411909609,p1udt22649lv
0.98868347469862,p1udt19131lv
0.9886866872200213,p1ulv18567
0.9886878616981475,p1udt17401lv
0.9886895642598373,p1udm26040
0.9886906529854081,p1udt9173lv
0.9886937898142458,p1udm9653
0.9886977034829709,p1udm26053
0.9886978227075343,p1udm11594
0.988697923360458,p1ulv37069
0.9886989870064029,p1ulv28774
0.9887016397079897,p1udt7172lv
0.988702094465246,p1udm43577
0.9887073891825182,p1ulv4097
0.988714620127342,p1udt3769lv
0.9887152824600248,p1udm49831
0.9887192476053572,p1udm18481
0.988724128476431,p1ulv21792
0.9887269812419737,p1udt12390lv
0.9887302293793594,p1udm50328
0.9887318085058575,p1ulv16652
0.9887423505709252,p1ulv32554
0.9887450383538552,p1ulv19875
0.988751217024963,p1ulv53349
0.9887566011957571,p1udt16010lv
0.9887585260252001,p1ulv23681
0.9887615765472977,p1ulv24351
0.9887660580572992,p1ulv33268
0.9887663904143728,p1udt912lv
0.98876674831903,p1ulv57093
0.9887725184414919,p1udm24610
0.9887739703005074,p1ulv332
0.9887754230177569,p1ulv44595
0.9887762036648811,p1udt16706lv
0.9887777684961552,p1udm5638
0.9887797313337575,p1udt6288lv
0.9887809599203023,p1udt20027lv
0.9887842357403636,p1ulv65102
0.9887864372278026,p1udt18947lv
0.9887886309991589,p1udm28649
0.9887925192137581,p1udm9599
0.9887962070643874,p1udm11524
0.988798799914708,p1udm32168
0.9888039247943097,p1ulv12272
0.9888044981768347,p1ulv47114
0.9888068968728719,p1udm5604
0.9888115588352733,p1ulv53340
0.9888120026770455,p1udt4292lv
0.9888173463594937,p1udt17815lv
0.9888178955449107,p1ulv11603
0.988822237798076,p1ulv18557
0.988825095491311,p1ulv49556
0.9888265108828301,p1udm1006
0.9888287939919377,p1udm26049
0.9888337230060589,p1ulv63814
0.9888376697492158,p1ulv14118
0.988841940779523,p1udm16711
0.9888426858547583,p1udm39275
0.9888468729706796,p1ulv24387
0.9888502428280279,p1ulv28166
0.988855768486676,p1ulv35802
0.9888658047492941,p1udt15274lv
0.9888685757981595,p1ulv8523
0.9888695624459539,p1udt1537lv
0.9888703181791476,p1ulv16642
0.9888704033690827,p1udm45651
0.98887209607325,p1udm34377
0.988872750885341,p1ulv13505
0.9888798779284032,p1ulv59460
0.9888811378799948,p1ulv55235
0.9888827167674485,p1udm54193
0.9888845660976181,p1ulv61297
0.9888858871107896,p1ulv32591
0.9888905040857241,p1ulv29402
0.9888942459765546,p1udm3246
0.9889003766869325,p1ulv64471
0.9889018734916533,p1ulv29394
0.9889039582457491,p1ulv14742
0.9889056979022159,p1udt891lv
0.9889087965563754,p1ulv40168
0.9889149895300331,p1udm45735
0.9889167541908928,p1ulv9161
0.9889354569285635,p1ulv37034
0.9889387422535332,p1udt13350lv
0.9889408382459748,p1ulv58249
0.9889439770162898,p1ulv54637
0.9889445578486724,p1udm15135
0.988946302718939,p1udm39462
0.9889465224800087,p1udt7208lv
0.9889474728447829,p1udt21366lv
0.988950104701968,p1udm41109
0.9889505766099806,p1ulv55236
0.988953305979541,p1ulv19234
0.9889569406270793,p1udm1018
0.9889603981951448,p1ulv21183
0.9889616435154605,p1ulv15984
0.9889631295527205,p1ulv65107
0.9889648056235683,p1ulv33239
0.9889690377777776,p1udt3809lv
0.9889700660155221,p1udm51279
0.9889710497847369,p1ulv44608
0.988974280737992,p1udm13312
0.9889859067002991,p1ulv28172
0.9889886034136385,p1ulv20547
0.9889886890106294,p1udt24894lv
0.988989658652528,p1ulv27523
0.9889962924291607,p1ulv28175
0.9890029111356227,p1udm43551
0.9890039218638533,p1ulv50828
0.9890047912488097,p1udm28559
0.9890055364088779,p1udt15269lv
0.9890058056599411,p1udt22908lv
0.9890058961660779,p1ulv5999
0.9890066975029811,p1ulv40909
0.9890086809578296,p1udm39299
0.9890107927469729,p1udt12691lv
0.9890181198359493,p1udt13942lv
0.9890188104952558,p1udm11591
0.9890188677372613,p1ulv51428
0.9890193500998421,p1udm11530
0.9890243211352105,p1udt20488lv
0.9890253466969317,p1udm41108
0.98902625695364,p1udt3786lv
0.9890272216485829,p1udm36415
0.9890281885985862,p1ulv52085
0.9890328057847614,p1udt23940lv
0.9890340211073712,p1udt2090lv
0.989034035157555,p1udm42755
0.9890453528373652,p1udm60254
0.989047782138615,p1ulv62590
0.9890527313923473,p1ulv280
0.9890529018698668,p1udm23236
0.9890535694261822,p1udt23371lv
0.9890582205879854,p1udm34378
0.9890652023752484,p1ulv4138
0.9890666740697796,p1udt6727lv
0.9890672649607912,p1ulv1593
0.9890747964789275,p1ulv6655
0.9890748582141253,p1udm33229
0.9890772767201488,p1udm11573
0.9890779414546675,p1udt8012lv
0.9890786499708295,p1udt15768lv
0.9890813466103239,p1ulv61930
0.9890817152763092,p1ulv50177
0.9890832854310722,p1udt20497lv
0.9890846726692774,p1udm35414
0.9890879119927272,p1udm33275
0.9890886925285747,p1udt21773lv
0.9890966671072061,p1udm16723
0.9891012596224562,p1udt24164lv
0.9891128412375333,p1ulv54668
0.9891169787436762,p1ulv63815
0.9891178151780933,p1udm42774
0.9891180392032433,p1ulv47131
0.9891193489603087,p1udt13370lv
0.9891213641956449,p1udt4300lv
0.9891237088627804,p1udm26047
0.989127151372615,p1ulv14726
0.9891290185393771,p1udm15156
0.9891344161708859,p1udm38307
0.9891366262424295,p1ulv6645
0.9891404177419636,p1ulv56457
0.9891466125558934,p1ulv906
0.9891488671801985,p1ulv54609
0.9891555034517256,p1udm20163
0.9891556246319979,p1udm24612
0.9891560181964826,p1udt23938lv
0.9891597879470255,p1udt21770lv
0.9891607719184421,p1udt6285lv
0.9891616486764023,p1udm9709
0.9891642423111073,p1ulv1591
0.9891680660573149,p1udt21492lv
0.9891709608214129,p1udm60777
0.9891745975622683,p1udm54562
0.989175599306648,p1udt3274lv
0.9891814296995711,p1ulv14736
0.9891837078338279,p1udm35410
0.9891847179789264,p1udm26051
0.9891890594545458,p1ulv53354
0.9891909832768336,p1ulv43320
0.9891919633587546,p1udm5616
0.9891947301993138,p1ulv16001
0.9891989560765461,p1udt4795lv
0.9892060322941918,p1ulv62579
0.9892144531764496,p1udm7636
0.9892148226310485,p1udm57431
0.9892175976352379,p1udt14222lv
0.9892179049153267,p1ulv26348
0.9892340504930262,p1ulv63206
0.9892475682629054,p1ulv45224
0.9892477746086945,p1ulv16680
0.9892652033423248,p1udm15109
0.9892676256934189,p1ulv19216
0.9892777109916053,p1udm18480
0.9892787480135801,p1udm26055
0.9892883951498799,p1udm42758
0.9892921611372463,p1ulv35813
0.989295184892295,p1ulv42746
0.9893016128670213,p1udt5891lv
0.9893051263016975,p1ulv19361
0.9893139531806141,p1udm11572
0.9893170655398084,p1udt276lv
0.9893208608931586,p1udm38309
0.9893251788990103,p1udt4303lv
0.9893279185603396,p1udm59307
0.9893322040310375,p1ulv52749
0.9893322567219807,p1udt2676lv
0.9893369969372982,p1udt12100lv
0.9893475509218937,p1udt6728lv
0.9893625597757403,p1udm44253
0.9893714361239132,p1ulv9136
0.9893715096272793,p1ulv15348
0.9893742936493067,p1ulv35807
0.9893773652219683,p1ulv54635
0.989386381263536,p1udm38348
0.9893891811517848,p1udt15756lv
0.9893896779702186,p1ulv63220
0.9893902105676123,p1udm28596
0.9894005320025856,p1ulv6039
0.9894075531412811,p1udt13650lv
0.989412014170649,p1udm55290
0.9894162749145428,p1ulv38264
0.9894232593160589,p1ulv56486
0.9894251131478665,p1udm28690
0.9894326551059824,p1udt4290lv
0.9894345072798187,p1ulv19231
0.9894352270327121,p1ulv24975
0.989437467186322,p1ulv10985
0.9894401860609583,p1ulv16000
0.9894405737724223,p1udt23714lv
0.989441702636072,p1ulv35812
0.9894431764400033,p1ulv43973
0.9894478661340843,p1udm23204
0.989454243688537,p1ulv4727
0.9894604072980873,p1ulv60042
0.9894675116128478,p1udm3292
0.989472446341615,p1ulv29405
0.989490455937168,p1ulv61941
0.9894914093309487,p1ulv14761
0.9894918562043691,p1ulv17928
0.9894962468987716,p1ulv30030
0.989499740074846,p1ulv47124
0.9895012337195448,p1udm7638
0.9895015503376908,p1udt4304lv
0.9895104347347546,p1ulv60040
0.9895125023892581,p1udm45650
0.989513309200178,p1udm36414
0.9895235540574976,p1ulv42648
0.9895252892699753,p1udm48165
0.9895336086793345,p1ulv32558
0.9895362826726022,p1udt904lv
0.9895518287268752,p1ulv25613
0.9895521745306368,p1ulv2202
0.9895567367816586,p1udt14540lv
0.9895602772293665,p1ulv23685
0.9895602896971604,p1udt13415lv
0.9895640789474662,p1ulv30664
0.9895675852236187,p1ulv4111
0.9895681486029069,p1udt11365lv
0.9895732376384572,p1ulv8542
0.9895754400879342,p1udt20185lv
0.9895789794504493,p1udt22786lv
0.9895829906722476,p1ulv31309
0.9895874177521392,p1ulv21797
0.9895927291607338,p1udt15272lv
0.9895955524438048,p1udt17973lv
0.9895975336099601,p1udm16726
0.9895982303456348,p1udt5829lv
0.9896012259842881,p1ulv19860
0.9896051161551733,p1ulv27541
0.9896052594819813,p1ulv40836
0.9896123161768411,p1udm29743
0.9896128629046017,p1ulv52761
0.9896149014555822,p1ulv31266
0.9896152505584765,p1ulv9139
0.9896174426218727,p1ulv6007
0.9896239174016099,p1udm47553
0.9896259362551536,p1udm28695
0.9896295487180328,p1ulv38923
0.9896390971449722,p1ulv46528
0.9896474377232631,p1ulv31925
0.9896499577540396,p1udt13663lv
0.9896501885240128,p1udt7191lv
0.9896512592312072,p1ulv54638
0.9896513770347151,p1udt9575lv
0.9896550756949756,p1udt5802lv
0.9896552763520713,p1ulv30653
0.989656043067157,p1ulv38919
0.9896604522787635,p1udm15112
0.9896609168220198,p1udt1523lv
0.9896624299478118,p1ulv14128
0.9896695869835795,p1udm15100
0.9896714783312622,p1ulv62594
0.9896726930375426,p1ulv29427
0.9896732427432132,p1ulv50215
0.9896785072099261,p1udm26046
0.9896827881189274,p1ulv3496
0.989683208026868,p1udm37372
0.9896919160805082,p1udm33227
0.9896946984372638,p1udm56591
0.9896948553313872,p1udm49290
0.9896985584381399,p1udm32148
0.9897012246313348,p1udt21214lv
0.989702029919215,p1udt16714lv
0.9897036528913699,p1udt5293lv
0.9897084627440261,p1ulv56459
0.9897112735167712,p1udt20644lv
0.9897130031461394,p1udm51281
0.9897199845880669,p1udm57168
0.9897216501651442,p1ulv43975
0.9897234868023305,p1ulv45233
0.9897280268146689,p1udm47554
0.9897294806243306,p1udm56893
0.9897331439649952,p1udm33220
0.9897334448790176,p1ulv10367
0.9897377481515842,p1ulv30015
0.9897389576826636,p1udm26042
0.9897405446742455,p1udm44256
0.9897460229157646,p1udm28647
0.9897485433110473,p1udm62531
0.9897493976773053,p1udt5811lv
0.9897504099743537,p1ulv38262
0.9897519529145014,p1udm53830
0.989752575798233,p1udm35458
0.989753694584973,p1ulv33255
0.9897564880958298,p1udt1532lv
0.9897604378609237,p1ulv31930
0.9897655337714049,p1ulv37045
0.9897660786088771,p1ulv25642
0.9897717977545857,p1udt9587lv
0.9897726098766537,p1udm26058
0.9897731828322988,p1udt8013lv
0.9897752564726698,p1udt5292lv
0.9897785202774425,p1udt22283lv
0.989783025674406,p1udm44922
0.9897834689059639,p1ulv35811
0.9897860830778379,p1udm21752
0.9897866330809506,p1ulv33883
0.9897870026122568,p1udm57164
0.9897885368220158,p1ulv7293
0.9897896092829945,p1udt329lv
0.9897903905287515,p1ulv24961
0.9897908186835542,p1ulv37650
0.9897913014729902,p1udt21225lv
0.9897953888964108,p1ulv8516
0.9897971487660178,p1udt7167lv
0.9897986441023054,p1udm32135
0.989800767456855,p1ulv19230
0.9898145776246241,p1udm15158
0.9898181815961196,p1udm61843
0.9898196191032745,p1ulv27646
0.9898241336370963,p1ulv52741
0.9898244619955506,p1ulv55848
0.9898322374818207,p1udm18512
0.9898326039462906,p1ulv14136
0.9898338702730844,p1ulv23075
0.9898381369121314,p1ulv35148
0.9898388126018942,p1ulv59463
0.9898489148845253,p1udt3277lv
0.9898543341843915,p1udt20180lv
0.9898547229905665,p1ulv50168
0.9898565031854913,p1ulv58241
0.9898568445743312,p1ulv32560
0.9898572297765165,p1ulv14737
0.9898584185440197,p1udt24781lv
0.9898588685755856,p1ulv20627
0.989863101407181,p1ulv33884
0.9898631699667806,p1udm1013
0.9898638493899404,p1ulv38933
0.9898729855007871,p1udt2682lv
0.9898796599372179,p1udt7174lv
0.9898884979859424,p1udt3278lv
0.9898949097438705,p1ulv49572
0.9899040629318587,p1ulv37647
0.9899053614251354,p1ulv18566
0.9899085004034465,p1udm49289
0.9899121947831511,p1udm28555
0.9899179470620416,p1udt13652lv
0.9899223687587437,p1udm26039
0.9899282304227395,p1udt11368lv
0.9899304473153697,p1udm28645
0.9899312940386442,p1ulv27543
0.9899325923943949,p1udt19850lv
0.9899332847191902,p1ulv34521
0.9899347261258095,p1ulv2262
0.9899363880212162,p1udm13298
0.9899390567335905,p1udm47552
0.9899407408567642,p1ulv16646
0.9899497604615416,p1udt16260lv
0.9899527037301403,p1udt14999lv
0.9899556319125224,p1ulv16633
0.9899563439751593,p1ulv1587
0.9899595623842106,p1ulv32556
0.9899604580937102,p1ulv31920
0.9899611270742135,p1ulv42054
0.9899611662242023,p1ulv15354
0.9899652090491902,p1udt12712lv
0.9899690286832237,p1ulv25604
0.9899712143635521,p1udm55286
0.9899733314381979,p1ulv52771
0.9899752437744797,p1udm5722
0.9899885482364685,p1udm5621
0.989995514226496,p1ulv14132
0.989996017319674,p1ulv61943
0.9899995145045344,p1udm18511
0.989999780992899,p1udm15098
0.9900038669145644,p1udm13335
0.9900070491833359,p1ulv54678
0.9900075010749747,p1ulv60680
0.990012086278652,p1udm33255
0.9900206524590106,p1udt13992lv
0.9900236146901178,p1ulv25622
0.9900242702598487,p1udt3768lv
0.9900264345625311,p1ulv19227
0.990027381767726,p1ulv48985
0.9900289222896512,p1ulv65098
0.99003115781114,p1udt13651lv
0.9900338529574899,p1udt5334lv
0.9900347308328777,p1udt17780lv
0.9900429825595869,p1ulv42083
0.9900431191522758,p1udm13352
0.9900462606867011,p1ulv6041
0.9900483124349746,p1ulv33898
0.990052234631412,p1udm29742
0.9900554183280941,p1ulv10995
0.9900573925085789,p1ulv21815
0.9900605730961922,p1udm28554
0.9900621634688908,p1udt8409lv
0.9900624086019889,p1ulv4118
0.9900627357084064,p1udm45635
0.9900631925280396,p1udt23137lv
0.9900699681683303,p1udt10676lv
0.9900702088059768,p1ulv52753
0.9900733216405345,p1udm56894
0.9900738681734571,p1udm21751
0.9900749523019543,p1ulv61940
0.9900809245570468,p1udt12033lv
0.990086505515697,p1ulv63214
0.9900912371261346,p1ulv32551
0.9900953327577485,p1ulv46531
0.99009597933453,p1ulv29407
0.9900975294192731,p1udt15261lv
0.9900975902452903,p1udm1003
0.9900991872356518,p1ulv54621
0.9901022432933912,p1udm38300
0.990102721430141,p1ulv49567
0.9901050051923186,p1udm11526
0.9901062404717829,p1udm33226
0.9901125276803593,p1ulv52064
0.9901170993917319,p1ulv63217
0.9901239230434633,p1udm52650
0.9901289931885234,p1ulv55256
0.9901379048766944,p1udt277lv
0.9901460162396172,p1ulv52763
0.9901485967286039,p1udm42756
0.9901506858135363,p1ulv44639
0.9901527957576647,p1ulv20517
0.9901533288105433,p1udt15518lv
0.990156904723421,p1udm13351
0.9901593938931338,p1udm26045
0.990164578852417,p1udt16287lv
0.9901659916996726,p1udm62529
0.9901686344802811,p1udm11529
0.9901813275231944,p1ulv62588
0.9901910180280932,p1udm59072
0.9901914990117906,p1ulv37666
0.9901920441614619,p1ulv58840
0.9901942640745172,p1ulv42071
0.9901974984903552,p1ulv2847
0.9902295860174863,p1ulv60076
0.9902316570132006,p1ulv30018
0.9902320193219007,p1ulv16010
0.9902324913714624,p1ulv26898
0.9902327924858598,p1ulv7285
0.9902344742855161,p1ulv919
0.9902372871031734,p1ulv21793
0.9902380827755752,p1udt4298lv
0.9902434868570671,p1ulv9133
0.9902436634653264,p1ulv17297
0.9902482407616139,p1ulv17950
0.9902489394745227,p1ulv63858
0.9902527514749759,p1ulv35829
0.9902595144148847,p1udm5613
0.990262414959537,p1udt2144lv
0.990264942166518,p1ulv10386
0.9902725658455166,p1ulv32544
0.9902744773463614,p1udt2674lv
0.9902763202704714,p1ulv5332
0.9902796466643704,p1udm48164
0.9902841695183995,p1ulv50852
0.9902906114485005,p1udt14730lv
0.9902907031699055,p1ulv40176
0.9902938083279444,p1udm41212
0.9903017848774139,p1ulv63835
0.9903023529583653,p1ulv9772
0.9903041122780167,p1ulv44638
0.9903095462394425,p1ulv35804
0.990309882862709,p1udm9606
0.9903120779841428,p1udt10322lv
0.9903121813421099,p1ulv47719
0.9903128304518436,p1udt3770lv
0.9903139916070471,p1udm42763
0.9903169921013253,p1udt7175lv
0.9903184573206536,p1ulv60057
0.9903202530221997,p1udt288lv
0.9903203980674335,p1ulv59453
0.990323423283602,p1ulv8014
0.9903276195065349,p1udt3272lv
0.9903285424938719,p1ulv48395
0.990331793739265,p1udt22414lv
0.9903354373977225,p1udt23842lv
0.9903364798594312,p1udt9957lv
0.9903370691977007,p1udt292lv
0.9903382793860964,p1ulv33880
0.9903389795558606,p1udm13297
0.9903398515461039,p1ulv55230
0.9903439041001763,p1udm16694
0.9903478067265251,p1ulv18044
0.9903491287225447,p1ulv12376
0.9903535646164836,p1ulv8512
0.9903544815389462,p1udt13351lv
0.9903606190801704,p1udm38301
0.9903671311033722,p1udt17377lv
0.9903703917468464,p1udt6729lv
0.9903715053332661,p1ulv49671
0.9903724620673247,p1ulv12267
0.9903765128258128,p1udt299lv
0.9903769728382351,p1udt7605lv
0.9903793194732264,p1ulv290
0.9903793971306416,p1ulv45231
0.9903880615216981,p1ulv12269
0.9903884777515217,p1udt16011lv
0.9903887516475298,p1udm55289
0.9903943850276044,p1ulv19861
0.9903986289236184,p1udt23484lv
0.9903990469403381,p1ulv28168
0.9903991829504637,p1ulv11633
0.9903993121166722,p1udt2713lv
0.9904063882463755,p1udm16722
0.9904094080796133,p1udm8003
0.9904095477406174,p1udm3286
0.9904116002634311,p1udm21758
0.9904227337858476,p1udm16697
0.9904288399118374,p1ulv21789
0.9904295422605358,p1udm9604
0.9904303040829242,p1ulv23687
0.9904314843194795,p1ulv60684
0.9904348633068841,p1udm51280
0.9904365739316486,p1ulv25620
0.9904366846139023,p1ulv12260
0.9904409176849229,p1ulv33247
0.9904417699642749,p1udm18520
0.9904428297778014,p1udt9172lv
0.9904467385251341,p1udm33204
0.9904487423409635,p1ulv31269
0.9904513752967428,p1udm41937
0.9904633528918222,p1ulv58864
0.9904655963088345,p1udm29764
0.9904664409339763,p1ulv22391
0.9904751898982096,p1udm57166
0.9904790337312718,p1udm27366
0.9904794892880282,p1udt4772lv
0.9904796297113585,p1udm54186
0.9904893757691927,p1udm54927
0.9904979079119105,p1ulv44615
0.990498618949911,p1udm47551
0.9905053715005662,p1ulv31292
0.9905134177578402,p1udt21363lv
0.9905159909187423,p1ulv63244
0.9905176458691785,p1udt10677lv
0.9905254083728033,p1udm50358
0.9905399376001187,p1ulv27533
0.9905400091885163,p1ulv2242
0.9905400303564383,p1ulv62571
0.9905599598500059,p1ulv58239
0.9905611925464205,p1ulv14733
0.9905614084775021,p1udm48173
0.990568386735075,p1udm51292
0.990569215852716,p1ulv56455
0.9905708655946557,p1ulv33244
0.9905712346817803,p1ulv56485
0.9905740894441419,p1udm60930
0.9905743333244397,p1udm7580
0.9905754612495209,p1udt22037lv
0.9905757757455795,p1udm33283
0.9905759490789895,p1udt6807lv
0.9905781471928121,p1udm50824
0.990578521166589,p1ulv20529
0.9905799448651053,p1ulv65218
0.9905861108943957,p1ulv54005
0.9905864291693391,p1udt15268lv
0.9905895748166323,p1udt18355lv
0.9905896362673599,p1udm33221
0.9906022575609108,p1udm20168
0.9906045515502755,p1udt19681lv
0.9906055757344221,p1udm57161
0.9906060386757554,p1udt9170lv
0.9906167282243131,p1udt12751lv
0.9906217354199878,p1udm9609
0.9906299238796248,p1udt7606lv
0.9906307132125524,p1udm1025
0.990640360393548,p1udm13336
0.9906447237335081,p1ulv16653
0.9906454386174328,p1udm33235
0.9906466156743854,p1ulv16645
0.9906470688107742,p1ulv48351
0.9906471419074672,p1udt398lv
0.9906472414370648,p1ulv35831
0.9906474639389102,p1udm50840
0.9906508530854506,p1ulv57653
0.990653942707997,p1udm54189
0.9906653205570057,p1udm48162
0.9906691569152426,p1ulv41427
0.990669382933731,p1ulv60674
0.9906749386213833,p1udm60250
0.9906782813734907,p1udt19680lv
0.9906848182938661,p1udm62528
0.9906953426405423,p1ulv54111
0.9906997075802813,p1ulv19874
0.9907015399715196,p1udm36406
0.9907015898889915,p1udm38312
0.990713482282703,p1udm16710
0.9907190484010426,p1udt11707lv
0.9907197661284922,p1udt22547lv
0.9907206514747264,p1ulv7283
0.9907206774321076,p1udm13412
0.9907218759898426,p1ulv34522
0.9907219045476388,p1udm50331
0.9907262419205909,p1udm54926
0.9907296030895427,p1udm52255
0.990732069194831,p1ulv7901
0.9907328334585761,p1udt2709lv
0.9907444698081314,p1udt2108lv
0.9907492207005311,p1ulv61932
0.990752057953672,p1ulv61405
0.9907528390133993,p1ulv24969
0.9907632742360288,p1udm1014
0.9907675906224751,p1ulv47111
0.9907738129473651,p1ulv8515
0.9907885893060491,p1udm26096
0.9907930855820275,p1ulv6010
0.9907951794324106,p1udm11702
0.9907966300086082,p1udt14731lv
0.9908002720147066,p1udm28648
0.990806548728282,p1ulv11613
0.9908124504433127,p1udm51278
0.9908159257251037,p1ulv38267
0.9908206590264979,p1udm54188
0.9908317052341722,p1ulv38937
0.9908322036615533,p1ulv6664
0.9908323592832894,p1ulv60078
0.990833028128126,p1udm51295
0.9908335367919421,p1udt5800lv
0.9908404544283712,p1udt11025lv
0.9908451572655071,p1udm21753
0.9908508453586728,p1udt25282lv
0.9908537517987621,p1udt905lv
0.9908562757011866,p1udt9192lv
0.9908566039363205,p1ulv33356
0.9908570888312026,p1udm41953
0.9908577363657551,p1udt14221lv
0.9908577614434768,p1ulv40178
0.9908594364577987,p1udm61845
0.9908622010140158,p1ulv50167
0.9908707040506632,p1udm61844
0.9908771197053317,p1ulv61306
0.9908804906381754,p1ulv40169
0.9908836617142507,p1ulv17936
0.9909030637065395,p1udm50841
0.9909033661627733,p1udt23841lv
0.9909045049446443,p1udm29765
0.9909176984273664,p1udm18508
0.9909207621336416,p1udt24988lv
0.9909209829640773,p1udt11026lv
0.9909234322098075,p1ulv20525
0.9909249213441748,p1udt24263lv
0.9909327222954023,p1ulv17927
0.9909342154300421,p1ulv26880
0.9909350034709019,p1ulv17263
0.9909369902995089,p1ulv12290
0.9909454761007435,p1ulv45871
0.9909475002933684,p1ulv14154
0.9909507992947125,p1udm33236
0.9909550969002069,p1udm33224
0.990955847033909,p1udt8439lv
0.9909670167672978,p1udm18510
0.9909677582993671,p1ulv33256
0.9909683117944802,p1udt23384lv
0.9909754357111376,p1ulv47725
0.9909768284234742,p1ulv59443
0.9909804963215939,p1udm24593
0.9909844004874833,p1udt3802lv
0.9909854695161879,p1udt23840lv
0.9909946046186694,p1ulv28783
0.9909960802988469,p1udt18562lv
0.9910047919460551,p1udt12032lv
0.9910129031185233,p1udm48706
0.991016727167868,p1udm28588
0.9910172152936616,p1udt18164lv
0.9910213259778664,p1udt4305lv
0.9910251236563361,p1ulv19871
0.9910296439628314,p1ulv62587
0.9910331011416365,p1udm3242
0.9910374259967267,p1ulv54657
0.9910380068894177,p1ulv4742
0.9910400980743059,p1ulv4136
0.9910409354222338,p1udt3803lv
0.9910474312437996,p1udt15517lv
0.9910492905627246,p1ulv52066
0.9910505668395213,p1udm51762
0.991055958537195,p1ulv15986
0.991057212430049,p1udt11695lv
0.9910581743314049,p1udm26061
0.9910584720186537,p1ulv10387
0.9910717685816308,p1udm1038
0.9910836876942779,p1udm39307
0.991086616102998,p1udt7176lv
0.9910867099989435,p1udm13296
0.9910917959872318,p1ulv23071
0.9910919538685483,p1udm30950
0.9910938826998436,p1udm45636
0.9910984117145453,p1ulv39550
0.9911096365051049,p1ulv1637
0.9911133255876219,p1ulv52725
0.9911173726153618,p1ulv54043
0.9911272378846541,p1ulv38922
0.9911397618988814,p1udt13947lv
0.991139908641147,p1udm5765
0.9911416392059895,p1udm36400
0.9911449391166365,p1ulv52743
0.9911458337227776,p1ulv38272
0.9911501929694836,p1ulv25623
0.9911531188974785,p1ulv53350
0.9911543093977657,p1udm32155
0.9911630110375121,p1udm24663
0.9911696632732137,p1udm51752
0.991171843009547,p1udm36402
0.9911801048614052,p1udm35451
0.9911822039847609,p1ulv30648
0.9911822891010169,p1udt17577lv
0.9911900228950565,p1ulv55846
0.9911914727228722,p1udm13331
0.9911929196140998,p1ulv52748
0.9911930874507867,p1udm13333
0.9911942518291617,p1ulv25617
0.9911998476405124,p1ulv4116
0.9912006861994189,p1udm35459
0.9912029200022348,p1ulv65118
0.9912044201367088,p1ulv14224
0.9912049426454594,p1udt4289lv
0.9912065793655184,p1ulv31919
0.9912070355300078,p1udt23488lv
0.991209600559107,p1udm57169
0.9912101310400981,p1ulv30766
0.9912231831808329,p1udm1039
0.991225821436802,p1udt21215lv
0.9912289699023329,p1ulv32557
0.991232008187372,p1udt17575lv
0.9912332799247477,p1udm5619
0.9912352708651044,p1udm11523
0.991243417077058,p1udm37373
0.9912440211027592,p1ulv60770
0.9912497992328647,p1ulv28775
0.9912501781324017,p1udt2091lv
0.9912504406174523,p1udt7603lv
0.9912521941959596,p1udm9592
0.9912553060529024,p1ulv40803
0.9912587924030007,p1ulv61327
0.9912591295124507,p1udm32165
0.9912638331223143,p1ulv32579
0.9912686718013632,p1udm13314
0.9912707738465969,p1udt19849lv
0.991273750955788,p1udm3244
0.9912791762414833,p1ulv9169
0.9912814057395428,p1ulv15352
0.9912820998971645,p1ulv60677
0.9912940566855988,p1udt8401lv
0.9913003379707375,p1udm47572
0.9913024873898091,p1udm13344
0.9913105865554086,p1udt1534lv
0.9913144112593515,p1ulv52746
0.9913188484057766,p1ulv2841
0.9913214655154595,p1udt18753lv
0.9913225605970521,p1ulv17282
0.9913227858792409,p1ulv15351
0.9913257330398595,p1udt7604lv
0.9913295773786817,p1udt2688lv
0.9913337827451006,p1ulv52751
0.9913370546264677,p1udt11693lv
0.9913400112846544,p1ulv64472
0.991343193988742,p1udm48705
0.9913445365630982,p1ulv62576
0.9913517593643788,p1udt3261lv
0.9913522415062421,p1ulv63219
0.9913542846462126,p1udm23263
0.9913564183966026,p1ulv23678
0.9913576815925272,p1ulv17930
0.9913613361563058,p1udt8795lv
0.991361494953418,p1ulv14138
0.9913622120166412,p1udt4291lv
0.9913637386215237,p1ulv1586
0.9913688469573706,p1ulv54624
0.9913705917373115,p1udm23295
0.9913753108177619,p1ulv9801
0.9913861446720258,p1udt9580lv
0.9913876914986343,p1udt13019lv
0.9913890876664242,p1ulv38257
0.9913938612018101,p1udt2697lv
0.9913961113830272,p1udt10726lv
0.9914011072314717,p1udt13341lv
0.9914027132946621,p1udt5808lv
0.9914088373599786,p1ulv50824
0.9914113435906421,p1udt8802lv
0.9914146091777195,p1ulv49670
0.991417324194966,p1udt5294lv
0.9914174908752268,p1udm59680
0.9914207670010884,p1udt9938lv
0.9914229265934136,p1udt23373lv
0.9914279422716871,p1udm7656
0.9914298667523564,p1ulv48350
0.9914370013286806,p1udm26097
0.9914379689144783,p1udm13354
0.9914398071419039,p1ulv37044
0.991444017921678,p1udt8399lv
0.9914447374170494,p1udm24661
0.9914544147694687,p1ulv64479
0.9914626000671358,p1udm62530
0.9914635070103693,p1ulv7297
0.9914639700663457,p1udm60929
0.9914711154352702,p1udt10297
0.9914711160336345,p1udt10297-p1udt5291x
0.9914718029701809,p1ulv44626
0.9914795878570853,p1udm3285
0.991480525505192,p1ulv26264
0.9914863242276601,p1ulv46535
0.9914866025643644,p1udm47560
0.9914869289973063,p1udt18351lv
0.991489641713261,p1ulv61316
0.9914902569499233,p1ulv36434
0.9914961266630424,p1ulv6012
0.9914966660038458,p1udt10297-p1udt5291xx
0.9914966665994791,p1udt5291
0.991496667901744,p1udt3259-p1udt5291xx
0.9915006912525497,p1ulv52729
0.9915056043800199,p1ulv27643
0.9915085866846478,p1ulv23049
0.9915094213696938,p1ulv31271
0.9915127017355205,p1udt1563lv
0.991513068474476,p1udm3362
0.9915217240845632,p1ulv26897
0.9915252623973241,p1ulv5339
0.9915281531795077,p1ulv14123
0.9915333232186327,p1udt9931lv
0.991541424670208,p1udt13343lv
0.9915417205996079,p1ulv27549
0.9915479536695788,p1ulv9137
0.9915527348732713,p1ulv22375
0.9915579000746014,p1ulv10497
0.9915643602569795,p1udt3259-p1udt5291x
0.9915643615559392,p1udt3259
0.9915643637367558,p1udt3259-p1udt9183x
0.9915690356400566,p1ulv59459
0.991569310264525,p1udt2092lv
0.9915700911392182,p1ulv54674
0.9915710585128972,p1udt18596lv
0.9915755598785354,p1ulv9160
0.9915791450202178,p1udt12042lv
0.9915830779390463,p1udm36447
0.9915870483910862,p1udm57163
0.991592961772179,p1ulv54607
0.9915942804541569,p1ulv28773
0.9915962428375504,p1ulv55922
0.9916112308533487,p1ulv33243
0.9916124533981946,p1ulv55925
0.9916183743362303,p1ulv927
0.9916222105069821,p1udt3259-p1udt9183xx
0.9916222126861323,p1udt9183
0.991622215470067,p1udt19131-p1udt9183xx
0.9916236173485602,p1udm13411
0.9916346485688062,p1ulv37655
0.9916347415230979,p1ulv17274
0.9916425226129197,p1ulv38263
0.9916526189574005,p1udt22546lv
0.9916540131531133,p1udt24586lv
0.9916568787527087,p1udt17812lv
0.9916605740371893,p1udt11696lv
0.9916622845790416,p1udt14500lv
0.9916661072248052,p1ulv61325
0.9916681280367234,p1ulv65100
0.9916701456936274,p1udm28566
0.9916778079846867,p1ulv51463
0.9916785662593421,p1ulv9766
0.9916809949521866,p1udt17379lv
0.9916813145214949,p1ulv45234
0.9916827215925282,p1ulv30687
0.9916836317548952,p1ulv50209
0.9916906668036746,p1ulv8540
0.9916923159400817,p1ulv49086
0.9916952687960217,p1udm18523
0.9916967008343237,p1ulv47761
0.9917014568968261,p1udm28599
0.991703464059449,p1ulv56454
0.9917102663588114,p1ulv21813
0.9917111876219307,p1ulv54030
0.9917177948043522,p1ulv62601
0.9917191210812928,p1udt20173lv
0.9917206809464008,p1udt19131-p1udt9183x
0.9917206837281373,p1udt19131
0.9917206867967584,p1udt18352-p1udt19131xxx
0.9917276214370176,p1ulv49570
0.9917286133726368,p1udm18604
0.9917289954844359,p1udt20017lv
0.991730341557276,p1ulv2257
0.9917306770371801,p1ulv61308
0.9917309595973379,p1ulv39554
0.9917414153452524,p1ulv42051
0.991745636088365,p1udm39293
0.9917473584592069,p1ulv44624
0.9917539168249939,p1ulv13504
0.9917563289500244,p1udm37348
0.9917582973936051,p1udm40220
0.9917624840045488,p1ulv43355
0.9917691574658085,p1ulv10996
0.9917699559959217,p1ulv38955
0.9917728402435181,p1udt17568lv
0.9917757999953042,p1ulv13509
0.9917760301439167,p1udm61848
0.9917796027347321,p1ulv52086
0.9917920057067376,p1udm5602
0.9917953982209482,p1udm5598
0.9917967694085121,p1ulv10997
0.9917984905574222,p1ulv21177
0.9918062532115436,p1ulv5352
0.9918173136383095,p1udm36403
0.9918190918388302,p1udt15998lv
0.9918273514480893,p1udt8412lv
0.9918292588948262,p1udt23729lv
0.991837696413117,p1ulv38278
0.9918379385655376,p1ulv10372
0.9918401379715112,p1ulv40188
0.9918420161529972,p1ulv21803
0.9918421803992168,p1ulv925
0.9918494773190126,p1udm29962
0.9918535238371157,p1ulv1636
0.9918578872260797,p1udt18352-p1udt19131xx
0.9918578902919397,p1udt18352-p1udt19131x
0.9918652903191224,p1udt9582lv
0.9918652966775201,p1udm60928
0.9918681905191192,p1ulv36441
0.9918740161147339,p1ulv21194
0.9918748628411482,p1ulv25643
0.9918759911672268,p1ulv297
0.9918833594071059,p1udt22034lv
0.9918847044594318,p1udm45652
0.9918893231929555,p1udt16715lv
0.9918948127903603,p1udt8489lv
0.9919014708292873,p1udt12387lv
0.9919065830100038,p1ulv63236
0.9919075346902991,p1udt16929lv
0.9919077020099356,p1udm15145
0.9919115169225959,p1udt15513lv
0.9919120831375193,p1ulv51541
0.9919210966026115,p1udt11366lv
0.9919378560363133,p1udt16708lv
0.991938285345639,p1udm26099
0.9919395830767288,p1ulv63210
0.9919474309611604,p1udt287lv
0.9919492625645292,p1udt18352lv
0.9919507839744531,p1ulv60046
0.9919552641653935,p1udm13338
0.9919553535684232,p1ulv54629
0.9919583417313403,p1ulv7935
0.9919596945243199,p1ulv30658
0.9919606940921541,p1udm18526
0.9919627258197165,p1udt4771lv
0.9919664837666204,p1udt4303
0.991967252607117,p1ulv15341
0.9919687193206423,p1udt20790
0.9919698272152659,p1ulv9146
0.9919709438589441,p1udm29769
0.9919721526736479,p1ulv28811
0.9919724816308393,p1ulv43325
0.9919731892831964,p1ulv5359
0.9919817896950787,p1ulv24363
0.9919820155818002,p1udm39296
0.9919852395259523,p1udt12034lv
0.9919860469746364,p1udt5801lv
0.9919870728584846,p1udm47562
0.9919914936263707,p1ulv21185
0.9919917473854654,p1udt5305lv
0.9919918733004571,p1ulv26896
0.9919924685104814,p1udt13941lv
0.992000654631364,p1udt16934lv
0.9920077980784497,p1udt22030lv
0.9920090925968617,p1ulv57060
0.99201089737796,p1udt6294lv
0.9920157551074209,p1udt16489lv
0.992017022756376,p1ulv55867
0.9920176961393146,p1udm39298
0.9920185535951397,p1udm13337
0.9920238385850251,p1udt13653lv
0.992025452205411,p1ulv50851
0.9920344761514366,p1udt3778lv
0.992036666597503,p1ulv5338
0.9920420296840715,p1udt8428lv
0.9920421866608343,p1ulv1715
0.9920432154871704,p1ulv46553
0.9920471575932478,p1ulv36522
0.9920494290051121,p1ulv27539
0.9920550034992328,p1udt6717
0.9920592721494084,p1udt5302lv
0.9920666051484187,p1ulv1601
0.9920690738488855,p1udt16479lv
0.9920709123269063,p1udt13940
0.9920747527889939,p1ulv2218
0.992080805776304,p1udm1016
0.9920814902287882,p1ulv26231
0.9920861911047754,p1udm52633
0.992092345115448,p1ulv6013
0.9920935704518792,p1udm30970
0.9920967675675503,p1ulv24380
0.9921003575662194,p1udt22036lv
0.9921031911270737,p1udm5600
0.9921048336785888,p1udm50832
0.9921141021143663,p1ulv11090
0.9921158670347145,p1udt8400lv
0.9921174082772821,p1ulv63846
0.9921200849595472,p1udt22520
0.992124998755191,p1ulv45910
0.992130722396639,p1udt15750lv
0.9921361627936063,p1ulv42084
0.9921381469917053,p1ulv44724
0.992138517694592,p1udt23254lv
0.9921512397684891,p1udt9171
0.992154964947751,p1udt17146lv
0.9921566903851965,p1ulv11720
0.9921618004696765,p1udm28567
0.9921636975619323,p1udm5620
0.9921648808235588,p1udt911lv
0.9921652304299728,p1ulv61950
0.9921662282107566,p1ulv14133
0.9921663231854443,p1udm38315
0.9921735605163394,p1udt19682lv
0.9921745553147865,p1ulv53348
0.992176443754057,p1udm57687
0.9921802438918389,p1udt23732lv
0.9921835892941202,p1ulv30031
0.9921844248842645,p1ulv23665
0.9921854172165754,p1udt13027
0.9921854178714851,p1udt13027-p1udt14222x
0.9921884621254099,p1udt21224lv
0.9921902701189266,p1udm11553
0.9921978641701967,p1udt18948lv
0.9922011162464721,p1udt23842
0.9922011163822215,p1udt23842-p1udt6318x
0.9922030293887393,p1udt16487
0.9922030298706493,p1udt16487-p1udt7602x
0.9922034617998777,p1udt23842-p1udt6318xx
0.9922034619345168,p1udt6318
0.9922034622615686,p1udt10325-p1udt6318xx
0.9922034701971532,p1udt13027-p1udt14222xx
0.9922034708503001,p1udt14222
0.9922034716563257,p1udt14222-p1udt18565x
0.9922056909258297,p1udm35457
0.9922065742977337,p1ulv8011
0.9922094678696787,p1ulv55262
0.9922116907453558,p1ulv54673
0.9922157184280587,p1udt4776lv
0.9922170702282115,p1udm31131
0.9922207851787677,p1udm58202
0.9922241653104974,p1udt16487-p1udt7602xx
0.992224165789599,p1udt7602
0.9922241666941314,p1udt3776-p1udt7602xx
0.9922256765314499,p1udt14222-p1udt18565xx
0.9922256773357147,p1udt18565
0.9922256785440513,p1udt18565-p1udt3276x
0.9922258615409822,p1udt10325-p1udt6318x
0.9922258618636266,p1udt10325
0.9922258623571573,p1udt10325-p1udt24894x
0.9922265707960842,p1udm7690
0.9922290257655788,p1udm58203
0.9922343047940355,p1udt10325-p1udt24894xx
0.9922343052864712,p1udt24894
0.9922343059339668,p1udt22649-p1udt24894xx
0.9922360218647107,p1udt2686
0.992236022672751,p1udt11024-p1udt2686xx
0.9922448793382426,p1ulv61959
0.9922453297097964,p1udm57438
0.9922454427100229,p1udm32159
0.9922465047129239,p1ulv47736
0.992249523774137,p1udt3787
0.9922495240941158,p1udt19855-p1udt3787xx
0.9922496246908608,p1udm46217
0.9922501976243502,p1udt11024-p1udt2686x
0.9922501984312696,p1udt11024
0.9922501996694285,p1udt11024-p1udt2685x
0.9922550491695752,p1udt17778
0.992255049364227,p1udt17778-p1udt3776x
0.9922552291338029,p1udt3776-p1udt7602x
0.9922552298415522,p1udt17778-p1udt3776xx
0.992255230036143,p1udt3776
0.992255232010196,p1udt24465-p1udt3776xx
0.9922567697730847,p1udt19855-p1udt3787x
0.9922567700916131,p1udt19855
0.9922567711982092,p1udt19855-p1udt2107x
0.9922581444234418,p1udm31130
0.9922589778906402,p1udt18565-p1udt3276xx
0.9922589790972222,p1udt3276
0.9922589810280371,p1udt3276-p1udt5304x
0.9922612798612425,p1udm20191
0.9922617345925483,p1udt7170lv
0.9922674197332486,p1udt22649-p1udt24894x
0.9922674203774708,p1udt22649
0.9922674211927272,p1udt13039-p1udt22649xx
0.9922693843073468,p1ulv30767
0.9922745138601561,p1udm38314
0.9922774518814615,p1udt23479lv
0.99228060508903,p1ulv14739
0.9922811463400101,p1udt22529lv
0.9922827741630275,p1udt11024-p1udt2685xx
0.9922827753995117,p1udt2685
0.9922827773362102,p1udt11363-p1udt2685xx
0.9922870387956633,p1udt13039-p1udt22649x
0.9922870396093825,p1udt13039
0.9922870408429884,p1udt13039-p1udt4381x
0.9922886728486693,p1udt275
0.9922886762554234,p1udt20644-p1udt275xx
0.9922912848961628,p1udt19526lv
0.9922936341349642,p1udt906
0.992293635071261,p1udt19323-p1udt906xx
0.9923012050785687,p1udt23252
0.9923015722918145,p1udt22031
0.9923080678355449,p1udt19855-p1udt2107xx
0.9923080689391862,p1udt2107
0.9923080714443131,p1udt2107-p1udt9186x
0.9923112107191078,p1ulv14129
0.9923143232338542,p1udt8855lv
0.9923149881643948,p1udt19323-p1udt906x
0.9923149890992362,p1udt19323
0.992314990454127,p1udt14220-p1udt19323xx
0.9923176452286485,p1udm23262
0.9923188697070792,p1udt20786
0.992319168746933,p1udt17774
0.9923201146237544,p1ulv51445
0.9923263144327601,p1ulv29435
0.9923264208021328,p1udm32163
0.9923291312312572,p1udt3276-p1udt5304xx
0.9923291331597796,p1udt5304
0.9923291357157916,p1udt23371-p1udt5304xx
0.9923380405902388,p1udt13039-p1udt4381xx
0.9923380418212122,p1udt13039-p1udt4381xxx
0.9923384650329855,p1ulv14731
0.9923384823446955,p1ulv11627
0.9923417429556983,p1udt24465-p1udt3776x
0.9923417449269853,p1udt24465
0.9923417470929862,p1udt14220-p1udt24465xx
0.9923451364170357,p1udt15271lv
0.9923507002858444,p1udm57165
0.9923507102109507,p1udt11363-p1udt2685x
0.992350712145435,p1udt11363
0.9923507149776856,p1udt11363-p1udt15520x
0.9923513295109773,p1ulv45903
0.9923557906347962,p1udt4773
0.9923557914941709,p1udt11692-p1udt4773xx
0.9923581146746543,p1udt3767lv
0.9923593859041575,p1ulv42740
0.9923600754417176,p1udm41951
0.9923618795880055,p1ulv57074
0.992362979003325,p1udt24051
0.9923680761395268,p1udm49276
0.9923692128650642,p1udt7165
0.9923692138448689,p1udt12031-p1udt7165xx
0.9923710787777601,p1udt14220-p1udt24465x
0.9923710795906491,p1udt14220-p1udt19323x
0.992371080942908,p1udt14220
0.9923710850260224,p1udt14220-p1udt6297x
0.992371777739063,p1udt2107-p1udt9186xx
0.992371780242603,p1udt9186
0.9923719637444735,p1ulv2254
0.9923741536849342,p1udt9584lv
0.9923751146915079,p1udt11021lv
0.9923769067826086,p1udt12039lv
0.9923860433218618,p1udt11692-p1udt4773x
0.9923860441789875,p1udt11692
0.9923860459698397,p1udt11692-p1udt19322x
0.9923882057601426,p1ulv4112
0.9923895639166227,p1ulv28184
0.9923922216485301,p1ulv41446
0.9923955751498983,p1ulv39563
0.9923973953806218,p1ulv4114
0.9924010616626766,p1udt11684
0.9924010622177895,p1udt11684-p1udt7173x
0.9924015770539606,p1udt11684-p1udt7173xx
0.9924015776090127,p1udt7173
0.992401578653647,p1udt293-p1udt7173xx
0.9924023254935515,p1udt12031-p1udt7165x
0.9924023264711999,p1udt12031
0.9924023283195476,p1udt12031-p1udt20644x
0.992407672730254,p1ulv39564
0.9924078508177061,p1ulv54643
0.9924083378595945,p1udm16706
0.9924091968730119,p1udt277
0.9924116210185928,p1udm35444
0.9924128556352436,p1ulv28825
0.992416229808621,p1ulv35157
0.9924172293625617,p1udt7189lv
0.9924175135011786,p1udm50354
0.9924186976936574,p1udt23371-p1udt5304x
0.9924187002474819,p1udt23371
0.99241870312638,p1udt16252-p1udt23371xx
0.9924218280470507,p1ulv38268
0.9924248038446513,p1udt3260lv
0.9924292786608061,p1ulv35160
0.9924308793821439,p1ulv11631
0.9924403151171548,p1udt293-p1udt7173x
0.9924403161594239,p1udt293
0.992440317725629,p1udt15756-p1udt293xx
0.9924427159435205,p1udt3773lv
0.9924462962171913,p1ulv23726
0.9924502591421981,p1udt23583
0.9924551102903312,p1udt890lv
0.9924590628819789,p1udt9581
0.992459063934324,p1udt3274-p1udt9581xx
0.9924604786080506,p1udt8031lv
0.9924648605006983,p1udt11692-p1udt19322xx
0.9924648622887665,p1udt19322
0.992464864747652,p1udt19322-p1udt2102x
0.9924654559017805,p1ulv30032
0.992468023688807,p1udt9242lv
0.9924685436546007,p1udm23265
0.9924689869147522,p1udm47559
0.9924733968376748,p1udt11363-p1udt15520xx
0.9924733996672365,p1udt15520
0.9924734029453279,p1udt15520-p1udt5303x
0.9924734929096278,p1ulv20552
0.9924852297933413,p1ulv48989
0.9924865259446054,p1udt23839lv
0.9924866950777874,p1udt297lv
0.9924928405731831,p1udt3274-p1udt9581x
0.9924928416234811,p1udt3274
0.9924928432604393,p1udt23938-p1udt3274xx
0.9924940180790763,p1udt20644-p1udt275x
0.9924940196369253,p1udt12031-p1udt20644xx
0.99249402148214,p1udt20644
0.9924940268559443,p1udt20644-p1udt9928x
0.9924952498765909,p1ulv15994
0.992497062208358,p1udt21621lv
0.9924983106679313,p1udt9951lv
0.9925017973217978,p1udt22908
0.992504744235449,p1udm59077
0.9925078604092764,p1ulv44635
0.9925089139501964,p1ulv24358
0.9925131472381792,p1udt8806
0.9925191937728223,p1udt16252-p1udt23371x
0.9925191966495556,p1udt16252
0.9925192000559548,p1udt16252-p1udt20180x
0.9925203727674479,p1udt16742lv
0.9925205062991744,p1ulv31924
0.9925206379649711,p1ulv6658
0.992520741740925,p1ulv7296
0.9925251030041233,p1udm3347
0.9925260923764017,p1ulv60682
0.9925281748301403,p1ulv43333
0.9925298451936203,p1udt19322-p1udt2102xx
0.9925298476508511,p1udt2102
0.992529851268672,p1udt13350-p1udt2102xx
0.9925338069996481,p1ulv1639
0.9925394414466839,p1udm26032
0.992543045842415,p1udt15756-p1udt293x
0.9925430474044574,p1udt15756
0.9925430492616785,p1udt15756-p1udt3273x
0.9925455407072605,p1udt23938-p1udt3274x
0.9925455423421782,p1udt23938
0.992545544315202,p1udt23938-p1udt3778x
0.9925472244755953,p1ulv3553
0.9925485202184139,p1ulv9145
0.9925524728129733,p1udt2675lv
0.9925528499577234,p1udm44927
0.9925613310164505,p1udt18945lv
0.9925613415949687,p1ulv58952
0.9925630988894852,p1udt14730
0.992567261119305,p1ulv9768
0.9925698795209357,p1udt15756-p1udt3273xx
0.9925698813772429,p1udt3273
0.9925698843572263,p1udt15269-p1udt3273xx
0.9925786411675993,p1udt16252-p1udt20180xx
0.9925786445729291,p1udt20180
0.9925786482161507,p1udt20180-p1udt5303x
0.9925883029398852,p1ulv36425
0.9925929525244896,p1ulv20555
0.9925963284054646,p1ulv37683
0.992611857461097,p1udt4292
0.9926119201517544,p1udt1560
0.9926119203492387,p1udt1560-p1udt6308x
0.9926124061811422,p1ulv63832
0.9926145771372609,p1ulv63243
0.9926160074268489,p1udt1560-p1udt6308xx
0.9926160076230048,p1udt6308
0.9926160086152941,p1udt6308-p1udt8025x
0.9926202617636831,p1udt15792
0.9926202623206989,p1udt14540-p1udt15792xx
0.9926286176511335,p1ulv38291
0.992630372524481,p1ulv8543
0.9926328664033328,p1udm5599
0.9926367353932272,p1ulv65104
0.992637353578621,p1ulv44000
0.9926386935182914,p1udm16707
0.9926391224819135,p1udt14540-p1udt15792x
0.9926391230367594,p1udt14540
0.9926391241060204,p1udt13091-p1udt14540xx
0.9926451508951908,p1ulv52103
0.9926451911511551,p1udt23938-p1udt3778xx
0.9926451931209922,p1udt23938-p1udt3778xxx
0.9926495989794066,p1udm35450
0.992654458540498,p1udt298lv
0.9926563577106148,p1udt13091-p1udt14540x
0.9926563587788474,p1udt13091
0.9926563603542923,p1udt13091-p1udt22786x
0.9926575063120348,p1udt3779lv
0.9926636470202754,p1udt903lv
0.9926671907260629,p1ulv7328
0.9926690721514216,p1udt13091-p1udt22786xx
0.9926690737263533,p1udt22786
0.9926690754508467,p1udt14516-p1udt22786xx
0.9926693029851336,p1udt3784lv
0.9926697064978462,p1udt12043lv
0.9926705806982321,p1udt14220-p1udt6297xx
0.9926705847769469,p1udt6297
0.9926705893548978,p1udt10688-p1udt6297xx
0.9926759324226804,p1udt20644-p1udt9928xx
0.9926759377945593,p1udt9928
0.992675944115428,p1udt12030-p1udt9928xx
0.9926763333600549,p1udm3313
0.9926772544485912,p1udt20180-p1udt5303xx
0.9926772548158928,p1udt15520-p1udt5303xx
0.9926772580901638,p1udt5303
0.9926772652963739,p1udt17973-p1udt5303xx
0.9926810255866035,p1udt6308-p1udt8025xx
0.9926810265747085,p1udt8025
0.9926810280617784,p1udt17785-p1udt8025xx
0.9926813988492277,p1udt13942
0.9926816486345574,p1udt13350-p1udt2102x
0.992681652249823,p1udt13350
0.992681656232033,p1udt10688-p1udt13350xx
0.9926860563693836,p1udm35461
0.9926861512674915,p1udt1644lv
0.992691594092341,p1udt15269-p1udt3273x
0.9926915970697939,p1udt15269
0.9926916004091608,p1udt10307-p1udt15269xx
0.9926976863980013,p1udm59076
0.9927017742803037,p1udm51305
0.992705248367826,p1ulv62626
0.9927070844034607,p1udt17785-p1udt8025x
0.9927070858894173,p1udt17785
0.9927070879184631,p1udt17785-p1udt5829x
0.9927092891897165,p1udm26034
0.9927117695141044,p1udt14516-p1udt22786x
0.9927117712370299,p1udt14516
0.9927153926847527,p1udt23473lv
0.9927217657164265,p1ulv8520
0.9927264995123657,p1udm61847
0.9927265425522198,p1udt12041lv
0.9927283806258438,p1udm44258
0.9927298430397904,p1udt8413lv
0.992731937307071,p1ulv57747
0.9927419111358678,p1udt5321
0.9927419119841909,p1udt11365-p1udt5321xx
0.9927429144527727,p1udt17145lv
0.99274482285174,p1udm57167
0.992745271122804,p1udm54575
0.9927464085213282,p1udt2146
0.9927464092159767,p1udt2146-p1udt5838x
0.9927488058056189,p1ulv53358
0.9927511913767706,p1udt21080lv
0.9927524615417789,p1udt2676
0.99275725836771,p1udm57437
0.9927576278704119,p1udt330
0.992757628732249,p1udt330-p1udt8440x
0.9927582951350088,p1ulv54017
0.9927636202151389,p1udm30949
0.9927638489850139,p1ulv54752
0.9927639384492428,p1ulv7298
0.9927641743607167,p1udt23940
0.9927648208605627,p1udt2146-p1udt5838xx
0.9927648215535155,p1udt5838
0.9927648229100372,p1udt5838-p1udt8819x
0.9927656420052232,p1udt17813lv
0.9927712455644551,p1ulv25005
0.9927733346443288,p1ulv306
0.9927754317477707,p1ulv25711
0.9927796144690766,p1udt10694lv
0.9927803851984445,p1udt10307-p1udt15269x
0.992780388536178,p1udt10307
0.9927803923069578,p1udt10307-p1udt21215x
0.9927845596245458,p1udt11365-p1udt5321x
0.9927845604696542,p1udt11365
0.9927845614682701,p1udt10702-p1udt11365xx
0.9927874302916453,p1udm13349
0.9927950704000855,p1ulv21790
0.9927966840198899,p1udt9942lv
0.9927970512606803,p1udt10702-p1udt11365x
0.9927970522584973,p1udt10702
0.9927970534787173,p1udt10702-p1udt5829x
0.992797954889798,p1ulv48346
0.9927997028925355,p1udm58646
0.9928008170359695,p1udt5838-p1udt8819xx
0.9928008183908031,p1udt8819
0.9928008202546479,p1udt12055-p1udt8819xx
0.992801752464954,p1udm36451
0.9928025175910986,p1udt9937lv
0.9928040957518917,p1udm18492
0.9928052278093371,p1udt330-p1udt8440xx
0.9928052286676433,p1udt8440
0.9928052300335125,p1udt15766-p1udt8440xx
0.9928062281831168,p1ulv48358
0.9928109068294574,p1udt23714
0.9928140482274351,p1udt17785-p1udt5829xx
0.992814049033821,p1udt10702-p1udt5829xx
0.9928140502531534,p1udt5829
0.9928140536516676,p1udt5829-p1udt9196x
0.9928154729564995,p1udm24710
0.9928191110707578,p1udm51750
0.9928193307259674,p1udm51749
0.9928263421601161,p1udt15273
0.9928263472989,p1udt15273-p1udt16933x
0.9928368231793683,p1ulv48359
0.992845474267743,p1udt3801lv
0.992846214441074,p1ulv12271
0.9928502656367518,p1udt12055-p1udt8819x
0.992850267498919,p1udt12055
0.992850269932123,p1udt12055-p1udt7620x
0.9928508124295032,p1udt19327lv
0.9928513265220003,p1ulv54677
0.9928556248915735,p1udt24278lv
0.9928575672987316,p1ulv50844
0.9928586493998572,p1udt7208
0.9928586497929166,p1udt6319-p1udt7208xx
0.9928672172913898,p1ulv26232
0.9928685111894057,p1udt21219lv
0.9928809138039173,p1udt6319-p1udt7208x
0.9928809141933379,p1udt6319
0.99288091489167,p1udt15766-p1udt6319xx
0.9928810091405393,p1udm20190
0.9928816780335437,p1udt6295lv
0.9928826561714521,p1udm3409
0.9928854891780994,p1udt10688-p1udt6297x
0.9928854897741577,p1udt10688-p1udt13350x
0.992885493753282,p1udt10688
0.9928855028746396,p1udt10688-p1udt20178x
0.992889814766684,p1ulv54018
0.9928931770744279,p1ulv9780
0.9928970957887643,p1ulv60698
0.9929005874315879,p1ulv24451
0.9929053232897137,p1udt15766-p1udt8440x
0.9929053239548229,p1udt15766-p1udt6319x
0.9929053246509181,p1udt15766
0.9929053274330484,p1udt12390-p1udt15766xx
0.99290770480216,p1ulv15350
0.992910045378522,p1udt12054lv
0.992910738087103,p1udt1531lv
0.992912345931163,p1udt13040-p1udt14516x
0.9929235692051185,p1ulv36426
0.9929332741850496,p1udt17973-p1udt5303x
0.9929332813894249,p1udt17973
0.9929332889160576,p1udt17973-p1udt4300x
0.9929405700060572,p1udm50353
0.9929413715082076,p1ulv31310
0.9929421339754748,p1udm36452
0.9929423862515879,p1udt12055-p1udt7620xx
0.9929423886824202,p1udt7620
0.9929423921000269,p1udt19140-p1udt7620xx
0.9929435709381459,p1udt16712lv
0.9929506918287103,p1ulv45904
0.9929549304691451,p1udt16044lv
0.9929711665635982,p1ulv34532
0.9929718414871503,p1udt24073lv
0.9929754687896546,p1udt4766lv
0.9929767424495912,p1udt21502lv
0.9929790112981102,p1udt21492
0.9929791917525179,p1udt20488
0.9929800765046728,p1ulv41513
0.9929805030770893,p1udt12040lv
0.9929806396841218,p1udt12390-p1udt15766x
0.992980642464567,p1udt12390
0.9929806454630691,p1udt12390-p1udt7202x
0.9929817005654048,p1udt10307-p1udt21215xx
0.9929817043329422,p1udt10307-p1udt21215xxx
0.9929913353858859,p1ulv30657
0.9929927021669718,p1udm35441
0.9929953431949106,p1udm13374
0.9929956746837411,p1udt12030-p1udt9928x
0.9929956810018689,p1udt12030
0.9929956879247966,p1udt11685-p1udt12030xx
0.9929989005385028,p1udt4775lv
0.9930019170600128,p1ulv51416
0.9930022894603325,p1ulv14753
0.9930025667217336,p1udt5829-p1udt9196xx
0.9930025701168427,p1udt9196
0.9930025739115694,p1udt1562-p1udt9196xx
0.9930047520015632,p1ulv42646
0.9930053104071583,p1udt21509lv
0.9930110773350738,p1ulv2329
0.9930197834660996,p1udm13355
0.9930237016179594,p1ulv52742
0.9930260115396754,p1udm46902
0.9930343715194299,p1ulv44634
0.9930356456198348,p1ulv33877
0.9930402867138554,p1ulv6660
0.9930406750683443,p1udm29774
0.993047332303792,p1udt19140-p1udt7620x
0.9930473357195164,p1udt19140
0.993047339396164,p1udt14747-p1udt19140xx
0.9930520264879086,p1ulv23066
0.9930541570870544,p1udt17973-p1udt4300xx
0.9930541646128744,p1udt4300
0.993054172862476,p1udt4300-p1udt9185x
0.9930547472438134,p1ulv11630
0.9930571026355791,p1udm32158
0.9930608320138526,p1ulv38935
0.9930618165894659,p1udt12390-p1udt7202xx
0.9930618195862913,p1udt7202
0.9930618228877488,p1udt14747-p1udt7202xx
0.9930633929536649,p1udm49274
0.993065867299102,p1udm51284
0.9930671067976965,p1ulv52084
0.9930681789957067,p1udt15557lv
0.9930687180511781,p1ulv28799
0.9930690151097965,p1udm15143
0.993069447856333,p1ulv8638
0.9930723276914011,p1udm13346
0.9930872769678136,p1udt11355lv
0.9930895402965266,p1udt291lv
0.9930979507674627,p1udt15273-p1udt16933xx
0.9930979559032015,p1udt16933
0.9930979615863669,p1udt16933-p1udt18947x
0.9930990832062848,p1ulv45243
0.9931073664159304,p1udm18522
0.9931132857146986,p1udt13645
0.9931136141084705,p1udt20336
0.9931139182330074,p1udt3770
0.9931205006005344,p1ulv35821
0.9931215209640016,p1udt11022lv
0.9931218045029806,p1ulv52782
0.9931272482318041,p1ulv19900
0.9931308779929252,p1udm60927
0.9931389762143173,p1udt23497lv
0.9931392294457508,p1udt7618lv
0.9931405178035698,p1udt23372lv
0.9931476092991043,p1udt19850
0.9931477007543023,p1udm5764
0.9931491055304407,p1udt14747-p1udt19140x
0.993149105905571,p1udt14747-p1udt7202x
0.9931491092054028,p1udt14747
0.9931491165023046,p1udt14747-p1udt20344x
0.9931652926192805,p1ulv2865
0.9931655131184444,p1ulv26919
0.9931669776879467,p1ulv61317
0.9931756406684242,p1udt892
0.9931766169183979,p1ulv35179
0.9931824325904218,p1udt24987lv
0.993184313184924,p1udt14505lv
0.9931886311165532,p1udt1562-p1udt9196x
0.9931886349083029,p1udt1562
0.9931886395618473,p1udt14744-p1udt1562xx
0.9931911215612347,p1ulv56453
0.9931915926365678,p1udt8404lv
0.9931979625796127,p1ulv65120
0.9932010057462051,p1udt20335
0.9932131509424964,p1udm11614
0.9932163283893402,p1ulv39565
0.9932240862775384,p1udm3406
0.9932266301501658,p1ulv49579
0.9932280191279115,p1udm35448
0.9932310705923593,p1ulv14226
0.9932331888114658,p1ulv51444
0.9932332449762851,p1udt7599
0.9932337959255524,p1udt17570lv
0.9932372563187242,p1ulv48348
0.9932457969704982,p1udt11357lv
0.9932506840501674,p1udm29766
0.9932575538653545,p1udm7628
0.9932582631194111,p1udt2674
0.9932608769538227,p1udt23137
0.9932612179732296,p1udt6718
0.9932624402667776,p1udm35449
0.9932629951637855,p1ulv18572
0.9932663668180277,p1ulv2893
0.9932669263605189,p1udt24982lv
0.9932682772071817,p1udt11685-p1udt12030x
0.9932682841280481,p1udt11685
0.9932682920384953,p1udt11685-p1udt907x
0.9932758195536836,p1udt18750lv
0.9932777067129761,p1udt9173
0.9932777071839548,p1udt5802-p1udt9173xx
0.9932787515359836,p1udt11697lv
0.9932796601788848,p1udt17162lv
0.9932804859790189,p1udt2137
0.9932804868795284,p1udt10323-p1udt2137xx
0.9932830229587348,p1udm32164
0.9932855734127783,p1udt3769
0.9932899505740767,p1udt5802-p1udt9173x
0.9932899510433899,p1udt5802
0.9932899516933693,p1udt15261-p1udt5802xx
0.9932908279079242,p1ulv63245
0.9932933038965515,p1udt14729lv
0.9932957456367396,p1ulv32022
0.9932982650985155,p1udt16933-p1udt18947xx
0.9932982707796957,p1udt18947
0.9932982769267134,p1udt16489-p1udt18947xxx
0.993298790320069,p1udm11655
0.9933026816966625,p1ulv1599
0.9933037492894208,p1udt18160
0.9933038814688475,p1ulv33241
0.9933044341167584,p1udt16494lv
0.9933073458646221,p1ulv3505
0.9933112581439736,p1udt10323-p1udt2137x
0.9933112590422993,p1udt10323
0.9933112605222387,p1udt10323-p1udt8437x
0.9933125758904416,p1udt15261-p1udt5802x
0.9933125765381927,p1udt15261
0.993312577339334,p1udt15261-p1udt2090x
0.9933126613386387,p1udm58204
0.9933126807683625,p1udm51286
0.9933132567446791,p1ulv30675
0.9933262011669023,p1ulv22428
0.9933312373945611,p1udt15267lv
0.9933328933435519,p1udt14747-p1udt20344xx
0.9933329006391525,p1udt20344
0.9933329082358286,p1udt20344-p1udt8436x
0.9933405909703076,p1udt15261-p1udt2090xx
0.9933405917692125,p1udt2090
0.9933545602229936,p1ulv54676
0.9933571926720316,p1ulv30667
0.993357680894325,p1udm29773
0.993358187873602,p1udt10689lv
0.9933595668349319,p1udt10323-p1udt8437xx
0.9933595683127967,p1udt8437
0.9933595707970345,p1udt13368-p1udt8437xx
0.9933598835931756,p1udm32160
0.9933606748515822,p1ulv2850
0.9933607127229176,p1ulv56483
0.9933619029906233,p1udm61259
0.9933634879930016,p1udt10679
0.993370055806444,p1udm45646
0.9933737118071664,p1udt12698lv
0.9933746899222964,p1udt9172
0.9933773272886581,p1ulv31281
0.9933784956230818,p1ulv29422
0.9933833539301667,p1udm28589
0.9933845823942632,p1udt6745lv
0.9933892476298641,p1udt21214
0.9933892478137758,p1udt21214-p1udt5301x
0.9933922118561365,p1ulv16682
0.9933935462199103,p1udt21214-p1udt5301xx
0.9933935464023189,p1udt5301
0.9933935475814538,p1udt20178-p1udt5301xx
0.9934003097350335,p1udt15272
0.9934003104261987,p1udt15272-p1udt8012x
0.993407759508155,p1ulv61305
0.9934124942572965,p1udt22283
0.9934243857110325,p1udt15272-p1udt8012xx
0.9934243863999683,p1udt8012
0.9934243879453631,p1udt17152-p1udt8012xx
0.9934295664905797,p1ulv12901
0.9934299918793374,p1udt13023lv
0.9934303329246871,p1udt13368-p1udt8437x
0.9934303354071413,p1udt13368
0.9934303381829868,p1udt13368-p1udt324x
0.9934404064017879,p1ulv12306
0.9934465592972779,p1ulv46537
0.9934488012104449,p1udt10688-p1udt20178xx
0.9934488091529248,p1udt20178-p1udt5301x
0.9934488103290703,p1udt20178
0.993448821171119,p1udt1532-p1udt20178xx
0.9934498951095116,p1udt20183lv
0.9934517742478901,p1udt4770lv
0.993451874895534,p1udt18353lv
0.9934576685811484,p1ulv25641
0.993458140542693,p1ulv58848
0.9934629763217784,p1ulv65116
0.9934782326024715,p1udt17152-p1udt8012x
0.9934782341456524,p1udt17152
0.9934782362951196,p1udt17152-p1udt9185x
0.9935002110364551,p1udt9195
0.9935002117836386,p1udt14744-p1udt9195xx
0.9935050830829325,p1ulv53388
0.9935078161356682,p1udt13368-p1udt324xx
0.9935078189097764,p1udt324
0.993507822303957,p1udt324-p1udt8436x
0.9935083904111737,p1ulv40187
0.9935093012524749,p1ulv19233
0.9935130001760477,p1udt7257lv
0.9935140023189333,p1ulv57090
0.993514230702342,p1udt7607lv
0.9935152603111344,p1ulv17280
0.9935190737402047,p1udm32194
0.9935197897155199,p1udm37355
0.9935327197200732,p1ulv58238
0.9935327917169461,p1ulv19885
0.9935363438290017,p1udt15265lv
0.9935367011364434,p1udt19681
0.9935388290731382,p1udt12695lv
0.9935391014276824,p1udt11019lv
0.9935441344538158,p1ulv2858
0.9935451772002148,p1udm43574
0.9935485114255908,p1udt11361lv
0.9935503739138762,p1ulv6003
0.9935556046394938,p1udt18191lv
0.9935569129149795,p1ulv40199
0.9935626661202789,p1udt14744-p1udt1562x
0.9935626700272586,p1udt14744-p1udt9195x
0.9935626707690804,p1udt14744
0.9935626771651498,p1udt14744-p1udt16010x
0.9935750839595385,p1ulv2848
0.9935830462723381,p1ulv52077
0.9935858524776251,p1udt16489-p1udt18947xx
0.9935858586220664,p1udt16489-p1udt18947x
0.993586462224048,p1udt2718lv
0.9935912810456335,p1ulv61313
0.993593626042844,p1ulv7924
0.9935993682172866,p1ulv6040
0.9936009674127501,p1udt20341lv
0.9936077525556498,p1udm5668
0.9936117610965952,p1ulv25618
0.9936131483633648,p1ulv38929
0.9936190351229202,p1udt4300-p1udt9185xx
0.9936190412238946,p1udt17152-p1udt9185xx
0.993619043369235,p1udt9185
0.9936190549235671,p1udt9185-p1udt9587x
0.993620955239866,p1udm7627
0.9936255760396235,p1udt16488lv
0.9936292198790853,p1udm15147
0.9936349055466096,p1udm5766
0.9936370530151653,p1ulv12270
0.9936376351607592,p1ulv31284
0.9936414147802237,p1udm7762
0.9936431497996299,p1ulv21798
0.9936447800234771,p1udm13385
0.9936487113104009,p1ulv16657
0.9936515905124161,p1ulv926
0.9936516390247079,p1udt20344-p1udt8436xx
0.9936516432276813,p1udt324-p1udt8436xx
0.9936516466192623,p1udt8436
0.9936516581535245,p1udt4795-p1udt8436xx
0.9936534557869265,p1ulv54641
0.9936610373409482,p1ulv40208
0.9936626441490488,p1udm21767
0.9936688544094127,p1ulv23725
0.9936708997317243,p1ulv57058
0.9936737381300333,p1ulv22390
0.9936828202658249,p1udm61257
0.993687398131655,p1udt10309lv
0.9937075357798693,p1ulv35801
0.9937082421497977,p1ulv32593
0.993708505345451,p1ulv40817
0.9937095206098627,p1ulv3517
0.9937111065169568,p1udm5643
0.9937135937959303,p1udm23228
0.9937148491623992,p1udt24576lv
0.9937189557762609,p1ulv12309
0.9937265135249262,p1udm9631
0.9937286853750523,p1udm3311
0.9937290570554813,p1udm35462
0.9937305787595664,p1ulv32584
0.9937400558079528,p1ulv30041
0.9937413272772148,p1udt5306lv
0.9937447175451518,p1udt10308
0.9937447182340863,p1udt10308-p1udt907x
0.9937450680226931,p1udt13948lv
0.9937548393980503,p1ulv43968
0.9937570173139885,p1udt4290
0.9937570222303496,p1udt4290-p1udt6288x
0.9937575957263527,p1ulv28157
0.9937812487528126,p1ulv7932
0.9937816084944839,p1ulv37043
0.993782639751948,p1udt24689lv
0.9937847115055861,p1ulv34509
0.9937858620277048,p1ulv26881
0.9937921558949065,p1ulv31928
0.9937938824677062,p1ulv35826
0.9937939776344704,p1udm8002
0.9937964864403576,p1udm30951
0.993800444581169,p1udt17144lv
0.9938060890278998,p1udt11685-p1udt907xx
0.9938060962518058,p1udt10308-p1udt907xx
0.9938060969350215,p1udt907
0.9938061065843031,p1udt4298-p1udt907xx
0.9938102174077683,p1udm32153
0.9938160476265849,p1ulv44618
0.9938179385266557,p1udt14995lv
0.9938214116813499,p1udt2684lv
0.9938232191825012,p1udt7190lv
0.9938252855881751,p1udt23136lv
0.9938255171960143,p1udt1530lv
0.9938342868561691,p1ulv12307
0.9938358610618275,p1udt11038
0.9938358621994142,p1udt11038-p1udt16010x
0.9938377976115021,p1ulv26922
0.9938382123773455,p1ulv953
0.9938387607351786,p1ulv6693
0.9938392083745162,p1udt23255lv
0.9938398078434663,p1udt17576lv
0.9938459709740417,p1udm35479
0.9938592282941453,p1udt3279lv
0.9938625329509597,p1ulv64517
0.99387710071333,p1udt14223lv
0.9938826702305088,p1udt1532-p1udt20178x
0.9938826810711233,p1udt1532
0.9938826923225946,p1udt15268-p1udt1532xxx
0.9938845250687205,p1ulv50293
0.9938862536298294,p1ulv10406
0.993889560212794,p1ulv33904
0.9938918880716415,p1udt14744-p1udt16010xx
0.9938918933304747,p1udt11038-p1udt16010xx
0.9938918944649174,p1udt16010
0.9938919025368044,p1udt16010-p1udt7191x
0.9938951596413649,p1ulv64586
0.9938972065977134,p1udt22528lv
0.9939060655020536,p1udt9191lv
0.9939081654691739,p1udm20187
0.9939107141838147,p1udm1024
0.9939114742484492,p1ulv32592
0.9939133068811697,p1udt9189lv
0.9939221884134388,p1ulv9779
0.9939234478341703,p1udm13386
0.9939242025965762,p1udm40229
0.9939331839230114,p1ulv8537
0.9939341093095979,p1udt9185-p1udt9587xx
0.9939341208630444,p1udt9587
0.9939341328424938,p1udt17780-p1udt9587xxx
0.9939357152652083,p1udt23481lv
0.9939432455847432,p1udm3405
0.9939691479279475,p1udt15260lv
0.9939766532521069,p1udt7601lv
0.993982568310376,p1udt23138lv
0.9939928169225092,p1udm41117
0.9939940512859367,p1ulv13535
0.9939959335749666,p1udm7781
0.9939979207478005,p1ulv54042
0.9940010113511923,p1ulv58844
0.994001043152081,p1ulv35805
0.9940110752093554,p1ulv4778
0.9940156347420206,p1ulv31312
0.9940279515633098,p1ulv58246
0.9940298084723823,p1udt4290-p1udt6288xx
0.9940298133854981,p1udt6288
0.9940298188731741,p1udt16706-p1udt6288xx
0.9940306012646505,p1ulv37048
0.9940450647346637,p1ulv20629
0.9940521187883603,p1ulv40309
0.9940554310275257,p1ulv49568
0.9940555790923513,p1ulv47749
0.9940579494252517,p1udm7625
0.9940607127208926,p1udt22648lv
0.994064805188903,p1ulv39562
0.9940672673829289,p1ulv38314
0.9940685212192095,p1udm40226
0.99406892641101,p1udt25192lv
0.9940704309222752,p1ulv43316
0.9940717301484243,p1ulv41444
0.994073718106937,p1ulv20545
0.9940748640330899,p1ulv61341
0.9940904309601672,p1udm23237
0.9940961202669294,p1ulv55857
0.9941020090701624,p1ulv60688
0.994103297306205,p1udt20019lv
0.9941065093751704,p1ulv6659
0.9941119129411095,p1ulv8562
0.9941184312902596,p1ulv42059
0.9941244464975718,p1udm27316
0.994124697304476,p1udt3275lv
0.994126168574234,p1udt23017lv
0.994130426261643,p1ulv11616
0.9941327791335601,p1udt6285
0.9941327796609711,p1udt24263-p1udt6285xx
0.9941353192640009,p1ulv50196
0.994137728682257,p1ulv54050
0.9941394948682998,p1udt24263-p1udt6285x
0.9941394953948942,p1udt24263
0.9941394960748161,p1udt24263-p1udt5293x
0.9941407025981419,p1ulv64487
0.9941420245239232,p1ulv35178
0.9941426313319854,p1ulv298
0.9941436475158603,p1udt15262
0.9941456157364744,p1ulv41438
0.9941476690548128,p1ulv39556
0.9941477787588116,p1ulv37051
0.9941482106392315,p1udt24263-p1udt5293xx
0.9941482113183323,p1udt5293
0.9941482122301213,p1udt5292-p1udt5293xx
0.9941616416298618,p1ulv29415
0.994163426988202,p1udt1536lv
0.994165416836665,p1udt5292-p1udt5293x
0.9941654177472468,p1udt5292
0.9941654191093473,p1udt14727-p1udt5292xx
0.9941674897878764,p1ulv33982
0.99416817063153,p1ulv28812
0.9941705966015983,p1ulv14142
0.994170929091451,p1ulv40185
0.9941780129392173,p1ulv63212
0.9941894554353901,p1udm49909
0.9941919859058932,p1udm49291
0.9941939263280143,p1udt14727-p1udt5292x
0.9941939276887815,p1udt14727
0.9941939297519384,p1udt14727-p1udt21366x
0.9941947515031615,p1udm20263
0.9941977517194833,p1ulv42676
0.9942026042154004,p1udm15144
0.994207296665587,p1udt10691lv
0.9942133409628189,p1ulv39582
0.9942208110868588,p1ulv63949
0.9942222130641818,p1udt3785lv
0.9942230542029538,p1ulv33272
0.9942236152824908,p1udt25271lv
0.9942249925310509,p1ulv54021
0.9942262795996833,p1ulv24983
0.994226955070585,p1ulv14146
0.9942289149675778,p1ulv52762
0.9942315100056834,p1udm49277
0.9942327614282773,p1udt16706-p1udt6288x
0.9942327669138443,p1udt16706
0.9942327735165185,p1udt13018-p1udt16706xx
0.99423789968295,p1ulv60697
0.9942406628520811,p1ulv60163
0.9942412869721531,p1ulv15974
0.9942534293928607,p1udm7626
0.9942563471104126,p1ulv65141
0.9942602073561343,p1ulv38309
0.9942617826833404,p1ulv45893
0.9942622223269507,p1udt4795-p1udt8436x
0.994262233859475,p1udt4795
0.9942622459310752,p1udt3809-p1udt4795xx
0.9942624296229999,p1udt22667lv
0.9942639749547921,p1udm46893
0.9942645557205811,p1ulv48983
0.9942713826571257,p1udt14727-p1udt21366xx
0.9942713847179131,p1udt21366
0.9942713873526593,p1udt21366-p1udt4298x
0.994276562376683,p1udt20646lv
0.9942781441623472,p1ulv58247
0.9942796651664672,p1ulv60683
0.9942817328039046,p1ulv43974
0.9942821624901259,p1udt8803lv
0.994287722099757,p1udt10676
0.9942913946815275,p1ulv8634
0.9942930146539215,p1ulv4128
0.9942970726355509,p1ulv64470
0.994304196213797,p1ulv2883
0.9943093982625459,p1ulv49563
0.9943098410090845,p1udm38323
0.9943113192700576,p1udt20518lv
0.9943116484835474,p1udt6298lv
0.9943188516104352,p1udt9575
0.994318853346308,p1udt6287-p1udt9575xx
0.9943256154593483,p1udt25179lv
0.9943261841173741,p1ulv9170
0.9943272534533386,p1ulv54022
0.9943282889672937,p1ulv31262
0.9943283542179533,p1ulv1605
0.9943288606515799,p1ulv44621
0.9943354779868915,p1udt17146
0.9943381752985051,p1ulv22398
0.9943411017364651,p1udt13994lv
0.994350804188324,p1ulv4740
0.9943519156752794,p1ulv54029
0.994358518266397,p1udt16931lv
0.994362300496161,p1udt6729
0.9943623012484742,p1udt15521-p1udt6729xx
0.9943752553364961,p1udt18780lv
0.9943788864686176,p1ulv34517
0.9943809476130743,p1udm35481
0.9943815770918516,p1udt4298-p1udt907x
0.9943815841064964,p1udt21366-p1udt4298xx
0.994381586738629,p1udt4298
0.994381599788375,p1udt14502-p1udt4298xx
0.9943825366823872,p1udt6287-p1udt9575x
0.9943825384159334,p1udt6287
0.9943825408065524,p1udt1523-p1udt6287xx
0.9943834372597382,p1udt13657lv
0.9943839201804294,p1udm54577
0.9944016882340662,p1udt15521-p1udt6729x
0.9944016889830236,p1udt15521
0.9944016905013902,p1udt15274-p1udt15521xx
0.994403630541784,p1ulv26902
0.9944055379453385,p1udm20188
0.9944118033797003,p1udm36448
0.9944210261642992,p1ulv64523
0.994436311278854,p1udt15268-p1udt1532xx
0.9944363225286548,p1udt15268-p1udt1532x
0.9944369505134973,p1udm1172
0.9944458552377662,p1udm32162
0.9944555316306294,p1udt15274-p1udt15521x
0.9944555331467414,p1udt15274
0.9944555349686398,p1udt15274-p1udt5811x
0.9944574480449166,p1ulv63228
0.9944613715215765,p1ulv31385
0.9944624801885539,p1ulv24390
0.9944634292988733,p1ulv32573
0.9944692840715048,p1udt17780-p1udt9587xx
0.9944692960496068,p1udt17780-p1udt9587x
0.9944702454043931,p1udt1523-p1udt6287x
0.9944702477927108,p1udt1523
0.9944702511263949,p1udt1523-p1udt6299x
0.9944710256086905,p1udm7761
0.99447395005662,p1ulv40811
0.9944801266300582,p1ulv21831
0.9944807853008218,p1ulv57057
0.9944857317164397,p1ulv62591
0.9944879719701858,p1ulv57640
0.9944883116149005,p1ulv59458
0.9944884221062618,p1udt20018lv
0.9944903757659602,p1udm51773
0.9944907245228318,p1udm5637
0.9944923630550111,p1ulv31937
0.9944984351302317,p1udm29772
0.994498518429398,p1ulv57672
0.9944990544981757,p1udt21067lv
0.9945046787332813,p1udt15274-p1udt5811xx
0.9945046805534716,p1udt5811
0.9945046828705906,p1udt5811-p1udt6299x
0.9945075273866614,p1udt25104lv
0.9945108470834071,p1udt3809-p1udt4795x
0.9945108591543896,p1udt3809
0.9945108718248645,p1udt16259-p1udt3809xxx
0.9945113937078476,p1udm35447
0.9945121024423583,p1udt11399
0.9945126956586583,p1ulv5374
0.994516801682493,p1ulv62589
0.9945277350078856,p1udm47625
0.9945280753937386,p1ulv3539
0.9945298430286167,p1ulv37642
0.9945308311648668,p1ulv61309
0.9945339590626949,p1ulv38936
0.9945351862285099,p1udm7658
0.9945363696216335,p1udt12054
0.9945368006770354,p1ulv7917
0.9945380332038801,p1udt13018-p1udt16706x
0.994538039804069,p1udt13018
0.9945380470768829,p1udt13018-p1udt4289x
0.9945441883296591,p1udt22910lv
0.9945462621386334,p1ulv4762
0.9945465414991208,p1ulv57092
0.9945508928627858,p1udm11664
0.9945523371806185,p1ulv32549
0.9945523909519496,p1ulv64518
0.9945535297648719,p1udm7759
0.9945610570424361,p1udt16010-p1udt7191xx
0.9945610651103168,p1udt7191
0.994561074140938,p1udt16708-p1udt7191xxx
0.9945618984413651,p1ulv63213
0.9945620049406607,p1udt8411lv
0.9945748999184802,p1udt22174lv
0.9945822501232624,p1ulv50862
0.9945836505997576,p1ulv58253
0.9945847317293852,p1ulv43317
0.9945851057727827,p1umv49
0.9945860615212057,p1ulv61329
0.9945868906189308,p1udm18601
0.9945901617193985,p1ulv12867
0.9945918916988759,p1udt9585lv
0.9945938954773663,p1ulv58348
0.9945996579245974,p1udm56600
0.9945998817333604,p1udt24266lv
0.9946014354633241,p1udt8013
0.9946014364007381,p1udt22037-p1udt8013xx
0.9946101470041925,p1udt3786
0.9946101476117253,p1udt2108-p1udt3786xx
0.9946112451377622,p1ulv60706
0.9946115857311476,p1udm57686
0.9946135716697827,p1ulv43305
0.9946146781802456,p1udt24478lv
0.9946158612124091,p1ulv14754
0.9946163085110812,p1udm46903
0.9946174197567166,p1udm53091
0.9946179728081216,p1udm27301
0.994626175318823,p1ulv44076
0.9946276283133881,p1ulv12268
0.9946317244924954,p1udm35471
0.994633576652481,p1udt22037-p1udt8013x
0.9946335775877013,p1udt22037
0.9946335789378267,p1udt2108-p1udt22037xx
0.9946424492405763,p1udt3781lv
0.9946460613033005,p1ulv1600
0.9946464200447912,p1udm33280
0.9946472851959552,p1udt1523-p1udt6299xx
0.9946472862131257,p1udt5811-p1udt6299xx
0.9946472885263774,p1udt6299
0.9946472949231502,p1udt18355-p1udt6299xx
0.994649945061924,p1udm54578
0.9946538101747526,p1udt22526lv
0.9946569102055945,p1udm11663
0.9946576757508216,p1udm20264
0.9946609396924277,p1udm9596
0.9946626520044659,p1ulv57659
0.9946743105949104,p1ulv21189
0.9946798306224793,p1udt7203lv
0.994690353587679,p1udm9603
0.99469098469337,p1ulv11646
0.9946912958540953,p1udt20805lv
0.9946952043402382,p1ulv15996
0.9946981986618757,p1udm13375
0.9947058050046839,p1udt2108-p1udt22037x
0.9947058057540296,p1udt2108-p1udt3786x
0.9947058063513985,p1udt2108
0.9947058090162973,p1udt2108-p1udt3278x
0.9947071539295911,p1ulv17939
0.9947073766604797,p1udt17997lv
0.9947100395878566,p1udt18352
0.994714436659101,p1ulv326
0.9947156964153189,p1udt16928-p1udt18352xx
0.9947172124958948,p1ulv48390
0.9947274760783883,p1ulv57658
0.9947346485983745,p1udm23218
0.9947458217842187,p1ulv23062
0.9947492597121445,p1ulv13595
0.9947536222630893,p1ulv20523
0.9947538903956963,p1ulv45900
0.9947592883539436,p1udt16928-p1udt18352x
0.9947616928975813,p1ulv64500
0.9947644855891664,p1ulv12903
0.9947649436187221,p1udt16928
0.9947670832851854,p1udm5768
0.994770753206979,p1udt16928-p1udt7604x
0.9947731834471852,p1udm7765
0.9947757024325403,p1ulv1592
0.994776307857155,p1udm20192
0.9947808473245927,p1udm54568
0.9947955960618048,p1ulv19225
0.9947958911058497,p1udt12691
0.9947958917339927,p1udt12691-p1udt19680x
0.9948027705681297,p1udt2108-p1udt3278xx
0.9948027732307537,p1udt3278
0.9948027764137677,p1udt2687-p1udt3278xx
0.9948038525846825,p1udm9595
0.9948109953482752,p1udt18355-p1udt6299x
0.99481100174366,p1udt18355
0.9948110089556655,p1udt18355-p1udt912x
0.9948159565105813,p1ulv16659
0.9948197497421765,p1udt14502-p1udt4298x
0.9948197627911153,p1udt14502
0.9948197761952823,p1udt14502-p1udt18352x
0.9948234909660252,p1ulv40201
0.9948298072035153,p1ulv10391
0.994830585144313,p1udt12691-p1udt19680xx
0.994830585768911,p1udt19680
0.994830587171981,p1udt19680-p1udt19849x
0.9948305981371333,p1ulv3540
0.9948313521747512,p1ulv22406
0.9948333097907267,p1udt909lv
0.9948397272153375,p1udt3299lv
0.9948427561202391,p1udm45644
0.9948442221736143,p1ulv30686
0.9948561020231191,p1udt2682
0.994856103032695,p1udt2682-p1udt3272x
0.9948587546873012,p1ulv14163
0.9948599508896602,p1udt10678
0.9948599576317704,p1udt10678-p1udt15998x
0.9948605112828618,p1ulv31959
0.9948606239530489,p1udm37352
0.9948610598252159,p1udt10695lv
0.9948626615721958,p1udt9184lv
0.9948634195528367,p1udt16495lv
0.994864248515767,p1ulv52744
0.9948743577863093,p1udt13018-p1udt4289xx
0.9948743650567384,p1udt4289
0.9948743730131434,p1udt3768-p1udt4289xx
0.9948770947430082,p1ulv50833
0.9948865578648141,p1udt16928-p1udt7604xx
0.9948876275692088,p1udt24166lv
0.994889659252972,p1udt2687-p1udt3278x
0.9948896624342977,p1udt2687
0.9948896664239943,p1udt2687-p1udt3277x
0.9948902938287935,p1ulv331
0.994890731991639,p1udt2682-p1udt3272xx
0.9948907329990209,p1udt3272
0.9948907344874591,p1udt292-p1udt3272xx
0.9948915018549749,p1ulv2256
0.9948923633735444,p1udt7604
0.9948952922638056,p1udt19680-p1udt19849xx
0.9948952936639366,p1udt19849
0.9948952957474014,p1udt19849-p1udt7167x
0.9948968939887792,p1udt22781lv
0.9948994830520285,p1udt3778-p1udt7604xx
0.9949042959369143,p1udm32161
0.994909296654372,p1ulv47119
0.9949093477883469,p1ulv35823
0.994911521245505,p1ulv51427
0.9949191030912227,p1udt21217lv
0.9949192809836129,p1ulv28807
0.9949239559159271,p1udm7763
0.994929055664292,p1udt292-p1udt3272x
0.9949290571510917,p1udt292
0.9949290595199396,p1udt15518-p1udt292xx
0.9949322843575561,p1udm51299
0.9949408084917328,p1ulv42072
0.9949570081482748,p1udt294lv
0.9949584343446787,p1ulv59473
0.9949657356403356,p1ulv63870
0.9949714460511108,p1ulv45230
0.9949721071479625,p1ulv29406
0.9949787330129403,p1ulv26891
0.9949836625192818,p1ulv54015
0.9949900561723733,p1udt15518-p1udt292x
0.9949900585396033,p1udt15518
0.9949900614263094,p1udt1534-p1udt15518xx
0.9949958161897607,p1udm15148
0.99499854189742,p1udt2687-p1udt3277xx
0.994998545770272,p1ulv37074
0.9949985458854673,p1udt3277
0.9949985501452474,p1udt13653-p1udt3277xx
0.9950054865424044,p1udm27501
0.9950078646287898,p1udt3778-p1udt7604x
0.9950079809154153,p1ulv38294
0.9950105839111725,p1udt19849-p1udt7167xx
0.9950105859911428,p1udt7167
0.9950105891148198,p1udt2091-p1udt7167xx
0.9950143008515929,p1ulv61955
0.995014981018016,p1udt3778
0.9950188353808697,p1ulv44625
0.9950205325013753,p1udm45657
0.9950228890319277,p1udt3778-p1udt5302x
0.9950232837817545,p1udm5639
0.9950314736514647,p1udt10678-p1udt15998xx
0.9950314803922223,p1udt15998
0.9950314872861185,p1udt14731-p1udt15998xx
0.9950443158088311,p1ulv3506
0.9950496309825958,p1ulv10993
0.9950504372729019,p1udm5767
0.9950525043123695,p1udt4304
0.99505250491384,p1udt1537-p1udt4304xx
0.9950541960002778,p1udt7175
0.995054196491924,p1udt1537-p1udt7175xx
0.9950547538078183,p1udm13340
0.9950571257355768,p1udt18355-p1udt912xx
0.995057132945824,p1udt912
0.9950571405027359,p1udt18948-p1udt912xx
0.9950572875813188,p1udt21211lv
0.9950576374670432,p1udm20204
0.9950616510011379,p1udt1534-p1udt15518x
0.9950616538863025,p1udt1534
0.9950616574595061,p1udt1534-p1udt5808x
0.9950708432459076,p1ulv2973
0.9950802347542148,p1udt1537-p1udt4304x
0.9950802348644826,p1udt1537-p1udt7175x
0.9950802353527252,p1udt1537
0.9950802371279485,p1udt1537-p1udt7174x
0.9950821589083741,p1udt13651
0.9950821594347427,p1udt13351-p1udt13651xx
0.995087152325967,p1ulv21791
0.9950874865801415,p1udt17780
0.9950899426517383,p1udt14731-p1udt15998x
0.9950899495451867,p1udt14731
0.9950899566561981,p1udt12034-p1udt14731xx
0.9950909290263479,p1udt13351-p1udt13651x
0.9950909295516479,p1udt13351
0.9950909305767757,p1udt13351-p1udt7172x
0.99509216990882,p1udt13948-p1udt17780xx
0.9950948240707372,p1ulv33983
0.9950969863584165,p1udt10698lv
0.9950983370159718,p1ulv2241
0.9950983954006306,p1ulv47133
0.9950992139346171,p1ulv10994
0.9950992483957177,p1udt2713
0.9950992493074489,p1udt13663-p1udt2713xx
0.9951057772684927,p1ulv54648
0.9951078326663616,p1ulv954
0.9951107464523854,p1ulv7947
0.9951135985032524,p1udt2105lv
0.9951165403626324,p1udt13351-p1udt7172xx
0.9951165413861627,p1udt7172
0.9951165431225774,p1udt11694-p1udt7172xx
0.9951172790869645,p1ulv9147
0.9951180823231853,p1udt3778-p1udt5302xx
0.9951198748391886,p1ulv28800
0.9951258753990456,p1udt2091-p1udt7167x
0.9951258785204394,p1udt2091
0.9951258820264467,p1udt2091-p1udt5294x
0.9951259876836899,p1udt5302
0.9951286674862729,p1udt16708-p1udt7191xx
0.9951286765140943,p1udt16708-p1udt7191x
0.9951290325498282,p1udt13653-p1udt3277x
0.9951290368077724,p1udt13653
0.9951290412091052,p1udt13653-p1udt6727x
0.9951303175654195,p1udt13663-p1udt2713x
0.9951303184749688,p1udt13663
0.9951303199783205,p1udt13370-p1udt13663xx
0.9951341216677538,p1udt21215-p1udt5302xx
0.9951350824041123,p1udm33278
0.9951383792833327,p1udt13948-p1udt17780x
0.9951430605314752,p1udt13948
0.9951436092808836,p1ulv42048
0.9951448467489838,p1ulv11006
0.9951478375999944,p1udt13948-p1udt18353x
0.9951539779393954,p1ulv54616
0.9951556657645879,p1udt1534-p1udt5808xx
0.9951556693361836,p1udt5808
0.9951556732812702,p1udt5808-p1udt8802x
0.9951564250675675,p1udm5640
0.9951588675476999,p1ulv27550
0.9951594589569148,p1udt16480lv
0.9951608942682051,p1udt11694-p1udt7172x
0.995160896002998,p1udt11694
0.9951608985791943,p1udt11694-p1udt7603x
0.9951686767139284,p1udt13370-p1udt13663x
0.9951686782156557,p1udt13370
0.9951686803795262,p1udt13370-p1udt332x
0.9951711353384853,p1ulv40220
0.9951713876692627,p1ulv917
0.9951714155313471,p1udt13948-p1udt18353xx
0.9951725558072615,p1udt3783lv
0.9951736560576057,p1ulv50210
0.9951761915617495,p1udt18353
0.9951787964691456,p1udm48194
0.9951800468277617,p1ulv10400
0.9951810791551418,p1udt16489-p1udt18353xx
0.9951849395502577,p1udm38289
0.995189002633702,p1udm1068
0.9951899538235283,p1ulv26894
0.9951902643854802,p1udm37368
0.9951918312969155,p1udm40221
0.9951936074494687,p1udt1537-p1udt7174xx
0.9951936092206382,p1udt7174
0.9951936120799899,p1udt7174-p1udt7606x
0.9951962530530837,p1udt1577lv
0.9952046185471447,p1udt21215-p1udt5302x
0.9952074312872767,p1udt13653-p1udt6727xx
0.9952074356875462,p1udt6727
0.9952074404252906,p1udt6727-p1udt6728x
0.9952102083904846,p1udm16797
0.9952105727804607,p1udt12034-p1udt14731x
0.9952105798905895,p1udt12034
0.9952105871561397,p1udt12034-p1udt17568x
0.9952115679506863,p1ulv58349
0.9952127506160613,p1udt21215
0.9952149636348979,p1udm53094
0.9952162509074114,p1ulv26268
0.9952174796667886,p1ulv55242
0.9952187815531037,p1udm54566
0.9952188397716472,p1udt2788lv
0.9952213599277047,p1ulv48341
0.9952222968868942,p1udt21215-p1udt9580x
0.9952252455440918,p1ulv33232
0.9952293718838354,p1ulv28798
0.9952308311119604,p1ulv2225
0.995232526871481,p1udm41994
0.995239112442064,p1ulv19881
0.9952395126450195,p1ulv47726
0.9952399015654679,p1ulv19983
0.9952402964575159,p1udt16489-p1udt18353x
0.9952407737340272,p1udt18753
0.9952407739294844,p1udt18753-p1udt18948x
0.9952408135057993,p1udm34349
0.9952436485786659,p1ulv63223
0.9952451814795888,p1udt16489
0.9952459911317665,p1ulv49010
0.9952476717497603,p1udt18948-p1udt912x
0.9952476791122238,p1udt18753-p1udt18948xx
0.9952476793054023,p1udt18948
0.9952476871986915,p1udt18948-p1udt4305x
0.9952513618030241,p1udt5808-p1udt8802xx
0.995251365746644,p1udt8802
0.9952513700753916,p1udt11693-p1udt8802xx
0.9952522932793958,p1udt12697-p1udt16489xx
0.9952523980416794,p1udt11694-p1udt7603xx
0.9952524006156508,p1udt7603
0.9952524039369364,p1udt11693-p1udt7603xx
0.995252912753041,p1udm38292
0.9952638858338223,p1udt2091-p1udt5294xx
0.995263889337417,p1udt5294
0.9952638930330755,p1udt2675-p1udt5294xx
0.9952656988211627,p1ulv53391
0.9952668762519503,p1ulv52786
0.9952669010314643,p1ulv4221
0.9952674093607697,p1ulv14735
0.995276605750411,p1udm15150
0.9952815903531058,p1udt13959lv
0.9952817043806936,p1udm46894
0.9952836237202882,p1udt5810lv
0.9952881970786043,p1ulv64522
0.9953034111226714,p1udt12697-p1udt16489x
0.9953063305318597,p1ulv29516
0.99530824235081,p1ulv65096
0.9953086650435812,p1ulv37658
0.9953091896140108,p1ulv941
0.9953092565725372,p1ulv10376
0.995310521317842,p1udt12697
0.9953111540440378,p1udm18490
0.995313607105471,p1udm55964
0.9953157741435017,p1udt3768-p1udt4289x
0.9953157820971851,p1udt3768
0.9953157906204657,p1udt3261-p1udt3768xxx
0.995317807539028,p1udt12697-p1udt14221x
0.995320731037114,p1udt21215-p1udt9580xx
0.9953238451974944,p1udt7174-p1udt7606xx
0.9953238480540123,p1udt7606
0.9953238518188517,p1udt11696-p1udt7606xx
0.9953246553997996,p1udm51300
0.9953285482182396,p1ulv42741
0.9953287078816866,p1ulv33889
0.9953289155699742,p1ulv17969
0.9953302750088748,p1udt9580
0.995333599037313,p1udt19141lv
0.99533376518697,p1udm40227
0.995334017024854,p1udt6727-p1udt6728xx
0.995334021761023,p1udt6728
0.9953340271593515,p1udt11696-p1udt6728xx
0.9953380022776065,p1udt13370-p1udt332xx
0.9953380044365367,p1udt13370-p1udt332xxx
0.995340102062766,p1udt14221-p1udt9580xx
0.9953432350785216,p1ulv62596
0.9953435512176272,p1ulv3530
0.995345673257984,p1ulv32553
0.9953520189157247,p1udt15768
0.9953520192636083,p1udt15768-p1udt17162x
0.9953584268501556,p1udt15768-p1udt17162xx
0.9953584271968552,p1udt17162
0.9953584276245273,p1udt17162-p1udt21225x
0.9953607741687076,p1udm1028
0.9953648838845695,p1udt18781lv
0.9953663068839551,p1udt17162-p1udt21225xx
0.9953663073104437,p1udt21225
0.9953663080360621,p1udt21225-p1udt21773x
0.9953678528571636,p1udt2675-p1udt5294x
0.9953678565511065,p1udt2675
0.9953678603713729,p1udt20173-p1udt2675xx
0.9953823897476928,p1ulv37682
0.9953830681631779,p1udm23296
0.995393033997911,p1udt21225-p1udt21773xx
0.9953930347211671,p1udt21773
0.9953930361424428,p1udt21773-p1udt5334x
0.9953939968701204,p1ulv1618
0.9953993794184526,p1ulv52769
0.9953994093999066,p1udt8409
0.9953994104645134,p1udt13947-p1udt8409xx
0.9954025332730218,p1udt12034-p1udt17568xx
0.9954025405372127,p1udt17568
0.9954025479816287,p1udt17568-p1udt891x
0.9954047867942791,p1ulv56462
0.9954122925020388,p1udm9629
0.9954138964825525,p1ulv31297
0.9954155923633821,p1ulv18590
0.9954219017314734,p1ulv35155
0.9954279001789715,p1udt11693-p1udt8802x
0.9954279011872562,p1udt11693-p1udt7603x
0.9954279045052846,p1udt11693
0.9954279125692945,p1udt11693-p1udt13650x
0.9954323331420367,p1udt16005lv
0.9954346137328752,p1udm36391
0.9954414425484467,p1udt14221-p1udt9580x
0.9954439849478173,p1udt12697-p1udt14221xx
0.9954512672874087,p1udt14221
0.995455630198097,p1ulv63246
0.9954568801325745,p1udt13947-p1udt8409x
0.9954568811937269,p1udt13947
0.9954568830779073,p1udt13947-p1udt9938x
0.9954594214348894,p1udt21773-p1udt5334xx
0.9954594228531877,p1udt21773-p1udt5334xxx
0.9954664332834753,p1ulv19880
0.9954700361319757,p1udt14221-p1udt3271x
0.9954744477338294,p1udt9957
0.9954744487633216,p1udt11368-p1udt9957xxx
0.9954773766763685,p1udm36399
0.9954774703213503,p1udm5669
0.9954816538195371,p1ulv50834
0.995484030127497,p1udm41958
0.9954858755590357,p1ulv55856
0.9954887342052493,p1udm49829
0.9954929212420908,p1ulv63221
0.9954968348837564,p1ulv45244
0.9954971318366599,p1ulv46564
0.9954990683663909,p1ulv45882
0.9955033906010942,p1ulv23680
0.9955041761248511,p1ulv22412
0.9955051295471737,p1udt18948-p1udt4305xx
0.9955051374388616,p1udt4305
0.9955051457975266,p1udt11026-p1udt4305xxx
0.9955053754231924,p1ulv5345
0.9955100362107188,p1ulv37053
0.9955111484481095,p1udt21500lv
0.9955112063968,p1udm1027
0.9955123079008255,p1ulv6653
0.9955137255894891,p1udt14502-p1udt18352xx
0.9955137389925226,p1udt14502-p1udt18352xxx
0.995520955896566,p1udm47623
0.9955245394876251,p1udm9627
0.9955247474477473,p1udt13947-p1udt9938xx
0.9955247493296443,p1udt9938
0.9955247520007477,p1udt15517-p1udt9938xx
0.9955358990677556,p1ulv28821
0.9955377837935488,p1ulv1620
0.9955398926962182,p1ulv62041
0.9955415344329188,p1udm9605
0.9955422702214107,p1udm55292
0.9955439371945467,p1udt11368-p1udt9957xx
0.995543938219716,p1udt11368-p1udt9957x
0.9955444555319269,p1ulv60687
0.9955449381406013,p1udt16259-p1udt3809xx
0.9955449508089049,p1udt16259-p1udt3809x
0.9955459841715498,p1ulv28788
0.9955500881998907,p1ulv65117
0.9955507864775913,p1udt18351
0.995550786892004,p1udt18351-p1udt889x
0.9955513823722022,p1ulv43315
0.9955522397500467,p1udt3261-p1udt3768xx
0.9955522482720264,p1udt3261-p1udt3768x
0.9955526252122928,p1udm46891
0.9955540156273393,p1udm7760
0.995554093019791,p1udt276
0.9955540933661917,p1udt20173-p1udt276xx
0.9955605849005413,p1ulv2867
0.9955630480800117,p1udt8011lv
0.9955648386316145,p1udm7747
0.9955654864507965,p1ulv50835
0.9955659708567305,p1ulv30027
0.9955671550840215,p1udt20173-p1udt2675x
0.9955671585571457,p1udt20173-p1udt276x
0.995567158901118,p1udt20173
0.9955675746058776,p1udt9586lv
0.9955684096630967,p1udt18351-p1udt889xx
0.9955684100747731,p1udt889
0.9955684113618756,p1udt14993-p1udt889xx
0.9955780802240022,p1udt11696-p1udt6728x
0.9955780818590048,p1udt11696-p1udt7606x
0.9955780856197362,p1udt11696
0.9955780951677003,p1udt11696-p1udt18164x
0.9955782350495224,p1ulv27571
0.9955797188303876,p1udt2681lv
0.9955918483643307,p1ulv20544
0.9955980574490081,p1ulv39583
0.9955988627449421,p1ulv57076
0.9955991263036533,p1udt17568-p1udt891xx
0.9955991337467274,p1udt891
0.9955991419309723,p1udt4291-p1udt891xx
0.9956004638658457,p1ulv23712
0.9956043966581594,p1ulv54024
0.9956055362124734,p1udm11618
0.9956068243651758,p1ulv46538
0.99560718115732,p1udm35498
0.995607304817116,p1udt14993-p1udt889x
0.9956073061022895,p1udt14993
0.9956073081836746,p1udt14993-p1udt8400x
0.9956110942508237,p1udt9958lv
0.9956198685857469,p1ulv59474
0.9956206162029803,p1udt910lv
0.9956294410690856,p1udt15517-p1udt9938x
0.9956294437377379,p1udt15517
0.9956294468845212,p1udt15517-p1udt24164x
0.9956318078194483,p1udt11693-p1udt13650xx
0.9956318158822223,p1udt13650
0.99563182428881,p1udt13650-p1udt20017x
0.99563417220883,p1ulv22429
0.9956381764785385,p1ulv23711
0.9956394613956648,p1udm1056
0.9956468513428582,p1ulv51436
0.9956551306450808,p1ulv16640
0.9956562950025419,p1udm36393
0.9956574292439183,p1udt14993-p1udt8400xx
0.9956574313237821,p1udt8400
0.995657433579662,p1udt5800-p1udt8400xx
0.9956676566491862,p1ulv45918
0.9956755401701688,p1ulv14134
0.9956769079681365,p1udm11552
0.9956791219270944,p1ulv50841
0.9956891516817514,p1ulv40191
0.9956975828564006,p1ulv38317
0.9956977409703652,p1udm5708
0.9957018963799587,p1udt20023lv
0.995705688232752,p1udt15517-p1udt24164xx
0.9957056913780354,p1udt24164
0.9957056952626637,p1udt21363-p1udt24164xx
0.995707299326831,p1udm56598
0.9957105031152419,p1ulv61413
0.9957111881405845,p1ulv49591
0.9957212232136261,p1ulv65121
0.9957236032241514,p1udt5809lv
0.9957263374000089,p1udt9170
0.9957263384177161,p1udt16929-p1udt9170xx
0.9957285540893659,p1udm9642
0.9957319254751712,p1ulv19909
0.9957352117970454,p1ulv41512
0.9957406630191754,p1udm23480
0.9957418513306023,p1udm56651
0.995746159002801,p1ulv35828
0.9957484822793411,p1ulv62043
0.9957494619745806,p1ulv58257
0.9957500881993707,p1ulv33888
0.9957501531026542,p1udt8401
0.9957526575327043,p1udt5800-p1udt8400x
0.995752659785926,p1udt5800
0.9957526630182872,p1udt5800-p1udt7607x
0.9957572759261932,p1udt24780lv
0.9957581376596689,p1ulv55863
0.9957628587697627,p1ulv55853
0.9957675236940852,p1ulv19226
0.9957702016815899,p1udt10701lv
0.9957715108002919,p1udt24792lv
0.9957751610339132,p1ulv6651
0.9957755335406319,p1ulv12305
0.9957776701346993,p1udt16929-p1udt9170x
0.9957776711491768,p1udt16929
0.9957776728952952,p1udt16929-p1udt9582x
0.9957791359088589,p1udm57688
0.9957807534804557,p1udt18568lv
0.9957811357218973,p1udm13341
0.9957816371393751,p1ulv58851
0.9957832798373478,p1udm11547
0.9957839988659147,p1udt5834lv
0.9957858358374982,p1ulv31270
0.9957893309684802,p1ulv37674
0.9957937788780271,p1ulv9167
0.9957972034017646,p1ulv4743
0.9957984428640981,p1udt10690lv
0.9957997126536473,p1ulv47135
0.995800816399627,p1ulv47745
0.995805578937563,p1ulv30770
0.9958087705513881,p1udm16791
0.9958103577092543,p1ulv3507
0.9958124961388388,p1ulv60091
0.9958224996723797,p1ulv19270
0.9958231106344605,p1udt1574lv
0.9958336136542436,p1ulv41419
0.9958358038233379,p1ulv6665
0.9958378107368056,p1udm52263
0.9958381393226028,p1udt16929-p1udt9582xx
0.9958381410665212,p1udt9582
0.9958381435526116,p1udt17575-p1udt9582xx
0.99584185847678,p1udt21363-p1udt24164x
0.9958418623592813,p1udt21363
0.9958418668044874,p1udt21363-p1udt904x
0.9958421750495128,p1ulv12282
0.9958444742667644,p1udt13650-p1udt20017xx
0.9958444826721481,p1udt20017
0.9958444914968716,p1udt18562-p1udt20017xx
0.9958483026332121,p1udt2205lv
0.9958520080747154,p1udm7709
0.9958548432480321,p1ulv39555
0.9958572390178446,p1ulv3526
0.9958574855184437,p1udm23482
0.9958602399505754,p1udt6294
0.9958602406624333,p1udt14500-p1udt6294xx
0.995860342329248,p1udm45642
0.9958669608720121,p1ulv45266
0.9958679231361751,p1ulv38290
0.9958713759208505,p1udm36468
0.9958716135825907,p1ulv26226
0.995873215370737,p1udm7789
0.995877668293109,p1ulv19911
0.9958814254462967,p1ulv26923
0.9958827500961845,p1ulv18602
0.9958842553064602,p1ulv37649
0.9958860032541133,p1udt14500-p1udt6294x
0.9958860039636488,p1udt14500
0.9958860051083611,p1udt14500-p1udt4772x
0.9958874857771998,p1ulv13512
0.9958890419133579,p1udm7708
0.9958891719744599,p1udt24794lv
0.9958903536877421,p1udm55284
0.9958947030740036,p1udm24652
0.9958950848803286,p1udt13685lv
0.99589512305652,p1ulv28169
0.9958998855856355,p1ulv47138
0.995900022007594,p1udt7605
0.9959000226111863,p1udt19682-p1udt7605xx
0.9959055391458924,p1udm30992
0.9959063371302606,p1udt15271
0.9959063374824386,p1udt11695-p1udt15271xx
0.9959113565375841,p1udt19682-p1udt7605x
0.99591135713997,p1udt19682
0.995911357929472,p1udt13652-p1udt19682xx
0.9959134554995315,p1udt2139lv
0.9959158564910262,p1udm38290
0.9959170984953267,p1udt14500-p1udt4772xx
0.9959170996383019,p1udt4772
0.9959171013706845,p1udt4772-p1udt904x
0.9959178130623788,p1ulv24357
0.9959183457881604,p1ulv42677
0.9959218798080356,p1udt11695-p1udt15271x
0.9959218801573702,p1udt11695
0.9959218814659943,p1udt11695-p1udt22414x
0.9959227745696646,p1udm3356
0.9959259977901405,p1udt17575-p1udt9582x
0.9959260002740128,p1udt17575
0.995926003255001,p1udt17575-p1udt7604x
0.9959268748334611,p1ulv2215
0.9959269395174383,p1udt11696-p1udt18164xx
0.9959269490638374,p1udt18164
0.9959269591286224,p1udt11025-p1udt18164xxx
0.9959300104202823,p1udt13652-p1udt19682x
0.9959300112082686,p1udt13652
0.9959300126640687,p1udt13652-p1udt22414x
0.9959332273196,p1udm53077
0.9959343667977071,p1ulv19232
0.9959351099303914,p1udt11026-p1udt4305xx
0.9959351182866225,p1udt11026-p1udt4305x
0.9959384508977189,p1ulv22387
0.9959394238051559,p1udm7749
0.9959412355676449,p1ulv16641
0.995941921572735,p1ulv60064
0.9959420761043806,p1ulv37157
0.9959424869713134,p1ulv55261
0.9959437348083267,p1udt7201
0.9959442032065495,p1ulv19906
0.9959469707970637,p1ulv6017
0.9959538972601987,p1ulv44632
0.9959583574747876,p1udm27502
0.995968614587413,p1udt935lv
0.995970335255279,p1ulv24993
0.9959721445420386,p1ulv7949
0.9959726812873386,p1ulv2265
0.9959737658442244,p1udt17816lv
0.9959825495485644,p1ulv9877
0.9959890544533836,p1udt3794lv
0.9959914995352249,p1udm23215
0.9960002125020692,p1udt21363-p1udt904xx
0.9960002152158163,p1udt4772-p1udt904xx
0.99600021694515,p1udt904
0.9960002238332956,p1udt21213-p1udt904xx
0.996005401299729,p1ulv55854
0.9960093597535804,p1udm32196
0.9960101623846921,p1udt24983lv
0.9960108416660959,p1ulv33248
0.9960263286216822,p1udm53076
0.9960326448130143,p1udt5800-p1udt7607xx
0.9960326480400341,p1udt5800-p1udt7607xxx
0.9960328042708145,p1udt13652-p1udt22414xx
0.9960328044189045,p1udt11695-p1udt22414xx
0.9960328057221116,p1udt22414
0.9960328087877361,p1udt22036-p1udt22414xx
0.9960331678311702,p1udm23294
0.996035911991783,p1udt15534lv
0.9960366039905223,p1udt12714lv
0.9960452412472809,p1udm36398
0.9960470377008263,p1ulv61303
0.9960500221234291,p1ulv32679
0.9960502499333815,p1ulv63844
0.9960505918712202,p1ulv16011
0.9960524943606768,p1ulv37662
0.9960586239663272,p1ulv53365
0.9960588667822718,p1ulv1638
0.9960642449804836,p1udt5801
0.9960661210903377,p1udm53095
0.9960696326643695,p1udt16932lv
0.9960700062410514,p1udt22038lv
0.9960800697256894,p1udt9583lv
0.9960865668110159,p1udm9644
0.996088947186971,p1udt22036-p1udt22414x
0.9960889502514607,p1udt22036
0.9960889535172067,p1udt16714-p1udt22036xx
0.996094442006262,p1udt19712lv
0.9960954698914282,p1udt21499lv
0.9960964017977054,p1udt2115lv
0.9960986710220362,p1ulv9870
0.996103589990296,p1udt4291-p1udt891x
0.996103598171571,p1udt4291
0.9961036072677077,p1udt17145-p1udt4291xx
0.9961044745113131,p1udm37369
0.9961059790547389,p1udt13026lv
0.996110854910552,p1udt11025-p1udt18164xx
0.996110864974596,p1udt11025-p1udt18164x
0.9961193944693758,p1ulv23723
0.9961202778550357,p1ulv10393
0.9961231558285382,p1ulv32570
0.9961332816028426,p1ulv44605
0.9961380862031596,p1ulv60061
0.9961459369307772,p1ulv4129
0.9961482547600262,p1ulv19236
0.9961552972914358,p1udm11619
0.9961585958040482,p1udt17575-p1udt7604xx
0.9961585987801886,p1udt17575-p1udt7604xxx
0.9961587361640067,p1ulv18564
0.996161330088488,p1udt20347lv
0.9961624310816428,p1ulv14162
0.9961624388313073,p1ulv4125
0.9961636916684063,p1ulv30028
0.9961704039513366,p1udt20179lv
0.9961711544228449,p1ulv4751
0.9961775867921617,p1ulv14730
0.9961780447239169,p1udt11359lv
0.9961786934513897,p1udt16714-p1udt22036x
0.9961786967154419,p1udt16714
0.9961787007009469,p1udt10694-p1udt16714xx
0.9961844073438024,p1ulv57073
0.9962055089975669,p1udt18566lv
0.9962083598637425,p1udm27499
0.9962093506125842,p1ulv13594
0.9962204760311125,p1ulv37667
0.9962224150019188,p1ulv4113
0.9962303465344231,p1udt18362lv
0.9962306229778026,p1udm23259
0.9962310790954869,p1ulv52759
0.9962326183048049,p1udm11551
0.996233467531606,p1ulv5344
0.9962574295365036,p1ulv12873
0.9962623645140707,p1ulv51435
0.9962679389913123,p1udm23235
0.9962696929826079,p1ulv18565
0.9962711128448658,p1udt18564lv
0.9962754830694849,p1udm23260
0.9962839976432118,p1ulv61928
0.9963014219721159,p1udm62769
0.9963087702789835,p1udt16289lv
0.9963097109221754,p1ulv44649
0.9963111248547656,p1udt328lv
0.996311509802259,p1ulv23675
0.9963118533419473,p1udt2683lv
0.9963130447666214,p1ulv31298
0.9963161658452906,p1udm47624
0.9963182889939195,p1udm38330
0.9963202848490699,p1ulv938
0.9963246782300825,p1udt10694-p1udt16714x
0.9963246822133763,p1udt10694
0.9963246868494576,p1udt10694-p1udt17577x
0.9963310261419012,p1udt8412
0.9963341447648211,p1ulv19895
0.9963422263225488,p1ulv5372
0.9963439973993781,p1ulv48996
0.9963456247342661,p1udt14999
0.9963466138780384,p1udm1173
0.996347962512392,p1udt1563
0.996347963482221,p1udt1563-p1udt7189x
0.9963484221338147,p1ulv61956
0.9963538329304669,p1ulv44653
0.996355768172812,p1udt21213-p1udt904x
0.9963557750582086,p1udt21213
0.9963557824212188,p1udt21213-p1udt905x
0.9963716079627272,p1ulv12904
0.9963745558960485,p1udm33281
0.9963800048998728,p1udt14221-p1udt3271xx
0.9963803259280045,p1udm1070
0.9963822831074958,p1ulv23700
0.9963853414522607,p1ulv10495
0.9963854251715785,p1udm3280
0.9963942092175031,p1udm60075
0.9963943567323628,p1udm61428
0.9963950033558531,p1udm5645
0.9963965676536969,p1udm48727
0.9963987649733764,p1udt3271
0.9964001332904645,p1ulv18563
0.9964015934203929,p1ulv17963
0.9964053058120738,p1udt1563-p1udt7189xx
0.9964053067781112,p1udt7189
0.9964053081401198,p1udt19327-p1udt7189xx
0.9964077287826274,p1ulv1607
0.9964083693909829,p1udm18494
0.9964115641595088,p1udm15264
0.9964177696536142,p1udt15268-p1udt3271xx
0.996418071928031,p1udt7176
0.9964241443312917,p1ulv63249
0.9964280479820639,p1udt2697
0.9964280490082169,p1udt19327-p1udt2697xx
0.9964282056716942,p1udt2688
0.996429755056536,p1ulv60068
0.9964306359457739,p1udm11621
0.9964319006111937,p1udm56900
0.996432486789849,p1udt17145-p1udt4291x
0.9964324958843714,p1udt17145
0.996432505345467,p1udt17145-p1udt890x
0.9964345876218198,p1udt19857lv
0.9964368421511021,p1ulv45228
0.9964405668005892,p1ulv52090
0.9964421014692952,p1udm1029
0.9964423616010726,p1udt16479
0.9964424819456399,p1udm23239
0.9964462854361792,p1udm40223
0.996447111466683,p1ulv50184
0.9964557949567083,p1ulv12279
0.9964618206774907,p1udm43557
0.9964618813346626,p1ulv56467
0.9964629917424959,p1udm5670
0.9964657464683437,p1udt19327-p1udt7189x
0.9964657468037194,p1udt19327-p1udt2697x
0.9964657478275191,p1udt19327
0.996465750565677,p1udt19327-p1udt7190x
0.9964678152969046,p1ulv23727
0.9964714861588523,p1ulv29428
0.9964731334468678,p1udm35455
0.9964756250393487,p1ulv35183
0.9964817175665599,p1ulv10388
0.9964893371798692,p1udm33282
0.9964897513162875,p1udm27500
0.9964909553646724,p1ulv41423
0.9964922051338906,p1ulv53372
0.9964981043009826,p1udm20205
0.9964996965774229,p1udm45643
0.9965063632482152,p1ulv2263
0.9965074304457808,p1ulv57071
0.9965111350549325,p1ulv35827
0.9965139340758012,p1ulv46629
0.9965205015260604,p1udt299
0.9965205022147318,p1udt299-p1udt5305x
0.996520826840201,p1udm1175
0.996523182502999,p1ulv4124
0.9965238800245064,p1udm23298
0.996531679109462,p1ulv9765
0.996533050573632,p1udt299-p1udt5305xx
0.996533051261133,p1udt5305
0.9965330524199663,p1udt16488-p1udt5305xx
0.9965367577610582,p1udt21768
0.9965368801453435,p1udt12387
0.9965369729429423,p1udt10694-p1udt17577xx
0.9965369775763215,p1udt17577
0.9965369827914985,p1udt12042-p1udt17577xx
0.9965378767158034,p1ulv38275
0.9965381718558737,p1ulv48362
0.996540445490218,p1ulv13518
0.9965429855643679,p1udm51771
0.9965446905170842,p1udt1541lv
0.996547072099653,p1ulv50185
0.9965486504387326,p1udt4796lv
0.996549151564237,p1ulv9776
0.9965492873574792,p1ulv28182
0.9965628817188643,p1udt18562-p1udt20017x
0.9965628905398508,p1udt18562
0.996562899977481,p1udt18562-p1udt21621x
0.9965630656587061,p1udm11555
0.9965649685863721,p1udt15000lv
0.9965688313002954,p1ulv17284
0.9965695008068649,p1ulv57661
0.9965715611975622,p1ulv62040
0.9965753065926416,p1udt16488-p1udt5305x
0.9965753077491419,p1udt16488
0.9965753094028739,p1udt16488-p1udt17780x
0.9965827291223037,p1ulv43431
0.9965841836578127,p1udt6754lv
0.9965844525086954,p1ulv16658
0.996589523827586,p1udt19327-p1udt7190xx
0.9965895265629225,p1udt7190
0.9965895295522696,p1udt7190-p1udt8428x
0.9965914064038139,p1udt20338lv
0.9965938635588002,p1ulv2846
0.9965979011956574,p1ulv63854
0.996604102957797,p1udm57176
0.9966106885885502,p1udm63334
0.9966196267292065,p1udm3354
0.9966244612213011,p1ulv48361
0.9966306747643427,p1ulv38256
0.9966351790643344,p1udt23839
0.9966351794869522,p1udt17379-p1udt23839xx
0.9966355715172888,p1udt17379-p1udt23839x
0.9966355719398455,p1udt17379
0.9966355754316178,p1udt10689-p1udt17379xx
0.9966389701562431,p1udt936lv
0.9966407335288818,p1udm55285
0.9966409383372976,p1ulv6019
0.9966424982795923,p1ulv4842
0.9966478091390303,p1ulv15439
0.9966489591530605,p1udm27319
0.9966522707003488,p1udt15268-p1udt3271x
0.9966525587917396,p1udm42003
0.9966525793432937,p1udm7768
0.9966531838357416,p1ulv12906
0.9966546528969137,p1udt16488-p1udt17780xx
0.9966546545475916,p1udt16488-p1udt17780xxx
0.9966576390852095,p1udm27315
0.9966593615144819,p1ulv15360
0.9966603856980467,p1udt18946lv
0.9966608149227826,p1udt10366lv
0.9966632414297332,p1ulv21898
0.9966710256696122,p1udt7618
0.9966710263039734,p1udt7618-p1udt8404x
0.9966712732116222,p1udt15268
0.9966757533992109,p1udm38321
0.9966766661769437,p1ulv29412
0.9966770346741685,p1udm3361
0.9966802871132096,p1udt12042-p1udt17577x
0.9966802923268029,p1udt12042
0.9966802980890003,p1udt12042-p1udt6298x
0.9966861695166266,p1udt22034
0.9966861700210248,p1udt22034-p1udt905x
0.9966864994019697,p1udt9936lv
0.9966866310926423,p1udt21213-p1udt905xx
0.9966866379489921,p1udt22034-p1udt905xx
0.9966866384533297,p1udt905
0.9966866469608039,p1udt4770-p1udt905xx
0.9966881866162574,p1ulv33274
0.9966905909632326,p1ulv37641
0.9966908637557184,p1ulv10389
0.9966921774019071,p1ulv27531
0.9966939450251531,p1ulv2859
0.9966941842551762,p1ulv42644
0.9966942492138138,p1udt15268-p1udt291x
0.9966997750170117,p1udt7618-p1udt8404xx
0.9966997756484597,p1udt8404
0.9966997769230462,p1udt3803-p1udt8404xx
0.9967116938803171,p1udm1069
0.9967125958032065,p1udm9697
0.9967132922068035,p1udt21925lv
0.996713479111391,p1ulv63843
0.9967184057752017,p1udm3357
0.9967216638519032,p1ulv64492
0.9967253409861058,p1ulv44072
0.9967342821318951,p1udt11037lv
0.9967373794811835,p1ulv25612
0.9967374060591618,p1udm47621
0.9967377085586491,p1udm11665
0.9967413137969678,p1udt24892lv
0.9967444215499843,p1udm37367
0.9967460327432127,p1udt3803-p1udt8404x
0.9967460340154792,p1udt3803
0.9967460355947575,p1udt13343-p1udt3803xx
0.9967487147800334,p1udt23838lv
0.9967510197946962,p1udt7190-p1udt8428xx
0.9967510227806914,p1udt8428
0.9967510267016915,p1udt13657-p1udt8428xx
0.9967543303106297,p1ulv36445
0.9967543919562392,p1ulv30765
0.9967587537613103,p1udt8795
0.9967619690926811,p1udt10689-p1udt17379x
0.9967619725822279,p1udt10689
0.99676197640502,p1udt10689-p1udt24689x
0.9967634891612557,p1udm46261
0.9967675990010973,p1ulv39577
0.9967714949340237,p1ulv21175
0.9967737300675505,p1ulv55252
0.9967789845280504,p1udm32195
0.9967809250161607,p1ulv2258
0.9967815251264157,p1ulv933
0.996783064837534,p1udm51770
0.9967862013945176,p1udt19854lv
0.9967875186439895,p1udt4301lv
0.996791105331841,p1ulv58252
0.9967924298740166,p1ulv47226
0.9967969246938397,p1ulv8528
0.9967993636476359,p1udt2138lv
0.9968000992324316,p1ulv51543
0.9968005322093413,p1ulv40204
0.996802196242502,p1udm23479
0.9968031030677336,p1ulv18577
0.9968033691826561,p1udt13343-p1udt3803x
0.9968033707596211,p1udt13343
0.9968033733937595,p1udt13343-p1udt23473x
0.9968060836869391,p1udt3780lv
0.996810477486477,p1ulv36443
0.9968125468466766,p1udt11398lv
0.9968131371312158,p1udt21908lv
0.9968144366647829,p1udt3267lv
0.9968159589596062,p1udt1535lv
0.9968193571332113,p1ulv8530
0.9968202870260828,p1udm995
0.9968254360592423,p1ulv63248
0.9968264756824535,p1udm48728
0.9968294141007412,p1udm36392
0.9968312065447418,p1udt10689-p1udt24689xx
0.9968312103664304,p1udt24689
0.9968312143324376,p1udt12040-p1udt24689xx
0.9968351715872992,p1udm56601
0.9968361184661632,p1udm26075
0.9968370849518453,p1udm18546
0.9968398857972189,p1ulv3524
0.9968474213762986,p1udt25187lv
0.9968502175942486,p1udm16730
0.9968511977197008,p1udt13343-p1udt23473xx
0.9968512003527011,p1udt23473
0.9968512034236366,p1udt23254-p1udt23473xx
0.9968560142011511,p1udm35453
0.9968567329669421,p1ulv25625
0.996867673396951,p1ulv57663
0.9968687173371482,p1ulv60081
0.9968704441627335,p1udt24791lv
0.9968706466541124,p1udm5706
0.9968711059846874,p1udt17145-p1udt890xx
0.9968711154437863,p1udt890
0.9968711257389137,p1udt890-p1udt9930x
0.9968732423804165,p1ulv17925
0.9968743718597084,p1udm23483
0.996878377019772,p1ulv65140
0.9968861771262163,p1udt17781lv
0.9968903475724635,p1udm5641
0.9968913683182987,p1udt12042-p1udt6298xx
0.9968913740784393,p1udt6298
0.9968913800670746,p1udt12043-p1udt6298xx
0.9968923027051273,p1udt13657-p1udt8428x
0.99689230662395,p1udt13657
0.9968923106510846,p1udt11366-p1udt13657xx
0.9969007341560688,p1udt12040-p1udt24689x
0.9969007381210128,p1udt12040
0.9969007424794154,p1udt12040-p1udt25271x
0.9969015668865816,p1udt9930
0.996902007085864,p1ulv34556
0.9969029100522729,p1ulv18697
0.9969050176776217,p1ulv23068
0.9969060845395977,p1udt10677-p1udt9930xx
0.9969087903084015,p1ulv42074
0.9969189685037968,p1udt11026
0.9969197374707801,p1ulv4780
0.9969205990116317,p1udm57959
0.996923923368194,p1udt11025-p1udt11026xx
0.9969271285525526,p1udm7623
0.9969296081774962,p1udm9591
0.9969356459111922,p1udt19325lv
0.9969415607444443,p1ulv58859
0.9969435903941846,p1ulv14141
0.9969439506226128,p1udm50344
0.9969474030858797,p1ulv53371
0.9969475837332927,p1udt13662lv
0.9969490285859254,p1ulv45250
0.9969495116413261,p1ulv3519
0.9969568842597005,p1ulv25624
0.9969592856394297,p1ulv43981
0.9969624591176837,p1ulv58874
0.9969627028127783,p1udt23254-p1udt23473x
0.9969627058814622,p1udt23254
0.996962709453421,p1udt23254-p1udt3773x
0.9969681910560475,p1udm11628
0.9969744137493319,p1ulv5365
0.9969781168035213,p1udt10677-p1udt9930x
0.9969790043949898,p1udt11690lv
0.9969826308408073,p1udt10677
0.9969842708568664,p1ulv6669
0.9969856755112442,p1ulv22405
0.9969874333896511,p1udt10677-p1udt13941x
0.9969893415788649,p1udm50346
0.9969907619636844,p1ulv23676
0.9969978242620933,p1udt11025-p1udt11026x
0.9970011266331874,p1udt11366-p1udt13657x
0.9970011306586947,p1udt11366
0.9970011352294516,p1udt11366-p1udt3801x
0.9970027755787904,p1udt11025
0.9970087470093674,p1ulv35840
0.9970111754202668,p1udt11025-p1udt11697x
0.9970115785494152,p1udt12040-p1udt25271xx
0.9970115829062945,p1udt25271
0.9970115873914956,p1udt14221-p1udt25271xxx
0.9970146115136739,p1udm15137
0.9970199484498883,p1ulv44633
0.9970252216850481,p1ulv46630
0.9970257541985482,p1udt15268-p1udt291xx
0.997029536464083,p1udt7170
0.9970295369708071,p1udt24982-p1udt7170xx
0.9970378401743745,p1ulv17961
0.9970487284282644,p1udt291
0.9970509058196892,p1udt24982-p1udt7170x
0.9970509063236981,p1udt24982
0.9970509070194957,p1udt18945-p1udt24982xx
0.9970514593049857,p1ulv51462
0.9970523653462718,p1ulv299
0.9970559647548045,p1udt12043-p1udt6298x
0.9970559707419144,p1udt12043
0.9970559776065591,p1udt12043-p1udt12698x
0.9970568797618994,p1udt18945-p1udt24982x
0.9970568804571447,p1udt18945
0.9970568820525905,p1udt18945-p1udt288x
0.9970588013392984,p1udt10677-p1udt13941xx
0.9970636004849586,p1udt13941
0.9970645549821036,p1ulv3554
0.9970672834685588,p1udm7711
0.9970684493529834,p1udt11355-p1udt13941xx
0.9970692016889416,p1ulv19250
0.9970701204656776,p1ulv26263
0.9970719215017821,p1udt16712-p1udt291xx
0.9970723972222761,p1udt15004lv
0.9970726699566664,p1udt13019
0.9970726779614142,p1udt13019-p1udt15260x
0.9970750000000973,p1ulv57094
0.997081687818821,p1udt17151lv
0.9970878653380203,p1udt8070lv
0.9970895026980094,p1ulv38295
0.9970905571721926,p1ulv8010
0.9970918339167086,p1ulv39579
0.9970921884126392,p1udt11355-p1udt13941x
0.9970922085591688,p1udt11025-p1udt11697xx
0.9970924017394877,p1udt23254-p1udt3773xx
0.9970924053092218,p1udt3773
0.9970924098023922,p1udt22910-p1udt3773xx
0.9970927278746884,p1ulv33271
0.9970970361638388,p1udt11355
0.9970981378027002,p1udm53089
0.9971006061559002,p1udt11697
0.9971018503898702,p1udt2136lv
0.9971019134291637,p1udt11355-p1udt12032x
0.9971025515422867,p1ulv19256
0.9971071966954559,p1udt22287lv
0.9971092001231107,p1udt11697-p1udt22528x
0.9971098163739558,p1udm11549
0.9971143443247807,p1udm5769
0.9971150624221734,p1udm45663
0.9971163103176812,p1ulv4115
0.9971182239036286,p1ulv65122
0.9971218044673043,p1udt17788lv
0.997122635542443,p1ulv21830
0.9971261572496763,p1ulv59469
0.9971267977974552,p1udm53092
0.9971271130486921,p1udt14497lv
0.997136751122146,p1udm23477
0.9971432061089633,p1udt10728lv
0.997144302097986,p1udm15136
0.9971473356747322,p1ulv61953
0.9971481192742095,p1udt8801lv
0.9971488164626134,p1udt25185lv
0.9971492911110095,p1ulv37643
0.9971499029276277,p1udt12695
0.9971499031035836,p1udt12695-p1udt288x
0.9971510414781474,p1ulv35799
0.9971545414814407,p1udt18945-p1udt288xx
0.9971545428987341,p1udt12695-p1udt288xx
0.997154543072987,p1udt288
0.9971545456337294,p1udt13023-p1udt288xx
0.9971566808555697,p1ulv53359
0.9971622202095929,p1ulv52094
0.9971633826692561,p1udm37370
0.9971648312826574,p1udt13090lv
0.9971689341910657,p1ulv15380
0.9971718005088196,p1udt11355-p1udt12032xx
0.997173547711631,p1udt4302lv
0.9971740174845158,p1udt18385lv
0.9971766744862708,p1udt12032
0.9971780437891393,p1udm11668
0.9971817007060428,p1udt12032-p1udt3261x
0.9971847792251971,p1udm45630
0.9971875525868491,p1ulv45264
0.9971900814317158,p1ulv7304
0.9971904126557903,p1ulv24372
0.9971907534149254,p1ulv3531
0.9971921119942543,p1udt11697-p1udt22528xx
0.9971922030507343,p1udm1057
0.9971927788394459,p1ulv55240
0.997200703708215,p1udt22528
0.9972047342162,p1udm39291
0.9972066531518333,p1udm7788
0.9972069565986375,p1udt11366-p1udt3801xx
0.9972069611667344,p1udt3801
0.9972069661887922,p1udt3801-p1udt3802x
0.9972075930447764,p1udm54931
0.9972093819882453,p1udt22528-p1udt22529x
0.997219875984571,p1udm30993
0.9972199022309016,p1udm56599
0.9972212131860183,p1ulv52760
0.9972217722638729,p1udm5608
0.9972255692095702,p1udm36386
0.9972261785024181,p1udt7253lv
0.9972415872607155,p1udt12032-p1udt3261xx
0.9972442376007629,p1ulv63857
0.9972466107365094,p1udt3261
0.9972471437711405,p1udm56608
0.9972481176100975,p1udt14221-p1udt25271xx
0.9972481220921551,p1udt14221-p1udt25271x
0.9972546894039755,p1udt13341-p1udt3261xx
0.9972566349790148,p1udm38320
0.9972573854064345,p1udt6295
0.9972573862349995,p1udt11021-p1udt6295xx
0.9972610791435518,p1udt4776
0.9972610801719647,p1udt12041-p1udt4776xx
0.9972641841104033,p1udm11642
0.9972654072850976,p1udt8804lv
0.9972706754970273,p1ulv52791
0.9972709483278003,p1ulv11007
0.9972714792114141,p1udm13669
0.997271772435037,p1udt13023-p1udt288x
0.9972717749929151,p1udt13023
0.9972717782567361,p1udt13023-p1udt15267x
0.9972786784548004,p1udt11021-p1udt6295x
0.9972786792817158,p1udt11021
0.9972786806216365,p1udt11021-p1udt16712x
0.9972794331461797,p1udt12041-p1udt4776x
0.9972794341734482,p1udt12041
0.9972794356776165,p1udt12041-p1udt5306x
0.9972794398802943,p1udt2689lv
0.9972796284715635,p1ulv29425
0.997282011528387,p1ulv14225
0.9972821634913679,p1ulv14772
0.9972833502320706,p1ulv40200
0.9972872443297061,p1ulv14752
0.997288552549474,p1ulv35167
0.997296348992604,p1udt22910-p1udt3773x
0.9972963534830761,p1udt22910
0.9972992673971676,p1ulv23072
0.9973050439489621,p1udt1576lv
0.9973092134560537,p1ulv9800
0.9973096762417593,p1ulv50172
0.997310466296339,p1ulv335
0.9973132809123085,p1udt22528-p1udt22529xx
0.9973143792932917,p1ulv14147
0.9973189372529652,p1udm20215
0.9973219563882266,p1udt22529
0.9973227544281129,p1udt16712-p1udt291x
0.9973265118468109,p1ulv35822
0.9973276215845002,p1udm41076
0.9973301055987128,p1udm11558
0.9973307546148115,p1udt22529-p1udt8413x
0.9973336448567737,p1udm30991
0.9973363196439602,p1udm47558
0.997336944422698,p1udt13361lv
0.9973405572382508,p1udm42785
0.997340776360202,p1ulv43330
0.9973427334112785,p1udt295lv
0.9973436801417465,p1udt903
0.9973436806332802,p1udt4770-p1udt903xx
0.9973440175435286,p1udm45631
0.9973449986441381,p1ulv58876
0.9973450877537968,p1udt15288lv
0.997345946208008,p1udt16712
0.9973472398800718,p1udt11021-p1udt16712xx
0.9973472412167206,p1udt11021-p1udt16712xxx
0.9973483578977974,p1udt21216lv
0.9973488528924728,p1udm36387
0.9973495901388547,p1udt5330lv
0.9973510501614837,p1udt2145lv
0.9973529625492081,p1ulv52116
0.9973568717981457,p1udt25272lv
0.9973600241836562,p1udm28625
0.9973606201163805,p1ulv49011
0.997363101133574,p1ulv11624
0.9973654098215954,p1ulv57750
0.9973656909513867,p1udt23258lv
0.9973659808325406,p1ulv1602
0.9973667726351414,p1ulv40911
0.9973682141585307,p1udt21501lv
0.997368906969967,p1udt4770-p1udt905x
0.9973689149854074,p1udt4770-p1udt903x
0.9973689154736329,p1udt4770
0.9973689248549524,p1udt4770-p1udt9937x
0.9973697350264962,p1udt1531-p1udt16712xx
0.9973719595939832,p1ulv34540
0.9973744577390095,p1udt3791lv
0.9973768222830666,p1ulv7921
0.9973817248543401,p1ulv3543
0.9973822694133597,p1udt15527lv
0.997386727912575,p1udt12041-p1udt5306xx
0.9973867294121909,p1udt5306
0.9973867315588394,p1udt10695-p1udt5306xxx
0.997387962911237,p1udt23476lv
0.9973892390904961,p1ulv43982
0.9973908815581213,p1udt13341-p1udt3261x
0.9973927793495743,p1udt20029lv
0.9973978967287889,p1ulv19882
0.997398956424257,p1udt13341
0.997406682766821,p1ulv61945
0.9974072386422224,p1udt13341-p1udt8413x
0.9974127385993387,p1udm9698
0.9974127561460862,p1udm11640
0.9974129953788056,p1ulv3537
0.9974135326134002,p1udm1142
0.9974146311358302,p1udt13023-p1udt15267xx
0.9974146343969558,p1udt15267
0.9974146384404388,p1udt12039-p1udt15267xx
0.9974204162527313,p1ulv28809
0.9974221767961549,p1udt18562-p1udt21621xx
0.9974221862298568,p1udt21621
0.9974221961898038,p1udt17377-p1udt21621xx
0.997428692635032,p1udm46262
0.9974307891255833,p1udt2092
0.9974383130688822,p1ulv9148
0.9974411922980149,p1udm3279
0.9974421205422406,p1ulv38967
0.9974454132243739,p1udm40228
0.9974503409824609,p1udm3281
0.9974507988686945,p1ulv40212
0.9974546890581825,p1udt12043-p1udt12698xx
0.9974546959197736,p1udt12043-p1udt12698xxx
0.9974582713890939,p1udm39290
0.9974620038288242,p1udm38328
0.997463561152361,p1udt9959lv
0.9974649346759545,p1ulv60059
0.9974651409586189,p1udt10692lv
0.99746615339545,p1udt10727lv
0.9974726438505921,p1udt3767
0.9974726448561616,p1udt22030-p1udt3767xx
0.9974737495921098,p1ulv33882
0.9974770640569708,p1ulv21804
0.9974783405916584,p1udt3801-p1udt3802xx
0.9974783456105819,p1udt3802
0.9974783520532882,p1udt23138-p1udt3802xx
0.9974821679937088,p1udm38327
0.9974827327690812,p1ulv939
0.9974830685693665,p1udt8406lv
0.9974835304615302,p1udt3293lv
0.9974855208584714,p1ulv3504
0.9974877131954849,p1udt10699lv
0.9974890994187362,p1ulv63872
0.9974912775617542,p1udt22030-p1udt3767x
0.9974912785661354,p1udt22030
0.9974912798625777,p1udt12033-p1udt22030xx
0.9974994129892338,p1ulv26250
0.9975047322455389,p1udt22529-p1udt8413xx
0.9975052462912074,p1udt13341-p1udt8413xx
0.9975099879323756,p1udt15005lv
0.9975114622294491,p1udt10695-p1udt5306xx
0.9975114643724228,p1udt10695-p1udt5306x
0.9975127929251487,p1ulv26887
0.9975135258214881,p1udt8413
0.9975182676037168,p1udt6743lv
0.9975194296042181,p1ulv304
0.9975207400708014,p1udt4794lv
0.9975212919528347,p1udm5667
0.99752729818928,p1udt12033-p1udt22030x
0.9975272994839454,p1udt12033
0.9975273016397614,p1udt12033-p1udt14729x
0.9975278643822135,p1udt8399-p1udt8413xx
0.9975338057800646,p1udt5298lv
0.997537359018217,p1ulv20631
0.9975421517184705,p1ulv40840
0.997545086104026,p1udt24466lv
0.9975455178365318,p1udt14498lv
0.9975511265990324,p1udt11020lv
0.997555008033397,p1ulv7307
0.9975558532783864,p1udm9590
0.9975581736879165,p1ulv45895
0.997558858874664,p1udm34343
0.9975682786993605,p1udt15287lv
0.9975691019481752,p1ulv32568
0.9975717082581186,p1udt24578lv
0.997575447473092,p1ulv65134
0.9975776810043847,p1udt16708
0.9975784246073985,p1ulv55245
0.997585396581846,p1udt16708-p1udt7607x
0.9975861049474225,p1udt12039-p1udt15267x
0.9975861089883553,p1udt12039
0.9975861135942394,p1udt12039-p1udt287x
0.9975863266579845,p1ulv33890
0.9975871543748092,p1udt19134lv
0.997587205153442,p1udt12033-p1udt14729xx
0.9975872073075007,p1udt14729
0.9975872099060658,p1udt14729-p1udt3260x
0.9975993210840945,p1ulv61948
0.9976066097202512,p1udt16012lv
0.9976161895823609,p1udt23939lv
0.9976220883333521,p1ulv309
0.9976229886060521,p1ulv12280
0.9976244535007551,p1udt16937lv
0.9976258420335593,p1udm45659
0.9976265631176839,p1udm5715
0.9976303263164694,p1udt1542lv
0.9976305037706694,p1ulv47118
0.9976391156067493,p1udt1531-p1udt16712x
0.9976461410355199,p1udt13019-p1udt15260xx
0.9976461490367137,p1udt15260
0.9976461572208892,p1udt15260-p1udt7607x
0.9976466589233854,p1udm54559
0.997651141600028,p1udt17377-p1udt21621x
0.997651151559037,p1udt17377
0.9976511623492369,p1udt11357-p1udt17377xx
0.9976603193960258,p1udm15263
0.9976620700257661,p1udt8399-p1udt8413x
0.9976629030789484,p1udt1531
0.9976643014010305,p1udt12039-p1udt287xx
0.997664306005914,p1udt287
0.9976643112446925,p1udt20019-p1udt287xx
0.9976663216361716,p1udt23017
0.9976663218119908,p1udt16480-p1udt23017xx
0.9976678144946134,p1udt16480-p1udt23017x
0.9976678146698845,p1udt16480
0.9976678149533983,p1udt16480-p1udt23136x
0.9976702236646298,p1udt16480-p1udt23136xx
0.9976702239475957,p1udt23136
0.9976702244255765,p1udt15750-p1udt23136xx
0.9976764074057368,p1udt8399
0.9976770888272785,p1udt6805lv
0.9976823581814973,p1udt17383lv
0.9976824989892149,p1udt15750-p1udt23136x
0.9976824994655419,p1udt15750
0.9976825005457216,p1udt15750-p1udt9931x
0.9976834859825588,p1udt14729-p1udt3260xx
0.9976834885787997,p1udt3260
0.9976834922148309,p1udt3260-p1udt4766x
0.9976848919696497,p1ulv28181
0.997686858192052,p1udt1531-p1udt3784x
0.9976909592401805,p1udt12698-p1udt8399xx
0.9976936294231604,p1udm15262
0.9976943619325946,p1udm15429
0.9977006236147143,p1ulv33267
0.9977027742609775,p1udm34348
0.9977037323338775,p1ulv62615
0.9977037973431926,p1udt11018lv
0.9977067597990097,p1ulv52734
0.997706949795367,p1ulv37645
0.9977117514707556,p1udt20340lv
0.9977128784992368,p1udt8030lv
0.997713184010693,p1udt22054lv
0.997716032744191,p1ulv11612
0.997716925893598,p1udm9649
0.9977193972080758,p1ulv14732
0.9977194593304659,p1udt5814lv
0.997719987196412,p1ulv28185
0.9977201959132179,p1udt15750-p1udt9931xx
0.9977201969911604,p1udt9931
0.9977201987676546,p1udt20646-p1udt9931xx
0.997723088173353,p1udm60784
0.9977253401384165,p1udt21235lv
0.9977334998141301,p1udm30964
0.9977345810635415,p1ulv45333
0.9977348098851888,p1ulv12310
0.9977413094828744,p1ulv9144
0.9977461498371738,p1ulv46546
0.9977482483059698,p1udt14995
0.9977482543255369,p1udt14995-p1udt17570x
0.9977528128397635,p1udm3334
0.9977559266323115,p1udt4770-p1udt9937xx
0.9977559360118181,p1udt9937
0.9977559463671616,p1udt15265-p1udt9937xx
0.9977585797420307,p1udt890-p1udt9930xx
0.997758590033758,p1udt890-p1udt9930xxx
0.9977596923153106,p1udt20650lv
0.9977673411711833,p1ulv53351
0.9977684411549383,p1udt23138-p1udt3802x
0.9977684475952335,p1udt23138
0.9977684542333277,p1udt17570-p1udt23138xx
0.997772910867091,p1ulv15991
0.9977733783249885,p1ulv44648
0.9977734134520512,p1ulv32576
0.9977791155258334,p1udm20183
0.9977817621699833,p1udt20646-p1udt9931x
0.9977817639442741,p1udt20646
0.9977817660598967,p1udt17144-p1udt20646xx
0.9977844303591511,p1udm1174
0.9977862823772732,p1ulv5348
0.9977871265302589,p1ulv54649
0.9977880847184881,p1udt6755lv
0.9977923351201584,p1udm44269
0.9977939837739187,p1udm3355
0.9977997307548434,p1udt17144-p1udt20646x
0.9977997328699281,p1udt17144
0.9977997353936572,p1udt17144-p1udt9930x
0.9978020311184526,p1udt15760lv
0.9978030588052289,p1ulv310
0.9978047874797622,p1udt22914lv
0.9978098328494835,p1ulv52095
0.997810469335365,p1ulv6662
0.9978124645784048,p1udt16708-p1udt7607xx
0.997814838221696,p1ulv61326
0.9978181915749474,p1udt3260-p1udt4766xx
0.9978181952087091,p1udt4766
0.9978181998003345,p1udt15513-p1udt4766xx
0.9978198598701016,p1udm11626
0.9978200777883027,p1ulv21808
0.9978201741497505,p1udt7607
0.9978228937224075,p1udm11666
0.9978259951381054,p1ulv52091
0.9978276953211322,p1udt12698-p1udt8399x
0.9978287238695003,p1udt285lv
0.9978288115926833,p1ulv4840
0.9978318966539264,p1udt14505-p1udt7607xx
0.9978336589066163,p1udt8800lv
0.9978389281903985,p1udt1559lv
0.9978418941991057,p1udt17402lv
0.997842245981539,p1udt12698
0.997842696129406,p1udm5711
0.9978469144523292,p1udm39314
0.9978469718556051,p1ulv6023
0.9978516992768466,p1udt14503lv
0.9978537220317547,p1udm1058
0.9978539071272801,p1ulv32030
0.9978556158313994,p1udm44363
0.9978591534709186,p1udt12698-p1udt9942x
0.9978593258316159,p1udm36389
0.9978639038942856,p1udm34384
0.9978641028376538,p1ulv8538
0.9978695064124878,p1udt10707lv
0.9978715578229523,p1udt2708lv
0.9978715580879283,p1udm51772
0.9978806358543353,p1ulv17278
0.9978851653723388,p1udm7790
0.9978852856657485,p1udt15519lv
0.9978859849397863,p1udm45632
0.9978864414920406,p1ulv8012
0.9978920434739326,p1udt20022lv
0.9978925150586404,p1udm3333
0.9978950640245241,p1udm57960
0.9979024769331407,p1udt21767lv
0.9979047102058901,p1udm11679
0.9979055695603007,p1udt24055lv
0.9979088406826637,p1ulv55858
0.9979127410230234,p1udm1032
0.9979206707035858,p1udt14505-p1udt7607x
0.9979230917035391,p1ulv59472
0.9979259553386932,p1udm41990
0.9979313777781256,p1udm44913
0.9979323915529573,p1udt14505
0.9979343295590222,p1udt7187lv
0.9979344116873652,p1ulv53378
0.9979353043547777,p1udm44270
0.9979387752918304,p1ulv6021
0.9979392208812693,p1ulv53453
0.9979396015655336,p1udt5312lv
0.9979442906025234,p1udt14505-p1udt16715x
0.9979445090441516,p1udm27374
0.997959201532151,p1udm53090
0.9979618279521422,p1ulv43432
0.9979698484958597,p1udm33240
0.9979796941642113,p1udm16727
0.9979813992900608,p1udm5657
0.9979976614555861,p1udt14510lv
0.998000076257636,p1udm21778
0.9980044514187445,p1udm24635
0.99800695996853,p1ulv61304
0.9980074775007881,p1ulv15357
0.9980074899115545,p1udt24990lv
0.9980092124686184,p1ulv31958
0.998009484238432,p1udt17144-p1udt9930xx
0.9980094867569422,p1udt17144-p1udt9930xxx
0.9980099124942173,p1udt15513-p1udt4766x
0.9980099170833623,p1udt15513
0.9980099223516702,p1udt15513-p1udt22038x
0.998010776750491,p1udt5812lv
0.9980130358645742,p1ulv1590
0.9980200045804617,p1ulv57660
0.9980202859675469,p1ulv49000
0.9980234038027169,p1udm50343
0.9980259216353513,p1ulv33250
0.9980288171344708,p1udt17570-p1udt23138x
0.998028817753518,p1udt14995-p1udt17570xx
0.9980288237704927,p1udt17570
0.998028836931609,p1udt16708-p1udt17570xxx
0.9980331398771355,p1udt12698-p1udt9942xx
0.9980380905578589,p1udm20182
0.9980456985185195,p1udm1033
0.9980473146346724,p1udm11705
0.9980500464240838,p1udt9942
0.9980552791981571,p1udt11357-p1udt17377x
0.998055289986986,p1udt11357
0.9980553012866712,p1udt11357-p1udt2681x
0.998056968425125,p1ulv11623
0.9980583304439311,p1ulv31282
0.9980640470815336,p1udm29784
0.9980672055370426,p1udt10309-p1udt9942xx
0.9980697178970466,p1udt20019-p1udt287x
0.9980697231313919,p1udt20019
0.9980697291252316,p1udt20019-p1udt4771x
0.9980712939810934,p1ulv13497
0.9980737551667297,p1ulv46633
0.9980828611923057,p1udt21236lv
0.9980869416102376,p1udt17811lv
0.9980888431503548,p1udt23718lv
0.998088869804465,p1ulv54656
0.9980950810504862,p1udt1531-p1udt3784xx
0.9980975342846334,p1ulv19891
0.9980999019587106,p1ulv58850
0.9981008931913665,p1ulv25629
0.9981052888326636,p1ulv2330
0.998111671307915,p1ulv38930
0.9981190340806271,p1udt3784
0.998125372366508,p1ulv40912
0.9981257117236162,p1udt15260-p1udt7607xx
0.9981257199049238,p1udt15260-p1udt7607xxx
0.9981259383390737,p1ulv940
0.9981329978475164,p1udm20272
0.9981356598653944,p1ulv55860
0.9981368841627615,p1udt23020lv
0.9981383728189468,p1ulv33878
0.9981397285551494,p1ulv19264
0.9981405901062471,p1ulv61323
0.998140805046215,p1udt7180lv
0.99814341139462,p1udt3784-p1udt8411x
0.998144328444819,p1udm28603
0.9981466128768363,p1ulv26996
0.9981491235726938,p1ulv16007
0.9981530439363628,p1ulv37070
0.9981599624479189,p1udt23273lv
0.9981626620722364,p1ulv14135
0.998171310041007,p1udm3353
0.9981751910043495,p1udt8077lv
0.9981823256825955,p1udt15513-p1udt22038xx
0.9981823309490118,p1udt22038
0.9981823362962895,p1udt21500-p1udt22038xx
0.9981921076107797,p1ulv36430
0.9982014365096135,p1ulv35162
0.9982056255587081,p1udt14505-p1udt16715xx
0.9982118920982503,p1ulv10396
0.9982122334099504,p1ulv6022
0.99821512303777,p1udm13368
0.9982175197351849,p1udt16715
0.9982242222129208,p1udm62389
0.9982298420789867,p1udt10309-p1udt16715xx
0.998233520566374,p1ulv31942
0.9982352724573079,p1udt18944lv
0.9982367937233917,p1udt20183
0.9982367939762905,p1udt16934-p1udt20183xx
0.9982483930682233,p1udt16934-p1udt20183x
0.9982483933181541,p1udt16934
0.9982483942527952,p1udt16715-p1udt16934xxx
0.9982490159747311,p1ulv53364
0.9982547797919028,p1udt13040lv
0.9982583522806948,p1ulv60092
0.9982593731220276,p1udt6737lv
0.9982618107626906,p1ulv21187
0.9982628076821858,p1ulv9806
0.9982648978164346,p1udm44915
0.9982693008926732,p1udt18751lv
0.9982699017580166,p1udm1052
0.9982710132903547,p1ulv55862
0.9982736398396016,p1udt4381lv
0.998274113482762,p1udt20019-p1udt4771xx
0.9982741194747217,p1udt4771
0.998274125811116,p1udt4771-p1udt9584x
0.9982787939531023,p1udt8015lv
0.9982883453829381,p1udt16715-p1udt16934xx
0.9982883463148338,p1udt16715-p1udt16934x
0.998289777843172,p1udt18755lv
0.9982912996690375,p1udm62390
0.9982967674184515,p1ulv57651
0.9982968087213768,p1ulv54672
0.998298345285793,p1ulv65143
0.9982998458891903,p1udt22643lv
0.9983013548499382,p1udm36467
0.9983082325005063,p1udt3782lv
0.9983091394756323,p1udt24782lv
0.9983117619891795,p1udt12038lv
0.9983118404383662,p1udt15265-p1udt9937x
0.9983118507915851,p1udt15265
0.9983118620968545,p1udt15265-p1udt23255x
0.9983253812417846,p1ulv37054
0.9983274008894347,p1ulv62577
0.9983282142478526,p1udm59684
0.9983387378170447,p1udt23259lv
0.9983394722987019,p1udt16524lv
0.9983409487224087,p1ulv62696
0.9983491602758475,p1udt8419lv
0.9983527675914606,p1udt16008lv
0.9983566920136087,p1udm11707
0.9983567725502933,p1udm29783
0.9983623843328053,p1ulv61324
0.9983650053975395,p1udm23216
0.9983655573908099,p1ulv19268
0.9983671187854095,p1ulv64495
0.9983731839025768,p1udt8074
0.9983791483540762,p1udt23719lv
0.9983816480701297,p1ulv8529
0.9983825928260062,p1udt19688lv
0.9983826423861472,p1udm37356
0.9983847189671089,p1udt11019
0.9983847194758313,p1udt11019-p1udt297x
0.9983851914446963,p1udt11019-p1udt297xx
0.9983851919533576,p1udt297
0.9983851931070578,p1udt17576-p1udt297xx
0.9983865352563845,p1udm26077
0.9983871995022902,p1ulv6666
0.9983873631932886,p1ulv10395
0.9983890033942944,p1udt13655lv
0.9983897126161811,p1udt8073
0.9983921735649859,p1ulv26900
0.9983934169485058,p1udt4299lv
0.9984025989965557,p1udm11677
0.9984103111369813,p1ulv14223
0.9984154771314266,p1ulv48371
0.9984212255542487,p1udt12380lv
0.9984228596623946,p1udt19880
0.9984276080058732,p1udm42784
0.9984277164993163,p1ulv63840
0.9984283973596031,p1udt3268lv
0.9984293325831377,p1ulv18603
0.9984383790261532,p1udm32222
0.998438846610221,p1udt14742lv
0.9984425927050299,p1udt17576-p1udt297x
0.9984425938555396,p1udt17576
0.9984425952500563,p1udt17576-p1udt9584x
0.9984449734649534,p1ulv47158
0.9984452311811018,p1ulv59475
0.9984478992667322,p1ulv9804
0.9984487044279878,p1udt3871lv
0.9984500214226868,p1ulv21818
0.9984527077311485,p1ulv47144
0.9984556401297697,p1udm11560
0.9984577848770799,p1udt2125lv
0.9984611413179076,p1ulv11635
0.9984621823938753,p1udt25188lv
0.9984627773906737,p1udt21500-p1udt22038x
0.9984627827349297,p1udt21500
0.9984627882133559,p1udt11026-p1udt21500xxx
0.9984635178110209,p1udt14499lv
0.9984636521821117,p1udt9941lv
0.9984684859030277,p1udm58241
0.998468738075216,p1udt11357-p1udt2681xx
0.998468749373659,p1udt2681
0.9984687611650925,p1udt2681-p1udt7601x
0.9984703511943631,p1udt1543lv
0.9984706656674209,p1udt10309-p1udt9942x
0.9984723014641106,p1ulv40818
0.9984747466533209,p1udm34345
0.998475504529437,p1udt10309-p1udt16715x
0.998477825860141,p1ulv46565
0.9984860254137786,p1udm15174
0.9984866072232754,p1udt21386lv
0.9984873213066179,p1ulv28190
0.9984878224434093,p1udt10309
0.9984898642223178,p1udt4771-p1udt9584xx
0.99848986916452,p1udt17576-p1udt9584xx
0.9984898705568682,p1udt9584
0.9984898789683636,p1udt2105-p1udt9584xx
0.9985035439943277,p1ulv35824
0.9985037809995057,p1ulv51424
0.9985049084509614,p1udt21502
0.9985049090478665,p1udt16708-p1udt21502xxx
0.9985049593214184,p1ulv40180
0.9985056188422741,p1udm11706
0.9985092595148898,p1ulv7302
0.9985095390544021,p1ulv48355
0.9985095539131472,p1ulv64493
0.9985136926323817,p1udt24906lv
0.9985143518280786,p1ulv15993
0.9985173497176109,p1udt10309-p1udt24466x
0.9985192180098674,p1ulv23672
0.9985258131021872,p1ulv33907
0.9985287711654722,p1udt10728
0.9985314647839347,p1ulv39036
0.9985342195094435,p1udm23217
0.998535575626837,p1ulv44645
0.9985364454666612,p1ulv52784
0.9985365652716449,p1udt11364lv
0.9985369816072316,p1ulv50192
0.9985378210771394,p1udt16708-p1udt21502xx
0.9985378216704903,p1udt16708-p1udt21502x
0.9985426448898436,p1ulv17281
0.9985432110037972,p1udt901lv
0.9985491067579887,p1udt2694lv
0.9985516034387938,p1ulv48347
0.9985536382144362,p1ulv45897
0.9985584000995125,p1ulv47145
0.9985642123517422,p1udm7647
0.9985683284136873,p1ulv63820
0.9985685029863423,p1udt4379lv
0.9985685155079789,p1udt21926lv
0.9985687153860701,p1udm54930
0.9985744196818107,p1udm41995
0.9985767142879549,p1udm62113
0.9985872433869873,p1udt3292lv
0.9985921079147749,p1udm34344
0.9985984687912397,p1udm11657
0.9986005985678303,p1udm1049
0.9986037604201523,p1udm18611
0.9986111568043163,p1udt1548lv
0.9986115706736602,p1ulv35819
0.9986148899630884,p1udm54560
0.9986216370869423,p1ulv63868
0.9986238773712361,p1udt20940lv
0.9986254818210074,p1ulv31308
0.9986266379680228,p1udt23373
0.9986267984844582,p1udt23026-p1udt23373xx
0.9986268405411721,p1udt23026-p1udt23373x
0.9986270009896924,p1udt23026
0.9986275233182932,p1udt10324-p1udt23026xx
0.9986299715773702,p1udt10324-p1udt23026x
0.9986304926969755,p1udt10324
0.9986312239943979,p1udt10324-p1udt20027x
0.9986331337479658,p1udt3784-p1udt8411xx
0.9986333931984028,p1udm24634
0.9986335024539511,p1udm49828
0.9986359072079332,p1ulv44727
0.9986388748764117,p1ulv36440
0.9986391118576378,p1udt10324-p1udt20027xx
0.9986396234657624,p1ulv11008
0.9986398403822744,p1udt20027
0.9986406849694026,p1udt20027-p1udt20185x
0.9986460578780222,p1udt20027-p1udt20185xx
0.9986469008282798,p1udt20185
0.9986480817742395,p1udt18956-p1udt20185xx
0.998652008051387,p1udt924lv
0.9986524351913023,p1ulv22401
0.9986545868270924,p1ulv37684
0.9986558925991257,p1udt18956-p1udt20185x
0.9986561398867482,p1ulv28205
0.998657071847361,p1udt18956
0.9986572343367532,p1ulv45236
0.9986575086105446,p1udt8411
0.998658382046591,p1udt18956-p1udt21770x
0.998663268806932,p1ulv31299
0.998664325150027,p1udt18956-p1udt21770xx
0.9986656341854184,p1udt21770
0.9986670402940495,p1udt21770-p1udt22418x
0.9986701221337357,p1udm34385
0.998672899769434,p1udt21770-p1udt22418xx
0.9986734787275053,p1udt10309-p1udt24466xx
0.9986743048078988,p1udt22418
0.9986743250282948,p1udm44916
0.9986759220982292,p1udt22175-p1udt22418xx
0.9986779606924967,p1udt303lv
0.9986806928642279,p1ulv7922
0.9986820687166951,p1udt20179-p1udt8411xx
0.9986823407438348,p1udm55316
0.998687625541571,p1udt22175-p1udt22418x
0.9986892409750215,p1udt22175
0.998690659014793,p1udm60107
0.9986910871777589,p1udt22175-p1udt4381x
0.9987005215064307,p1udt16287
0.9987009693665999,p1udt11017lv
0.9987030065913558,p1udt24466
0.9987068205110395,p1ulv54644
0.9987074008438941,p1udm59681
0.9987119556746165,p1ulv60773
0.9987138878039064,p1udt3286lv
0.9987146924118946,p1udt22175-p1udt4381xx
0.9987159527382465,p1udm5612
0.9987165353346081,p1udt4381
0.9987188613955885,p1udt3871-p1udt4381xx
0.9987205330920848,p1udm13387
0.9987226618512054,p1udt12377lv
0.9987231298979548,p1udt11026-p1udt21500xx
0.9987231353736574,p1udt11026-p1udt21500x
0.9987232113358924,p1ulv46542
0.9987244838148468,p1ulv46552
0.9987250463058207,p1udt11361
0.998725046860047,p1udt11361-p1udt3785x
0.9987254858804195,p1udm36430
0.9987299615396747,p1ulv54646
0.9987325733060617,p1udt10695-p1udt24466xx
0.9987341143561397,p1udm18500
0.9987395019176104,p1ulv27551
0.9987411302781697,p1ulv2234
0.9987419884994232,p1udt3871-p1udt4381x
0.9987425453301664,p1ulv20537
0.9987433940145884,p1ulv9764
0.9987443120183807,p1udt3871
0.9987467888421505,p1udt16289-p1udt3871xx
0.9987472329239594,p1udt11361-p1udt3785xx
0.9987472334756052,p1udt3785
0.9987472342603421,p1udt14223-p1udt3785xx
0.9987489269283685,p1udm45661
0.9987571851802152,p1ulv33249
0.998757528499082,p1udm3351
0.9987585880744556,p1ulv15995
0.9987591142557711,p1udt16289-p1udt3871x
0.998761589808468,p1udt16289
0.9987642241661302,p1udt13996-p1udt16289xx
0.9987665431041616,p1ulv57652
0.998768900385496,p1udm13372
0.9987699807486411,p1ulv10998
0.9987707801455614,p1udt13996-p1udt16289x
0.9987734138686496,p1udt13996
0.9987736493949805,p1udt6807
0.9987740592759812,p1udt18598
0.9987745846093251,p1udt8077
0.9987746109870262,p1udt14223-p1udt3785x
0.9987746117695188,p1udt14223
0.9987746130711341,p1udt14223-p1udt298x
0.9987761794756308,p1udt13996-p1udt19862x
0.9987797154723213,p1udt25193
0.9987809608412974,p1ulv7311
0.9987835764652793,p1ulv43967
0.998784831592368,p1udm3310
0.9987898346145004,p1udt25192
0.998789867118084,p1udt23384
0.9987898676667692,p1ulv6044
0.9987927618969815,p1udt13415
0.9988050681016135,p1ulv14161
0.9988079974423928,p1udt3266lv
0.9988135542866718,p1ulv42087
0.9988155302440861,p1udm7766
0.9988162371776386,p1udm3360
0.9988193690473977,p1udt14223-p1udt298xx
0.9988193703468102,p1udt298
0.9988193723382395,p1udt298-p1udt5810x
0.9988292592516081,p1ulv12898
0.998830973411363,p1udt15266lv
0.9988336532541695,p1ulv61315
0.9988370766003614,p1ulv25619
0.9988371866664819,p1udt23483lv
0.9988383349928788,p1udt13996-p1udt19862xx
0.9988410948552845,p1udt19862
0.9988602262636299,p1ulv33253
0.9988625326406302,p1udt25095lv
0.9988699393250067,p1udt2680lv
0.9988727366890076,p1udm30976
0.998881270302661,p1udm7791
0.9988847671511213,p1udt2144
0.9988848282443996,p1udt329
0.9988905849780537,p1udt10706
0.9988958537199288,p1udt18956lv
0.998896959112176,p1udt13041
0.9989000848039986,p1udt2681-p1udt7601xx
0.9989000965942869,p1udt7601
0.9989001093705232,p1udt1530-p1udt7601xx
0.9989033573938737,p1udt9198lv
0.9989040772234065,p1udt13369
0.9989041464261061,p1udm27375
0.9989043702167941,p1udt14508lv
0.9989106324489808,p1ulv46543
0.9989111552018415,p1ulv15374
0.9989115173842172,p1udt2143
0.9989144452088448,p1ulv10394
0.9989188692801064,p1udt20179-p1udt8411x
0.9989192335884218,p1ulv30670
0.9989208837178197,p1ulv36438
0.9989245950096248,p1ulv11620
0.9989267694279026,p1udt2105-p1udt9584x
0.9989267778369771,p1udt2105
0.9989267869533244,p1udt10691-p1udt2105xx
0.9989323885530725,p1udt296lv
0.998934305144712,p1udt14748
0.9989397010218923,p1udm1074
0.9989403781872934,p1udt4334lv
0.9989404459219958,p1udt23484
0.998943428283518,p1udt20179
0.9989462563187823,p1ulv2227
0.9989494240594861,p1udt298-p1udt5810xx
0.9989494260467694,p1udt298-p1udt5810xxx
0.9989506863064299,p1udt332lv
0.9989518414639798,p1udm20207
0.9989520916365671,p1udm21785
0.998957529181664,p1udm9650
0.9989628081228854,p1ulv17275
0.9989657614524339,p1udm9652
0.9989683398035926,p1udt20179-p1udt25179x
0.99898493695747,p1udm21802
0.9989850688362614,p1udt917lv
0.998985696243327,p1udt20345lv
0.9989874652009597,p1ulv42649
0.9989925216821948,p1udm58239
0.9989994247786909,p1udm62387
0.9990043693910875,p1udm18538
0.9990063167676766,p1ulv58862
0.9990133475522508,p1udt14748lv
0.9990166099932771,p1udt5819lv
0.9990185588110774,p1udt12379lv
0.9990224735888359,p1udt13996lv
0.9990236536252399,p1ulv18591
0.9990374790082525,p1ulv47127
0.9990421636320314,p1udt10695-p1udt24466x
0.9990452694996925,p1ulv35181
0.9990540675714707,p1udm54574
0.999055427068273,p1ulv25008
0.9990562053651544,p1udt16003lv
0.9990569638235176,p1udt3300lv
0.9990598711372489,p1udt10693lv
0.9990599860889773,p1udt323lv
0.999066508888462,p1udt16708-p1udt17570xx
0.9990665220479316,p1udt16708-p1udt17570x
0.9990685186727515,p1udt15265-p1udt23255xx
0.9990685299756991,p1udt23255
0.9990685418423176,p1udt23255-p1udt9936x
0.9990696335134066,p1udt17157lv
0.999069845459172,p1ulv49013
0.9990717311846514,p1udt10695
0.9990722889224454,p1udm5712
0.9990759898736971,p1udt3311lv
0.9990773965811854,p1udt8032lv
0.9990780001461776,p1udt17787lv
0.9990793323325298,p1ulv10424
0.9990807853339213,p1ulv38952
0.9990833960954167,p1udt20179-p1udt25179xx
0.9990856276280188,p1udt8415lv
0.9990880205034687,p1udt13955lv
0.9990965819872706,p1udm8004
0.9991006836431195,p1udm55966
0.9991008154727167,p1udt16484lv
0.9991022270380983,p1udt10695-p1udt21908x
0.9991083071679241,p1udt25179
0.9991123325785092,p1ulv47139
0.9991136391168504,p1udm11654
0.9991169057093674,p1ulv6677
0.9991176073526757,p1ulv57052
0.9991182850748688,p1ulv8541
0.9991189849932713,p1udt922lv
0.999120597965675,p1ulv26889
0.9991227511329881,p1ulv924
0.9991279541785313,p1ulv58860
0.9991331295159744,p1ulv42654
0.999133310987387,p1udt25179-p1udt9586x
0.9991341254247845,p1udm20209
0.9991431997827238,p1udt19683lv
0.9991446254037827,p1udt13040
0.999149208151179,p1ulv20554
0.99915159373927,p1ulv28195
0.9991528999004332,p1udt9187lv
0.9991556439170609,p1udm5661
0.9991567052604315,p1ulv23698
0.9991628301547314,p1ulv15364
0.9991683711885312,p1udt21060lv
0.9991761493954254,p1udm53478
0.9991768658152249,p1udt8803
0.9991768667606243,p1udt16931-p1udt8803xx
0.9991778987713804,p1ulv49589
0.9991805606117374,p1ulv5363
0.9991868708643183,p1udt15288
0.9991911859023016,p1udt15288-p1udt2708x
0.9991967678691687,p1ulv51429
0.9992038255814635,p1ulv42061
0.9992156426848193,p1ulv61957
0.9992171331409623,p1udt16931-p1udt8803x
0.999217134083624,p1udt16931
0.9992171355386582,p1udt11022-p1udt16931xx
0.9992199546526165,p1ulv12876
0.9992243776280354,p1udt4777lv
0.999230358212511,p1udt7182lv
0.9992389238633739,p1udt19501lv
0.9992391731640478,p1ulv38273
0.9992417569335417,p1ulv18576
0.9992432840850064,p1udt15288-p1udt2708xx
0.9992457421374712,p1ulv48373
0.9992475966484213,p1udt2708
0.9992507512914564,p1udt1530-p1udt7601x
0.9992507640669926,p1udt1530
0.999250777433396,p1udt1530-p1udt16003x
0.9992532937808392,p1ulv6024
0.9992534975799607,p1udt2708-p1udt2709x
0.9992650776907639,p1ulv52098
0.9992662231003079,p1udt11022-p1udt16931x
0.9992662245531831,p1udt11022
0.9992662266827401,p1udt10691-p1udt11022xx
0.9992673827144005,p1ulv9775
0.9992709297909468,p1udm18602
0.9992818856488562,p1udt23255-p1udt9936xx
0.9992818975149043,p1udt9936
0.999281909495341,p1udt22781-p1udt9936xxx
0.9992835139851908,p1udt1575lv
0.9992886371214136,p1ulv5354
0.9992918121564021,p1udt12694lv
0.9993042444116824,p1udt21062lv
0.9993097953054373,p1udm55307
0.9993112387517642,p1udt13036lv
0.9993121430463074,p1ulv48357
0.9993215275271563,p1udm33238
0.9993227324809529,p1ulv33893
0.9993265316255662,p1udt2103lv
0.9993269670343244,p1ulv8527
0.9993300042119432,p1udt2708-p1udt2709xx
0.9993346746180098,p1udt22418lv
0.999335902599776,p1udt2709
0.9993418395006778,p1udt20498-p1udt2709xx
0.9993433015042392,p1udt21620lv
0.999355132905875,p1udt14219lv
0.9993580805504007,p1udt3288lv
0.999365215587753,p1ulv61338
0.9993660518747882,p1udm24654
0.9993669696976115,p1udm5660
0.9993787060315458,p1udm27293
0.9993849354063283,p1ulv28277
0.9993908017614919,p1ulv10429
0.999394283667017,p1ulv61927
0.9993986233523238,p1udt8808lv
0.9994011699152909,p1udt10691-p1udt2105x
0.9994011769038292,p1udt10691-p1udt11022x
0.9994011790293655,p1udt10691
0.9994011908205342,p1udt10691-p1udt909x
0.9994062896379996,p1ulv40186
0.9994065598222579,p1udt25179-p1udt9586xx
0.9994090457189073,p1ulv37153
0.9994112948883124,p1udt11701lv
0.9994178906155282,p1udm1073
0.9994180062677294,p1udt20499lv
0.9994213612717084,p1ulv24388
0.9994215512495095,p1ulv38292
0.9994220814029546,p1udt17975lv
0.9994230151968674,p1udt13041lv
0.9994281029919507,p1ulv35163
0.9994295400922897,p1ulv61339
0.9994315623949396,p1udt9586
0.9994364850998823,p1udm18540
0.9994393463732878,p1ulv35818
0.9994400165030819,p1ulv64485
0.9994461026280665,p1udm26074
0.9994536255142592,p1ulv54632
0.9994564510101434,p1udm33267
0.9994568833136718,p1udt19854-p1udt9586xx
0.9994673490266663,p1ulv60082
0.9994688791310589,p1udt20498-p1udt2709x
0.9994725105776023,p1udt24891lv
0.9994727789530082,p1ulv12275
0.9994748118053796,p1udt20498
0.9994800734912703,p1ulv30656
0.9994874524694414,p1udt20498-p1udt22173x
0.9994935316815532,p1udt13352lv
0.9994952492400689,p1udt1530-p1udt16003xx
0.999495262606073,p1udt1530-p1udt16003xxx
0.9994965008301941,p1ulv16079
0.9994972629261998,p1udt10695-p1udt21908xx
0.9995091469696706,p1udm57178
0.9995128851798081,p1udt9184
0.999512885676345,p1udt21499-p1udt9184xx
0.9995152113862343,p1udt4310lv
0.999525119019576,p1ulv38942
0.9995277599226919,p1udt21908
0.9995278157393468,p1udt2114lv
0.9995320242171842,p1ulv43324
0.9995340253558622,p1udt21499-p1udt9184x
0.9995340258496496,p1udt21499
0.9995340265105614,p1udt21499-p1udt3784x
0.999536112699059,p1ulv45261
0.9995404064773803,p1udt24693lv
0.9995408298319899,p1ulv43327
0.9995501622998918,p1udt301lv
0.9995511487378277,p1udt21499-p1udt3784xx
0.9995511493970701,p1udt21499-p1udt3784xxx
0.9995534546990578,p1ulv2216
0.9995559848955213,p1udm30942
0.9995584008737737,p1udt1536-p1udt21908xx
0.9995591322650641,p1ulv26924
0.9995594493137472,p1ulv30683
0.9995609789547538,p1ulv53380
0.9995610900138419,p1ulv40822
0.9995667455372919,p1udt6804lv
0.9995692455126519,p1udm42786
0.9995776831702025,p1udt18756lv
0.99957779361402,p1udm3307
0.9995779061521983,p1ulv41448
0.9995807409127972,p1udm21788
0.9995842549432753,p1udt11032lv
0.9995892238976046,p1udt2206lv
0.9995931979892851,p1udm53477
0.9995933276089912,p1ulv62580
0.9995991532415421,p1ulv24371
0.9996043049136514,p1udm11704
0.9996082975430303,p1udt9596lv
0.9996132930001432,p1ulv53381
0.999621047052508,p1ulv43328
0.9996322998395677,p1udm45660
0.9996382908908179,p1ulv935
0.9996410815206109,p1udm48193
0.9996433663523658,p1ulv47752
0.9996521823457248,p1udt16960lv
0.9996525665410647,p1udt20668lv
0.9996600354596445,p1udt21928lv
0.9996624664131727,p1udm38452
0.9996630998280053,p1ulv12878
0.9996662177375195,p1udt18357lv
0.9996713777713302,p1udm30941
0.9996856142794697,p1ulv43984
0.999687279947272,p1ulv50169
0.9996903074358015,p1ulv11629
0.9996944205093847,p1udt8034lv
0.9996955749637689,p1udm29807
0.9996993254911097,p1udm54924
0.9997016278523521,p1udt23486lv
0.999703826369992,p1udm20235
0.9997104364254303,p1udt13367lv
0.9997223123535831,p1ulv65115
0.9997268491566577,p1ulv9791
0.999727769769873,p1ulv42065
0.9997281584234801,p1ulv21799
0.9997284917591454,p1udm7689
0.9997327126305282,p1ulv62602
0.9997374725796804,p1udm5607
0.999745968631342,p1ulv35249
0.9997526322912126,p1ulv17938
0.9997536931406623,p1ulv21192
0.9997575673317236,p1ulv19887
0.999764126256098,p1ulv50933
0.9997654074494586,p1udt9605lv
0.999767211328574,p1ulv31938
0.9997681797320263,p1udt2140lv
0.9997712514530663,p1ulv17929
0.999772408927792,p1udm1067
0.9997778878403398,p1udt7611lv
0.9997798960306439,p1udm41993
0.9997826386461875,p1udt10312lv
0.9997881155095218,p1ulv50849
0.9997894004205246,p1udt11699lv
0.999793131191558,p1ulv60767
0.9997941858244577,p1udt19854-p1udt9586x
0.9997947871037669,p1udm45662
0.9998011416777117,p1udm7677
0.9998019855122509,p1udm51307
0.9998051792359987,p1udt10324lv
0.9998089528344696,p1ulv47751
0.9998139861792359,p1ulv26241
0.9998155944818872,p1udt10304lv
0.9998195052217752,p1udt19854
0.9998204869625911,p1ulv40819
0.9998213618372515,p1umv24
0.9998245724130612,p1udm33266
0.9998277480902155,p1udt10311lv
0.9998298135289596,p1udm58641
0.9998327239221952,p1udt22781-p1udt9936xx
0.9998327359012037,p1udt22781-p1udt9936x
0.9998376688031707,p1ulv51439
0.9998420506378021,p1udt15526lv
0.999843180837586,p1ulv16662
0.9998446690439718,p1udt13369lv
0.9998449476030012,p1udt19854-p1udt2683x
0.9998501170566436,p1ulv18570
0.9998507494731925,p1ulv41431
0.9998509662200865,p1udm54925
0.9998584243178753,p1udm24628
0.9998627574310703,p1udm28600
0.9998662825367435,p1udt923lv
0.9998726671469833,p1udt23482lv
0.9998733033266162,p1ulv57656
0.999876574962244,p1udt21910lv
0.9998786833072021,p1udm27289
0.9998787056333971,p1udt21622lv
0.9998813046641073,p1udt10706lv
0.9998878823736356,p1udt7181lv
0.9998906390579454,p1udt22798lv
0.9998908480009717,p1udt18167lv
0.9998918207166453,p1ulv50859
0.9998967278963888,p1ulv47122
0.999903941313671,p1udt3783
0.9999039422271806,p1udt20179-p1udt3783xxx
0.9999059995924817,p1ulv60080
0.9999083812732873,p1udt19854-p1udt2683xx
0.9999156606068857,p1ulv31265
0.999917043515642,p1udt10691-p1udt909xx
0.9999170553054696,p1udt909
0.9999170676450734,p1udt24892-p1udt909xx
0.9999258467494154,p1udt2147lv
0.999933823490574,p1udt2683
0.9999343793278506,p1ulv31940
0.999936406514157,p1ulv10397
0.999937702204021,p1udm18559
0.9999436060182573,sb2_p1uhs0_1247_node_2_10
0.9999471345812405,p1udm28687
0.9999490222348609,p1ulv49578
0.9999548622323968,sb2_p1uhs0_1247_node_2_18
0.9999585782579388,p1ulv35169
0.9999594041113736,p1udt2683-p1udt3781x
0.999961428249172,p1ulv23067
0.9999618352981018,p1ulv6016
0.9999632827406961,p1udt20179-p1udt3783xx
0.9999632836500232,p1udt20179-p1udt3783x
0.9999650123546864,p1ulv34534
0.9999661184812675,sb2_p1uhs0_1247_bus_2_1
0.9999686317770595,p1ulv55851
0.9999745057640299,p1ulv4148
0.999977374764868,sb2_p1uhs0_1247_node_2_6
0.9999811896095947,p1ulv52768
0.9999842782027561,p1udm5609
0.9999886310831972,sb2_p1uhs0_1247_node_2_5
0.9999895235843018,p1udt20498-p1udt22173xx
0.9999906323645363,p1udm20236
0.9999916996750338,p1udt18560lv
0.9999977168657894,p1ulv25626
0.9999998874362541,p1uhs0_69
1.0000021583538297,p1udt22173
1.000002493376778,p1ulv44619
1.000003509295984,p1ulv48995
1.000016050364214,p1udt22173-p1udt24578x
1.000024371674756,p1udt18174lv
1.000028667460494,p1ulv49565
1.0000313038564301,p1udt2696lv
1.0000381305725385,p1ulv54014
1.000043176108051,p1ulv60063
1.0000454059206987,p1ulv23073
1.0000521642928841,p1ulv11016
1.0000588779360804,p1udt19862lv
1.0000687611659889,p1ulv24987
1.0000696152318742,p1ulv45894
1.0000835493905298,p1ulv35170
1.0000843794542484,p1ulv7934
1.000095530120883,p1udt3303lv
1.0000980863957105,p1udt23717lv
1.000099297725461,p1udt12699lv
1.0001056754698876,p1ulv1608
1.0001183299230947,p1ulv308
1.0001199075743166,p1udt1536-p1udt21908x
1.000124224984995,p1udm23231
1.0001250998268056,p1ulv4749
1.0001297711007042,p1ulv21198
1.0001348742340395,p1udt8809lv
1.0001358308190076,p1udt20936lv
1.0001381325875944,p1ulv54642
1.0001404223022896,p1ulv42655
1.0001505500209495,p1udt1536
1.000152622780218,p1udm41077
1.0001538965956622,p1ulv16763
1.0001550002333037,p1udt16261
1.0001568911618928,p1udm28601
1.0001600491048594,p1udt3281lv
1.0001604281047152,p1udt23144lv
1.0001613203823134,p1udt9188lv
1.00016343388263,p1udt18567lv
1.000168602989305,p1udt21512lv
1.000169270293792,p1udt13951lv
1.0001736894187583,p1udt11708
1.0001813061204845,p1udt24588lv
1.0001819736000257,p1udt1536-p1udt5810x
1.0001877184005104,p1ulv57649
1.000189265826113,p1ulv21202
1.0001912011524583,p1udt15006lv
1.0001942168460798,p1udt8438lv
1.0001961003737745,p1udm13369
1.0002047968332757,p1udm32171
1.0002129421874422,p1udt22532lv
1.0002235547973164,p1udt2683-p1udt3781xx
1.0002242176010556,p1udt23488
1.0002262111402986,p1udt24892-p1udt909x
1.000226223479215,p1udt24892
1.00022623598871,p1udt20018-p1udt24892xxx
1.000227455365051,p1ulv17941
1.0002304583436148,p1udt11042lv
1.0002341735749634,p1ulv31273
1.0002360638267476,p1udt12099lv
1.0002431818080302,p1ulv61319
1.000243203382602,p1ulv41434
1.0002452620694318,p1udt5329lv
1.0002491342860698,p1udt3781
1.0002538473516571,p1udt1577
1.0002555926676169,p1udt9955lv
1.0002573104911945,p1udt11707
1.0002613811779795,p1udt11742lv
1.0002635429040034,p1udt935
1.0002658219382534,p1udt6744lv
1.0002695469792502,p1ulv12877
1.000272333951321,p1udt11700lv
1.0002749456363162,p1udt3781-p1udt9583x
1.0002864020736209,p1udm23232
1.0002985110459806,p1ulv60071
1.0003077666296631,p1udt3297lv
1.00031151442011,p1ulv2861
1.0003121372394186,p1udt19708lv
1.0003130494634944,p1ulv22402
1.0003132704110604,p1udt23145lv
1.000315603046765,p1ulv54033
1.000319097248886,p1udm56292
1.0003244073430217,p1udt6731lv
1.0003256416945443,p1udm30980
1.0003378320569947,p1udt13662
1.0003411060963712,p1udt23261lv
1.000342575982598,p1udt307lv
1.0003447717881633,p1udt20493lv
1.0003550312055196,p1udt8011
1.0003550321487926,p1udt13026-p1udt8011xx
1.000365782028764,p1ulv24368
1.000367816561576,p1ulv2890
1.0003838103993152,p1ulv60678
1.0003855439095812,p1udm7648
1.0003870285686154,p1udt9193lv
1.0003922213782435,p1ulv10409
1.0003948239482967,p1ulv40202
1.0003958114888738,p1udt5334
1.0004001996861558,p1ulv5353
1.000400510636555,p1udt4334-p1udt5334xx
1.0004020971239411,p1ulv43977
1.0004067774094652,p1udt13026-p1udt8011x
1.0004067783492063,p1udt13026
1.0004067797256901,p1udt13026-p1udt20338x
1.000409753291424,p1udt936
1.0004119224446895,p1udt19142lv
1.0004129297410613,p1ulv38944
1.0004303367804437,p1ulv42069
1.000433441155309,p1ulv17940
1.0004357716177807,p1udm5676
1.0004537431252527,p1udt13026-p1udt20338xx
1.0004537444995498,p1udt20338
1.000453746063627,p1udt20338-p1udt9585x
1.0004663660644848,p1ulv50836
1.0004691925398066,p1udm51304
1.0004795512124856,p1udt22173-p1udt24578xx
1.000485891225518,p1udt21224
1.0004860866517675,p1udt21224-p1udt24578x
1.0004881886657804,p1ulv54647
1.0004932528430797,p1udt21224-p1udt24578xx
1.0004934386606144,p1udt24578
1.0004937720694531,p1udt20338-p1udt9585xx
1.000493773631893,p1udt9585
1.000493775833004,p1udt15519-p1udt9585xx
1.0004974931857031,p1udt2684
1.0004974939351983,p1udt18946-p1udt2684xx
1.0005075323706096,p1udt12714
1.0005075798728484,p1udt10322-p1udt24578xx
1.000509796838292,p1ulv9763
1.0005106232775858,p1udt18946-p1udt2684x
1.000510624025952,p1udt18946
1.0005106251581974,p1udt18946-p1udt22643x
1.000512518054141,p1udm13371
1.0005185967860497,p1ulv50216
1.0005249812283357,p1ulv32569
1.0005264062491719,p1udt4334-p1udt5334x
1.0005307403956178,p1udt1536-p1udt5810xx
1.0005310987721552,p1udt4334
1.0005330731136186,p1udt9191
1.000533073855434,p1udt294-p1udt9191xx
1.0005338822209198,p1udt16490lv
1.0005359859202796,p1udt332-p1udt4334xx
1.000538699265416,p1ulv62603
1.0005396123336854,p1udt5815lv
1.000540374038432,p1udt18946-p1udt22643xx
1.0005403751689896,p1udt22643
1.0005403763894107,p1udt15519-p1udt22643xx
1.0005434618129811,p1udt12378lv
1.000544615693302,p1udt3781-p1udt9583xx
1.000549533663521,p1udt24574lv
1.0005514481161863,p1udt294-p1udt9191x
1.0005514488564053,p1udt294
1.0005514502230968,p1udt14503-p1udt294xxx
1.0005541545213759,p1ulv7301
1.000562165167065,p1udt5810
1.0005649046975964,p1udt16495
1.000570276502235,p1udt7612lv
1.0005704259124792,p1udt9583
1.0005869691742655,p1udt15519-p1udt9585x
1.0005869701547208,p1udt15519-p1udt22643x
1.0005869713726903,p1udt15519
1.0005869749050278,p1udt15519-p1udt5809x
1.0005943501329657,p1udt4301-p1udt5810xx
1.0005964132269554,p1udt19501-p1udt9583xx
1.0006034234921004,p1udt17779lv
1.0006104778427733,p1ulv11637
1.0006109512228676,p1udt10322-p1udt24578x
1.0006117073613374,p1udt332-p1udt4334x
1.0006117090256783,p1udm29775
1.0006125026033303,p1udt5310lv
1.0006151095540186,p1udm5658
1.0006165906740125,p1udt332
1.0006186768827756,p1udt14503-p1udt294xx
1.0006186782463133,p1udt14503-p1udt294x
1.0006223710785664,p1ulv5364
1.0006225625839225,p1udt2147-p1udt332xx
1.0006232180702508,p1ulv31943
1.0006236048686388,p1udm46896
1.0006250915532318,p1udt10322
1.0006280285426166,p1udm53480
1.0006316034127725,p1ulv36449
1.0006319974893194,p1udt6303lv
1.0006321938633778,p1udm41079
1.000633927491935,p1udt2145
1.0006395501131509,p1udt10322-p1udt6754x
1.0006441782133595,p1ulv63224
1.00064753811865,p1udt25187
1.000647538314591,p1udt13959-p1udt25187xx
1.000647545323604,p1ulv58846
1.0006487761803926,p1udt1561lv
1.0006494276735782,p1udt3275
1.000649428438044,p1udt24780-p1udt3275xx
1.0006623699973591,p1udt10726
1.0006646139230007,p1udt1535
1.0006646141139965,p1udt1535-p1udt24780x
1.000664804882481,p1udt13959-p1udt25187x
1.0006648050726479,p1udt13959
1.0006680672338233,p1udt24780-p1udt3275x
1.0006680678068904,p1udt1535-p1udt24780xx
1.0006680679967164,p1udt24780
1.0006680695120864,p1udt24780-p1udt4775x
1.000668557136842,p1udm29776
1.0006792822980648,p1udt13654lv
1.000686186068767,p1udt1576
1.000686186402957,p1udt1576-p1udt20347x
1.0006866916528825,p1ulv3518
1.0006889826415302,p1ulv17289
1.0006892104095766,p1udt9959
1.0006892109768963,p1udt23026-p1udt9959xxx
1.00069229339869,p1udt1576-p1udt20347xx
1.0006922937316982,p1udt20347
1.0006922945226868,p1udt20185-p1udt20347xxx
1.000693972656221,p1udt13037lv
1.0006957896566067,p1udm16778
1.0007039658417802,p1udt5316lv
1.0007084872373748,p1udt23026-p1udt9959xx
1.0007084878025012,p1udt23026-p1udt9959x
1.0007093200661752,p1udm7649
1.000712254330717,p1udm54205
1.000715646283536,p1ulv34559
1.0007156822894094,p1udt15519-p1udt5809xx
1.0007156858194992,p1udt5809
1.0007156903140544,p1udt18564-p1udt5809xx
1.0007186521251885,p1udt5333lv
1.0007189041419786,p1ulv28202
1.0007291246140346,p1udt2147-p1udt332x
1.0007295892155157,p1udt5314lv
1.0007313065108234,p1udt20185-p1udt20347xx
1.0007313072986326,p1udt20185-p1udt20347x
1.0007350921046354,p1udt2147
1.0007376237798837,p1ulv60705
1.0007390356315242,p1udt908lv
1.0007420708895944,p1udt11368-p1udt2147xx
1.000749096801351,p1udt24780-p1udt4775xx
1.0007490983133025,p1udt24780-p1udt4775xxx
1.0007552220038372,p1udt20203lv
1.000761322314773,p1udt20018-p1udt24892xx
1.0007613348231366,p1udt20018-p1udt24892x
1.0007724349621365,p1udt16496lv
1.0007755955866742,p1ulv40197
1.0007830923116732,p1udm30943
1.0007897469389608,p1udt5806lv
1.000793549968854,p1udt24990
1.0007936712399077,p1udt16012
1.00079738860838,p1udm1066
1.0007978687805452,p1ulv19878
1.0007993059262723,p1ulv35806
1.0008064500998266,p1udm11562
1.0008065356906846,p1ulv7931
1.000813385474249,p1ulv25632
1.0008148574340603,p1udm37375
1.0008166376258223,p1ulv36452
1.0008348965321838,p1udt10707
1.0008368463865,p1udt8414lv
1.0008410627920878,p1udm16775
1.0008422423485273,p1ulv47750
1.0008440311676454,p1udm60084
1.000855183177368,p1udt6755
1.0008635373575705,p1udt19501-p1udt9583x
1.000867567503751,p1udm56291
1.0008729527498583,p1udm28613
1.0008889757741741,p1ulv37050
1.0008895235745663,p1udt19501
1.0008910288327637,p1udt10322-p1udt6754xx
1.0008962429222859,p1udt5330
1.0009054851759214,p1udt6754
1.0009085993388316,p1udt11368-p1udt2147x
1.0009137519366194,p1udt18564-p1udt5809x
1.0009137564285293,p1udt18564
1.0009137614067338,p1udt18564-p1udt3780x
1.0009155722418568,p1udt11368
1.0009173410308974,p1udt10692-p1udt19501xx
1.0009191047389479,p1udt18953lv
1.0009201340233835,p1udt5834-p1udt6754xx
1.000923278255159,p1udt11368-p1udt12712x
1.0009263550188372,p1ulv43991
1.0009273314303184,p1ulv7925
1.0009293118579767,p1udt329-p1udt5330x
1.0009350730503135,p1udt4308lv
1.0009400799407455,p1udt20942lv
1.0009550608253375,p1udt5816lv
1.0009572924078967,p1udt16259lv
1.0009670043373502,p1udt22787lv
1.0009703837889208,p1udm27340
1.0009873067055695,p1udt16486lv
1.0009899754097398,p1ulv36450
1.0009918289336617,p1udm11564
1.0009931784835358,p1ulv38943
1.0009956790730772,p1udt20029
1.0009957151320235,p1udt18752lv
1.000996407725328,p1udm3345
1.0010023726734096,p1udm21800
1.0010117522411388,p1udt22290lv
1.0010176375385864,p1ulv36437
1.001018905819337,p1udt22289lv
1.0010221689273124,p1ulv6005
1.0010233796722885,p1ulv47851
1.0010237391447414,p1udt14509lv
1.001028305759582,p1udm46898
1.0010290213593271,p1udt22651lv
1.0010303268635334,p1udt4301-p1udt5810x
1.001030391501421,p1udt20805
1.0010307449952145,p1udt20805-p1udt8490x
1.0010319511646886,p1ulv24366
1.001032808618834,p1ulv38948
1.001033896039798,p1ulv6015
1.0010361735911113,p1udm20238
1.001040532181485,p1udt3310lv
1.0010405375408418,p1udm33243
1.0010422913173906,p1ulv58856
1.0010453878428525,p1udt18564-p1udt3780xx
1.0010453928194967,p1udt3780
1.0010453982325092,p1udt19501-p1udt3780xxx
1.0010531777205507,p1udt10692-p1udt19501x
1.0010568106348967,p1udm7675
1.001062513402857,p1udt4301
1.0010659411990563,p1udt22781
1.001068486362516,p1ulv43334
1.001069050102544,p1udm11568
1.0010714008296926,p1udt10304-p1udt22781xx
1.001073972407606,p1udt16259
1.0010746191901645,p1ulv31295
1.0010794856609968,p1udt16259-p1udt5834x
1.0010799436998017,p1ulv18039
1.0010809948581916,p1udt10692
1.001083245125144,p1udt11368-p1udt12712xx
1.0010877993132754,p1udm18501
1.001090946068984,p1udt12712
1.0010949076433961,p1udt4301-p1udt9941x
1.001095678663908,p1ulv58347
1.0010984605913849,p1udt16006lv
1.0011006333809298,p1udt12712-p1udt8439x
1.0011089503636985,p1udt10692-p1udt22287x
1.0011093206565747,p1udt13958lv
1.0011154544123013,p1udt13089
1.00111681378411,p1udt13656lv
1.0011183172754388,p1udt19157
1.0011207937002244,p1ulv7923
1.0011209225197455,p1udt8490
1.0011211381413163,p1udt19528
1.0011228761535524,p1ulv48369
1.0011243181221459,p1udt9591lv
1.0011264125165837,p1ulv62604
1.0011323562220682,p1udt18596
1.0011407051398928,p1udt24793
1.0011467207039253,p1udt2205
1.0011468441121758,p1udt12749-p1udt2205x
1.0011476558183352,p1ulv2236
1.0011491458607125,p1ulv20535
1.0011501966347804,p1udt5892
1.001152559260494,p1udt18385
1.0011527694296822,p1udt13089-p1udt18385x
1.0011538087337368,p1udt5836lv
1.001157270676103,p1udm16750
1.0011596820389508,p1udt8858
1.0011610054037865,p1udt10304-p1udt22781x
1.0011623320062186,p1udt9944lv
1.001165907697592,p1udm13441
1.0011664614526408,p1udt10304
1.0011676551762898,p1udt22187lv
1.0011719649640927,p1udt10304-p1udt10690x
1.0011759338674378,p1udt20202
1.0011759358722652,p1udt19157-p1udt20202x
1.001179410073389,p1udt22054
1.0011815735247516,p1udt20793lv
1.001183941058149,p1udm49271
1.0011844864889146,p1udt12712-p1udt8439xx
1.0011850579200814,p1udt5834-p1udt6754x
1.0011858883824605,p1udt4859
1.0011882695045737,p1ulv43332
1.0011902810986562,p1udt2115
1.0011902821072323,p1udt10701-p1udt2115xx
1.001193760038022,p1udt11707-p1udt20029x
1.0011941718349666,p1udt8439
1.001194195666954,p1udt16259-p1udt5834xx
1.0011994155849917,p1udt17817
1.001199704472797,p1udt5834
1.0012041857600218,p1udt4796-p1udt8439xx
1.001212352245364,p1udm41980
1.0012194295348766,p1udt24691lv
1.001220094199468,p1udt16260-p1udt5834xx
1.00122075072085,p1udt25185
1.0012207509285693,p1udt2139-p1udt25185xx
1.0012245469765395,p1udt2139-p1udt25185x
1.0012245471830752,p1udt2139
1.0012245479564057,p1udt2139-p1udt8031x
1.0012272331250154,p1udt10701-p1udt2115x
1.001227234131233,p1udt10701
1.0012272357300753,p1udt10701-p1udt24055x
1.0012293161363877,p1ulv60069
1.0012363051764737,p1udt20201
1.0012452275056123,p1udt13354lv
1.0012528524167732,p1udt2139-p1udt8031xx
1.0012528531877436,p1udt8031
1.0012528549841981,p1udt15287-p1udt8031xx
1.0012541633984338,p1udt10304-p1udt10690xx
1.0012542234269302,p1ulv28180
1.0012575591488058,p1udm16739
1.0012596636510964,p1udt10690
1.0012623090522377,p1ulv24989
1.0012624502144858,p1udm55968
1.0012654637655014,p1udt10690-p1udt17779x
1.001267646522573,p1ulv61328
1.0012735531754506,p1ulv65109
1.0012797470184827,p1ulv21193
1.0012824992954492,p1ulv3508
1.001283782620014,p1udm30981
1.0012879702201132,p1ulv58847
1.0012889916041705,p1udt21926
1.0012892206602861,p1udt12097-p1udt21926x
1.0012971835835547,p1ulv305
1.0012977041069244,p1ulv31296
1.0013004595918376,p1udt10701-p1udt24055xx
1.0013004611877492,p1udt24055
1.0013004631049913,p1udt11037-p1udt24055xx
1.0013022249904706,p1udt15287-p1udt8031x
1.001302226785171,p1udt15287
1.0013022289543805,p1udt15287-p1udt2136x
1.0013023016243559,p1udt19501-p1udt3780xx
1.0013023070346176,p1udt19501-p1udt3780x
1.001302340184068,p1ulv56460
1.0013055817605232,p1udt23022lv
1.00130730143996,p1udt4796-p1udt8439x
1.0013112044796648,p1ulv35817
1.0013137206371738,p1udt10692-p1udt22287xx
1.0013173130335642,p1udt4796
1.0013199169466582,p1udt6735lv
1.0013224495271937,p1ulv56461
1.0013253610112658,p1udt10690-p1udt17779xx
1.0013275455719108,p1udt2138-p1udt4796xx
1.0013296691437823,p1ulv30037
1.0013311588419234,p1udt17779
1.001333768781171,p1udm48201
1.001335509853543,p1udm29806
1.0013357914289553,p1udm49272
1.001336750182833,p1ulv42160
1.001336981407572,p1udt14503-p1udt17779xx
1.0013416755817148,p1udt22287
1.0013464266874732,p1ulv403
1.001350295506302,p1udm18535
1.0013515306617586,p1ulv63848
1.0013604875074957,p1udt4379
1.0013618182056674,p1udt15287-p1udt2136xx
1.0013618203731334,p1udt2136
1.0013618233613935,p1udt1574-p1udt2136xx
1.0013637070946366,p1ulv32574
1.001368389687748,p1udt17997-p1udt4379x
1.0013697119417777,p1udt22287-p1udt4299x
1.0013708985254284,p1ulv54645
1.0013768753323027,p1ulv50832
1.001382150991974,p1ulv6025
1.0013883149237,p1udt11037-p1udt24055x
1.0013883168380209,p1udt11037
1.0013883196611497,p1udt11037-p1udt15004x
1.0013967133286967,p1udt12097
1.0013984069921216,p1udt17997
1.0013996847244222,p1udt5315lv
1.0014004383890216,p1ulv22403
1.0014039457858666,p1udt23729
1.0014047689411956,p1udm27294
1.0014101098483557,p1ulv15975
1.0014114592566086,p1udt14503-p1udt17779x
1.001412125379169,p1udm24659
1.0014143728472846,p1ulv17942
1.00141727899073,p1udt14503
1.0014187418256726,p1udm24657
1.0014238438393677,p1udt14503-p1udt20018x
1.0014272262279122,p1ulv26907
1.001429573935703,p1udt24467lv
1.0014457100735994,p1ulv54619
1.0014507511674493,p1ulv19244
1.0014508291402435,p1ulv47128
1.001451020858385,p1udt20792lv
1.001453193998553,p1udt16005
1.0014531946680776,p1udt16005-p1udt4302x
1.0014541207933747,p1ulv56450
1.0014583805928297,p1udt16255lv
1.0014592715819994,p1udt2138-p1udt4796x
1.0014609577279048,p1ulv23702
1.0014633027111108,p1ulv43344
1.0014659542034,p1udt11037-p1udt15004xx
1.0014659570248035,p1udt15004
1.0014659602994747,p1udt15004-p1udt9951x
1.0014695011894077,p1udt2138
1.001471681244514,p1udt4301-p1udt9941xx
1.0014751560996817,p1udm45647
1.0014796793502976,p1udt20024lv
1.0014799408235076,p1udt16260-p1udt2138xx
1.0014819846266363,p1udt20954lv
1.0014828113029313,p1udt16005-p1udt4302xx
1.0014828119695984,p1udt4302
1.0014828134544789,p1udt1536-p1udt4302xxx
1.0014835115814442,p1udt1574-p1udt2136x
1.0014835145671617,p1udt1574
1.0014835181675246,p1udt1574-p1udt16259x
1.001494858910069,p1udm29795
1.0014968183556514,p1ulv36435
1.0015001633779619,p1udm9634
1.001504076923774,p1udt9941
1.0015048181000776,p1ulv26904
1.001508736341289,p1udm53479
1.0015232822339313,p1udt14503-p1udt20018xx
1.0015259902596672,p1udt15004-p1udt9951xx
1.0015259935331995,p1udt9951
1.001525997341911,p1udt20340-p1udt9951xx
1.0015298436493378,p1udt20018
1.0015352929653543,p1udm24627
1.0015408089928002,p1udt17151-p1udt20018xx
1.001541160252092,p1ulv48363
1.0015546355190108,p1ulv32559
1.0015554087085161,p1udm46238
1.001561816743249,p1udt16492lv
1.0015636343005867,p1ulv57650
1.0015674345477947,p1udt16260-p1udt5834x
1.0015766796018424,p1ulv37661
1.0015773863088937,p1udt16260-p1udt2138x
1.001585735864924,p1ulv24979
1.0015878238206721,p1udt16260
1.001593079900302,p1udt4775
1.0015937874567575,p1udt3782-p1udt4775xx
1.001595596121006,p1udt3782-p1udt4775x
1.0015963030233628,p1udt3782
1.001597073444436,p1udt3782-p1udt910x
1.001598466601809,p1udt21509
1.0016014214951536,p1ulv24378
1.0016029785460694,p1udt3782-p1udt910xx
1.001603747003433,p1udt910
1.0016046251460737,p1udt8804-p1udt910xx
1.001605841229587,p1udt8420lv
1.0016084652214539,p1ulv30772
1.0016092790221816,p1ulv36424
1.0016102755529575,p1udt399lv
1.001611789643229,p1ulv16654
1.001613590247783,p1udt8804-p1udt910x
1.0016144657716415,p1udt8804
1.0016156843766206,p1udt296-p1udt8804xx
1.0016186141107073,p1udm23240
1.0016300472741424,p1udt17812
1.0016312449750928,p1udt296-p1udt8804x
1.0016321068311733,p1udt1536-p1udt4302xx
1.001632108309603,p1udt1536-p1udt4302x
1.0016324603072864,p1udt296
1.0016337692608046,p1udt10693-p1udt296xx
1.0016393160080137,p1ulv4752
1.0016435826258252,p1udt22287-p1udt4299xx
1.001653830114033,p1udt10693-p1udt296x
1.0016546565691122,p1udt19502lv
1.0016551351371046,p1udt10693
1.0016564839935562,p1udt10693-p1udt4299x
1.0016575884794645,p1ulv12899
1.0016590198913429,p1udt17151-p1udt20018x
1.001669983082991,p1udt17151
1.0016702719457027,p1udt10693-p1udt4299xx
1.001670588555022,p1ulv22395
1.0016716181819154,p1udt4299
1.001674294107871,p1udt1574-p1udt16259xx
1.0016742977049757,p1udt1574-p1udt16259xxx
1.0016760961910531,p1ulv22397
1.0016805881877047,p1udt2715lv
1.0016810385265478,p1udt17151-p1udt20493x
1.001695402948405,p1ulv37659
1.00169664532597,p1ulv14734
1.0017011172977444,p1udt23838-p1udt4299xx
1.0017015496561081,p1udt17401
1.0017015524480846,p1udt17401-p1udt9242x
1.0017021799781636,p1udt3790lv
1.0017045202331551,p1udt4311lv
1.0017116148406875,p1udt21080
1.0017175673392793,p1ulv46544
1.001725899996864,p1ulv2224
1.001731793638223,p1udt17151-p1udt20493xx
1.001737061887584,p1udt17816
1.0017411957644786,p1udm46897
1.0017413005847449,p1udt24997
1.0017428481785153,p1udt20493
1.0017493801596054,p1udt9181lv
1.0017520815369605,p1ulv34531
1.001753926769262,p1udt20493-p1udt23939x
1.0017550828515076,p1ulv39557
1.001756850511979,p1udm3342
1.001764150867027,p1udm16740
1.001765157520295,p1udt20340-p1udt9951x
1.0017651613251657,p1udt20340
1.0017651655370796,p1udt18568-p1udt20340xx
1.0017709426228592,p1udt305lv
1.0017720825135283,p1udt22435
1.001776925348058,p1udt8805lv
1.001784382893147,p1udm27347
1.0017866960713053,p1udm7642
1.001790089958645,p1udm27348
1.0018008963411207,p1ulv37665
1.0018014503331,p1ulv6668
1.0018020679111999,p1udt18358lv
1.0018029662348071,p1udt18568-p1udt20340x
1.0018029704461777,p1udt18568
1.0018029753295254,p1udt18568-p1udt295x
1.001804040799394,p1udt20493-p1udt23939xx
1.0018104293183216,p1udt15276lv
1.0018116826949846,p1udt24794
1.0018136142732093,p1udt24586
1.0018138923805735,p1udt24278
1.0018151184992095,p1udt23939
1.001817688043316,p1ulv18580
1.0018216483108437,p1udt16939lv
1.001826278925623,p1udt15000-p1udt23939xx
1.0018271715462124,p1ulv30665
1.001829220205156,p1ulv29414
1.001840664822371,p1udt12747lv
1.0018414578986576,p1udm15173
1.0018432002241127,p1udt22546
1.0018468199642194,p1udm30979
1.001850095411576,p1udm3340
1.0018533465695638,p1ulv55844
1.0018587623408264,p1udm27290
1.0018635147172152,p1udt22784lv
1.0018726707709502,p1udt18958lv
1.0018753042783786,p1udt2112lv
1.0018753422859668,p1udt12099
1.001887543173734,p1udm33244
1.0018961762283074,p1ulv59476
1.001900016111131,p1ulv48366
1.0019026373195228,p1udt9242
1.001907036203643,p1udt25104
1.0019077546300243,p1udt21218lv
1.0019104703545856,p1udm27296
1.0019108753534012,p1udt16044
1.0019176874750602,p1udt25282
1.0019207986417324,p1ulv46554
1.0019283961408338,p1udt24073
1.001929259817494,p1ulv10403
1.0019302503216456,p1ulv41432
1.0019315134198696,p1udt12701lv
1.0019331296199911,p1udt23838-p1udt4299x
1.0019515876156309,p1ulv25627
1.0019517889177711,p1udt1533lv
1.0019548110332834,p1udt15000-p1udt23939x
1.0019548303448405,p1ulv53387
1.0019593847101036,p1udt19525
1.0019599818161031,p1udt24268lv
1.0019626282993899,p1udt23838
1.0019649688556143,p1ulv21196
1.0019659691293297,p1udt15000
1.0019730485285439,p1udt4789lv
1.0019785546452753,p1udt3269lv
1.0019792386455018,p1udt11359-p1udt15000xx
1.001986779244041,p1udt11360lv
1.0019922072816005,p1udt11023-p1udt23838xx
1.0019933687861236,p1udt5825lv
1.0019942327636546,p1ulv47141
1.0020055155977503,p1udm23234
1.0020069849242956,p1ulv16656
1.0020102441732557,p1ulv60073
1.0020105181439911,p1udt6307lv
1.0020110131191258,p1ulv9762
1.0020246803725446,p1udt8815lv
1.0020255640841218,p1udt3811lv
1.0020265710690008,p1ulv4750
1.0020281772307988,p1ulv64499
1.0020332661444096,p1ulv52766
1.0020338850134811,p1udm23241
1.0020496318232217,p1ulv937
1.002052460724831,p1ulv57749
1.0020640915000185,p1udt18568-p1udt295xx
1.0020640963802148,p1udt295
1.0020641021886134,p1udt15000-p1udt295xxx
1.0020697949213053,p1udt3280lv
1.0020795884331282,p1udm11567
1.0020844785577336,p1udt8489
1.0020853379371923,p1udt17818lv
1.0021007462657177,p1ulv7919
1.0021205137934373,p1ulv4761
1.002120552972806,p1udt20940
1.0021314627515991,p1ulv13510
1.002147176465517,p1ulv52767
1.0021509055242117,p1udt24075lv
1.0021510837442864,p1ulv30137
1.0021536294276132,p1udm7676
1.002153689336045,p1udm28615
1.0021555199464012,p1ulv8534
1.0021572436242878,p1udt9589lv
1.0021784876933277,p1udm20214
1.0021793211309222,p1udt19135lv
1.0021809874302199,p1udm53838
1.0021838060542867,p1ulv65126
1.0021857257027675,p1udm33245
1.0021859658920707,p1udt1546lv
1.0021860977341723,p1udt12696lv
1.002186273945232,p1udt11359-p1udt15000x
1.0021995401221258,p1udt11359
1.0022105482132213,p1ulv2231
1.0022130565168483,p1udt11023-p1udt11359xx
1.0022195395208335,p1ulv51442
1.0022402197638454,p1ulv61406
1.002264511513975,p1ulv24991
1.0022671957330411,p1ulv23704
1.002267206604951,p1ulv49574
1.0022706166426292,p1ulv54031
1.0022717680267275,p1udm53474
1.002273835584571,p1ulv14148
1.0022778766043463,p1udt19326lv
1.0022779957293804,p1udt10310lv
1.0022887517254344,p1ulv12379
1.0022931698095663,p1udt7186lv
1.0022933090769746,p1udt12751
1.0022958286715733,p1udm21777
1.0022975141977364,p1ulv31935
1.002300245561798,p1ulv63841
1.0023011404074378,p1udm48725
1.0023024324914658,p1udt11023-p1udt23838x
1.0023042324796585,p1udt9194lv
1.0023046896439949,p1udm32391
1.0023066377260692,p1udm18537
1.0023184960877547,p1udt11023-p1udt11359x
1.0023213592966642,p1udm33239
1.0023308537906164,p1udt17606lv
1.0023320108359692,p1udt11023
1.0023420440594437,p1udm48724
1.002343445364895,p1ulv21809
1.0023480772540778,p1udm7687
1.0023505501616063,p1udm11615
1.002358528429442,p1udt11367lv
1.0023608223786535,p1udt398
1.0023707339125951,p1udm30966
1.0023750015176895,p1udt19708
1.0023756996325013,p1udt11023-p1udt15001x
1.002376888044584,p1udt15000-p1udt295xx
1.002376893849935,p1udt15000-p1udt295x
1.0023859469119345,p1udm18499
1.0023859858415047,p1ulv22414
1.002389367797943,p1udt19709
1.0023896973921795,p1ulv61314
1.0023951047826127,p1ulv12278
1.0023957367864869,p1ulv46541
1.0024055617642595,p1ulv11622
1.0024058956900332,p1udm36419
1.0024120019481124,p1udm32390
1.0024163891617683,p1ulv20532
1.002423196207526,p1udt15002lv
1.0024290249902494,p1udt16004lv
1.0024383466754196,p1udt10725lv
1.0024423937962785,p1udt12702lv
1.0024436151130252,p1ulv2864
1.0024532349281372,p1udt13992
1.0024543328587416,p1udt22785lv
1.0024561581300975,p1ulv49581
1.0024563593483766,p1ulv36442
1.0024750959403594,p1udt23732
1.0024776901744705,p1udt7188lv
1.0024783715774785,p1udm38293
1.0024787598797997,p1udm3343
1.0024823360176125,p1udt22187
1.002484763956867,p1udt4780lv
1.0024896068536457,p1ulv9153
1.0024938476360068,p1ulv33885
1.0024953148304714,p1udt22187-p1udt398x
1.002500148457146,p1udt9943lv
1.0025053185141801,p1ulv3523
1.0025135105259957,p1ulv13517
1.0025190457584436,p1udt14504lv
1.0025246399087995,p1ulv26239
1.0025301214891262,p1udt11020
1.0025301220181666,p1udt11020-p1udt5298x
1.0025333628104123,p1ulv24367
1.0025536708283271,p1udt11020-p1udt5298xx
1.0025536713544865,p1udt5298
1.0025536729161377,p1udt2680-p1udt5298xx
1.0025633646981214,p1udt9654lv
1.0025723346255708,p1udt17578lv
1.0025737828933805,p1ulv10404
1.0025780605598347,p1ulv26903
1.0025812461676287,p1udm28614
1.002586133356824,p1udt13030lv
1.0025958273199884,p1ulv41430
1.002596763148847,p1ulv28822
1.0025970044929604,p1udt14741lv
1.0026100811900367,p1udt5891
1.0026221798096437,p1ulv60686
1.0026236901911487,p1ulv38282
1.0026267414393324,p1udt21620
1.0026301665939368,p1udt16525
1.0026333435599524,p1ulv16660
1.0026339798178725,p1ulv63225
1.0026370409020346,p1ulv49577
1.0026376732405833,p1udt2680-p1udt5298x
1.002637674798788,p1udt2680
1.0026376770494834,p1udt12038-p1udt2680xx
1.0026399299551159,p1udt14497
1.0026571019277188,p1ulv18582
1.0026573572188093,p1udm7685
1.0026606366770365,p1ulv3522
1.0026613699471838,p1ulv31290
1.0026660077957688,p1udm55304
1.0026673715764947,p1ulv11011
1.0026715343724573,p1udm3341
1.0026742371491046,p1ulv9781
1.0026843772963931,p1ulv46555
1.0026875636632715,p1udt17980lv
1.0026879949278125,p1ulv38949
1.0026919415111333,p1ulv24375
1.0026940719249828,p1ulv61312
1.0026941864291925,p1ulv1615
1.002695895186022,p1ulv934
1.002697146294878,p1udt6738lv
1.0026982565485147,p1udt12038-p1udt2680x
1.0026982587975029,p1udt12038
1.0026982614943585,p1udt11017-p1udt12038xx
1.0027040710621207,p1udt14497-p1udt8800x
1.002708906198185,p1ulv26242
1.0027158291832943,p1udm39312
1.0027186162372406,p1udm26087
1.0027200154421405,p1udm3346
1.0027230582168227,p1udt20668
1.0027230585015194,p1udt20668-p1udt21928x
1.002723648611132,p1ulv53374
1.0027291252821269,p1ulv10405
1.0027349215419012,p1udt20668-p1udt21928xx
1.0027349218238926,p1udt21928
1.0027349223971556,p1udt21928-p1udt6805x
1.0027542719951958,p1udt306lv
1.002757180300209,p1udt21928-p1udt6805xx
1.0027571808709597,p1udt6805
1.0027571824251587,p1udt2206-p1udt6805xx
1.0027800121876052,p1ulv62613
1.0027801712225044,p1ulv2223
1.002788274833573,p1udt19685lv
1.0027943491383944,p1udt14230lv
1.0027963157994897,p1udt2206-p1udt6805x
1.002796317352074,p1udt2206
1.0027963192103246,p1udt21512-p1udt2206xx
1.0028061347655712,p1udt22035lv
1.0028140930020646,p1udm27291
1.0028148693484287,p1ulv32571
1.0028187730066727,p1ulv36461
1.0028192480352036,p1udt11017-p1udt12038x
1.002819250729237,p1udt11017
1.0028192542022871,p1udt11017-p1udt12694x
1.0028268632615376,p1udm39309
1.0028298306445214,p1ulv52101
1.0028317681227605,p1udm7699
1.0028475707618414,p1ulv46556
1.0028520315752312,p1udt21512-p1udt2206x
1.002852033431566,p1udt21512
1.0028520355176687,p1udt21512-p1udt4794x
1.002854754876887,p1udm47594
1.002863340126563,p1udm41974
1.0028676790933115,p1udt21512-p1udt4794xx
1.0028676811789357,p1udt4794
1.0028676838357007,p1udt4794-p1udt9955x
1.0028677751152157,p1udt8024lv
1.0028703873443696,p1ulv5355
1.0028707074653416,p1ulv47134
1.0028708805157418,p1ulv56471
1.0028716202358305,p1ulv31286
1.0028812569019758,p1udt5818lv
1.0028971693458333,p1udt21221lv
1.0029013119365318,p1udm53839
1.0029078967171479,p1udt22527
1.0029121087877364,p1ulv50180
1.0029145355402627,p1udt24266
1.0029169690975968,p1ulv39561
1.0029179411772966,p1udt24584lv
1.0029194680948852,p1udm57435
1.0029233607415935,p1udt24577lv
1.002930357126533,p1udt1541
1.002930357839069,p1udt1541-p1udt1542x
1.002933118524315,p1udt24267lv
1.0029339423169583,p1udt1549lv
1.0029373165542201,p1udt11362
1.0029439534715967,p1udt11017-p1udt12694xx
1.002943956942429,p1udt12694
1.0029439605942245,p1udt12694-p1udt24891x
1.0029445170926847,p1ulv15990
1.0029455432762298,p1udt1541-p1udt1542xx
1.0029455439873887,p1udt1542
1.0029455449868347,p1udt1542-p1udt2689x
1.0029456103919694,p1udm48200
1.0029608860455586,p1udt7179lv
1.002963827967339,p1ulv34533
1.0029726521553353,p1ulv19238
1.0029735726139384,p1ulv43335
1.002974085131849,p1udt4794-p1udt9955xx
1.0029740877860862,p1udt9955
1.002974090847557,p1udt13367-p1udt9955xx
1.0029844867811997,p1ulv18578
1.0029883693943864,p1ulv40193
1.0029896760682364,p1udt24588
1.0029896763331287,p1udt19862-p1udt24588xxx
1.0029897038804902,p1ulv58861
1.0030040484096256,p1udt1542-p1udt2689xx
1.0030040494052943,p1udt2689
1.0030040515875618,p1udt17781-p1udt2689xx
1.0030043716397663,p1udt21766lv
1.0030095262327297,p1udt12694-p1udt24891xx
1.003009529883421,p1udt24891
1.0030095337072233,p1udt22781-p1udt24891xxx
1.0030102309404165,p1udt19862-p1udt24588xx
1.0030102312002378,p1udt19862-p1udt24588x
1.0030196855126317,p1ulv12276
1.0030222546728997,p1udt23479
1.0030235871706568,p1udt13367-p1udt9955x
1.0030235902311129,p1udt13367
1.0030235936077188,p1udt13367-p1udt323x
1.0030242675929018,p1ulv12286
1.0030282345891648,p1udt12374lv
1.0030545389837675,p1ulv24990
1.0030581945504324,p1ulv28802
1.0030599004430227,p1ulv24978
1.0030670089017955,p1udt6736lv
1.0030676231827704,p1ulv2238
1.0030679308079442,p1udt17781-p1udt2689x
1.0030679329883523,p1udt17781
1.0030679355171808,p1udt12379-p1udt17781xx
1.0030747996913263,p1ulv52758
1.0030934240752132,p1udt911
1.003097744278608,p1udt23372
1.0031001739059218,p1udm47591
1.0031040238475095,p1udt21910
1.003104024000882,p1udt13951-p1udt21910xx
1.0031081756094107,p1ulv6029
1.0031093983193964,p1udt13951-p1udt21910x
1.0031093984704857,p1udt13951
1.0031093987547706,p1udt13951-p1udt3794x
1.0031104127445845,p1udm21776
1.0031108317142152,p1ulv46547
1.003112958176223,p1ulv37664
1.0031133192324584,p1udt3266
1.0031133200575058,p1udt3266-p1udt8015x
1.003115882282089,p1udt18174
1.003115882570225,p1udt18174-p1udt323x
1.0031161467641572,p1udt13367-p1udt323xx
1.003116149850981,p1udt18174-p1udt323xx
1.0031161501390555,p1udt323
1.0031161545470564,p1udt2708-p1udt323xxx
1.0031204251752446,p1udt24781
1.0031274380922535,p1udt13951-p1udt3794xx
1.003127438372407,p1udt3794
1.003127439467341,p1udt285-p1udt3794xx
1.003130662553245,p1udt21067
1.0031325949572318,p1ulv9154
1.003132990688888,p1udt16494
1.003141411568866,p1udm60083
1.0031426450547052,p1udt24987
1.0031497982268938,p1udt17160lv
1.0031541397693853,p1udm27295
1.0031558401365763,p1ulv34530
1.0031569682142676,p1udt285-p1udt3794x
1.0031569693074638,p1udt285
1.0031569714400097,p1udt285-p1udt8406x
1.003158736710205,p1udt3266-p1udt8015xx
1.0031587375316946,p1udt8015
1.0031587393163826,p1udt15760-p1udt8015xx
1.0031664573495775,p1udt22781-p1udt24891xx
1.0031664611708706,p1udt22781-p1udt24891x
1.0031713495951378,p1udt24054lv
1.0031847807354075,p1ulv18583
1.0031924733359365,p1udt23476
1.0031924736536844,p1udt16484-p1udt23476xxx
1.0031925271466706,p1udt3270lv
1.0031953624870835,p1udt285-p1udt8406xx
1.0031953646184832,p1udt8406
1.0031953670608764,p1udt3292-p1udt8406xx
1.0032009147975693,p1ulv51438
1.0032059267991942,p1udm46900
1.0032070590146627,p1udt18754lv
1.0032119504412056,p1udt16484-p1udt23476xx
1.0032119507549666,p1udt16484-p1udt23476x
1.0032121890669694,p1udm18533
1.0032125245885646,p1udt12379-p1udt17781x
1.0032125271137855,p1udt12379
1.003212530407898,p1udt12379-p1udt1543x
1.00322433709101,p1udt15760-p1udt8015x
1.0032243388733466,p1udt15760
1.0032243412510433,p1udt11364-p1udt15760xx
1.0032330908326093,p1udt11691lv
1.0032351848471568,p1ulv47735
1.0032393186738282,p1udt3292-p1udt8406x
1.0032393211150812,p1udt3292
1.0032393240417918,p1udt12380-p1udt3292xx
1.0032454263692536,p1udt2119lv
1.0032529070312708,p1ulv2219
1.0032550293833054,p1ulv15997
1.0032588371678561,p1udt15535lv
1.0032608998865433,p1ulv20531
1.0032637912205618,p1udt23486
1.0032639533774113,p1udt11042
1.0032730790453697,p1udm16755
1.0032734893813968,p1ulv38946
1.0032747808920859,p1ulv62608
1.0032820579717923,p1udt15523lv
1.0032867190018497,p1ulv29416
1.003288302223543,p1udt22531lv
1.0032982815842728,p1ulv43341
1.003299913831269,p1ulv4122
1.0033032614742308,p1udt11042-p1udt13040x
1.0033101285537709,p1ulv23701
1.0033141528899707,p1udt17814
1.0033165846184675,p1udt23497
1.003318327009422,p1udt12380-p1udt3292x
1.003318329934439,p1udt12380
1.00331833337661,p1udt12380-p1udt1548x
1.0033189467354884,p1udt18780
1.0033196970665275,p1ulv59481
1.0033212128858313,p1udt24690lv
1.0033231676186196,p1udt12379-p1udt1543xx
1.0033231709106465,p1udt1543
1.0033231747218334,p1udt1543-p1udt303x
1.003324451500573,p1ulv23069
1.0033285985377454,p1udt2708-p1udt323xx
1.0033286029428248,p1udt2708-p1udt323x
1.0033315272202676,p1udt24904
1.00333360784506,p1ulv14759
1.0033353933173208,p1ulv24984
1.003339681572105,p1ulv20536
1.0033406621128806,p1ulv36454
1.003341693991383,p1udt19526
1.0033506776625778,p1ulv55248
1.0033533483636328,p1udt16943lv
1.0033553781970688,p1udt11364-p1udt15760x
1.0033553805712743,p1udt11364
1.0033553839021803,p1udt11364-p1udt4310x
1.0033557576282461,p1udt11742
1.0033581315090632,p1ulv43336
1.003363652242803,p1udm18560
1.00336827086786,p1udt8855
1.0033705245278657,p1udt21235
1.0033780017114269,p1udt2788
1.003379073430394,p1udm13393
1.0033862361510557,p1udt14228lv
1.0033927179230546,p1udm24646
1.0033929830578865,p1ulv55850
1.003401057197341,p1ulv56470
1.0034116449921102,p1ulv19354
1.0034177336497665,p1udt13090
1.0034201435114896,p1udm49279
1.0034203594239006,p1udm53840
1.0034247021032463,p1udt5309lv
1.0034387803515297,p1udt18357
1.0034387805481484,p1udt18357-p1udt8415x
1.003442234418202,p1udt12380-p1udt1548xx
1.0034422378581416,p1udt1548
1.003442242246094,p1udt1548-p1udt923x
1.0034422924421351,p1ulv14747
1.0034423041444889,p1udt24478
1.0034451814950562,p1udt18781
1.0034463485176464,p1udt16937
1.0034463488317193,p1udt16937-p1udt8415x
1.0034466402544187,p1udt16937-p1udt8415xx
1.003446640374418,p1udt18357-p1udt8415xx
1.0034466405684304,p1udt8415
1.00344664152178,p1udt3286-p1udt8415xx
1.0034475018281364,p1udt2104lv
1.0034579014134906,p1udm44262
1.003467073096243,p1udm7674
1.0034729616607878,p1ulv14745
1.0034778049737287,p1udt11364-p1udt4310xx
1.0034778083023554,p1udt4310
1.0034778120249699,p1udt17383-p1udt4310xx
1.0034830186718953,p1udm3338
1.0034919731207352,p1udt18952lv
1.0034941880879844,p1ulv21817
1.0034985491174937,p1udt3286-p1udt8415x
1.003498550067327,p1udt3286
1.0034985519499862,p1udt22289-p1udt3286xx
1.003510141778905,p1udt11398
1.0035115723899777,p1udt8418lv
1.003517473869611,p1udt15759lv
1.003521252899359,p1udt1548-p1udt923xx
1.0035212572862249,p1udt923
1.003521262035778,p1udt7180-p1udt923xx
1.003530184367088,p1udt15534
1.0035306685541856,p1udt22915lv
1.0035417825743937,p1udt7182
1.0035422306438302,p1udt4857
1.0035535515322194,p1ulv33895
1.003559341331988,p1ulv59485
1.0035669781219514,p1udt22289-p1udt3286x
1.003566980002288,p1udt22289
1.0035669819909814,p1udt22289-p1udt303x
1.0035751114875948,p1ulv28795
1.0035776571616104,p1udt921lv
1.0035804556176835,p1udt17383-p1udt4310x
1.0035804593386048,p1udt17383
1.003580463701721,p1udt17383-p1udt21622x
1.0035813866093117,p1udt5316
1.0035833195216697,p1udt24782
1.003586165668823,p1udt20936
1.0035906316672139,p1udt19504lv
1.0035981596477916,p1ulv29423
1.003600347760775,p1udt24989lv
1.0036015325164733,p1udt7181-p1udt7182x
1.0036016287281981,p1udt18953-p1udt20936x
1.0036062383450324,p1ulv4130
1.0036105108147382,p1udt24791
1.003610592966177,p1udm13388
1.0036123354431385,p1ulv14151
1.0036175149369926,p1udt1543-p1udt303xx
1.0036175167563808,p1udt22289-p1udt303xx
1.0036175187434528,p1udt303
1.0036175250667756,p1udt303-p1udt917x
1.003620687844105,p1udt20792-p1udt24782x
1.003624557855402,p1ulv17945
1.003633275147115,p1ulv42060
1.0036613085466568,p1udt21912lv
1.0036670515318151,p1udt14742
1.0036670520946325,p1udt14742-p1udt1559x
1.0036753897363886,p1udt17813
1.0036816632039554,p1udt14742-p1udt1559xx
1.0036816637650923,p1udt1559
1.0036816649584177,p1udt1559-p1udt2694x
1.0036878856014608,p1udt7257
1.0036902511632664,p1udt17815
1.0036914610301957,p1udt6303
1.0036914615870445,p1udt11032-p1udt6303xx
1.0036949456546742,p1udt7180-p1udt923x
1.0036949504020503,p1udt7180
1.0036949554460788,p1udt306-p1udt7180xxx
1.003697529799422,p1ulv58854
1.003704454138124,p1udm15164
1.0037067310242898,p1udt11032-p1udt6303x
1.0037067315793617,p1udt11032
1.0037067325609266,p1udt11032-p1udt922x
1.0037100768762646,p1ulv62694
1.003712145337114,p1ulv37670
1.0037208521559338,p1udt10366
1.003727182214142,p1udt13955
1.003727182701256,p1udt13955-p1udt2694x
1.00372719090656,p1udt18191
1.0037321021255434,p1udt10727
1.0037408721778291,p1udt17383-p1udt21622xx
1.0037408765387317,p1udt21622
1.0037408815954958,p1udt2125-p1udt21622xx
1.0037411951922537,p1udt13352
1.003743498641819,p1udm42796
1.003743811198752,p1udm29797
1.003749468182072,p1udt13352-p1udt16932x
1.003749692727757,p1udt399
1.003750066199815,p1udt18354lv
1.0037515961006043,p1udt11032-p1udt922xx
1.0037515970792172,p1udt922
1.0037515985398144,p1udt23482-p1udt922xx
1.0037630648607205,p1udt11023-p1udt15001xx
1.00376502858616,p1udt1559-p1udt2694xx
1.0037650292929154,p1udt13955-p1udt2694xx
1.0037650297749814,p1udt2694
1.0037650325019296,p1udt2694-p1udt3300x
1.0037688657836288,p1udt15529lv
1.0037783560874518,p1udt23482-p1udt922x
1.0037783575468713,p1udt23482
1.0037783594057963,p1udt10311-p1udt23482xx
1.0037906079100454,p1udt24905lv
1.0037945555703471,p1udm49280
1.0037987506504733,p1udm24622
1.0038067579645744,p1udt15001
1.0038159304615546,p1udm1053
1.003816299892147,p1udt23837lv
1.0038224283111687,p1udm26086
1.0038229727301315,p1ulv38276
1.0038244893357609,p1udt19142
1.0038247215050817,p1ulv63227
1.0038261857980904,p1ulv18584
1.0038276528830472,p1udt13958
1.0038293254819595,p1udt2693lv
1.0038430851279498,p1udt22787
1.003843131339654,p1ulv4134
1.0038533308618918,p1udt16496
1.0038630158893043,p1udt2694-p1udt3300xx
1.0038630186139894,p1udt3300
1.0038630222846439,p1udt3300-p1udt9193x
1.0038634262470116,p1udt10311-p1udt23482x
1.0038634281030128,p1udt10311
1.0038634307017245,p1udt10311-p1udt22914x
1.0038663483482877,p1udt5333
1.0038741548810175,p1ulv40816
1.0038769347149776,p1udt9189
1.0038905526609998,p1ulv12879
1.0038931535308484,p1ulv31289
1.003894380138065,p1udt3791
1.0038943808663412,p1udt17977-p1udt3791xxx
1.0038985008969519,p1udt306-p1udt7180xx
1.0038985059386034,p1udt306-p1udt7180x
1.0039028244038428,p1udm15170
1.003908127558521,p1udm53470
1.0039115021549478,p1udt5300lv
1.003926654856428,p1udt17977-p1udt3791xx
1.003926655581837,p1udt17977-p1udt3791x
1.003927653798742,p1udm7644
1.0039359864020714,p1udt16003
1.0039404951995623,p1udt11690-p1udt16003xx
1.0039423604258229,p1ulv15998
1.0039478083565685,p1ulv4748
1.0039489468632046,p1ulv55249
1.0039497827373287,p1udm47601
1.0039524805837554,p1udt17787
1.0039524815490062,p1udt17787-p1udt20793x
1.003953938999697,p1udm11608
1.003954463386534,p1udt23261
1.0039544635653033,p1udt23261-p1udt6743x
1.0039586027160976,p1udt10311-p1udt22914xx
1.0039586053124985,p1udt22914
1.0039586082458716,p1udt19683-p1udt22914xx
1.0039590973846197,p1udt23261-p1udt6743xx
1.003959097561703,p1udt6743
1.0039590980963156,p1udt2125-p1udt6743xx
1.003963452727839,p1udt11690-p1udt16003x
1.0039679605229657,p1udt11690
1.0039689648852501,p1udt20791lv
1.0039696893507832,p1udt20182lv
1.003972668198598,p1udt11690-p1udt14499x
1.0039732731771929,p1udt2125-p1udt21622x
1.0039732776983599,p1udt2125-p1udt6743x
1.0039732782312547,p1udt2125
1.0039732844052092,p1udt2125-p1udt22290x
1.0039775039461554,p1udt22651
1.0039858567088338,p1ulv8525
1.0039871730288024,p1ulv24373
1.0039873565410744,p1udt17787-p1udt20793xx
1.0039873575039913,p1udt20793
1.0039873585922163,p1udt18958-p1udt20793xx
1.0039925412939235,p1udt18167
1.0039940749215717,p1udt18953
1.0039949478819867,p1udt3300-p1udt9193xx
1.0039949515504294,p1udt9193
1.0039949558791474,p1udt13036-p1udt9193xx
1.0039974699599956,p1udt16008
1.0039993810883405,p1udt8420
1.0040070356014996,p1udt18958-p1udt20793x
1.0040070366885585,p1udt18958
1.0040070378583847,p1udt18958-p1udt9605x
1.0040102652623968,p1udt9591
1.0040154135371029,p1udt11700
1.0040154139040514,p1udt11700-p1udt12377x
1.0040175172026151,p1udt21236
1.0040175587615185,p1udt17402
1.0040236055911498,p1udt15527
1.0040264647786066,p1udm32170
1.0040278382414665,p1udm7646
1.0040279510030448,p1udt4311
1.0040279558248362,p1udt11700-p1udt12377xx
1.004027956189568,p1udt12377
1.0040279576246234,p1udt12377-p1udt12378x
1.004028186322134,p1udt18958-p1udt9605xx
1.0040281874907948,p1udt9605
1.004028189094742,p1udt25188-p1udt9605xx
1.0040304533821967,p1udt25272
1.004030500391186,p1udt7181
1.0040313082665262,p1ulv2232
1.0040326011939957,p1udt20792
1.0040329010304287,p1udt3293
1.0040357574661423,p1udt10699
1.0040358040638717,p1udt5315
1.0040375455564288,p1udt22651-p1udt23488x
1.0040465107292693,p1udt8809
1.0040465828789222,p1udt19857
1.0040502822692785,p1udt13031lv
1.0040515878464953,p1ulv24985
1.004052129248794,p1udm28624
1.004052535101225,p1udt12377-p1udt12378xx
1.0040525365351791,p1udt12378
1.0040525383277707,p1udt12378-p1udt917x
1.0040550036295262,p1udt10698
1.0040571992092593,p1udt25188-p1udt9605x
1.0040572008120459,p1udt25188
1.0040572027198695,p1udt19688-p1udt25188xx
1.0040627377359463,p1ulv14751
1.0040660832566266,p1udt19683-p1udt22914x
1.0040660861877038,p1udt19683
1.004066090160012,p1udt19683-p1udt3297x
1.0040695607074381,p1udm27322
1.004070361028108,p1udt11690-p1udt14499xx
1.0040744469423408,p1udt19688-p1udt25188x
1.0040744488495865,p1udt19688
1.0040744510658892,p1udt19688-p1udt2715x
1.0040747727392985,p1udm51297
1.0040750645360887,p1udt14499
1.0040820048436754,p1udt14510
1.004082388457577,p1udt14499-p1udt15266x
1.0040859083686215,p1ulv4755
1.0040911252146798,p1udt22547
1.0040931551152896,p1ulv10399
1.0040962711852404,p1udm11607
1.0040963187928362,p1udt19503lv
1.0040963522034347,p1udt21219
1.0040977467172747,p1udt23022
1.0040991786936004,p1udt5308lv
1.0041133460199632,p1udm1054
1.0041145401954292,p1udt19688-p1udt2715xx
1.0041145424105806,p1udt2715
1.004114544727148,p1udt17788-p1udt2715xx
1.0041193388980676,p1udt21911lv
1.0041197422202819,p1ulv42653
1.0041264945684933,p1udt16255
1.0041325000054226,p1udt15527-p1udt16255x
1.0041360236880965,p1ulv7926
1.00414549323883,p1ulv32567
1.0041469542089765,p1udt18560
1.0041469546286301,p1udt18560-p1udt8808x
1.0041505242378617,p1udt13036-p1udt9193x
1.0041505285644121,p1udt13036
1.0041505334020722,p1udt13036-p1udt17157x
1.004152003258407,p1udt17981lv
1.0041520343231007,p1udt4319lv
1.004156530798911,p1udt17788-p1udt2715x
1.0041565331143267,p1udt17788
1.0041565358273588,p1udt17788-p1udt20942x
1.0041588062663658,p1udt14499-p1udt15266xx
1.0041600779430266,p1udt24166
1.004163710895659,p1udt22798
1.00416482343199,p1ulv4133
1.0041653729771196,p1udt18560-p1udt8808xx
1.0041653733939253,p1udt8808
1.0041653740620409,p1udt8808-p1udt924x
1.0041661279860676,p1udt15266
1.004170363772685,p1udt5314
1.0041704246739052,p1udt9190lv
1.0041737024969128,p1udt15266-p1udt8801x
1.0041744019268877,p1ulv23703
1.0041763473852623,p1udt14510-p1udt5314x
1.0041835619780461,p1udt8808-p1udt924xx
1.0041835626443998,p1udt924
1.0041835636075362,p1udt19325-p1udt924xxx
1.0041957641357677,p1udm23227
1.004197524212631,p1udt13656
1.00420148229873,p1ulv26236
1.0042039955950028,p1udt6804
1.0042108355286126,p1ulv24377
1.004212526817522,p1ulv4127
1.0042237973519736,p1udt2125-p1udt22290xx
1.0042238035236564,p1udt22290
1.0042238098494696,p1udt21767-p1udt22290xx
1.0042304724222262,p1udt17788-p1udt20942xx
1.0042304751335398,p1udt20942
1.0042304780022784,p1udt20942-p1udt2140x
1.0042329211111507,p1ulv47746
1.0042357207002794,p1udt18166lv
1.004236112476068,p1udt19325-p1udt924xx
1.0042361134356788,p1udt19325-p1udt924x
1.0042405616982304,p1ulv37663
1.0042408494880086,p1udm53473
1.0042426473372572,p1udt303-p1udt917xx
1.0042426518693295,p1udt12378-p1udt917xx
1.0042426536551288,p1udt917
1.0042426623209946,p1udt5312-p1udt917xx
1.004247217599446,p1ulv49582
1.0042479475763226,p1udt19683-p1udt3297xx
1.0042479515458524,p1udt3297
1.0042479562534612,p1udt20022-p1udt3297xx
1.0042482523769771,p1udm60599
1.004250059172898,p1udm54939
1.0042512030885866,p1udt22798-p1udt6804x
1.0042527986540246,p1udt15266-p1udt8801xx
1.0042556051792468,p1ulv56465
1.0042576055901684,p1udt12700lv
1.0042603709234943,p1udt8801
1.0042681514224585,p1udt3268-p1udt8801xx
1.0042765986259943,p1udt24362lv
1.0042846644169534,p1udt15526
1.0042851074973536,p1udt15526-p1udt9591x
1.004312175868308,p1udm21779
1.0043143648308348,p1ulv6027
1.004315289570302,p1udt11027lv
1.0043154041243427,p1udt2121lv
1.0043172511024117,p1udm3337
1.0043199596733428,p1udt2106lv
1.004324399249779,p1udt13036-p1udt17157xx
1.0043244040853108,p1udt17157
1.0043244100094915,p1udt17157-p1udt20024x
1.004326543179504,p1udt3268-p1udt8801x
1.0043291956228273,p1udt9654
1.0043324505325644,p1udt19712-p1udt9654x
1.004334322052906,p1udt3268
1.0043385983222333,p1udt9198
1.0043385994129481,p1udt8034-p1udt9198xx
1.0043405427475318,p1udt21767-p1udt22290x
1.0043405490723187,p1udt21767
1.0043405557556255,p1udt20022-p1udt21767xx
1.004340942337115,p1ulv33252
1.0043423859395462,p1udt14498-p1udt3268xx
1.0043432956645493,p1udm15171
1.0043438217593197,p1udm36441
1.0043560321449876,p1ulv45245
1.004359634786515,p1udt919lv
1.0043601033383343,p1udt23145
1.0043601037803953,p1udt1575-p1udt23145xx
1.004361527146615,p1ulv50839
1.0043632755679242,p1ulv12882
1.0043753839901977,p1udt24792
1.0043773428226903,p1udt8034-p1udt9198x
1.004377343911113,p1udt8034
1.0043773454886946,p1udt3311-p1udt8034xx
1.0043787621628062,p1udt1575-p1udt23145x
1.0043787626021226,p1udt1575
1.0043787636082926,p1udt1575-p1udt5329x
1.0043809759360767,p1udm29794
1.0043829164637188,p1ulv41436
1.0043865639143923,p1udm11611
1.0043877514792279,p1udt1575-p1udt5329xx
1.0043877524848202,p1udt5329
1.0043877539051165,p1udt2140-p1udt5329xx
1.0043895705198205,p1udt20954
1.0043919623724227,p1udt12044lv
1.0043930658183613,p1udm18558
1.0043967161966758,p1udt20954-p1udt22667x
1.0044026056698374,p1udt19712
1.0044026094430782,p1udt12751-p1udt19712x
1.0044043837537335,p1udt8010lv
1.0044076746477382,p1udm16751
1.0044134780618532,p1udt12100
1.0044136642488335,p1udt3311-p1udt8034x
1.0044136658249365,p1udt3311
1.0044136679724043,p1udt2147-p1udt3311xxx
1.0044198855961626,p1ulv7920
1.0044307368311658,p1udt22667
1.0044326304007523,p1udt14498-p1udt3268x
1.0044390059418198,p1udt13950lv
1.0044406918204334,p1udt14498
1.0044410519750089,p1udt24075
1.0044417901284566,p1udt20518
1.0044462870073154,p1udt24906
1.0044487289322197,p1udt8009lv
1.0044489549899855,p1udt11018-p1udt14498xx
1.0044540070287349,p1udm39311
1.004455576606098,p1ulv33887
1.004463801027745,p1udt20022-p1udt21767x
1.004463803005149,p1udt20022-p1udt3297x
1.0044638077100465,p1udt20022
1.0044638194677138,p1udt20022-p1udt307x
1.0044639560537145,p1udt20942-p1udt2140xx
1.0044639575004917,p1udt2140-p1udt5329x
1.004463958917338,p1udt2140
1.0044639636930417,p1udt20499-p1udt2140xx
1.0044718228249843,p1udt13994
1.0044836603806484,p1udm47593
1.0044909820607093,p1udt17818
1.0044939810874143,p1ulv63232
1.0045008919307956,p1udt17977lv
1.0045065107545854,p1ulv23696
1.0045081434702576,p1udt14743lv
1.0045087943133897,p1udm7670
1.0045226507288876,p1udt11699
1.0045226516581809,p1udt11699-p1udt18755x
1.004534090637838,p1udm56908
1.0045370051156561,p1ulv32578
1.0045385971469107,p1udt11699-p1udt18755xx
1.004538598075095,p1udt18755
1.0045385993477722,p1udt18755-p1udt5312x
1.0045455726759693,p1udt11018-p1udt14498x
1.0045522099976938,p1udm7672
1.004552550738316,p1udt2147-p1udt3311xx
1.0045525528816608,p1udt2147-p1udt3311x
1.0045538332428798,p1udt11018
1.0045559522183225,p1udt15557
1.004562287000986,p1udt11018-p1udt16484x
1.004565548967479,p1udm3339
1.0045739512992518,p1udt20203
1.004576520985287,p1udt1644
1.0045865711517359,p1ulv48354
1.004592592702649,p1ulv45247
1.0045930787151331,p1udt21913lv
1.0045931973953253,p1udt20499-p1udt2140x
1.0045932021694308,p1udt20499
1.0045932074964945,p1udt12712-p1udt20499xxx
1.0045960871836719,p1ulv47142
1.0046155315816945,p1umv42
1.0046211899219655,p1udt2110lv
1.0046265282107243,p1udt5312-p1udt917x
1.004626535606303,p1udt18755-p1udt5312xx
1.0046265368745255,p1udt5312
1.0046265471798501,p1udt13654-p1udt5312xx
1.0046385338604888,p1udt24269lv
1.004641124389364,p1udt17157-p1udt20024xx
1.0046411303105387,p1udt17157-p1udt20024xxx
1.0046411614294908,p1ulv14757
1.004652189758347,p1ulv15363
1.004667067288271,p1udm36425
1.0046852019577346,p1udt11018-p1udt16484xx
1.0046919538662784,p1ulv24376
1.004693652452018,p1udt16484
1.0047023494125622,p1udt16484-p1udt18944x
1.004713179340654,p1ulv55859
1.0047270496833378,p1udm18555
1.0047452536643207,p1udt16484-p1udt18944xx
1.0047465032624365,p1ulv24981
1.0047539495218394,p1udt18944
1.0047628241317623,p1udt18944-p1udt901x
1.0047632685428058,p1ulv19888
1.004768264159452,p1udt18168lv
1.0047748414024267,p1ulv45246
1.004775324120546,p1udm24619
1.0047829733328228,p1udt16007lv
1.0047848034395621,p1udt3795lv
1.0047961840630169,p1udt22174
1.004796308396661,p1udt8438
1.0047980703314052,p1udm36436
1.004802902411914,p1udt20345
1.0048085541165848,p1udm41981
1.0048152244965554,p1udt16943
1.004831111965613,p1ulv50840
1.0048316938415842,p1udt7203
1.004832202466023,p1ulv12285
1.0048337961863276,p1udm33247
1.0048538149750041,p1ulv2222
1.0048552846023069,p1udt18944-p1udt901xx
1.0048641568510916,p1udt901
1.0048727727979267,p1udt15277lv
1.0048732001902654,p1udt3267-p1udt901xx
1.0048770497079955,p1udt22169lv
1.0048776193185276,p1udm15165
1.0048871168555353,p1udm56907
1.004897514577481,p1udt13654-p1udt5312x
1.0048975248817744,p1udt13654
1.0048975354046792,p1udt13654-p1udt302x
1.0049013209041324,p1udm38333
1.0049014830040102,p1udm26088
1.0049075284595834,p1ulv38286
1.004917618497182,p1udt12712-p1udt20499xx
1.0049176238207318,p1udt12712-p1udt20499x
1.004930114462025,p1udt2109lv
1.0049437602111975,p1ulv12302
1.0049449498777596,p1udm15163
1.0049518541684486,p1udt14512lv
1.0049583090803165,p1udt21211
1.0049585286617468,p1udt21211-p1udt8800x
1.0049585861513564,p1udt21211-p1udt8800xx
1.004958805664445,p1udt8800
1.0049593790674785,p1udt8800-p1udt9181x
1.004960070967107,p1ulv9787
1.0049631899058145,p1udt8800-p1udt9181xx
1.0049637615791733,p1udt9181
1.004964591702828,p1udt14219-p1udt9181xx
1.004969086944083,p1ulv60692
1.0049703259634404,p1udt14219-p1udt9181x
1.0049711542972288,p1udt14219
1.0049716519791567,p1ulv43338
1.0049721227536768,p1udt14219-p1udt3267x
1.0049752296656516,p1udt12701
1.0049752299451198,p1udt12701-p1udt2114x
1.0049803301422344,p1udt12701-p1udt2114xx
1.0049803304205176,p1udt2114
1.0049803309885539,p1udt2114-p1udt5816x
1.0049805159072867,p1udt3267-p1udt901x
1.0049865687877597,p1udt16491lv
1.0049885924984892,p1udt14219-p1udt3267xx
1.0049895565456526,p1udt3267
1.0049998139924625,p1udt306-p1udt3267xx
1.0050006890923877,p1udt2114-p1udt5816xx
1.0050006896581007,p1udt2114-p1udt5816xxx
1.0050049284480767,p1udt20022-p1udt307xx
1.005004940204296,p1udt307
1.005004952443406,p1udt10312-p1udt307xxx
1.0050128988725178,p1ulv60691
1.0050280835479244,p1ulv4147
1.0050308200002236,p1udm1055
1.0050433076991205,p1udt7611
1.005043308261415,p1udt5814-p1udt7611xx
1.0050445225637685,p1udt908
1.005044667147343,p1udm13382
1.0050470425910074,p1udm13361
1.0050481041785635,p1udt5814-p1udt7611x
1.005048104740305,p1udt5814
1.0050481061724994,p1udt22531-p1udt5814xx
1.0050519572695849,p1udt2111lv
1.0050612831784451,p1udm26085
1.0050668449757052,p1udm7698
1.0050683980641915,p1udm7697
1.005069705037547,p1ulv60689
1.005069765902012,p1udt9588lv
1.0050768495680513,p1udt3284lv
1.0050778881829419,p1udm27320
1.005081823804025,p1udt16490
1.0050818240425659,p1udt16490-p1udt6731x
1.005090557351727,p1udt16490-p1udt6731xx
1.005090557587884,p1udt6731
1.005090558766688,p1udt301-p1udt6731xx
1.005094756129,p1ulv48370
1.0050968011941404,p1udm16753
1.0050968834146639,p1udt22531-p1udt5814x
1.005096884844667,p1udt22531
1.0050968863356329,p1udt14508-p1udt22531xx
1.0051038435916193,p1ulv29418
1.0051089411369865,p1ulv28188
1.0051102449709481,p1ulv19246
1.005117148358833,p1ulv65125
1.0051293901817901,p1ulv46548
1.0051317006051885,p1udt14508-p1udt22531x
1.0051317020946533,p1udt14508
1.005131704273574,p1udt14508-p1udt18567x
1.005134010822422,p1ulv30042
1.0051374029061955,p1udm13380
1.0051472807105915,p1udt17978lv
1.0051515330725476,p1ulv17944
1.005152986206676,p1udt301-p1udt6731x
1.0051529873820617,p1udt301
1.0051529891586855,p1udt24467-p1udt301xx
1.005161080020747,p1udt22526
1.0051632305493414,p1udt24268-p1udt908x
1.0051737674994707,p1udm13392
1.005174395484969,p1ulv12881
1.0051835067399884,p1ulv60077
1.0051837565918837,p1udt24467-p1udt301x
1.005183758367397,p1udt24467
1.0051837603307074,p1udt18567-p1udt24467xx
1.0051847734073256,p1udm28639
1.0051874856309964,p1udt9945lv
1.0051987280613988,p1ulv52097
1.0052189441483166,p1udt23262lv
1.0052272657083492,p1ulv64496
1.005228089563916,p1udt306-p1udt3267x
1.0052328633449799,p1udt16936lv
1.0052383419967283,p1udt306
1.0052385225883809,p1udt9956lv
1.0052388099043577,p1udt19856lv
1.0052479826141516,p1ulv12884
1.0052507871580518,p1ulv22409
1.0052518402004844,p1udt306-p1udt6737x
1.0052537692430652,p1udt17979lv
1.0052618384568075,p1ulv1613
1.0052648247804659,p1udt14508-p1udt18567xx
1.0052648249948277,p1udt18567-p1udt24467x
1.0052648269554985,p1udt18567
1.0052648316298722,p1udt13354-p1udt18567xx
1.0052704709802973,p1ulv17943
1.0052717693173354,p1udt6734lv
1.0052773515963471,p1udt15528lv
1.0052787666788663,p1udt13654-p1udt302xx
1.0052787772003893,p1udt13654-p1udt302xxx
1.0052825970711892,p1ulv23693
1.0052840067097204,p1udt22648
1.0052849138508506,p1ulv2235
1.0052870122916908,p1ulv13514
1.0053006421799748,p1udt13354-p1udt18567x
1.0053006468538923,p1udt13354
1.0053006519366767,p1udt13354-p1udt8414x
1.0053007842963089,p1udt19141
1.0053247675136054,p1udt11031lv
1.005325098333926,p1ulv7306
1.0053252247366005,p1udm54938
1.0053255022097733,p1udt19685
1.0053287212511683,p1udt6733lv
1.0053582398723477,p1udt9958
1.0053880162750435,p1udt22288lv
1.0053959090293807,p1udt21769
1.0053994412532195,p1ulv8532
1.0054039103699604,p1udt306-p1udt6737xx
1.0054174061067298,p1udt6737
1.0054200118015186,p1udm5700
1.0054309659421805,p1ulv21814
1.0054311188078062,p1udt19325-p1udt6737xx
1.0054345807660818,p1ulv53376
1.0054554554353843,p1ulv14749
1.0054805581031008,p1udm36435
1.0054879381956976,p1udt8812lv
1.005492897980309,p1udt15280lv
1.0055000691594316,p1udt4309lv
1.0055105114332088,p1ulv24374
1.0055238048743598,p1udm36424
1.005524752312741,p1udt2696
1.005524752903553,p1udt2696-p1udt3303x
1.0055263212612657,p1udt23021lv
1.0055295360155072,p1udt9944
1.005529536233707,p1udt3281-p1udt9944xx
1.005533537645234,p1udt3281-p1udt9944x
1.0055335378622428,p1udt3281
1.00553353836709,p1udt24267-p1udt3281xx
1.0055338687706836,p1ulv16661
1.0055377116394564,p1udt19325-p1udt6737x
1.0055401432639623,p1udm28621
1.0055410003996905,p1ulv37056
1.0055428033804137,p1udt24267-p1udt3281x
1.0055428038840712,p1udt24267
1.0055428045001438,p1udt24267-p1udt8414x
1.0055484114159228,p1udm18556
1.0055514226611286,p1udt19325
1.0055582513779617,p1udt3310
1.005558719543056,p1udt2696-p1udt3303xx
1.0055587201301355,p1udt3303
1.005558721300803,p1udt1561-p1udt3303xx
1.005558889447879,p1udt13354-p1udt8414xx
1.0055588939133098,p1udt24267-p1udt8414xx
1.0055588945276899,p1udt8414
1.0055589007174972,p1udt5310-p1udt8414xx
1.0055655770636358,p1udt19325-p1udt9946x
1.0055717758271454,p1udm23242
1.0055809357682164,p1udt305
1.0055809364807926,p1udt305-p1udt4780x
1.0055848820170006,p1ulv40206
1.0055982176475047,p1udt15276
1.0055982180527085,p1udt13655-p1udt15276xx
1.0055985929874711,p1udt13655-p1udt15276x
1.005598593392613,p1udt13655
1.005598594637357,p1udt13655-p1udt17975x
1.0055992513868794,p1udt3793lv
1.0056004846482163,p1udt305-p1udt4780xx
1.005600485359015,p1udt4780
1.0056004866056332,p1udt21218-p1udt4780xx
1.0056032330343174,p1ulv47747
1.0056122848855034,p1udt1561-p1udt3303x
1.0056122860532164,p1udt1561
1.005612288198512,p1udt1561-p1udt9194x
1.0056242633592583,p1ulv25631
1.0056466807101172,p1ulv20542
1.0056641881929078,p1udm13363
1.0056654938348297,p1udt12702
1.0056654939877996,p1udt12702-p1udt22784x
1.0056707134103735,p1udt12702-p1udt22784xx
1.0056707135611151,p1udt22784
1.0056707139109236,p1udt21218-p1udt22784xx
1.0056728880542858,p1udt13655-p1udt17975xx
1.005672889295178,p1udt17975
1.0056728908636856,p1udt17975-p1udt5818x
1.0056768611047529,p1udt22648-p1udt3310x
1.0056776512668724,p1ulv53375
1.0056885692848452,p1udt21218-p1udt4780x
1.005688570180419,p1udt21218-p1udt22784x
1.005688570526901,p1udt21218
1.0056885722979485,p1udt21218-p1udt5819x
1.0056907933332009,p1ulv62607
1.0056920352016823,p1udm28638
1.0056957321809656,p1ulv47742
1.0057012519842397,p1udt17975-p1udt5818xx
1.005701253551585,p1udt5818
1.0057012553700846,p1udt18952-p1udt5818xx
1.0057057628199406,p1ulv47739
1.0057061397518745,p1udm13396
1.0057182567497234,p1udt1561-p1udt9194xx
1.005718258891866,p1udt9194
1.0057182616583575,p1udt8815-p1udt9194xx
1.0057433112447318,p1udt24268
1.0057479322266665,p1udt5825
1.0057490249045271,p1udt21218-p1udt5819xx
1.0057490266733855,p1udt5819
1.0057490288178386,p1udt18952-p1udt5819xx
1.0057497271003024,p1udt7177lv
1.0057593295402183,p1udt19325-p1udt9946xx
1.0057652153825256,p1ulv23070
1.0057671685897893,p1udt12045lv
1.0057727833920063,p1ulv42067
1.0057734809949983,p1udt9946
1.005774263429068,p1udt21221
1.0057742636923792,p1udt21221-p1udt7188x
1.0057813675772684,p1udt24268-p1udt5825x
1.0057843940767288,p1ulv9783
1.0057877339062413,p1udt17977-p1udt9946xx
1.005790682562682,p1udt9596
1.0057906832386887,p1udt7188-p1udt9596xx
1.005791310435354,p1udt7188-p1udt9596x
1.0057913108522185,p1udt21221-p1udt7188xx
1.0057913111112993,p1udt7188
1.0057913126403617,p1udt7188-p1udt8815x
1.0058032747698722,p1udt11702lv
1.0058083031263862,p1udm7671
1.0058148314817221,p1udt13954lv
1.005816136711173,p1udt5317lv
1.005822748365091,p1udm33251
1.0058363697787076,p1udt5310-p1udt8414x
1.0058363759660194,p1udt5310
1.0058363827129606,p1udt5310-p1udt9188x
1.0058494138130736,p1udt6301lv
1.005868362085372,p1udt15278lv
1.0058697307097137,p1ulv1616
1.0058712421959022,p1ulv7927
1.0058783170059051,p1udt18952-p1udt5819x
1.0058783173342525,p1udt18952-p1udt5818x
1.0058783191465124,p1udt18952
1.005878323471631,p1udt14741-p1udt18952xx
1.0058938061322178,p1ulv47743
1.005895294554736,p1udm11651
1.0058978739506281,p1udt8815-p1udt9194x
1.0058978751884469,p1udt7188-p1udt8815xx
1.005897876713023,p1udt8815
1.0058978813819541,p1udt6307-p1udt8815xx
1.005907482196979,p1udm5696
1.0059088402366456,p1ulv31294
1.005931429636605,p1udt17977-p1udt9946x
1.0059425702673839,p1udt9946lv
1.0059444993098174,p1ulv12883
1.005945680392588,p1udt17977
1.0059511442204014,p1udt4307lv
1.0059551229984576,p1ulv52752
1.0059553303041184,p1udm27339
1.0059602541952843,p1udt17977-p1udt4309x
1.0059688489123353,p1ulv36448
1.0059713935022727,p1udt10312-p1udt307xx
1.0059714057390976,p1udt10312-p1udt307x
1.0059719256960507,p1udt12696
1.0059729989223904,p1udt3285lv
1.005975679250352,p1ulv35165
1.0059825459051785,p1udt13358lv
1.005992839486512,p1udt14741-p1udt18952x
1.0059928438100372,p1udt14741
1.005992848696443,p1udt14741-p1udt16006x
1.0059986892636616,p1udm41979
1.0059997605284758,p1udt11360-p1udt12696x
1.0060000274704877,p1ulv19242
1.0060041722594213,p1udt11034lv
1.0060053441852872,p1ulv54653
1.0060062600112536,p1ulv63233
1.0060107196814978,p1ulv54025
1.006024714116787,p1udm28640
1.0060376675222893,p1udt14741-p1udt16006xx
1.0060376724081508,p1udt16006
1.0060376778076807,p1udt16006-p1udt9589x
1.0060391223305507,p1udt18758lv
1.0060454299304595,p1udm36440
1.0060535067520378,p1ulv8535
1.0060536207931046,p1ulv14756
1.0060596696411137,p1udt24576
1.0060654484874803,p1udt20497
1.0060719685333177,p1udt24577
1.0060721285539662,p1udt24577-p1udt8030x
1.0060812309037723,p1udt5310-p1udt9188xx
1.0060812376487542,p1udt9188
1.0060812450575918,p1udt2112-p1udt9188xx
1.006082827267201,p1ulv58857
1.0060956569152641,p1udt8030
1.00609565765671,p1udt22532-p1udt8030x
1.006097695881642,p1udt6307-p1udt8815x
1.006097700548012,p1udt6307
1.0060977056282236,p1udt13037-p1udt6307xxx
1.0061173999365651,p1udt12747
1.0061247386983871,p1udm13440
1.0061428259976215,p1ulv52765
1.0061438341686615,p1ulv23705
1.0061466676070074,p1udm13403
1.0061471344122142,p1udm36442
1.0061478172219276,p1udt17977-p1udt4309xx
1.0061561616569004,p1ulv59480
1.0061623882881754,p1udt4309
1.0061771959973187,p1udt11701-p1udt4309xx
1.0061779834819806,p1udt23258
1.0061811122271251,p1udt16932
1.0061815907512728,p1udt24574
1.0061824010593063,p1udt20024
1.0061876096580018,p1udt13037-p1udt20024xx
1.0061917176999673,p1udm5702
1.0061933118719537,p1udt3779
1.006194587449214,p1udm15186
1.0062266527047758,p1udm15185
1.0062272027751595,p1udt18750
1.0062299338128016,p1udt25095
1.0062319713308043,p1udt23144
1.0062350339523887,p1udt3299
1.0062375094025633,p1ulv30049
1.0062402931803103,p1ulv54651
1.0062438043193676,p1ulv19883
1.0062485286603104,p1udt16492
1.0062485316688503,p1udt15006-p1udt16492x
1.0062506197599148,p1udt7187
1.006253564755394,p1udm24639
1.006255192459024,p1udt13361
1.0062615957385006,p1ulv20540
1.0062699769570085,p1udt15006
1.006275723995144,p1udt13037-p1udt20024x
1.006277144449484,p1udt23719
1.006278760878541,p1udt918lv
1.0062809284927594,p1udt13037
1.006284456342146,p1udt6736
1.0062844566418523,p1udt1546-p1udt6736xx
1.0062886893189646,p1udt13037-p1udt8024x
1.006289370114028,p1ulv3532
1.0062970990905578,p1udt1546-p1udt6736x
1.006297099387518,p1udt1546
1.0062971004484216,p1udt1546-p1udt9589x
1.006322501642205,p1udt302lv
1.0063304764409473,p1udm16756
1.006334143284288,p1udt13037-p1udt6307xx
1.0063341483617574,p1udt13037-p1udt6307x
1.0063431245855359,p1udt16006-p1udt9589xx
1.0063431289236857,p1udt1546-p1udt9589xx
1.0063431299817833,p1udt9589
1.0063431368579858,p1udt4308-p1udt9589xx
1.006356152524425,p1udt24584
1.0063602776942968,p1udt13411lv
1.0063613554917765,p1udt24584-p1udt24905x
1.0063679831163492,p1udm27321
1.0063688400356214,p1udt11701-p1udt4309x
1.0063709804488363,p1udt16742
1.0063730154006143,p1udt13685-p1udt16742xx
1.0063801382816595,p1udm13439
1.006383645004129,p1udt11701
1.0063983228215891,p1udm13364
1.0063987781828179,p1udt11701-p1udt24690x
1.0064007232055305,p1udt2112-p1udt9188x
1.006400730612142,p1udt2112
1.0064007389000784,p1udt18358-p1udt2112xx
1.0064008331464165,p1udm7682
1.0064154379087622,p1ulv26246
1.006418744572929,p1udt7253
1.0064210956112083,p1udt13685-p1udt7253xx
1.0064260045270037,p1udt15005
1.006427360005308,p1udt13037-p1udt8024xx
1.0064351164945398,p1udt8024
1.0064363625567383,p1udm47596
1.0064430399692796,p1udt24269-p1udt8024xx
1.0064604200965623,p1udt17811
1.0064608291429498,p1udt17811-p1udt23497x
1.0064625864279975,p1udt17811-p1udt21386x
1.0064778820730487,p1udt15535
1.006479270459714,p1udm28623
1.0064877407776298,p1udt24575lv
1.0064908360101663,p1udt15535-p1udt20345x
1.0064916050611972,p1ulv13515
1.0064972433169974,p1udt13685-p1udt7253x
1.0064975669217806,p1udt13685-p1udt16742x
1.0064995860209045,p1udt13685
1.0065035833171267,p1udt19134
1.0065055333267163,p1udt10725-p1udt13685xx
1.006510603104924,p1udt24269-p1udt8024x
1.0065106713114127,p1ulv43340
1.006516288108632,p1udt11701-p1udt24690xx
1.0065185245155621,p1udt24269
1.0065271013578148,p1udt21911-p1udt24269xx
1.006531419685932,p1udt24690
1.0065465770116484,p1udt24690-p1udt7612x
1.0065515398964013,p1udt20341
1.0065633309855582,p1udt17811-p1udt21386xx
1.0065654853446901,p1udt21386
1.0065697673252434,p1udt10725-p1udt21386xx
1.006580341981511,p1udt21911-p1udt24269x
1.0065861713211146,p1ulv11628
1.0065889173303333,p1udt21911
1.0065893675616204,p1udt15275lv
1.0065903536334122,p1udm13395
1.0065911331798942,p1udt11029lv
1.0065975544585688,p1udt14230-p1udt21911xx
1.0066039842863488,p1udt13954
1.0066325902809203,p1udt4308-p1udt9589x
1.0066325971548487,p1udt4308
1.0066326043403298,p1udt3288-p1udt4308xx
1.0066362105235998,p1udt14230-p1udt21911x
1.006644846581126,p1udt14230
1.006653551515966,p1udt14230-p1udt22785x
1.006666295851307,p1ulv11009
1.0066779516797453,p1udt10725-p1udt13685x
1.0066796162367395,p1udt10725-p1udt21386x
1.006683891732058,p1udt10725
1.006694346839875,p1udm5691
1.0066960864169903,p1udt6745
1.0067027727629418,p1udt17579lv
1.0067034784502642,p1udt24690-p1udt7612xx
1.00671081439696,p1ulv58254
1.0067120004979833,p1udt14230-p1udt22785xx
1.0067186336249525,p1udt7612
1.0067207038188475,p1udt22785
1.0067341152137965,p1udt7612-p1udt9945x
1.0067571963671247,p1udm29787
1.0067617389420913,p1udt18358-p1udt2112x
1.0067617472279222,p1udt18358
1.006761756042321,p1udt15523-p1udt18358xx
1.0067883283860755,p1ulv64519
1.0067894932975199,p1udt9948lv
1.0067957241706078,p1ulv6026
1.006806368968928,p1ulv4131
1.0068124467459534,p1udt6735
1.0068124470467226,p1udt21766-p1udt6735xx
1.0068125133024957,p1udt5318lv
1.0068142598468672,p1udt7612-p1udt9945xx
1.0068205510189638,p1udt21766-p1udt6735x
1.006820551317979,p1udt21766
1.006820551808971,p1udt21766-p1udt3288x
1.0068297403975488,p1udt9945
1.0068367727965202,p1udm7695
1.0068376325397506,p1udt3288-p1udt4308x
1.0068376392349898,p1udt21766-p1udt3288xx
1.0068376397237186,p1udt3288
1.0068376482405008,p1udt13030-p1udt3288xx
1.0068400728270812,p1udm24642
1.006845385777326,p1udt4777-p1udt9945xx
1.0068832804366257,p1udm1079
1.0069147028075127,p1ulv5357
1.0069183653387606,p1udt2718
1.0069187923228213,p1udt328
1.0069197909097198,p1udm47605
1.0069290818273053,p1udt23483
1.0069291389790143,p1udt20023-p1udt23483x
1.0069293618203157,p1udt24693
1.0069338197111484,p1udm5690
1.0069343692217685,p1udt9192
1.0069352891225414,p1udm7680
1.0069369095606477,p1udt20650
1.0069509474433707,p1udt3811
1.0069524917288626,p1udt16011
1.0069713775066438,p1ulv38284
1.0069774183075306,p1udt23841
1.0069920926140372,p1udt15523-p1udt18358x
1.0069921014272283,p1udt15523
1.0069921104256947,p1udt15523-p1udt302x
1.0069964351538208,p1udt24988
1.0070015363419473,p1udm33250
1.007003192561298,p1udm9635
1.0070343031652946,p1udm5697
1.007042405049709,p1udt8426lv
1.0070430395903796,p1ulv42659
1.0070476000792778,p1ulv12283
1.0070642456840824,p1ulv57655
1.0070735758463814,p1udm36439
1.0070765037015397,p1ulv54028
1.007084289674257,p1udt4783lv
1.0070883628720533,p1udt4777-p1udt9945x
1.0070896729612535,p1udt7615lv
1.0070909096566893,p1ulv2229
1.0070998528149506,p1udm7681
1.0071040050375386,p1udt4777
1.0071089840211513,p1udt21925
1.007115525765208,p1udt2123lv
1.0071156173075688,p1ulv27553
1.0071159346887624,p1udt17980
1.007117201034657,p1ulv36523
1.0071198634541054,p1udt12046-p1udt4777xx
1.0071242655631867,p1udt3810lv
1.0071253004139384,p1udt13030-p1udt3288x
1.0071253089290941,p1udt13030
1.007125317683123,p1udt13030-p1udt20791x
1.0071310709100665,p1udt2118lv
1.007151648804648,p1udt24362
1.0071770381881486,p1udt5816
1.0071812238906201,p1udt5816-p1udt6734x
1.0071818329930449,p1udt22170lv
1.0071830693573325,p1udt3279
1.0071887638477792,p1udt24983
1.0071927547455004,p1udm28627
1.0072012201691192,p1ulv12284
1.0072013913594187,p1udt5816-p1udt6734xx
1.00720551783622,p1ulv60070
1.0072055760399945,p1udt6734
1.0072097772464843,p1udt3790-p1udt6734xx
1.007211860575757,p1udt18566
1.0072173161777054,p1udt20023
1.0072261446284416,p1ulv42068
1.0072272569395722,p1udt15523-p1udt302xx
1.0072272659368515,p1udt15523-p1udt302xxx
1.0072395305322703,p1udm7662
1.0072429358859907,p1udt12046lv
1.0072459297443257,p1udt23259
1.0072459343352733,p1udt18566-p1udt23259x
1.0072497400167832,p1ulv19889
1.007250258599578,p1udt3790-p1udt6734x
1.007251397641135,p1udt23840
1.0072519494222636,p1udt24362-p1udt6744x
1.0072544577516487,p1udt3790
1.0072554183297036,p1udt25186lv
1.0072565937961087,p1ulv54027
1.007258980313308,p1udt12046-p1udt3790xx
1.0072614506850763,p1udt11360
1.0072618746801922,p1udt23481
1.0072639007008015,p1udt23141lv
1.007267442667308,p1udt19527lv
1.007273462599834,p1ulv38947
1.0072806149346762,p1udt19502
1.0072812614465707,p1udt9187
1.0072821498020086,p1ulv18585
1.0072855509099572,p1udt1557lv
1.0073062761186737,p1ulv50193
1.0073074227331196,p1ulv63851
1.007313335624934,p1udt24054
1.0073135526313963,p1udm29789
1.007322783250651,p1udt17981
1.0073259745132963,p1udt12046-p1udt4777x
1.0073272358485537,p1udm46899
1.0073312600342106,p1ulv6672
1.007337311459276,p1udt12046-p1udt3790x
1.0073411376470354,p1udt3788lv
1.0073418302739887,p1udt12046
1.0073419320102763,p1ulv26245
1.007346210744249,p1udt23481-p1udt24054x
1.0073469969948223,p1udt13030-p1udt20791xx
1.007347005747656,p1udt20791
1.007347014661704,p1udt18166-p1udt20791xx
1.0073522671931785,p1udt5812
1.0073562373345133,p1udt18354
1.0073562375126528,p1udt18354-p1udt18752x
1.007357583516069,p1udt9943
1.0073593626087602,p1udt18354-p1udt18752xx
1.007359362785756,p1udt18752
1.0073593633089482,p1udt16004-p1udt18752xx
1.0073622526492538,p1udt12046-p1udt23717x
1.0073632405178494,p1ulv29431
1.0073633093502408,p1ulv35166
1.007370406478704,p1ulv6030
1.0073772405659844,p1udt16004-p1udt18752x
1.007377241086956,p1udt16004
1.007377242130533,p1udt16004-p1udt4789x
1.0073968123052985,p1udt17981-p1udt23483x
1.007402699450279,p1udt16004-p1udt4789xx
1.0074027004922763,p1udt4789
1.0074027021243022,p1udt14743-p1udt4789xx
1.0074174717215438,p1ulv26247
1.007437820580328,p1udm44265
1.007440502736308,p1udt4314lv
1.0074428351650624,p1udt17381lv
1.0074447475663206,p1udt14743-p1udt4789x
1.0074447491966876,p1udt14743
1.0074447509654463,p1udt14512-p1udt14743xx
1.007450738346444,p1ulv5358
1.007459948772511,p1udt14512-p1udt14743x
1.0074599505407165,p1udt14512
1.0074599524220953,p1udt14512-p1udt19135x
1.007461962304147,p1udt24691
1.0074737488408656,p1udt8032
1.007500056214404,p1udt8805
1.0075000565281131,p1udt14504-p1udt8805xx
1.0075025536118793,p1ulv33251
1.0075046026817969,p1udt2104
1.0075046028900327,p1udt2103-p1udt2104xx
1.007508230674436,p1udt2103-p1udt2104x
1.0075082308815362,p1udt2103
1.007508231559422,p1udt2103-p1udt5806x
1.0075084073024412,p1udt14512-p1udt19135xx
1.0075084091821676,p1udt19135
1.007508411352509,p1udt13037-p1udt19135xxx
1.0075098487278287,p1udt14504-p1udt8805x
1.0075098490395038,p1udt14504
1.0075098498775457,p1udt14504-p1udt21913x
1.0075114257603508,p1udt18166-p1udt20791x
1.0075114346735392,p1udt18166
1.0075114437431842,p1udt18166-p1udt22169x
1.0075141211091794,p1udt5836-p1udt8032xx
1.0075161727606543,p1udt12374
1.007516173225459,p1udt12374-p1udt21913x
1.0075227681469368,p1udt12046-p1udt23717xx
1.0075272410695089,p1udt4784lv
1.007533799915992,p1udt14504-p1udt21913xx
1.0075338002898426,p1udt12374-p1udt21913xx
1.00753380075218,p1udt21913
1.0075338021837636,p1udt21912-p1udt21913xx
1.0075358794464975,p1ulv4753
1.0075381646690935,p1udt2103-p1udt5806xx
1.0075381653441098,p1udt5806
1.0075381664059333,p1udt23837-p1udt5806xx
1.0075431894464228,p1udt23717
1.007544405436544,p1udm7665
1.0075624597805635,p1udt8016lv
1.0075638411176797,p1udt10312-p1udt23717xx
1.0075734036879147,p1udm13399
1.0075818125763059,p1udt21912-p1udt21913x
1.0075818140057258,p1udt21912
1.0075818158323668,p1udt21912-p1udt24269x
1.0075947942430243,p1ulv14758
1.00760146197574,p1udt13037-p1udt19135xx
1.007601464143344,p1udt13037-p1udt19135x
1.007603229281471,p1udt23837-p1udt5806x
1.007603230339324,p1udt23837
1.0076032315821157,p1udt1533-p1udt23837xx
1.007609558363464,p1udm1152
1.007614646717064,p1udt1549
1.0076146476120735,p1udt15277-p1udt1549xx
1.0076333321775668,p1ulv61952
1.007638418669255,p1udt15277-p1udt1549x
1.0076384195625427,p1udt15277
1.0076384205795332,p1udt15002-p1udt15277xx
1.007639268499189,p1udt21217
1.0076414308624977,p1udm28622
1.0076461644713781,p1udt1533-p1udt23837x
1.0076461657119364,p1udt1533
1.0076461680947177,p1udt1533-p1udt3270x
1.0076626301644962,p1udt15002-p1udt15277x
1.0076626311799448,p1udt15002
1.0076626327555087,p1udt15002-p1udt17978x
1.0076711334910324,p1udt21912-p1udt24269xx
1.0076711353145333,p1udt21912-p1udt24269xxx
1.007678611129306,p1udt18166-p1udt22169xx
1.0076786201981038,p1udt22169
1.0076786293917666,p1udt22169-p1udt8418x
1.0077154242183863,p1udt16939
1.0077154248664497,p1udt16939-p1udt2119x
1.0077334750501372,p1udt15002-p1udt17978xx
1.0077334766228034,p1udt17978
1.0077334783088419,p1udt17978-p1udt6738x
1.007741513511514,p1ulv20539
1.007755246757794,p1udt16939-p1udt2119xx
1.0077552474018598,p1udt2119
1.0077552489141395,p1udt2119-p1udt9190x
1.0077626329743572,p1udt10312-p1udt23717x
1.0077659179362457,p1udm23251
1.0077781885965205,p1udm5698
1.0077805064919536,p1ulv45898
1.0077832833043534,p1udt10312
1.0077857394363745,p1udt19503
1.007792995966534,p1udt17978-p1udt6738xx
1.0077929976503002,p1udt17978-p1udt6738xxx
1.007800487173333,p1udt2106
1.00780800892124,p1udt2106-p1udt21217x
1.0078082624696572,p1udt10312-p1udt19504x
1.0078084905396807,p1udt11027
1.0078305613161809,p1udt18754
1.007837236917894,p1udt1533-p1udt3270xx
1.0078372392955703,p1udt3270
1.0078372425891415,p1udt16486-p1udt3270xx
1.0078402200667644,p1udt6744
1.0078532461624952,p1udt15279lv
1.007855325941617,p1ulv47744
1.0078560297196024,p1ulv50842
1.0078679935412371,p1udm13394
1.0078682889155013,p1udm7663
1.00786853000688,p1udm16763
1.0078734993389016,p1udt2119-p1udt9190xx
1.0078735008461361,p1udt2119-p1udt9190xxx
1.0078980775316766,p1udt1554lv
1.0079067729510793,p1udt12044
1.007909643115178,p1udt13033lv
1.0079221009830834,p1ulv49583
1.007924398026104,p1udt16486-p1udt3270x
1.0079244013180244,p1udt16486
1.0079244053851333,p1udt16486-p1udt5300x
1.0079597592484169,p1ulv52099
1.007960767672585,p1udt302
1.007967446964063,p1udt302-p1udt6733x
1.0079773300098311,p1ulv4757
1.0079779288901591,p1udt2120lv
1.007994575250312,p1udt22288
1.0080016153486402,p1ulv64498
1.0080176770898117,p1udt22169-p1udt8418xx
1.0080176862817989,p1udt8418
1.0080176959408833,p1udt7179-p1udt8418xx
1.0080325841258848,p1udt302-p1udt6733xx
1.008039261263991,p1udt6733
1.0080430305210857,p1udt11031
1.0080430307650223,p1udt11031-p1udt3793x
1.0080461592706815,p1udt11029-p1udt6733xx
1.008049416133419,p1udt19856
1.0080494163831533,p1udt19856-p1udt3793x
1.0080496481180563,p1udt19856-p1udt3793xx
1.0080496481255612,p1udt11031-p1udt3793xx
1.0080496483677286,p1udt3793
1.008049649228702,p1udt13031-p1udt3793xx
1.00806042528987,p1udt15003lv
1.0080679109403046,p1udt16486-p1udt5300xx
1.0080679150052585,p1udt5300
1.0080679198465643,p1udt11691-p1udt5300xx
1.0080802294203226,p1udt13031-p1udt3793x
1.0080802302789917,p1udt13031
1.008080231893524,p1udt13031-p1udt16007x
1.0080848172926657,p1udt2691lv
1.0080977331031704,p1udt16938lv
1.0080994112666353,p1ulv58852
1.0081019405102483,p1ulv21811
1.008109689034161,p1ulv42673
1.008116728050197,p1udt24989
1.0081184146621949,p1udm47603
1.0081230705249216,p1udt18362-p1udt24989xx
1.0081281649197171,p1udt7183lv
1.008134032415157,p1udt11029-p1udt6733x
1.0081375989996935,p1udt13031-p1udt16007xx
1.0081376006119356,p1udt16007
1.008137602835842,p1udt13950-p1udt16007xx
1.0081396048592657,p1udt18362-p1udt24989x
1.0081409275637376,p1udt11029
1.008142979412816,p1udt23262
1.0081459466861455,p1udt18362
1.0081479867374483,p1udt11029-p1udt14509x
1.0081526662339464,p1udt18362-p1udt5836x
1.008155579546573,p1udm57954
1.008163897786637,p1udt10312-p1udt19504xx
1.008165670820983,p1umv1
1.0081742241710265,p1udt9949lv
1.0081888756160164,p1udt19504
1.0082012390892956,p1udt2110
1.0082138994754162,p1udt12045-p1udt19504xx
1.0082173046845053,p1udt8070
1.008217309324144,p1udt8070-p1udt8419x
1.0082247370491197,p1ulv8533
1.0082342866334817,p1udt8810lv
1.008240374411414,p1udt921
1.0082403753225408,p1udt13950-p1udt921xx
1.008241518884466,p1udt17606
1.0082511436327934,p1udt23273
1.0082578861883753,p1udm16762
1.0082639483609963,p1udt13950-p1udt16007x
1.008263949671824,p1udt13950-p1udt921x
1.0082639505812727,p1udt13950
1.0082639540953462,p1udt13950-p1udt306x
1.008264369541767,p1udm32186
1.008264496893024,p1udt23020
1.0082654949553311,p1ulv943
1.0082667802146088,p1udm28629
1.0082669103120112,p1udt8021lv
1.0082693732659889,p1udt21060
1.0082722998817064,p1udt16960
1.0082835905178464,p1udt2109
1.0082964441634612,p1udm24650
1.0083005328391434,p1udt11029-p1udt14509xx
1.008302346864229,p1ulv12885
1.0083075871080942,p1udt14509
1.008307689417122,p1udt7186
1.0083083674637336,p1udt2693-p1udt7186x
1.0083120970497237,p1udt12699
1.0083126597619494,p1udt23021
1.008315351596138,p1ulv29417
1.0083170517130473,p1udt12045-p1udt14509xx
1.0083185047939853,p1udt23020-p1udt23021x
1.008324204249938,p1udt11691-p1udt5300x
1.0083242090880933,p1udt11691
1.0083242144612696,p1udt11691-p1udt3269x
1.0083379047382675,p1ulv46550
1.008338298992639,p1udt10310
1.0083737916115836,p1udt7179-p1udt8418x
1.0083738012690662,p1udt7179
1.0083738120502816,p1udt7179-p1udt919x
1.0083771528469372,p1ulv60075
1.0083786115620137,p1udt5836-p1udt8032x
1.008383061204589,p1udm28626
1.0083893337829384,p1ulv31944
1.0083899727425505,p1ulv60690
1.00840157373805,p1udm32185
1.0084093564958927,p1ulv13516
1.0084106188315984,p1ulv19247
1.008412280773955,p1udt18362-p1udt5836xx
1.0084189906373504,p1udt5836
1.0084302835250991,p1ulv25630
1.0084314699766252,p1ulv23706
1.008460337027815,p1ulv52100
1.0084616909921609,p1udt16524
1.008467049683719,p1udt24905
1.0084698517210011,p1udt23718
1.0084698529001683,p1udt12045-p1udt19504x
1.0084712307893584,p1udt8419
1.0084737574036653,p1udt19527
1.0084760500400662,p1udt18756
1.0084817012404883,p1udt21062
1.008483280528734,p1udm24651
1.0084854154872138,p1udt12045-p1udt14509x
1.0084948758342491,p1udt12045
1.0084978290415907,p1ulv63231
1.0085001698002425,p1udt16491
1.0085133754484508,p1udt11367
1.008517300401971,p1udt22915
1.0085199581133635,p1ulv47741
1.0085295627280326,p1udt12045-p1udt5815x
1.0085385366221717,p1udt2116lv
1.0085418457378943,p1udt18751
1.0085446608535726,p1udt14228
1.0085530573736363,p1ulv63852
1.0085547398310595,p1udt22035
1.0085580699154715,p1udt17578
1.0085787639231492,p1udt11691-p1udt3269xx
1.008578769293562,p1udt3269
1.0085787754044349,p1udt3269-p1udt8010x
1.0085921515743816,p1ulv42674
1.0085964049450291,p1udm15189
1.0085964812495998,p1udt13950-p1udt306xx
1.0085964847577906,p1udt13950-p1udt306xxx
1.0086063684135667,p1ulv44631
1.0086390707641726,p1ulv11010
1.0086430077162105,p1ulv32580
1.0086622729424013,p1udt3797lv
1.0086657177927383,p1udt3796lv
1.0086707467543732,p1udt3269-p1udt8010xx
1.0086707528643974,p1udt8010
1.0086707594084772,p1udt8009-p1udt8010xx
1.008697092157958,p1udt18566-p1udt2110x
1.008712931463123,p1ulv50189
1.0087165829282592,p1ulv13513
1.0087176500972022,p1ulv26261
1.008727670025381,p1ulv22408
1.0087594992811613,p1ulv31941
1.0087918547217476,p1udt20496lv
1.0088021116466228,p1ulv52783
1.0088134115656144,p1udm15179
1.0088141702053322,p1ulv62611
1.0088158287824271,p1ulv28191
1.0088707069751903,p1udt7179-p1udt919xx
1.0088707177546645,p1udt919
1.008870729417462,p1udt5816-p1udt919xxx
1.0088738555886407,p1udm23245
1.0088774561678344,p1udt2693
1.0088843199148105,p1ulv62610
1.008914269407056,p1udt23143lv
1.0089314162484442,p1udt21066lv
1.0089342749924826,p1udm27328
1.008941411858428,p1udm18568
1.0089462874698727,p1ulv38289
1.0089522516695952,p1ulv19265
1.0089626118706407,p1ulv50843
1.0089644563584876,p1ulv2237
1.0089646528323988,p1udt12045-p1udt5815xx
1.0089654656754143,p1udm29792
1.0089845787196685,p1udm16764
1.008990479696395,p1udt8009-p1udt8010x
1.0089904862377823,p1udt8009
1.0089904936620155,p1udt14499-p1udt8009xxx
1.0089993400195392,p1udt5815
1.0090050034782556,p1ulv50191
1.009034278680106,p1udt5815-p1udt9190x
1.0090862456792224,p1udm41983
1.0090920369263394,p1ulv329
1.0090958225363904,p1ulv63853
1.0091201088246082,p1ulv3536
1.009147996895415,p1ulv52764
1.0091538696512767,p1ulv57657
1.0091700140717719,p1ulv19243
1.009171891877112,p1ulv40823
1.0092128557169857,p1udt21501
1.0092132434800016,p1udt11035lv
1.0092356891358842,p1ulv14149
1.0092543425046248,p1udm23250
1.0092684896413247,p1udm28631
1.009299613398722,p1udt14499-p1udt8009xx
1.0092996208207787,p1udt14499-p1udt8009x
1.009331172112764,p1udt326lv
1.0093368477018054,p1udm57432
1.0093452056281906,p1udm32179
1.009353211391176,p1udm49821
1.0093577761492507,p1ulv29419
1.009361095002309,p1ulv54654
1.0093792666364818,p1udm27327
1.0093955233112486,p1ulv26243
1.0094064348357479,p1ulv24988
1.0094148851133975,p1udm24645
1.009427908896115,p1ulv10401
1.0094280598286145,p1ulv61320
1.0094476943522395,p1ulv36451
1.0094523327440978,p1udm47606
1.0094638914984528,p1udm27329
1.0094676632803508,p1udt3795
1.009467664200935,p1udt17579-p1udt3795xx
1.009483422754518,p1ulv14152
1.009484228578528,p1udt17579-p1udt3795x
1.009484229497943,p1udt17579
1.0094842305448852,p1udt17579-p1udt8423x
1.0094991250123106,p1udt7185lv
1.0094993551926383,p1udt9593lv
1.0095038326149464,p1ulv35825
1.0095294111451776,p1udt1556lv
1.0095341503998685,p1udm15192
1.0095410058612007,p1udt8423lv
1.0095449799108627,p1ulv4132
1.0095482014384867,p1udt17579-p1udt8423xx
1.0095482024814615,p1udt17579-p1udt8423xxx
1.009550030843491,p1udm41988
1.009550332082508,p1ulv7928
1.009574664182216,p1udt5816-p1udt919xx
1.009574675843015,p1udt5816-p1udt919x
1.0095748732309042,p1udm57434
1.0095863816513706,p1udm15178
1.0096098999515852,p1ulv63847
1.0096172286246052,p1udm9639
1.009623710372074,p1udt5822lv
1.0096245834197075,p1udm23243
1.009636968068754,p1udm15191
1.0096390184473014,p1udt16936
1.0096390189010067,p1udt16936-p1udt5308x
1.0096392191960142,p1ulv16668
1.0096511663328047,p1udt16936-p1udt5308xx
1.009651166784765,p1udt5308
1.0096511675350264,p1udt15275-p1udt5308xx
1.0096608600334456,p1ulv48368
1.0096693385519984,p1ulv65123
1.009670098477415,p1ulv11012
1.009673277180743,p1udt15275-p1udt5308x
1.0096732779290878,p1udt15275
1.0096732788187959,p1udt15275-p1udt7177x
1.0096880191842592,p1ulv30047
1.0096924624265704,p1ulv49584
1.0097039404980988,p1udt15275-p1udt7177xx
1.0097039413855675,p1udt7177
1.0097039429903267,p1udt15759-p1udt7177xx
1.0097049094433241,p1ulv29420
1.0097054252451891,p1ulv34535
1.0097212232273312,p1udm41985
1.0097231097320627,p1udt5815-p1udt9190xx
1.0097261262262658,p1udt4307
1.0097261269065927,p1udt12700-p1udt4307xx
1.0097321958931371,p1udt12700-p1udt4307x
1.009732196572883,p1udt12700
1.0097321975522413,p1udt12700-p1udt9588x
1.0097429090778096,p1udt5309
1.0097429097728197,p1udt5309-p1udt6301x
1.0097507021586,p1udt2111
1.0097507026552237,p1udt2111-p1udt6301x
1.0097580486800368,p1udt9190
1.0097626240111863,p1ulv34536
1.0097657397797082,p1udt12700-p1udt9588xx
1.0097657407568423,p1udt9588
1.0097657422376367,p1udt3284-p1udt9588xx
1.009779803163024,p1udt15759-p1udt7177x
1.009779804764731,p1udt15759
1.0097798070524833,p1udt15759-p1udt23141x
1.0097856294412395,p1udt5309-p1udt6301xx
1.0097856296402166,p1udt2111-p1udt6301xx
1.0097856301322454,p1udt6301
1.0097856320398164,p1udt3280-p1udt6301xxx
1.0097918301431195,p1udt23023lv
1.009793670587988,p1udt18168-p1udt9190xx
1.0097974396688914,p1ulv19892
1.0098029168198137,p1ulv44629
1.0098071163656528,p1ulv43986
1.0098117026855171,p1udt3280
1.0098188258488803,p1udt3280-p1udt6301xx
1.009818827755332,p1udt3280-p1udt6301x
1.0098282656103221,p1udt3280-p1udt6738x
1.0098390115357962,p1udt15759-p1udt23141xx
1.0098390138218925,p1udt23141
1.0098390162219908,p1udt23141-p1udt3284x
1.0099005256855649,p1ulv9152
1.0099190701231375,p1ulv47143
1.0099239620975407,p1udt23141-p1udt3284xx
1.0099239630214987,p1udt3284-p1udt9588x
1.0099239644953788,p1udt3284
1.0099239688692714,p1udt3284-p1udt3285x
1.009926572621982,p1ulv38283
1.0099474498905658,p1ulv22411
1.0099672750559194,p1ulv2239
1.009969479474301,p1ulv65124
1.0099697520446913,p1ulv16681
1.0100056575542449,p1udm24648
1.0100084871278163,p1ulv48365
1.0100214359354487,p1udm3368
1.0100289012260877,p1udt9950lv
1.010045747587938,p1udm44264
1.0100691832692243,p1ulv6674
1.0100826870228792,p1udt3284-p1udt3285xx
1.0100826913945637,p1udt3285
1.0100826965373846,p1udt3285-p1udt918x
1.0100974909225267,p1udm29790
1.010097986038163,p1udm18566
1.0101219289277352,p1ulv36453
1.0101257170695361,p1udt3280-p1udt6738xx
1.0101422781787903,p1udt6738
1.0101595833702524,p1udt15278-p1udt6738xx
1.0101720482961372,p1ulv56475
1.0102020232695588,p1ulv6673
1.0102097271304098,p1udm23246
1.0102277029254567,p1ulv37055
1.0102508090364244,p1ulv54628
1.0102565766308005,p1ulv30673
1.0102578539084803,p1ulv60707
1.0102785144787045,p1ulv56468
1.0102856046161957,p1ulv61321
1.010289468471991,p1ulv7929
1.0103003942045181,p1udt4319
1.0103191282498918,p1udt18168-p1udt9190x
1.010322220211453,p1udt8422lv
1.0103230219289294,p1ulv3534
1.0103450881744318,p1udm23249
1.0103547505222812,p1udt18168
1.0103607199021143,p1ulv1611
1.0103660987596896,p1udm3367
1.0103773544384098,p1ulv59483
1.010390597392533,p1udt15529-p1udt18168xx
1.0103915787581537,p1ulv19248
1.0103971782939967,p1udm29791
1.0104087438761178,p1udt17160
1.010408795219946,p1udt9956
1.0104125660918701,p1udt21066
1.0104215103848093,p1udt15278-p1udt6738x
1.0104314839582458,p1udt25186
1.0104388141808902,p1udt15278
1.0104400388940413,p1ulv17285
1.0104411887276359,p1udm7692
1.0104438649140532,p1udt13411
1.0104552870823227,p1udt13411-p1udt16524x
1.0104564180237658,p1udt15278-p1udt17979x
1.0104641983391793,p1udt3285-p1udt918xx
1.0104642034776066,p1udt918
1.0104642094175504,p1udt3788-p1udt918xx
1.0104653886512653,p1udm28633
1.0104834269424532,p1ulv18586
1.0104982737138046,p1ulv12301
1.0105173036182915,p1ulv15361
1.0105295978216313,p1ulv42660
1.0105436172332984,p1ulv1614
1.0105510970289644,p1udm23252
1.0105631854381838,p1udt4319-p1udt5836x
1.0105810086462408,p1udt4312lv
1.0105964452530156,p1udm32182
1.0106041433683346,p1udm24647
1.0106084197015748,p1ulv9782
1.0106102476067838,p1udt20181lv
1.0106378073493398,p1ulv6028
1.0106434692276047,p1ulv18581
1.0106437556471026,p1udm41989
1.0106445259735992,p1udt16256lv
1.0106512155349696,p1ulv57078
1.0106549388843056,p1ulv42658
1.0106651801498368,p1udt18360lv
1.0106660662652758,p1udm7693
1.0106697672415064,p1ulv58256
1.0106703570405058,p1udm41984
1.010671654094799,p1udt15281lv
1.010672043874607,p1udm23255
1.0106806687979457,p1udt15278-p1udt17979xx
1.0106824477171559,p1udm11650
1.0106863045307306,p1ulv42070
1.0106982715340862,p1udt17979
1.0107160808702094,p1udt17979-p1udt19326x
1.0107200287410345,p1ulv56469
1.0107271695081492,p1ulv45899
1.0107320398282518,p1udm23254
1.0107405941776182,p1udm20232
1.0107627092919835,p1ulv14755
1.010767715231929,p1udm16770
1.010768303728622,p1ulv63234
1.0107869500714666,p1ulv14159
1.0107929432427891,p1udt3788-p1udt918x
1.010792949179568,p1udt3788
1.0107929557399258,p1udt14509-p1udt3788xxx
1.0108086655750648,p1udt8018lv
1.0108310482896052,p1ulv9788
1.0108366475295558,p1udt15529-p1udt18168x
1.01084477954491,p1udm41986
1.01085363678006,p1udt4786lv
1.0108669963147934,p1ulv23707
1.0108724947562937,p1udt15529
1.0109085277470877,p1udt15529-p1udt20182x
1.0109481038342905,p1ulv47740
1.010949988852589,p1udm29818
1.0109633733474628,p1udt22532_b2_1
1.0109761608022885,p1udt17979-p1udt19326xx
1.0109833042365324,p1ulv34555
1.0109869002103045,p1udm9703
1.0109900484156782,p1udt22532_b1_1
1.0109902237268467,p1ulv22407
1.0109907210916165,p1udt23478lv
1.010993968886025,p1udt19326
1.0110120217178922,p1udt19326-p1udt2118x
1.0110194339727996,p1udm41977
1.0110264877142372,p1udm42790
1.0110339326328472,p1ulv26244
1.0110361026525871,p1ulv31939
1.0110623722518408,p1udt4315lv
1.0110653130079994,p1udm26084
1.0110979210738373,p1ulv11013
1.0111044109646339,p1ulv18587
1.0111177511469345,p1udm28630
1.01112491314924,p1ulv33894
1.0111550655146595,p1ulv20538
1.0111609618830752,p1ulv62612
1.0111852810338975,p1ulv4754
1.011193365016237,p1udm52257
1.0111950769281897,p1ulv8563
1.0111992710694189,p1ulv53377
1.0112009240290798,p1udm52258
1.011210581365811,p1udm7691
1.0112237952076546,p1ulv35164
1.0112248283705734,p1ulv48391
1.0112365148866627,p1udt14509-p1udt3788xx
1.0112365214432733,p1udt14509-p1udt3788x
1.0112417812573131,p1udt19326-p1udt2118xx
1.0112534302401395,p1udm36434
1.01125983306147,p1udt2118
1.0112706860089942,p1ulv17287
1.0112781457914177,p1udt2118-p1udt24575x
1.011310471128996,p1udt22170
1.0113198613088363,p1udt15529-p1udt20182xx
1.011322029367205,p1ulv24986
1.011328187736225,p1ulv30674
1.0113339822262128,p1udm5695
1.011334960769065,p1ulv6694
1.0113558946567964,p1udt20182
1.011360294337009,p1ulv41437
1.0113872279212566,p1ulv50838
1.0113920268628547,p1udt20182-p1udt2121x
1.0113948551590635,p1udm38337
1.0114040123782515,p1ulv21812
1.0114185896648482,p1ulv19894
1.0114546085565397,p1udm18563
1.011457929744899,p1ulv48999
1.011461278504349,p1udm52261
1.0114645257911117,p1udt2118-p1udt24575xx
1.0114828377685825,p1udt24575
1.0115000448972125,p1ulv47155
1.0115011882403608,p1udt24575-p1udt8423x
1.0115202063262216,p1ulv26262
1.0115495580339404,p1udt3295lv
1.01155672545831,p1ulv30048
1.0115677610011438,p1udt6740lv
1.011580341319399,p1udt20182-p1udt2121xx
1.0116164738499196,p1udt2121
1.011616729047192,p1ulv23724
1.0116278038521775,p1udm42801
1.0116476094699505,p1ulv38962
1.0116489311756078,p1udm23247
1.011650676043864,p1ulv330
1.0116529669754442,p1udt2121-p1udt8812x
1.011672696602465,p1udt8811lv
1.0116858741306614,p1udm42791
1.0116944788459123,p1udt22532
1.0117022273390717,p1ulv38950
1.0117080763544026,p1ulv64494
1.0117180849395395,p1ulv19267
1.0117364376884765,p1ulv14150
1.0117447567480913,p1udm13401
1.0117479794193391,p1udt7184lv
1.0117666926968327,p1ulv23708
1.0117708803392969,p1udm5694
1.0117786691321426,p1udm7703
1.0117799827794065,p1udt13034lv
1.0117938607326928,p1udt24575-p1udt8423xx
1.0117961984117885,p1udm54937
1.0118040692029644,p1ulv6676
1.0118122099258018,p1udt8423
1.0118194219551322,p1udt926lv
1.0118265684430185,p1udm28635
1.0118311930849926,p1udt2691-p1udt8423xx
1.0118312500373383,p1ulv57654
1.0118331709768276,p1udt6741lv
1.0118376282520347,p1ulv59482
1.0118410639910338,p1ulv42066
1.0118425853701654,p1udt19506lv
1.0118426307305197,p1ulv45262
1.011845735535322,p1ulv1609
1.011851764087828,p1ulv8536
1.0118707036964194,p1udm42792
1.0118895219565176,p1udm54935
1.0119719826429083,p1ulv57077
1.0119942768579984,p1udm45668
1.0120249280419515,p1udt8017lv
1.0120301111121346,p1udm20228
1.0120472240951348,p1udt13032lv
1.0120619512950717,p1udm41987
1.0120665056425,p1udt3810
1.0120678530226388,p1ulv21810
1.0120750002162606,p1udm45666
1.0120756775980315,p1ulv55257
1.0120885446905588,p1udt2116
1.0120885453312278,p1udt2116-p1udt4783x
1.0120969681086782,p1ulv43339
1.0120997360116688,p1udt2116-p1udt4783xx
1.0120997366511983,p1udt4783
1.012099737817632,p1udt4783-p1udt5317x
1.0121152574487022,p1udt326-p1udt3810x
1.0121162841595495,p1ulv34543
1.0121286714993483,p1udt2121-p1udt8812xx
1.0121335845375514,p1udt326
1.012150662776036,p1udt4783-p1udt5317xx
1.0121506639396316,p1udt5317
1.012150665801468,p1udt5317-p1udt8016x
1.0121651650264543,p1udt8812
1.0121840155728399,p1ulv26266
1.0121943203947041,p1udt8424lv
1.0122019689509385,p1udt11034-p1udt8812xx
1.0122025397748327,p1udm29799
1.0122030794465173,p1udm7704
1.0122289467217682,p1ulv26260
1.0122300730819591,p1ulv40203
1.012239408669688,p1ulv17286
1.0122475056726397,p1ulv12902
1.0122592180106347,p1ulv62606
1.0122633480536878,p1udt2691-p1udt8423x
1.0122764662910821,p1ulv41445
1.012282329471137,p1udt2691
1.0122863391499488,p1udt1555lv
1.0122899662182487,p1udt8426
1.0122899667754626,p1udt1557-p1udt8426xx
1.0122943962376938,p1ulv43342
1.0122969922161238,p1ulv51440
1.0123014528151209,p1udt11702-p1udt2691xx
1.0123023450524733,p1udt4314
1.0123023455644435,p1udt4314-p1udt8810x
1.0123070728453254,p1udt20496
1.012307073195499,p1udt1557-p1udt20496xx
1.01231931751354,p1udt4314-p1udt8810xx
1.0123193180233445,p1udt8810
1.0123193193043603,p1udt15279-p1udt8810xx
1.0123194283341772,p1udt1557-p1udt8426x
1.012319428540072,p1udt1557-p1udt20496x
1.012319428887935,p1udt1557
1.0123194303187568,p1udt1557-p1udt2123x
1.012336518791463,p1udt13952lv
1.012339114128403,p1udm32180
1.012356987607152,p1udt17382lv
1.0123786454563708,p1udm18562
1.0123801466120816,p1udt15279-p1udt8810x
1.0123801478900136,p1udt15279
1.0123801500503153,p1udt15279-p1udt8016x
1.0123932339065953,p1udt7614lv
1.0124096198632542,p1ulv16667
1.01241265763643,p1udm16771
1.0124213834935996,p1udt1557-p1udt2123xx
1.0124213849197992,p1udt2123
1.0124213874085408,p1udt2123-p1udt7615x
1.0124400011221302,p1ulv45896
1.0124564059917864,p1udt15279-p1udt8016xx
1.0124564062985983,p1udt5317-p1udt8016xx
1.0124564081498217,p1udt8016
1.0124564131260472,p1udt5318-p1udt8016xxx
1.012468586507235,p1ulv54650
1.012504826311766,p1ulv1610
1.0125135783836676,p1udm42793
1.0125205816752183,p1udt11702-p1udt2691x
1.0125242191309973,p1udt9601lv
1.0125389997335894,p1ulv24992
1.0125397042549609,p1udt11702
1.0125533727913787,p1ulv38285
1.0125548276524325,p1udt2123-p1udt7615xx
1.01255483013775,p1udt7615
1.0125548337187922,p1udt7183-p1udt7615xx
1.012558985448079,p1udt11702-p1udt8422x
1.0125765920228365,p1ulv11025
1.0125850813454114,p1ulv2885
1.0125914024263758,p1ulv11015
1.0125962383348042,p1ulv12303
1.0125970493878902,p1udm42800
1.012618696749508,p1udt11033lv
1.0126211743832716,p1ulv38287
1.0126731752605922,p1ulv62586
1.012677823504844,p1ulv27552
1.0126815715756936,p1ulv22410
1.0126817612777457,p1udt11034-p1udt8812x
1.0126899423820679,p1udm29798
1.0126915586147893,p1ulv57075
1.0126973317790926,p1udm18570
1.0127059027463443,p1ulv52102
1.0127158477152982,p1ulv45901
1.0127185656373658,p1udt11034
1.0127293396916668,p1ulv56472
1.012740109155372,p1ulv37059
1.012755540738507,p1udt11034-p1udt15280x
1.0127642216233694,p1udt2122lv
1.0127766242175649,p1ulv61951
1.0127785842912482,p1udt9949
1.0127785845302921,p1udt9948-p1udt9949xx
1.0127788062679615,p1udt9948-p1udt9949x
1.0127788065069434,p1udt9948
1.012778807083292,p1udt23143-p1udt9948xx
1.0127788890164926,p1udt7183-p1udt7615x
1.0127788925936354,p1udt7183
1.0127788970625973,p1udt15528-p1udt7183xxx
1.0127840664604095,p1udt23143-p1udt9948x
1.0127840670361614,p1udt23143
1.0127840678092044,p1udt23023-p1udt23143xx
1.0127932353997657,p1ulv19893
1.0127940947345562,p1ulv32581
1.0127981659379028,p1udt23023-p1udt23143x
1.012798166709756,p1udt23023
1.0127981676177562,p1udt16938-p1udt23023xx
1.0128000873690106,p1udt11702-p1udt8422xx
1.01281325625984,p1udm15203
1.0128147348264553,p1udt16938-p1udt23023x
1.012814735733266,p1udt16938
1.0128147371328815,p1udt16938-p1udt4784x
1.012819367736938,p1udt8422
1.0128233936939668,p1ulv9784
1.0128347531652757,p1udm24711
1.0128348571959978,p1ulv44001
1.0128356182042118,p1udm5685
1.0128389419040447,p1udt3797-p1udt8422xx
1.0128447055992396,p1udm42802
1.0128478529497205,p1ulv37668
1.0128657990573484,p1udt16938-p1udt4784xx
1.0128658004545967,p1udt4784
1.0128658024326287,p1udt18758-p1udt4784xx
1.0128842143635122,p1udm45665
1.0129016684361916,p1ulv28189
1.0129029063585249,p1udt18758-p1udt4784x
1.0129029083353482,p1udt18758
1.0129029110760628,p1udt13358-p1udt18758xx
1.012939120108903,p1udt3797-p1udt8422x
1.01294772119925,p1udt18757lv
1.0129586940701012,p1udt3797
1.0129702497242001,p1ulv57091
1.0129784166918436,p1udt3797-p1udt5318x
1.012979534671284,p1ulv7912
1.012982218781539,p1ulv17298
1.0130007022854872,p1ulv3535
1.0130038019617569,p1ulv34537
1.013027376014766,p1udt13358-p1udt18758x
1.0130273787525945,p1udt13358
1.0130273822993188,p1udt13358-p1udt3796x
1.013058743711112,p1udm23244
1.0130591837029215,p1udm15202
1.013063475708095,p1udt1550lv
1.0130728630340489,p1ulv54670
1.0131025578804802,p1udt15528-p1udt7183xx
1.0131025623450431,p1udt15528-p1udt7183x
1.0131139932688795,p1ulv18599
1.0131274446572611,p1ulv8531
1.01313711292685,p1ulv34541
1.013141083000278,p1udt11034-p1udt15280xx
1.0131533465894593,p1ulv11014
1.0131592546573955,p1ulv34544
1.013168194953146,p1udm15180
1.0131701224086078,p1ulv54669
1.013178058526856,p1udt15280
1.0131818180545602,p1ulv28823
1.013186875708942,p1udt13358-p1udt3796xx
1.0131868792528664,p1udt3796
1.0131868836559716,p1udt18360-p1udt3796xxx
1.0132108687593957,p1udm7772
1.0132152461348545,p1udt15280-p1udt2120x
1.0132197161279053,p1udm27334
1.0132494058982506,p1udm5682
1.0132513679906778,p1udt5822
1.013256436100729,p1udm40233
1.0132594212110786,p1udm55625
1.0132607798837636,p1udm7771
1.0132625293496242,p1ulv12886
1.013281138417662,p1udt3797-p1udt5318xx
1.013295051589906,p1ulv53389
1.0133008600515667,p1udt5318
1.0133037916692693,p1udt5318-p1udt8016xx
1.0133037966353502,p1udt5318-p1udt8016x
1.0133038014100928,p1udt5318-p1udt5822x
1.0133057467878115,p1udt18360-p1udt3796xx
1.0133057511892767,p1udt18360-p1udt3796x
1.0133096844715574,p1ulv50845
1.013322575941469,p1udt17381-p1udt5318xx
1.0133367437580594,p1ulv17966
1.013339163502495,p1ulv328
1.0133682776093704,p1ulv28804
1.0133715575550555,p1ulv2230
1.0133891325658295,p1udm32209
1.0134029000045421,p1udt17784lv
1.013416528536228,p1ulv312
1.013474091022029,p1ulv23684
1.013478991997851,p1ulv42052
1.0134812873923207,p1udt9592lv
1.0135108645620412,p1ulv60694
1.0135154413686673,p1udm18569
1.0135187144022204,p1ulv4756
1.0135356347525741,p1udm7668
1.0135461892955382,p1udt15280-p1udt2120xx
1.0135464510824947,p1ulv2259
1.0135790060235363,p1ulv34542
1.0135833773329175,p1udt2120
1.0135937497269696,p1ulv59478
1.0136025801271462,p1udm15182
1.0136207999325884,p1udt1554-p1udt2120xx
1.013639240599196,p1ulv54655
1.013648507784245,p1udm20231
1.0136674179964298,p1ulv5356
1.013673695982348,p1ulv58858
1.0136843470243972,p1udt8813lv
1.0136878377136629,p1udm11646
1.0137086601705154,p1ulv4758
1.0137099293627807,p1udt2124lv
1.0137139183950306,p1ulv28801
1.0137362109956953,p1ulv2240
1.013749949952965,p1udt7204lv
1.013756006587064,p1ulv34546
1.0137749674083512,p1udt6726lv
1.0137768962698486,p1ulv54041
1.0137806001044722,p1ulv16666
1.0137900265594293,p1udm52659
1.0137947203610753,p1udt13360lv
1.0137998264833419,p1udm1157
1.0138010538973465,p1ulv4759
1.0138108810136095,p1udm59317
1.013816585736719,p1udm40234
1.0138560908024408,p1udm35475
1.0138688992182763,p1udm16768
1.013879493533416,p1ulv37669
1.0138855232299706,p1udm1156
1.013891769232134,p1udm27331
1.013904340998704,p1udt5319lv
1.0139147349479614,p1udt3799lv
1.013927159902658,p1udt14511lv
1.0139279627496114,p1ulv55866
1.0139413975599285,p1ulv7930
1.0139591041807154,p1udm15206
1.0139657474971737,p1ulv15365
1.0139683189381112,p1ulv60072
1.0139726809495968,p1ulv65128
1.013975345416942,p1ulv56484
1.0140007255390406,p1udt1554-p1udt2120x
1.0140086248015452,p1ulv49585
1.014013424715466,p1udt20934lv
1.0140220981151171,p1ulv37671
1.014023150015115,p1udm59316
1.014038148615773,p1udt1554
1.014044043832624,p1udm5683
1.0140757208700542,p1udt15528-p1udt1554xx
1.0140774020148875,p1udm7770
1.0140813649049374,p1ulv8564
1.0140842722386618,p1ulv16665
1.0140863711221137,p1udm5686
1.0140891188796655,p1ulv38288
1.014096980883905,p1ulv63866
1.0141467200722256,p1udm5681
1.0141512223404139,p1udt17381-p1udt5318x
1.0141729367513195,p1udt17381
1.0141960749244732,p1udt15003-p1udt17381xx
1.014205006293429,p1ulv46545
1.0142290753775476,p1ulv39560
1.0142297252873602,p1udt13357lv
1.014231644035855,p1udm28637
1.0142620419252868,p1ulv2233
1.0142708708402388,p1ulv313
1.0142955357883485,p1udm39320
1.01430190291532,p1udm9700
1.0143173835474664,p1udt19133lv
1.0143310453111727,p1udm20265
1.014332130357214,p1udm35474
1.0143382184778194,p1ulv63849
1.0143485160747943,p1udm49285
1.0143515978964366,p1udm7667
1.0143539711291862,p1ulv28192
1.0143570768033463,p1ulv10407
1.0143608379410394,p1udm38338
1.0144009415117836,p1ulv34545
1.0144300410833964,p1ulv28193
1.0144323444976713,p1ulv41435
1.0144541943511611,p1udm29804
1.0144565349590335,p1udm11645
1.0144577277026556,p1udt12381lv
1.0144798093389236,p1ulv3538
1.0144816853074705,p1ulv10398
1.014492080551316,p1ulv18589
1.0145204002129997,p1ulv50211
1.0145215131854255,p1ulv942
1.014529190706063,p1ulv36447
1.0145464629662837,p1udt8818lv
1.0145555665425174,p1ulv21209
1.0145656572261865,p1ulv31293
1.0145663049546683,p1ulv42657
1.0145675746550957,p1udm9701
1.014594128134477,p1udm32210
1.0146681768643961,p1udm37386
1.0146738013551617,p1ulv28805
1.0146789646976169,p1udm11647
1.0146842042405695,p1ulv28167
1.014706985561992,p1udt20937lv
1.014710098822595,p1udm9638
1.0147178601807028,p1udm54211
1.0147186651836768,p1udt23944lv
1.0147293482508566,p1ulv43985
1.0147502981567613,p1udm32208
1.0147523292106533,p1udt15528-p1udt1554x
1.0147536015489627,p1udt15003-p1udt17381x
1.0147549504793918,p1udt11035
1.0147578427066417,p1ulv4760
1.0147669883191,p1ulv43356
1.0147767391862312,p1udt15003
1.014789902097865,p1udt15528
1.0148000459015962,p1udt15003-p1udt18360x
1.0148017513063432,p1udt8021
1.0148157525047932,p1ulv9785
1.0148405035517274,p1udt8019lv
1.014848586091517,p1ulv34538
1.0148520141555624,p1udm11661
1.014855415675006,p1ulv6675
1.0148581408972266,p1ulv28803
1.0148764406156143,p1udm20229
1.0148766245818797,p1udt4313lv
1.0148799915077973,p1ulv30684
1.0148880342985107,p1udm20230
1.0149029439887665,p1ulv19249
1.0149078608774946,p1udt6739lv
1.014939732015232,p1ulv44630
1.014960618655964,p1udm15200
1.0149899287598783,p1ulv43988
1.0149994799705073,p1ulv14160
1.0150091410589361,p1udt7185
1.015009143278726,p1udt13034-p1udt7185xx
1.0150164936039165,p1ulv14153
1.0150216868451567,p1udt1551lv
1.0150453694443757,p1ulv45248
1.0150507753952889,p1ulv5361
1.0150612802723842,p1udm29802
1.0150636479194723,p1ulv311
1.0150727468450067,p1ulv28806
1.0151166436521986,p1udm38335
1.0151297018786494,p1udt21368lv
1.0151337635510083,p1udt13034-p1udt7185x
1.015133765767196,p1udt13034
1.01513376857738,p1udt13034-p1udt1556x
1.0151345416976532,p1udt2117lv
1.0151444216908851,p1udt3296lv
1.0151752645574943,p1udm1154
1.0151813218421484,p1udt15003-p1udt18360xx
1.0151837461992244,p1udm1084
1.0151860804363024,p1udt1552lv
1.015186384268603,p1ulv3533
1.0152046282929208,p1udt18360
1.0152152930063107,p1ulv27555
1.0152180123210421,p1ulv30672
1.0152184888201838,p1ulv37058
1.01522950959552,p1udt16256-p1udt18360xx
1.015232150724687,p1ulv58259
1.0152385818693652,p1ulv45249
1.015258611269294,p1ulv46551
1.015262306886537,p1udm7769
1.0152673868070399,p1udm16761
1.0152761050724377,p1udt13034-p1udt1556xx
1.0152761078794101,p1udt1556
1.015276111328072,p1udt13033-p1udt1556xx
1.015278289512749,p1ulv64501
1.0152857380329978,p1udm16772
1.0153104746041692,p1ulv39580
1.0153295625380059,p1ulv25634
1.0153498496530489,p1udm38336
1.0153696717904812,p1udt20181
1.0153696722854848,p1udt20181-p1udt9593x
1.0153804336681942,p1udm9704
1.0153847615081657,p1ulv17299
1.01539216945475,p1udt20181-p1udt9593xx
1.0153921699467734,p1udt9593
1.0153921710793565,p1udt8017-p1udt9593xx
1.0154012749577928,p1udm1081
1.0154108604345673,p1udm52660
1.0154216977849644,p1ulv62609
1.0154334325037864,p1udt8017-p1udt9593x
1.015433433633993,p1udt8017
1.0154334353685093,p1udt6740-p1udt8017xx
1.0154456036958668,p1udt16256-p1udt18360x
1.0154497121263224,p1ulv31291
1.015451377038378,p1ulv61968
1.0154609774205174,p1ulv44628
1.0154704851786294,p1udt16256
1.0154709412756386,p1ulv7305
1.0154719822981955,p1ulv54652
1.0154772888025785,p1udm1076
1.0154860752622368,p1udm16757
1.0154954812879042,p1udt16256-p1udt3295x
1.0155124273194585,p1udt6740-p1udt8017x
1.0155124290510218,p1udt6740
1.0155124315252488,p1udt17382-p1udt6740xx
1.0155177811815663,p1ulv40837
1.0155525861993657,p1udm39321
1.0155582346971739,p1ulv25007
1.01557664867586,p1udm3365
1.015577954212926,p1udt17382-p1udt6740x
1.0155779566854548,p1udt17382
1.015577959460143,p1udt17382-p1udt4786x
1.0155824146286072,p1udt17155lv
1.0156069844014575,p1udt13033-p1udt1556x
1.0156069878441387,p1udt13033
1.0156069921706323,p1udt13033-p1udt15528x
1.0156127475720225,p1udm3366
1.0156128371576898,p1ulv38951
1.0156163931286266,p1ulv10402
1.0156217228942233,p1ulv19245
1.0156365167446353,p1udm32212
1.0156483170539667,p1ulv314
1.015667940756123,p1ulv37672
1.0156749941345533,p1ulv18588
1.0156811510523938,p1ulv17946
1.0156845016889537,p1udt8811
1.0156845024501033,p1udt15281-p1udt8811xx
1.0156874414897947,p1ulv13519
1.0156971608600474,p1ulv58853
1.0156984458160048,p1udt17382-p1udt4786xx
1.0156984485879241,p1udt4786
1.0156984523360524,p1udt17381-p1udt4786xxx
1.0157051671921196,p1udt13035lv
1.015718828950173,p1udt15281-p1udt8811x
1.0157188297083704,p1udt15281
1.015718831445134,p1udt15281-p1udt926x
1.0157456937101177,p1udm1149
1.015752768765224,p1udt17384lv
1.01575961658438,p1udm15205
1.0157627632979978,p1ulv59484
1.0157742285403326,p1udt16256-p1udt3295xx
1.015783217205351,p1ulv63867
1.0157900762727596,p1ulv21195
1.015799224813488,p1udt3295
1.0158017201603051,p1udt15281-p1udt926xx
1.0158017218939734,p1udt926
1.015801724379738,p1udt1555-p1udt926xx
1.0158160357300998,p1udm1077
1.015817587373369,p1ulv2862
1.0158244242129715,p1udt17784-p1udt3295xx
1.0158250596870033,p1udm39319
1.0158281543654368,p1udm28642
1.0158286546229078,p1udt17381-p1udt4786xx
1.0158286583688743,p1udt17381-p1udt4786x
1.0158457028197019,p1udt19506
1.0158799226413602,p1udt17380lv
1.015893007891239,p1ulv38293
1.0159003720522397,p1udt1555-p1udt926x
1.0159003745354602,p1udt1555
1.015900377377252,p1udt1555-p1udt7184x
1.015902663980896,p1ulv5360
1.0159138941173294,p1ulv29424
1.0159216771324546,p1udt13033-p1udt15528xx
1.0159216814545435,p1udt13033-p1udt15528xxx
1.0159346740359754,p1udm11659
1.0159734311127728,p1ulv2863
1.0159811062823163,p1ulv15999
1.0159964074601768,p1udt1555-p1udt7184xx
1.0159964102998174,p1udt7184
1.0159964139376074,p1udt13360-p1udt7184xxx
1.0160123014140923,p1ulv1612
1.016019874030388,p1udm15198
1.0160239061633725,p1udt20021lv
1.0160365152693396,p1ulv40207
1.0160398012820218,p1udt17582lv
1.0160513302914247,p1udm56910
1.016066598033495,p1ulv944
1.016068559742124,p1udm20267
1.0160727687222475,p1ulv32582
1.0160776218299123,p1udt17784-p1udt3295x
1.0160820275105709,p1udt8424
1.016082028240075,p1udt4315-p1udt8424xx
1.016102821425234,p1udt17784
1.0161058562051513,p1udm48744
1.0161127215424783,p1udt4315-p1udt8424x
1.0161127222692266,p1udt4315
1.0161127240026926,p1udt4315-p1udt6741x
1.0161291031678203,p1udm28620
1.0161291312895135,p1udt17784-p1udt7614x
1.0161395689941384,p1ulv38311
1.016146768191714,p1ulv63850
1.0161545872614577,p1ulv9803
1.016169239317528,p1ulv33254
1.0161728999588384,p1udt4315-p1udt6741xx
1.0161729016900531,p1udt6741
1.016172903863887,p1udt13032-p1udt6741xx
1.0161782044719305,p1ulv43987
1.0162074252207827,p1ulv24389
1.016221026859718,p1ulv25633
1.0162301791926809,p1udm23256
1.016231996084857,p1udt13032-p1udt6741x
1.0162319982569383,p1udt13032
1.016232000855423,p1udt13032-p1udt8018x
1.0162357615178634,p1udm15204
1.016256313597258,p1udt17784-p1udt7614xx
1.0162592584762131,p1ulv23709
1.016265771337773,p1udm15194
1.0162715443826118,p1ulv15376
1.0162789931656315,p1udm15197
1.0162826238090477,p1udt7614
1.0162842394298646,p1udt309lv
1.016285417974101,p1ulv31268
1.016300443509601,p1udt8814lv
1.0163026142152716,p1udt13032-p1udt8018xx
1.0163026168120177,p1udt8018
1.0163026200049026,p1udt17784-p1udt8018xxx
1.016309121514906,p1udt7614-p1udt9950x
1.0163272477789973,p1udm1075
1.016353512883473,p1udt15270lv
1.0163659915079504,p1udt5824lv
1.0163929440456065,p1udm53082
1.0163944059659449,p1ulv24379
1.0164037360213456,p1udt7205lv
1.016408816822488,p1udt13360-p1udt7184xx
1.0164088204531905,p1udt13360-p1udt7184x
1.0164785715136955,p1udt17784-p1udt8018xx
1.0164785747031,p1udt17784-p1udt8018x
1.016483719503905,p1udm15193
1.0164991295456394,p1udm11660
1.016536713260003,p1ulv40205
1.0165378252677102,p1udt2141lv
1.0165433694502441,p1udt8421lv
1.0165562755365685,p1ulv31946
1.0165615139734396,p1ulv45902
1.0166086278534265,p1udt12048lv
1.0166151507161085,p1udm15201
1.016629481061018,p1udt7614-p1udt9950xx
1.0166313494751718,p1udt5320lv
1.0166356541870263,p1ulv60079
1.016649558479762,p1ulv9786
1.0166559792083119,p1udt9950
1.016666858865613,p1ulv29421
1.016682160767814,p1ulv55250
1.0166826535581601,p1udt3799-p1udt9950xx
1.0166989565262192,p1udm27336
1.016705075414122,p1udm23257
1.0167130178356292,p1udm20268
1.0167138244336327,p1udt925lv
1.0167257385033888,p1udm55308
1.0167518205785135,p1udt17154lv
1.0167538903604822,p1udt5823lv
1.0167648062451808,p1ulv58258
1.01677179831802,p1ulv17947
1.0167797570663777,p1udm9637
1.0168007858233168,p1ulv14760
1.016801321529753,p1udt9602lv
1.016817090995731,p1udm35494
1.0168272169336268,p1ulv18571
1.0168380178682006,p1ulv43337
1.0168511402816882,p1udt327lv
1.0168516415195696,p1udt4785lv
1.016863033295773,p1udm35491
1.0168922938474974,p1udt17783lv
1.0169091287966328,p1udt16009lv
1.0169237458735951,p1udt2710lv
1.0169273288039045,p1ulv27554
1.016964674959191,p1ulv47748
1.01702183753713,p1udm15196
1.0170242404591918,p1udt3294lv
1.0170622564771818,p1udt3798lv
1.0170670524444083,p1udm51308
1.0170920833817636,p1udt11703lv
1.0171240274674944,p1udm5689
1.0171448334241637,p1udt3298lv
1.0171471758920383,p1udt19684lv
1.0171597878023382,p1udm57183
1.0171767962748768,p1ulv63237
1.0172131778207563,p1udt4787lv
1.0172272164403018,p1ulv17288
1.0172279150938015,p1udm28586
1.0172329991177484,p1udt325lv
1.0172336383969254,p1udt8425lv
1.0172470448797484,p1udm51282
1.0173050677319315,p1udm59079
1.0173056124076232,p1udt2692lv
1.0173263084667388,p1udt3799-p1udt9950x
1.0173424066399188,p1ulv16669
1.0173529834513986,p1udt3799
1.0173602552050274,p1udt15765lv
1.0173798649105534,p1ulv31945
1.0173828802606555,p1ulv65127
1.017414741928879,p1udm3373
1.0174205889583445,p1udt13360-p1udt3799xx
1.0174568552135321,p1udm51283
1.0174603153038446,p1ulv60696
1.0174751944124139,p1udt5835lv
1.0174752930825393,p1udm57181
1.0175379298749343,p1udt6742lv
1.0175497552982002,p1udt10700lv
1.0175775362223147,p1ulv2260
1.0175936359696023,p1udt19858lv
1.017639826112001,p1udm36444
1.0176416285517516,p1ulv60695
1.0176460928100028,p1udm40238
1.0176586011748228,p1ulv26905
1.0176771245517053,p1udt15530lv
1.017715064159027,p1udm40237
1.0177279142319144,p1ulv10383
1.0177330216003986,p1udm1089
1.0177788683571296,p1udt10705lv
1.017787945464469,p1udm59081
1.0177952050215349,p1udt13360-p1udt3799x
1.0178103002658685,p1udt308lv
1.0178535622340554,p1udt13359lv
1.0178592114515888,p1ulv32583
1.017862821145152,p1udt13360
1.0178851955731552,p1udm3374
1.0179048186557695,p1udm3372
1.017912494796177,p1udt12388lv
1.0179169841848175,p1udm1090
1.0179318034019906,p1udt13360-p1udt17155x
1.0179481400334915,p1ulv56473
1.0180124579633891,p1ulv51443
1.0180160878455955,p1udt4316lv
1.0180194978328918,p1udt2122
1.0180194989093272,p1udt14511-p1udt2122xx
1.0180428391418492,p1udt4318lv
1.0180681545281716,p1udm55309
1.0180743241310521,p1udt14511-p1udt2122x
1.0180743252041535,p1udt14511
1.0180743270582284,p1udt14511-p1udt8019x
1.0180956374251626,p1udm28644
1.0181063929244043,p1udm55310
1.0181074757480582,p1udm59078
1.0181080498839978,p1udm47607
1.0181298695270238,p1udt1553lv
1.0181550971950364,p1ulv21197
1.0181691050885984,p1udt14511-p1udt8019xx
1.018169106939358,p1udt8019
1.0181691093827439,p1udt2124-p1udt8019xx
1.0181764734172258,p1udm1085
1.0181988587402266,p1ulv50846
1.018208732825609,p1ulv26906
1.0182336078736152,p1udt13025lv
1.0182361600698082,p1ulv7308
1.0182591572005062,p1udt2124-p1udt8019x
1.0182591596415251,p1udt2124
1.0182591629537274,p1udt2124-p1udt5319x
1.018265186859154,p1ulv26248
1.0182774079027705,p1udt8410lv
1.0182776642067743,p1udt4317lv
1.0182836403018747,p1udt13360-p1udt17155xx
1.018284409668936,p1udm44940
1.018290140132745,p1ulv48372
1.0183097448194447,p1udt16940lv
1.0183182422305896,p1udm36445
1.0183248819502548,p1udm27335
1.0183319863651132,p1udm44935
1.0183526330016683,p1udt17155
1.0183657203496308,p1udm41083
1.0183668588519283,p1udm36446
1.0183704125517121,p1ulv61322
1.01841176639652,p1udt2124-p1udt5319xx
1.0184117697058157,p1udt5319
1.018411773879547,p1udt17155-p1udt5319xxx
1.0184192135779353,p1udm37383
1.0184230796720604,p1udt17155-p1udt20937x
1.018445338398819,p1udm36443
1.0184481029766208,p1ulv7933
1.0185044773108434,p1ulv1617
1.0185430891556009,p1udt20025lv
1.0185479165303335,p1udm48717
1.018585720004058,p1udt16930lv
1.01859966883673,p1udt927lv
1.0186090562721064,p1udt17155-p1udt20937xx
1.0186553367086408,p1udt17155-p1udt5319xx
1.0186553408787773,p1udt17155-p1udt5319x
1.0186795093355436,p1udt20937
1.018685065465838,p1ulv20541
1.0186852944151372,p1udm40236
1.0187500556114772,p1udt12381-p1udt20937xx
1.0187948381496077,p1udt9592
1.0187948391973376,p1udt18757-p1udt9592xx
1.0188078897724395,p1udt21220lv
1.0188110447811325,p1udm5704
1.0188325245313772,p1udt18757-p1udt9592x
1.0188325255767516,p1udt18757
1.0188325272585856,p1udt18757-p1udt4312x
1.01889018260167,p1udt18757-p1udt4312xx
1.018890184281272,p1udt4312
1.0188901864496636,p1udt19133-p1udt4312xx
1.0189364489621355,p1udt12381-p1udt20937x
1.01894872850999,p1udm54212
1.01896905973498,p1udt11033
1.0189690600859151,p1udt11033-p1udt19133x
1.0189703640289567,p1udt15282lv
1.0189875344735821,p1udt19133-p1udt4312x
1.01898753629161,p1udt11033-p1udt19133xx
1.0189875366390715,p1udt19133
1.018987539649438,p1udt19133-p1udt4313x
1.0189989492204956,p1ulv30050
1.0190070016393078,p1udt12381
1.0190350842514968,p1udt311lv
1.0190699588319276,p1udt17384
1.0190699589913572,p1udt17384-p1udt8818x
1.0190701068047858,p1udt17384-p1udt8818xx
1.0190701069641528,p1udt8818
1.019070107985538,p1udt6739-p1udt8818xx
1.019077753120957,p1udt12381-p1udt15530x
1.019077873218167,p1udm7774
1.0190835992754246,p1udt19133-p1udt4313xx
1.019083602283762,p1udt4313
1.0190836061097661,p1udt13357-p1udt4313xx
1.0190954425276098,p1ulv24973
1.0191356005516634,p1udm28643
1.0191567823098364,p1udt6739-p1udt8818x
1.019156783325654,p1udt6739
1.0191567851396892,p1udt6739-p1udt7204x
1.019172215871879,p1udt6739-p1udt7204xx
1.0191722176853601,p1udt7204
1.0191722197868005,p1udt7204-p1udt9601x
1.0191723815870217,p1udm41082
1.019175671278572,p1udt8020lv
1.0192026335026771,p1udt1550
1.0192026341740037,p1udt1550-p1udt9601x
1.0192367392005464,p1udt7204-p1udt9601xx
1.019236740632012,p1udt1550-p1udt9601xx
1.0192367412999985,p1udt9601
1.019236744442833,p1udt17582-p1udt9601xx
1.0192844134661945,p1udt18954lv
1.01935813695046,p1udt12381-p1udt15530xx
1.0193778224907115,p1udt17582-p1udt9601x
1.019377825630694,p1udt17582
1.019377829353291,p1udt1551-p1udt17582xx
1.0193945150725168,p1udt13357-p1udt4313x
1.019394518893464,p1udt13357
1.019394523734011,p1udt13357-p1udt1552x
1.0194288973335803,p1udt15530
1.0194901002567867,p1udt11036lv
1.0194962680845474,p1udm7773
1.0194996965056697,p1udt15530-p1udt5320x
1.0195266481385254,p1udt1551-p1udt17582x
1.0195266518586164,p1udt1551
1.0195266560389917,p1udt1551-p1udt1552x
1.0195410048898652,p1udt11369lv
1.0195550411549719,p1udm5703
1.0196486257393491,p1udt14229lv
1.0196603197956597,p1udt6304lv
1.0196772559000093,p1udt13357-p1udt1552xx
1.0196772565588954,p1udt1551-p1udt1552xx
1.0196772607370403,p1udt1552
1.0196772702212165,p1udt1552-p1udt8421x
1.0196841740468783,p1udt15270_b2_1
1.0196861811603002,p1udt12703lv
1.0197158782529034,p1udm7775
1.019727818227743,p1udt12382lv
1.0197331207817297,p1udt15270_b1_1
1.019761282025474,p1udt12049lv
1.0197803166374657,p1udt15530-p1udt5320xx
1.0198511247006679,p1udt5320
1.0198890844848676,p1udt14227lv
1.019897061361046,p1udm48716
1.019922183470522,p1udt5320-p1udt8813x
1.020095451063398,p1udt1552-p1udt8421xx
1.0200954605455828,p1udt8421
1.0200954703697658,p1udt4785-p1udt8421xx
1.0201188181667318,p1udt310lv
1.020124695306869,p1udt18361lv
1.0201545433044177,p1udt1558lv
1.0202761032051697,p1udt8427lv
1.0203981631637649,p1ulv36455
1.0204209617490752,p1udt13953lv
1.0204830903991224,p1udt5320-p1udt8813xx
1.020501163810251,p1udt4785-p1udt8421x
1.0205011736326264,p1udt4785
1.0205011841088538,p1udt4785-p1udt6742x
1.0205447596592072,p1udt15757lv
1.020554165486243,p1udt8813
1.0205621502246447,p1udt2142lv
1.0206257275102188,p1udt8813-p1udt8814x
1.0208616128437344,p1udt7205
1.0208616137046898,p1udt15765-p1udt7205xx
1.020876150849982,p1udt15765-p1udt7205x
1.0208761517098275,p1udt15765
1.0208761529109653,p1udt15765-p1udt5835x
1.020916714017656,p1udt15765-p1udt5835xx
1.0209167152165806,p1udt5835
1.0209167170466862,p1udt21368-p1udt5835xx
1.0209605133332331,p1udt15270
1.021009645036026,p1udt15270-p1udt927x
1.021013131375078,p1udt21368-p1udt5835x
1.0210131332017551,p1udt21368
1.02101313566676,p1udt21368-p1udt9602x
1.0211025118006587,p1udt2117
1.0211025124537334,p1udt17380-p1udt2117xx
1.0211031034090627,p1udt21368-p1udt9602xx
1.0211031058717162,p1udt9602
1.0211031091540648,p1udt12388-p1udt9602xx
1.0211084726545592,p1udt17380-p1udt2117x
1.0211084733070324,p1udt17380
1.0211084745163912,p1udt13952-p1udt17380xx
1.0211674591591833,p1udt13035
1.0211674597623042,p1udt13035-p1udt8813x
1.021168018702939,p1udt13035-p1udt8813xx
1.0211680193059975,p1udt13035-p1udt8813xxx
1.0211859588366798,p1udt4785-p1udt6742xx
1.0211859693102312,p1udt4785-p1udt6742xxx
1.0211907959858804,p1udt8813-p1udt8814xx
1.0211929997736342,p1udt12388-p1udt9602x
1.0211930030542475,p1udt12388
1.0211930064891155,p1udt12388-p1udt2141x
1.0212237005932085,p1udt13952-p1udt17380x
1.0212237017963133,p1udt13952
1.021223703524528,p1udt13952-p1udt3294x
1.0212623744757938,p1udt8814
1.0212850351862872,p1udt19684
1.0212850356088494,p1udt1553-p1udt19684xx
1.0213000784226314,p1udt1553-p1udt19684x
1.0213000788428448,p1udt1553
1.02130007957397,p1udt1553-p1udt925x
1.0213086984783109,p1udt12388-p1udt2141xx
1.0213087019110527,p1udt12388-p1udt2141xxx
1.021313108621143,p1udt1553-p1udt925xx
1.0213131093510948,p1udt925
1.0213131109653328,p1udt19858-p1udt925xx
1.021320182606583,p1udt13952-p1udt3294xx
1.0213201843311583,p1udt3294
1.0213201868572288,p1udt17783-p1udt3294xx
1.0213342255170028,p1udt309-p1udt8814xx
1.0213793153555797,p1udt19858-p1udt925x
1.0213793169671406,p1udt19858
1.0213793189698535,p1udt19858-p1udt3798x
1.0214027585248036,p1udt17783-p1udt3294x
1.0214027610487688,p1udt17783
1.0214027638035321,p1udt17783-p1udt3798x
1.0214984961185631,p1udt17783-p1udt3798xx
1.0214984968722478,p1udt19858-p1udt3798xx
1.021498498871098,p1udt3798
1.0214985040790794,p1udt13359-p1udt3798xx
1.021626373805374,p1udt15270-p1udt927xx
1.0216423022731733,p1udt13359-p1udt3798x
1.0216423074795138,p1udt13359
1.0216423128729801,p1udt13359-p1udt5823x
1.0216550260211863,p1udt2141
1.0216755110699653,p1udt927
1.0217247590092928,p1udt6304-p1udt927xx
1.0217270780313883,p1udt11703
1.0217270789419093,p1udt11703-p1udt5823x
1.0217376945964034,p1udt20025-p1udt2141xx
1.0217878131783484,p1udt13359-p1udt5823xx
1.021787817664093,p1udt11703-p1udt5823xx
1.0217878185702232,p1udt5823
1.0217878258763478,p1udt5823-p1udt5824x
1.0217957320478785,p1udt325
1.0217957329381318,p1udt21220-p1udt325xx
1.0218228434680277,p1udt21220-p1udt325x
1.0218228443562778,p1udt21220
1.0218228457608294,p1udt21220-p1udt8425x
1.0219018797423545,p1udt309-p1udt8814x
1.0219108464609121,p1udt21220-p1udt8425xx
1.0219108478613605,p1udt8425
1.021910850172035,p1udt3296-p1udt8425xxx
1.0219737473568016,p1udt309
1.0219768118346988,p1udt2710
1.0219768128218019,p1udt20021-p1udt2710xx
1.0219954565793687,p1udt6742
1.022001646405003,p1udt3296-p1udt6742xx
1.0220115494459936,p1udt20021-p1udt2710x
1.0220115504307838,p1udt20021
1.0220115517387922,p1udt12048-p1udt20021xx
1.0220425529610677,p1udt3296-p1udt8425xx
1.022042555268056,p1udt3296-p1udt8425x
1.0220437576364862,p1udt12048-p1udt20021x
1.0220437589428806,p1udt12048
1.0220437608333486,p1udt10700-p1udt12048xxx
1.0220458455542536,p1udt309-p1udt4787x
1.0221050642457172,p1udt3296-p1udt6742x
1.022111250239143,p1udt3296
1.022118333921717,p1udt2692-p1udt3296xx
1.0221316593099625,p1udt19507lv
1.0221894307561783,p1udt10700-p1udt12048xx
1.0221894326416252,p1udt10700-p1udt12048x
1.0221921802844693,p1udt2692-p1udt3296x
1.0221992614736242,p1udt2692
1.0222065052640692,p1udt17154-p1udt2692xx
1.0222302223085686,p1udt309-p1udt4787xx
1.022251642082736,p1udt3298
1.0222516426228183,p1udt3298-p1udt8410x
1.0222554519823144,p1udt17154-p1udt2692x
1.0222626941530455,p1udt17154
1.022265081325894,p1udt20934
1.0222684619797244,p1udt21216
1.0222700329117345,p1udt10700-p1udt17154xx
1.022276986505318,p1udt3298-p1udt8410xx
1.0222769870423034,p1udt3298-p1udt8410xxx
1.022287142869455,p1udt23478
1.0222930272415975,p1udt13025
1.0223023268885614,p1udt4787
1.022311834831987,p1udt8410
1.0223133507555076,p1udt4318-p1udt8410xx
1.0223140250487577,p1udt6304-p1udt927x
1.022319392731086,p1udt5823-p1udt5824xx
1.0223194000333462,p1udt5824
1.0223194076604585,p1udt5824-p1udt6742x
1.0223409263361924,p1udt4318-p1udt8410x
1.0223424374873085,p1udt4318
1.022344246704274,p1udt4318-p1udt6304x
1.0223614716105363,p1udt4318-p1udt6304xx
1.0223632783353434,p1udt6304
1.022374768994256,p1udt308-p1udt4787xx
1.0224071847346534,p1udt10700-p1udt17154x
1.0224143797768181,p1udt16009-p1udt6304xx
1.022414518976681,p1udt10700
1.0224228196318166,p1udt10700-p1udt327x
1.022552510042521,p1udt10700-p1udt327xx
1.0225608068946617,p1udt327
1.0225694684747195,p1udt23944-p1udt327xx
1.0226579876249267,p1udt23944-p1udt327x
1.0226666467120606,p1udt23944
1.0226754523680237,p1udt10705-p1udt23944xx
1.0227193247840882,p1udt5824-p1udt6742xx
1.022719332408473,p1udt5824-p1udt6742xxx
1.0227492913222183,p1udt10705-p1udt23944x
1.0227580949341781,p1udt10705
1.0227670610291468,p1udt10705-p1udt20025x
1.0228219679092854,p1udt20025-p1udt2141x
1.0228696441661684,p1udt308-p1udt4787x
1.0228957112264123,p1udt10705-p1udt20025xx
1.0229046738101741,p1udt20025
1.0229344896388888,p1udt16009-p1udt6304x
1.022942101001686,p1udt308
1.0229855962370251,p1udt16009
1.0229965112414035,p1udt11369-p1udt20025xx
1.02301487524004,p1udt308-p1udt4316x
1.0230369237499488,p1udt16009-p1udt311x
1.023436797789284,p1udt16009-p1udt311xx
1.0234881294806601,p1udt311
1.023488214677017,p1udt308-p1udt4316xx
1.0235396152731313,p1udt14229-p1udt311xx
1.0235516543476473,p1udt16940
1.023551654907909,p1udt14227-p1udt16940xx
1.0235610031283713,p1udt4316
1.0235688787478456,p1udt14227-p1udt16940x
1.0235688793060775,p1udt14227
1.0235688802277398,p1udt14227-p1udt4317x
1.0236028523723184,p1udt14227-p1udt4317xx
1.0236028532915524,p1udt4317
1.0236028547867237,p1udt4317-p1udt8020x
1.0236304332387136,p1udt4317-p1udt8020xx
1.0236304347326761,p1udt8020
1.0236304370921734,p1udt13953-p1udt8020xx
1.0236340003909916,p1udt18954-p1udt4316xx
1.0237174761798953,p1udt13953-p1udt8020x
1.0237174785370053,p1udt13953
1.0237174812036012,p1udt12382-p1udt13953xx
1.023791250543765,p1udt12382-p1udt13953x
1.0237912532085802,p1udt12382
1.0237912566421532,p1udt12382-p1udt310x
1.0239179449790903,p1udt12382-p1udt310xx
1.0239179484103287,p1udt310
1.0239179525602558,p1udt18954-p1udt310xxx
1.023940785884601,p1udt14229-p1udt311x
1.0239922758753766,p1udt14229
1.0240076078860783,p1udt18954-p1udt4316x
1.024043921864936,p1udt14229-p1udt1558x
1.0240712801577772,p1udt2142_b2_1
1.0240806166764969,p1udt18954
1.0241273717063735,p1udt2142_b1_1
1.024155173829524,p1udt18361-p1udt18954xx
1.0242215873827782,p1udt18954-p1udt310xx
1.0242215915281732,p1udt18954-p1udt310x
1.0244462578421312,p1udt14229-p1udt1558xx
1.024497908049592,p1udt1558
1.024549701453321,p1udt11036-p1udt1558xx
1.0247253477203269,p1udt18361-p1udt18954x
1.0247369538757967,p1udt11369-p1udt20025x
1.0247519203417805,p1udt6726
1.02476473776443,p1udt12049
1.0247653395528198,p1udt12049-p1udt19507x
1.0247683549320372,p1udt12049-p1udt19507xx
1.0247689554025419,p1udt19507
1.0247695915247388,p1udt15282-p1udt19507xx
1.0247741837245992,p1udt15282-p1udt19507x
1.0247748179473122,p1udt15282
1.02477566207138,p1udt15282-p1udt8427x
1.0247818971632796,p1udt15282-p1udt8427xx
1.024782739344787,p1udt8427
1.0247838541696055,p1udt11369-p1udt8427xx
1.0247853030634166,p1udt16930
1.0247853034101098,p1udt16930-p1udt8427x
1.0247999220908268,p1udt18361
1.0248078995248269,p1udt16930-p1udt8427xx
1.024807899867188,p1udt16930-p1udt8427xxx
1.0248277800760353,p1udt11369-p1udt8427x
1.024828884502341,p1udt11369
1.0248416846472177,p1udt15757
1.0248419023581525,p1udt15757-p1udt6726x
1.024874578607312,p1udt11036-p1udt18361xx
1.024922111149926,p1udt11369-p1udt2142x
1.0249605891187366,p1udt22170-p1uhs0_1247x_b2_1
1.025016167113068,p1udt22170-p1uhs0_1247x_b1_1
1.0250648973191803,p1udt11036-p1udt18361x
1.0250877618176493,p1udt11036-p1udt1558x
1.0251395606090103,p1udt11036
1.0252662290616268,p1udt11036-p1udt12703x
1.0254160725828347,p1udt11369-p1udt2142xx
1.0255093276673106,p1udt2142
1.0261153903945415,p1udt11036-p1udt12703xx
1.0261755516282982,p1udt2142-p1uhs0_1247x
1.026242180067032,p1udt12703
1.0262581835392381,p1udt12703-p1uhs0_1247x
1.0262809602096217,sb2_p1uhs0_1247_bus_2_4
1.026349000566093,sb2_p1uhs0_1247_bus_2_6
1.0264306827953302,sb2_p1uhs0_1247_node_2_15
1.0264760454454045,sb2_p1uhs0_1247_node_2_17
1.0265221389606358,p1udt22170-p1uhs0_1247x
1.0265633195196513,sb2_p1uhs0_1247_bus_2_5
1.0265804123502444,sb2_p1uhs0_1247_node_2_12
1.0266030948810423,sb2_p1uhs0_1247_node_2_14
1.0266189286237732,sb2_p1uhs0_1247_node_2_16
1.0266745384076976,sb2_p1uhs0_1247_node_2_13
1.0267301488713148,sb2_p1uhs0_1247_bus_2_2
1.0270625716038015,sb2_p1uhs0_1247_node_2_11
