DeliveryDate,HourEnding,Coast,East,FarWest,North,NorthCentral,SouthCentral,Southern,West,SystemTotal,Model,InUseFlag,DSTFlag
09/25/2026,1:00,15742.7852,1922.4596,7548.7432,1666.928,17441.1309,10719.3223,4935.3237,2004.5085,61981.2014,A3,N,N
09/25/2026,1:00,15722.9004,1923.9894,7531.9331,1629.9099,17257.3145,10832.8271,4869.5283,1991.6232,61760.0259,A6,N,N
09/25/2026,1:00,16279.5,1986.91,7540.02,1803.41,16984.4004,10599.7002,5064.7002,1986.7,62245.3408,E,N,N
09/25/2026,1:00,16252.5,1985.02,7548.77,1803.89,16951.5996,10677.2998,5072.54,1985.08,62276.6994,E1,Y,N
09/25/2026,1:00,16003.5,1960.28,7475.6802,1786.6899,16751.1992,10553.2998,4993.3101,1963.22,61487.1792,E2,N,N
09/25/2026,1:00,16322.7998,1992.71,7542.21,1802.9301,16965.6992,10658.9004,5089.1299,1994.6899,62369.0693,E3,N,N
09/25/2026,1:00,16168.8887,1968.3682,7525.2979,1765.3901,17000.7539,10645.9072,5016.0693,1986.6704,62077.3457,M,N,N
09/25/2026,1:00,15751.7002,1904.6899,7394.1499,1728.77,16726.4004,10295.7002,5030.6001,1997.6801,60829.6908,X,N,N
09/25/2026,2:00,15293.4424,1832.0659,7456.3594,1731.2277,15667.1367,10193.667,4840.687,2000.8737,59015.4598,A3,N,N
09/25/2026,2:00,15279.2832,1800.6914,7502,1720.5229,15567.5273,10093.0078,4810.7842,2025.1183,58798.9351,A6,N,N
09/25/2026,2:00,15493.2998,1853.4,7445.1802,1798.1,15852.7998,10188,4847.77,2045.64,59524.1898,E,N,N
09/25/2026,2:00,15483.4004,1846.45,7443.3501,1795.34,15822.5,10175,4855.5601,2042.14,59463.7406,E1,Y,N
09/25/2026,2:00,15343.5996,1831.96,7369.1899,1773.39,15678.5996,10067.2998,4813.1899,2022.96,58900.1888,E2,N,N
09/25/2026,2:00,15483.5,1847.73,7446.3999,1800.29,15852,10187.5996,4846.46,2037.24,59501.2195,E3,N,N
09/25/2026,2:00,15441.2295,1841.0594,7441.2236,1777.1075,15737.4854,10138.1533,4830.6377,2034.9199,59241.8163,M,N,N
09/25/2026,2:00,15103.5,1823.33,7310.6499,1704.22,15676.2998,9882.9404,4786.4199,1977.36,58264.72,X,N,N
09/25/2026,3:00,14858.8691,1738.0475,7358.3428,1727.0515,14910.7539,9500.2363,4652.8999,1981.5305,56727.7315,A3,N,N
09/25/2026,3:00,14885.5049,1767.7625,7315.0537,1739.5667,14872.46,9395.8398,4666.4629,2002.0854,56644.7359,A6,N,N
09/25/2026,3:00,14881.7002,1770.37,7462,1770.88,15001.5,9712.9805,4731.9399,2051.02,57382.3906,E,N,N
09/25/2026,3:00,14900.2998,1761.21,7458.5298,1769.8101,14983.7998,9709.7002,4723.5898,2040.6,57347.5395,E1,Y,N
09/25/2026,3:00,14719.0996,1742.41,7384.9702,1753.1,14826,9588.9502,4666.4399,2014.8101,56695.78,E2,N,N
09/25/2026,3:00,14920,1764.6801,7461.2798,1769.5,14996,9718.5,4732.3301,2041.02,57403.31,E3,N,N
09/25/2026,3:00,14837.8086,1758.5487,7416.3667,1760.5031,14911.584,9664.8701,4702.3213,2029.0667,57081.0692,M,N,N
09/25/2026,3:00,14590.4004,1732.11,7379.7798,1648.73,14924.4004,9468.6396,4663.8901,1951.14,56359.0903,X,N,N
09/25/2026,4:00,14164.1533,1647.0607,7389.8779,1645.8894,14307.041,9182.9473,4551.9063,1928.9053,54817.7812,A3,N,N
09/25/2026,4:00,14178.751,1643.8188,7354.2495,1660.4454,14270.0205,9282.6211,4565.9761,1949.1385,54905.0209,A6,N,N
09/25/2026,4:00,14517.5,1674.8101,7503.71,1636.09,14389,9389.71,4632.4702,2006.1,55749.3903,E,N,N
09/25/2026,4:00,14515.2998,1677.46,7508.4702,1637.6,14403.5996,9390.25,4636.79,2017.9,55787.3696,E1,Y,N
09/25/2026,4:00,14345.2002,1658.8101,7430.5801,1622.11,14247.9004,9260.4297,4581.9102,1994.23,55141.1707,E2,N,N
09/25/2026,4:00,14524.0996,1679.65,7510.0698,1636.4,14421.4004,9400.75,4641.02,2019.39,55832.7798,E3,N,N
09/25/2026,4:00,14461.6807,1667.9423,7462.6587,1639.064,14346.3848,9321.1426,4612.2485,1998.0699,55509.1915,M,N,N
09/25/2026,4:00,14354.9004,1664.92,7349.9102,1639.4,14364,9202.6797,4612.71,1940.97,55129.4903,X,N,N
09/25/2026,5:00,14437.0596,1606.7803,7516.2188,1578.6049,14088.1816,9069.9707,4537.0239,1896.0778,54729.9176,A3,N,N
09/25/2026,5:00,14270.2705,1622.02,7495.8599,1589.9043,14026.959,9091.0625,4512.9814,1887.0049,54496.0625,A6,N,N
09/25/2026,5:00,14468.7002,1653.1899,7615.5498,1564.5,14104.5996,9244.8604,4599.6699,1884.4399,55135.5097,E,N,N
09/25/2026,5:00,14446.0996,1656.35,7616.1001,1565.27,14109.2002,9249.9502,4601.0898,1879.71,55123.7699,E1,Y,N
09/25/2026,5:00,14278,1637.38,7537.3101,1547.72,13960.5996,9127.3096,4546.3398,1854.55,54489.2091,E2,N,N
09/25/2026,5:00,14462.2002,1662.84,7619.3999,1566.98,14124.0996,9243.1504,4600.52,1879.87,55159.0601,E3,N,N
09/25/2026,5:00,14362.8838,1650.202,7575.96,1566.6423,14066.0752,9213.3535,4579.1045,1874.1508,54888.3721,M,N,N
09/25/2026,5:00,14125.5,1638.36,7420.8301,1626.51,13984.0996,9050.1904,4564.3599,1875.04,54284.89,X,N,N
09/25/2026,6:00,14347.1445,1630.118,7470.7544,1655.7648,14233.1953,9138.2129,4581.6196,1957.4321,55014.2416,A3,N,N
09/25/2026,6:00,14366.6709,1654.0337,7525.9346,1651.9045,14093.6172,9173.75,4591.9346,1970.3494,55028.1949,A6,N,N
09/25/2026,6:00,14693.7998,1648.96,7633.9302,1660.6899,14334.5996,9314.3096,4618.6099,1979.52,55884.419,E,N,N
09/25/2026,6:00,14690.7002,1651.79,7634.3198,1659.92,14331.7998,9312.6299,4624.46,1978.79,55884.4097,E1,Y,N
09/25/2026,6:00,14507.5996,1633.96,7558.2202,1643.14,14176.4004,9203.46,4564.4199,1955.92,55243.1201,E2,N,N
09/25/2026,6:00,14689.7002,1652.23,7633.9902,1662.08,14334.2998,9308.3301,4624.3301,1978.37,55883.3304,E3,N,N
09/25/2026,6:00,14612.9463,1646.5614,7597.2793,1655.8635,14238.749,9285.25,4600.7939,1973.3877,55610.8311,M,N,N
09/25/2026,6:00,14429.9004,1664.62,7386.5098,1655.66,14341,9149.1699,4603.27,1933.4301,55163.5602,X,N,N
09/25/2026,7:00,14574.543,1713.698,7513.3735,1723.5201,14719.6504,9463.7119,4755.8901,1996.4908,56460.8778,A3,N,N
09/25/2026,7:00,14602.7686,1717.0239,7512.0825,1738.7163,14577.7578,9463.0254,4750.3789,2033.9822,56395.7356,A6,N,N
09/25/2026,7:00,14865.4004,1739.16,7582.5,1759.6801,14894.2998,9586.2803,4800.73,1973.26,57201.3106,E,N,N
09/25/2026,7:00,14849.5,1740.88,7582.6602,1757.72,14871.4004,9575.46,4808.8799,1981.23,57167.7305,E1,Y,N
09/25/2026,7:00,14697,1721.1801,7506,1739.13,14711.5996,9478.54,4752.1299,1963.33,56568.9096,E2,N,N
09/25/2026,7:00,14879,1745.58,7584.6699,1761.14,14886.5996,9586.3398,4806.8301,1981.34,57231.4994,E3,N,N
09/25/2026,7:00,14756.6914,1731.8306,7552.7583,1750.4681,14767.7285,9507.4375,4783.3091,1981.0547,56831.2782,M,N,N
09/25/2026,7:00,14611.2002,1740.33,7369.2402,1716.7,14863.7998,9458.0596,4728.9702,1982.1801,56470.4801,X,N,N
09/25/2026,8:00,14401.8691,1661.6678,7464.0308,1711.547,14731.8574,9520.1279,4784.2871,1957.4446,56232.8317,A3,N,N
09/25/2026,8:00,14409.4678,1657.0905,7504.7578,1669.9926,14676.6465,9644.5742,4784.3369,1978.9203,56325.7866,A6,N,N
09/25/2026,8:00,14705.0996,1680.38,7506.2002,1764.23,14990.5,9607.3203,4835,2021.28,57110.0101,E,N,N
09/25/2026,8:00,14722.7002,1681.1801,7511.5898,1760.74,15028.7998,9612.7598,4825.9902,2015.79,57159.5499,E1,Y,N
09/25/2026,8:00,14600.7998,1660.08,7437.4302,1742.3,14893.4004,9506.8203,4789.9102,1996.37,56627.1109,E2,N,N
09/25/2026,8:00,14681.7998,1686.89,7513.6699,1764.39,14997.5,9601.8203,4827.2798,2017.53,57090.8798,E3,N,N
09/25/2026,8:00,14623.9736,1673.2571,7495.0083,1738.6322,14909.7285,9570.832,4814.29,2011.5969,56837.3186,M,N,N
09/25/2026,8:00,14567.2002,1692.0601,7363.4102,1724.13,15041.9004,9546.96,4762.8799,1962.36,56660.9008,X,N,N
09/25/2026,9:00,14995.2051,1650.6099,7434.7212,1782.8446,15313.3779,9729.8779,4879.0356,2012.4771,57798.1493,A3,N,N
09/25/2026,9:00,15037.375,1649.1526,7418.1094,1782.8466,15258.2207,9660.3145,4896.1411,1974.0123,57676.1722,A6,N,N
09/25/2026,9:00,14901.2002,1673.1899,7455.5801,1809.17,15263.5,9839.3604,4972.3301,2015.08,57929.4107,E,N,N
09/25/2026,9:00,15090.7998,1672.1,7460.0801,1820.3,15402.5,9860.5596,4884.6802,2026.6,58217.6197,E1,Y,N
09/25/2026,9:00,15002.5,1652.55,7386.4702,1804.17,15379.7002,9782.5195,4907.73,2019.15,57934.7899,E2,N,N
09/25/2026,9:00,14939,1680.38,7446.8901,1810.21,15302.5,9868.4404,4924.1001,2033.77,58005.2906,E3,N,N
09/25/2026,9:00,14971.5732,1667.1537,7432.3677,1806.7246,15338.7666,9831.9521,4920.2529,2020.7501,57989.5409,M,N,N
09/25/2026,9:00,14690.7998,1627.59,7338.02,1776.14,15194,9653.4102,4806.1201,1995.9301,57082.0102,X,N,N
09/25/2026,10:00,15638.0479,1668.0995,7606.2729,1820.66,16106.1289,10496.8838,5200.7202,2106.5437,60643.3569,A3,N,N
09/25/2026,10:00,15635.5137,1670.0166,7622.3428,1836.9583,16092.4531,10549.1641,5212.209,2140.9561,60759.6137,A6,N,N
09/25/2026,10:00,15588.0996,1730.63,7637.0898,1819.73,16297.7002,10520.0996,5294.7002,2088.3799,60976.4293,E,N,N
09/25/2026,10:00,15857.2002,1738.01,7630.2202,1823.49,16430.5996,10421.9004,5244.0801,2100.49,61245.9905,E1,Y,N
09/25/2026,10:00,15795.2998,1714.6801,7545.2798,1802,16338.5,10406.0996,5234.8398,2086.27,60922.9691,E2,N,N
09/25/2026,10:00,15815.7998,1737.25,7625.1299,1822.38,16294.9004,10515.7002,5260.1602,2103.6599,61174.9804,E3,N,N
09/25/2026,10:00,15787.3242,1716.7754,7611.7402,1821.5881,16298.0381,10462.7148,5246.7949,2095.0396,61040.0153,M,N,N
09/25/2026,10:00,15441.9004,1633.71,7427.04,1841.58,15806.7002,10315.9004,5170.2598,2073.5901,59710.6809,X,N,N
09/25/2026,11:00,16762.8848,1710.3807,7721.106,1840.5331,17312.2461,11419.0664,5433.561,2160.1653,64359.9434,A3,N,N
09/25/2026,11:00,16783.1582,1716.0221,7705.416,1866.1865,17277.625,11505.874,5479.5835,2129.0569,64462.9222,A6,N,N
09/25/2026,11:00,16508.0996,1698.8101,7805.3901,1814.25,17429.8008,11487.2998,5544.6899,2205.1799,64493.5202,E,N,N
09/25/2026,11:00,16755.4004,1701.45,7796.4102,1824.85,17433.9004,11425,5495.5298,2206.1399,64638.6807,E1,Y,N
09/25/2026,11:00,16650.5996,1691.35,7718.6201,1814.52,17292.3008,11363.2002,5485.9702,2191.3,64207.8609,E2,N,N
09/25/2026,11:00,16676.8008,1703.74,7796.8799,1821.89,17444.0996,11461.5996,5501.0898,2204.6299,64610.7296,E3,N,N
09/25/2026,11:00,16621.3477,1698.6323,7764.2637,1827.1783,17339.2949,11373.6465,5499.8428,2188.1892,64312.3954,M,N,N
09/25/2026,11:00,16391,1682.71,7496.9399,1852.1899,17025.1992,11076.7002,5447.21,2161.0601,63133.0093,X,N,N
09/25/2026,12:00,17761.7012,1834.0609,7716.9409,1901.6711,18174.8535,12006.1035,5778.7642,2263.3208,67437.4161,A3,N,N
09/25/2026,12:00,17607.7266,1830.8711,7670.1392,1905.1068,18252.8066,11888.3086,5762.2651,2250.05,67167.274,A6,N,N
09/25/2026,12:00,17442.4004,1766.09,7804.8301,1888.51,18330.6992,12283.2002,5891.3701,2304.02,67711.12,E,N,N
09/25/2026,12:00,17420.5996,1774.46,7792.46,1893.8,18343.8008,12254.5996,5812.5698,2295.99,67588.2798,E1,Y,N
09/25/2026,12:00,17331.5996,1765.16,7714.8301,1875.1899,18186.3008,12171.7998,5815.5698,2279.29,67139.74,E2,N,N
09/25/2026,12:00,17344.5,1767.92,7795.46,1891.78,18381.4004,12270.5996,5824.3501,2294.8601,67570.8702,E3,N,N
09/25/2026,12:00,17429.3652,1780.9001,7754.3916,1889.8765,18311.8184,12116.8799,5816.8457,2284.5027,67384.5801,M,N,N
09/25/2026,12:00,16959,1785.66,7558.7998,1913.76,17956.1992,11730.4004,5779.6602,2269.03,65952.5096,X,N,N
09/25/2026,13:00,18112.7656,1969.335,7747.502,2054.3235,19527.4004,12831.1143,6223.5283,2374.5623,70840.5314,A3,N,N
09/25/2026,13:00,18120.6816,1944.7543,7771.0518,2020.1238,19521.2227,12763.543,6165.7622,2334.1404,70641.2798,A6,N,N
09/25/2026,13:00,18463.1992,1889.02,7886.7002,2026.8,19409.3008,13021.7998,6232.98,2376.26,71306.06,E,N,N
09/25/2026,13:00,18306.6992,1880.11,7878.5498,2035.45,19398.9004,12916.2002,6181.8799,2355.6299,70953.4194,E1,Y,N
09/25/2026,13:00,18156.1992,1886.83,7793.7598,2025.5,19279.0996,12910.4004,6166.9399,2341.8201,70560.549,E2,N,N
09/25/2026,13:00,18195.5,1882.53,7872,2028.6899,19434.3008,12997.5,6192.6099,2357.8799,70961.0105,E3,N,N
09/25/2026,13:00,18278.3809,1900.1981,7851.5239,2027.1898,19396.2891,12940.9277,6190.2686,2351.8557,70936.6338,M,N,N
09/25/2026,13:00,18027.8008,1921.0699,7612.3501,2028.33,19231.8008,12501.7998,6078.6499,2345.6101,69747.4114,X,N,N
09/25/2026,14:00,19475.5371,2144.5164,7949.3945,2161.2227,20812.8691,13218.0752,6387.9341,2445.7598,74595.3089,A3,N,N
09/25/2026,14:00,19375.1777,2128.9656,7943.3403,2150.9634,20552.248,12973.9717,6359.9165,2389.8975,73874.4807,A6,N,N
09/25/2026,14:00,19471.5,2063.02,7916.4102,2169.02,20722.8008,13620.4004,6527.2402,2479.6899,74970.0815,E,N,N
09/25/2026,14:00,19361.4004,2065.47,7917.7202,2180.77,20764.4004,13550.5,6483.04,2457.1201,74780.4211,E1,Y,N
09/25/2026,14:00,19245.3008,2049.3201,7841.6699,2162.9099,20656.0996,13535.7998,6464.23,2452.6899,74408.02,E2,N,N
09/25/2026,14:00,19279.8008,2053.45,7917.48,2167.3799,20804.6992,13619.5996,6493.7598,2459.5801,74795.7494,E3,N,N
09/25/2026,14:00,19345.2246,2071.8755,7906.0972,2165.8892,20702.3535,13479.874,6467.2666,2447.4707,74586.0513,M,N,N
09/25/2026,14:00,19033.4004,2070.01,7732.9902,2118.03,20508,13185.7002,6321.4702,2395.8301,73365.4311,X,N,N
09/25/2026,15:00,20415.9023,2320.5271,8089.6338,2133.0903,21858.6621,14333.7979,6406.9976,2396.6345,77955.2456,A3,N,N
09/25/2026,15:00,20124.2656,2334.8169,8060.2861,2160.8618,21848.2617,14283.499,6405.6841,2329.1851,77546.8603,A6,N,N
09/25/2026,15:00,20484.4004,2304.04,8019.77,2076.9399,22102.8008,14093.0996,6457.98,2341.01,77880.0407,E,N,N
09/25/2026,15:00,20475.1992,2305.1599,8047.23,2088.3501,22084.9004,14065.2002,6433.5898,2338.3701,77837.9997,E1,Y,N
09/25/2026,15:00,20359.9004,2290.5601,7962.2202,2072.29,21983.5,14043.2002,6395.21,2327.4299,77434.3108,E2,N,N
09/25/2026,15:00,20405.4004,2291.5601,8048.3398,2075.6399,22150.6992,14127.5,6441.1699,2339.3,77879.6093,E3,N,N
09/25/2026,15:00,20335.6758,2298.5066,8024.2949,2097.0781,22025.457,14039.4531,6430.5415,2335.9329,77586.9399,M,N,N
09/25/2026,15:00,20036.4004,2226.48,7706.8301,2161.4099,22166.0996,13779.9004,6438.2798,2424.28,76939.6802,X,N,N
09/25/2026,16:00,21036.2324,2366.3408,7930.9893,2144.6924,23141.4531,14598.4385,6598.3364,2448.4553,80264.9382,A3,N,N
09/25/2026,16:00,21029.6699,2348.2878,7908.772,2110.5002,23208.0371,14493.9805,6609.8105,2478.7732,80187.8312,A6,N,N
09/25/2026,16:00,21010,2353.6001,8006.8398,1984.12,23392,14516.2998,6589.6499,2432.76,80285.2696,E,N,N
09/25/2026,16:00,21160.1992,2363.96,8013.2002,1989.61,23200.5,14468.5,6574.6602,2414.7,80185.3296,E1,Y,N
09/25/2026,16:00,21074.5996,2353.4099,7943.6602,1972.0601,23123.4004,14456.2002,6520.4199,2398.6399,79842.3902,E2,N,N
09/25/2026,16:00,21136.4004,2351.28,8009.77,1983.33,23258.6992,14547.7998,6584.7402,2413.95,80285.9696,E3,N,N
09/25/2026,16:00,21012.7852,2355.6516,7972.4722,2002.0228,23193.8691,14454.7773,6573.0068,2427.342,79991.927,M,N,N
09/25/2026,16:00,20712.5996,2342.27,7783.54,2103.8501,22998.8008,14225.5,6596.7202,2462.52,79225.8007,X,N,N
09/25/2026,17:00,20897.7168,2400.8086,7844.0225,2167.5454,24066.1816,14672.0674,6715.4023,2478.1531,81241.8977,A3,N,N
09/25/2026,17:00,20657.5039,2358.1367,7869.4058,2187.5461,23896.7852,14567.5557,6799.6489,2513.2754,80849.8577,A6,N,N
09/25/2026,17:00,21295.8008,2433.47,8041.25,2123.8501,24267.0996,14869.5,6747.8701,2425.8301,82204.6707,E,N,N
09/25/2026,17:00,21468.3008,2438.6001,8027.29,2127.1001,24000.3008,14813.4004,6740.77,2421.05,82036.8122,E1,Y,N
09/25/2026,17:00,21362.1992,2425.8701,7955.7998,2107.01,23929.4004,14822.7998,6681.7998,2406.0801,81690.9592,E2,N,N
09/25/2026,17:00,21347.5,2415.7,8030.0801,2124.96,24069.1992,14892.5,6752.4102,2423.26,82055.6095,E3,N,N
09/25/2026,17:00,21294.4766,2409.8311,7984.8228,2132.5947,24000.6797,14857.5469,6741.6641,2439.0432,81860.6591,M,N,N
09/25/2026,17:00,20929.5996,2433.55,7785.2402,2160.8799,23758.5996,14555.7002,6684.04,2446.54,80754.1495,X,N,N
09/25/2026,18:00,21393.1504,2432.1709,7831.7534,2069.9297,23760.4375,14693.6533,6649.4048,2448.8291,81279.3291,A3,N,N
09/25/2026,18:00,21185.6309,2392.5745,7816.7178,2067.7092,23782.377,14751.3281,6689.8545,2428.8362,81115.0282,A6,N,N
09/25/2026,18:00,21032.9004,2385.8501,7950.7598,2046.03,24446.3008,15006,6745.3501,2458.7,82071.8912,E,N,N
09/25/2026,18:00,21101.3008,2396.4099,7942.9399,2049.2,24297.0996,14960.2998,6759.73,2463.6101,81970.5901,E1,Y,N
09/25/2026,18:00,20942.0996,2377.0801,7858.79,2033.34,24125.6992,14985.2998,6696.6499,2449.8899,81468.8485,E2,N,N
09/25/2026,18:00,21008.1992,2389.52,7944.23,2045.4301,24282.8008,15045.2998,6769.1602,2461.98,81946.6201,E3,N,N
09/25/2026,18:00,21057.1016,2388.1077,7902.7964,2053.0356,24155.1523,14941.8438,6728.4961,2449.6118,81676.1453,M,N,N
09/25/2026,18:00,20424,2399.3,7712.9302,2110.6699,23557.8008,14669.9004,6621.8101,2447.9199,79944.3313,X,N,N
09/25/2026,19:00,20141.9707,2440.5444,7599.1606,1969.0463,22575.8398,14042.875,6453.521,2508.917,77731.8748,A3,N,N
09/25/2026,19:00,19638.9121,2412.9553,7595.0732,1972.7078,22599.1309,13853.5039,6450.7925,2515.3064,77038.3821,A6,N,N
09/25/2026,19:00,20145.4004,2353.49,7579.29,1978.4301,23472.1992,14600.7998,6501.1099,2544.6399,79175.3593,E,N,N
09/25/2026,19:00,20176.0996,2358.6101,7596.0898,1984.64,23187.5996,14494.2002,6501.5601,2542.23,78841.0294,E1,Y,N
09/25/2026,19:00,19980.6992,2338.8301,7526.3501,1969.86,23201.6992,14543.2002,6445.5801,2524.8701,78531.089,E2,N,N
09/25/2026,19:00,20084.8008,2339.3201,7574.02,1971.72,23358.1992,14576.0996,6518.3999,2539.8401,78962.3997,E3,N,N
09/25/2026,19:00,20005.1816,2360.6411,7574.165,1975.4716,23163.7656,14413.5615,6483.4888,2533.3774,78509.6526,M,N,N
09/25/2026,19:00,19691.9004,2422.6399,7510.2402,1966.54,22681.3008,14287.2998,6399.7798,2475.8,77435.5009,X,N,N
09/25/2026,20:00,19158.5273,2365.4229,7657.1279,1952.2405,21555.4551,13616.1514,6332.3428,2427.7742,75065.0421,A3,N,N
09/25/2026,20:00,18847.7305,2330.4116,7640.229,1961.2759,21486.4883,13516.1504,6358.5898,2424.0388,74564.9143,A6,N,N
09/25/2026,20:00,19248.5996,2247.25,7430.6699,1855.8199,22068.8008,13917.9004,6272.4502,2432.95,75474.4408,E,N,N
09/25/2026,20:00,19310.8008,2259.1499,7448.8198,1864.66,21817.1992,13731.9004,6272.8101,2422.5801,75127.9203,E1,Y,N
09/25/2026,20:00,19123.0996,2242.6001,7387.0498,1848.29,21886.6992,13894.2998,6218.8999,2413.5901,75014.5285,E2,N,N
09/25/2026,20:00,19245,2234.6599,7410.54,1850.83,21907.6992,13847.9004,6293.8501,2419.3799,75209.8595,E3,N,N
09/25/2026,20:00,19155.0469,2262.8142,7463.4619,1876.1753,21833.3789,13781.6309,6283.3198,2422.5078,75078.3357,M,N,N
09/25/2026,20:00,18669.6992,2310.5901,7498.9502,1944.74,21288.0996,13464.5996,6231.5298,2363.54,73771.7485,X,N,N
09/25/2026,21:00,18559.5859,2253.4983,7755.335,1884.3846,20743.334,13279.167,6156.4331,2402.9968,73034.7347,A3,N,N
09/25/2026,21:00,18348.5996,2248.3245,7727.4814,1871.2915,20632.998,13109.3232,6190.8364,2419.9844,72548.839,A6,N,N
09/25/2026,21:00,18319.4004,2174.99,7519.1899,1918.15,20824.5996,13149.7998,6029.2202,2318.3401,72253.69,E,N,N
09/25/2026,21:00,18561.5996,2203.77,7589.0298,1906.91,20831.5,13061.5,6101.4102,2310.3701,72566.0897,E1,Y,N
09/25/2026,21:00,18381.6992,2172.77,7511.1299,1903.85,20751.0996,13202.5996,6025.6699,2301.4299,72250.2481,E2,N,N
09/25/2026,21:00,18501,2176.1599,7533.29,1902.86,20698.3008,13099.2998,6096.8301,2295.6399,72303.3805,E3,N,N
09/25/2026,21:00,18422.459,2195.2029,7576.0249,1900.6123,20747.7012,13124.5049,6088.7939,2329.1531,72384.4522,M,N,N
09/25/2026,21:00,17859.0996,2210.9399,7529.3101,1956.92,20345.3008,12733.4004,6050.3901,2298.1001,70983.461,X,N,N
09/25/2026,22:00,17937.4648,2092.9585,7652.4683,1794.7286,19580.7207,12821.5,5923.9458,2332.052,70135.8387,A3,N,N
09/25/2026,22:00,17874.8242,2086.1423,7663.3994,1821.0365,19534.0195,12800.3203,5962.3481,2380.9045,70122.9948,A6,N,N
09/25/2026,22:00,17337.1992,2071.1899,7427.8501,1921.1,19509.3008,12334.7002,5710.4102,2209.28,68521.0304,E,N,N
09/25/2026,22:00,17795.6992,2104.23,7563.3799,1866.38,19706.8008,12352,5844.73,2230.05,69463.2699,E1,Y,N
09/25/2026,22:00,17604.1992,2068.51,7534.7402,1902.22,19584.1992,12441.5,5739.6699,2201.1101,69076.1486,E2,N,N
09/25/2026,22:00,17672.5996,2078.4399,7463.7798,1896.58,19424.5996,12300.4004,5811.4399,2213.1899,68861.0291,E3,N,N
09/25/2026,22:00,17656.9043,2081.7026,7530.6299,1881.4634,19551.7852,12445.7842,5813.7197,2246.907,69208.8963,M,N,N
09/25/2026,22:00,17058.0996,2115.8201,7502.8501,1856.1801,19052.4004,12118.2002,5813.3799,2269.9199,67786.8503,X,N,N
09/25/2026,23:00,17022.3789,1976.7299,7513.5225,1697.8309,18220.5723,12017.8359,5606.4556,2233.2532,66288.5792,A3,N,N
09/25/2026,23:00,17083.9453,1972.0251,7535.0908,1736.288,18167.0938,11785.8516,5646.4053,2264.7126,66191.4125,A6,N,N
09/25/2026,23:00,16283.7998,1949.73,7337.9702,1923.0699,18141.9004,11512.2998,5411.4102,2103.21,64663.3903,E,N,N
09/25/2026,23:00,16958.5996,2020.86,7550.6699,1838.79,18466.6992,11674.9004,5573.1499,2119.9299,66203.5989,E1,Y,N
09/25/2026,23:00,16766.6992,1955.22,7574.6201,1888.47,18370.0996,11680,5479,2094.8701,65808.979,E2,N,N
09/25/2026,23:00,16793.5996,1989.0699,7423.1699,1902.38,18121.3008,11516.2998,5522.3301,2095.0901,65363.2402,E3,N,N
09/25/2026,23:00,16777.3281,1977.3811,7484.3037,1857.7996,18253.418,11633.8701,5526.459,2135.5625,65646.1221,M,N,N
09/25/2026,23:00,16112.2002,2002.73,7532.6401,1780.11,17816.1992,11365.2998,5509.7798,2185.8401,64304.7992,X,N,N
09/25/2026,24:00,15974.8389,1860.6058,7421.1089,1604.4111,16818.1602,11352.0605,5322.5249,2144.803,62498.5133,A3,N,N
09/25/2026,24:00,16033.9121,1885.5447,7464.0239,1630.4473,16705.5352,11141.1689,5362.5239,2135.5178,62358.6738,A6,N,N
09/25/2026,24:00,15271.4004,1858.01,7352.4102,1881.66,16797.9004,10753.5,5143.77,2006.54,61065.191,E,N,N
09/25/2026,24:00,16035.7002,1931.1801,7511.1499,1790.0699,17224.0996,11019.7002,5333.21,2039.96,62885.0699,E1,Y,N
09/25/2026,24:00,15902.0996,1837.27,7572.02,1832.87,17152.6992,10903.5996,5227.8901,2003.5,62431.9485,E2,N,N
09/25/2026,24:00,15827.2002,1915.64,7420.1201,1859.0699,16833.5996,10769,5266.9502,1996.67,61888.25,E3,N,N
09/25/2026,24:00,15814.0635,1885.5291,7463.9448,1798.8234,16942.7676,10917.3936,5266.8691,2036.4375,62125.8286,M,N,N
09/25/2026,24:00,15116.7998,1858.67,7479.7402,1709.8199,16677.8008,10593.5996,5218.3398,2108.4299,60763.2,X,N,N
09/26/2026,1:00,15443.3223,1808.0674,7619.7827,1635.8677,16328.5,10624.042,5044.7983,2048.3613,60552.7417,A3,N,N
09/26/2026,1:00,15170.6641,1789.5989,7624.5732,1613.4053,15898.8359,10405.3701,5058.3843,2013.8798,59574.7116,A6,N,N
09/26/2026,1:00,14290.7002,1784.99,7413.6499,1847.0601,15542.7002,10041.2998,4918.3799,1906.84,57745.6201,E,N,N
09/26/2026,1:00,15111.2998,1865.49,7514.02,1754.4399,16114.0996,10268,5034.3501,1938.54,59600.2394,E1,Y,N
09/26/2026,1:00,15124.5,1735.53,7591.3599,1774.55,16070.7002,10155.2002,5009.8999,1934.42,59396.1602,E2,N,N
09/26/2026,1:00,14910.5,1872.27,7422.3901,1817.9399,15704,9931.5898,4965.4702,1886.99,58511.15,E3,N,N
09/26/2026,1:00,14921.5332,1809.5758,7513.1987,1761.4791,15866.0674,10160.292,4997.2969,1936.134,58965.5771,M,N,N
09/26/2026,1:00,14190.0996,1724.47,7421.6699,1664.11,15533.5996,9820.6602,4991.0601,2050.6201,57396.2895,X,N,N
09/26/2026,2:00,14813.5732,1715.9843,7588.6567,1573.1407,15364.1309,9968.9717,4827.5527,2037.3352,57889.3454,A3,N,N
09/26/2026,2:00,14665.9316,1698.6251,7629.4604,1552.0602,14849.3477,9721.7461,4811.8428,2012.1788,56941.1927,A6,N,N
09/26/2026,2:00,13601.5,1689.14,7449.6001,1784.87,14516,9478.0996,4704.7798,1826.8199,55050.8094,E,N,N
09/26/2026,2:00,14397.4004,1780.61,7536.8799,1708.8199,15083.7998,9604.3398,4831.3101,1899.74,56842.8999,E1,Y,N
09/26/2026,2:00,14414.7002,1625.66,7553.0698,1705.59,15039.5,9507.3799,4800.3701,1882.33,56528.6,E2,N,N
09/26/2026,2:00,14204.2998,1796.4399,7451.48,1763.4301,14709.7002,9323.1904,4766.1699,1831.62,55846.3303,E3,N,N
09/26/2026,2:00,14256.7676,1718.0951,7524.0977,1702.9541,14839.6699,9526.9512,4782.8945,1890.5378,56241.9679,M,N,N
09/26/2026,2:00,13688.7998,1630.64,7369.6401,1600.17,14573.2998,9395.2402,4772.9102,1987.99,55018.6901,X,N,N
09/26/2026,3:00,14081.1572,1648.7076,7485.2822,1531.6335,14670.0439,9422.501,4641.6104,1997.0125,55477.9483,A3,N,N
09/26/2026,3:00,14062.0977,1631.8367,7510.3242,1509.6718,14178.4209,9203.4785,4638.7495,1992.1334,54726.7127,A6,N,N
09/26/2026,3:00,13023.9004,1615.71,7344.8398,1737.16,13757,8971.6396,4560.23,1769.21,52779.6898,E,N,N
09/26/2026,3:00,13810,1726.9399,7411.8501,1681.65,14298.2998,9096.8398,4645,1868.96,54539.5396,E1,Y,N
09/26/2026,3:00,13841.5996,1547.8101,7522.5,1656.42,14228.2998,9003.1797,4654.1802,1851.71,54305.6994,E2,N,N
09/26/2026,3:00,13615.0996,1762.14,7350.8799,1723.66,13970.7002,8791.5,4607.9902,1799.5699,53621.5398,E3,N,N
09/26/2026,3:00,13670.5391,1656.8873,7428.0791,1661.7124,14086.5449,9013.3271,4621.23,1856.3167,53994.6366,M,N,N
09/26/2026,3:00,13258.9004,1559.51,7317.5601,1550.97,13913.7998,8995.04,4623.8101,1938.1,53157.6904,X,N,N
09/26/2026,4:00,13577.6514,1577.1385,7417.6084,1533.9851,14106.4023,9019.251,4532.0498,1959.5201,53723.6066,A3,N,N
09/26/2026,4:00,13660.2607,1544.5165,7414.7017,1517.5933,13647.2168,8800.4854,4519.0176,1961.913,53065.705,A6,N,N
09/26/2026,4:00,12686.7998,1581.77,7314.75,1678.5699,13178.0996,8678.46,4423.0298,1752.9399,51294.419,E,N,N
09/26/2026,4:00,13434,1670.4301,7396.6899,1672.14,13728.2002,8769.3799,4545.5298,1807.42,53023.7899,E1,Y,N
09/26/2026,4:00,13430.4004,1496.28,7457.0801,1610.79,13587.9004,8657.46,4498.2202,1805.98,52544.1111,E2,N,N
09/26/2026,4:00,13262,1714.6801,7332.9702,1687.41,13395,8482.25,4510.6299,1761.12,52146.0602,E3,N,N
09/26/2026,4:00,13294.6924,1601.5354,7383.2388,1633.3007,13507.2832,8677.6074,4499.2852,1817.8746,52414.8177,M,N,N
09/26/2026,4:00,13037.7998,1506.01,7285.2598,1526.88,13417,8733.8096,4508.5698,1938.55,51953.879,X,N,N
09/26/2026,5:00,13322.9854,1532.4724,7437.1206,1528.9642,13779.4229,8845.2695,4445.5986,1931.8411,52823.6747,A3,N,N
09/26/2026,5:00,13406.3311,1514.4005,7408.479,1528.5037,13360.708,8733.6025,4445.6323,1928.5999,52326.257,A6,N,N
09/26/2026,5:00,12497.7002,1529.6,7260.4502,1654.78,12919.5996,8512.0996,4356.6899,1767.97,50498.8895,E,N,N
09/26/2026,5:00,13213.2998,1639.08,7405.5698,1665.46,13437.2998,8537.7998,4475.9902,1798.35,52172.8494,E1,Y,N
09/26/2026,5:00,13182.7998,1452.36,7419.21,1593.26,13196,8415.4697,4427.9302,1783.71,51470.7397,E2,N,N
09/26/2026,5:00,13087.2998,1684.6,7308.6499,1671.28,13166.7998,8307.6201,4455.9702,1762.6899,51444.9097,E3,N,N
09/26/2026,5:00,13077.4873,1564.0082,7360.4722,1622.6567,13216.082,8501.3193,4432.4424,1808.264,51582.7321,M,N,N
09/26/2026,5:00,12905.7998,1464.11,7272.96,1508.72,13181.2002,8600.2002,4455.3501,1897.84,51286.1803,X,N,N
09/26/2026,6:00,13111.4521,1513.3025,7396.3452,1519.3597,13698.6582,8725.6455,4454.8218,1930.2516,52349.8366,A3,N,N
09/26/2026,6:00,13301.3584,1496.8979,7392.8169,1523.0717,13244.4258,8613.8271,4438.3965,1936.8008,51947.5951,A6,N,N
09/26/2026,6:00,12423.7002,1538.46,7254.6899,1664.1,12906.7998,8388.0703,4283.02,1728.73,50187.5702,E,N,N
09/26/2026,6:00,13118.0996,1628.8101,7400.23,1662.58,13434.5996,8422.1504,4461.1499,1774.11,51901.7296,E1,Y,N
09/26/2026,6:00,13058,1436.25,7408.5,1580.52,13111.4004,8222.3096,4410.3398,1733.8,50961.1198,E2,N,N
09/26/2026,6:00,13089.0996,1687.73,7295.6499,1680.1899,13131.9004,8234.6104,4442.1699,1740.13,51301.4801,E3,N,N
09/26/2026,6:00,12998.0527,1557.6296,7350.3774,1622.0923,13165.8252,8376.1934,4407.0151,1782.7142,51259.8999,M,N,N
09/26/2026,6:00,12914.2998,1448.39,7241.3198,1483.77,13220.5,8480.5098,4438.1699,1878.5699,51105.5292,X,N,N
09/26/2026,7:00,13019.0313,1525.795,7397.7754,1537.3312,13917.4551,8682.4648,4467.2217,1945.5878,52492.6623,A3,N,N
09/26/2026,7:00,13252.0947,1504.0779,7412.8438,1553.9792,13398.0273,8561.3096,4428.9775,1976.5907,52087.9007,A6,N,N
09/26/2026,7:00,12659.7998,1567.4399,7255.4199,1692.9301,13227.0996,8566.4502,4309.5898,1726.5699,51005.2992,E,N,N
09/26/2026,7:00,13270.5996,1643.77,7369.6699,1671.8101,13576.2002,8545.0801,4532.2002,1800.84,52410.1701,E1,Y,N
09/26/2026,7:00,13133.7998,1462.38,7407.1499,1601.84,13219,8260.9902,4449.8999,1725.61,51260.6698,E2,N,N
09/26/2026,7:00,13284.9004,1725.54,7297.04,1706,13410,8428.4902,4530.79,1760.15,52142.9106,E3,N,N
09/26/2026,7:00,13120.2393,1580.6417,7348.4253,1645.312,13366.0654,8472.4639,4450.2915,1797.9521,51781.3912,M,N,N
09/26/2026,7:00,12972,1463.78,7249.4399,1520.1801,13330.0996,8538.1699,4465.25,1883.92,51422.8395,X,N,N
09/26/2026,8:00,13111.4111,1519.3677,7384.127,1534.5386,14057.4307,8795.1855,4438.4019,1950.7089,52791.1714,A3,N,N
09/26/2026,8:00,13300.9473,1490.337,7406.2583,1511.7789,13504.9521,8715.3037,4402.8105,1997.3895,52329.7773,A6,N,N
09/26/2026,8:00,12685,1526.41,7356.71,1709.39,13236.2998,8657.7002,4298.1299,1709.66,51179.2999,E,N,N
09/26/2026,8:00,13313,1605.35,7389.6899,1663.83,13547.5996,8604.3301,4498.3901,1758.42,52380.6097,E1,Y,N
09/26/2026,8:00,13158.2002,1447.84,7441.27,1613.3101,13284.4004,8342.0098,4427.4399,1709.4301,51423.9005,E2,N,N
09/26/2026,8:00,13274.5996,1689.72,7342.0698,1712.4399,13400.7002,8511.7998,4490.4102,1718.58,52140.3195,E3,N,N
09/26/2026,8:00,13146.3496,1551.9314,7387.1997,1642.1499,13394.791,8566.2285,4423.4365,1778.696,51890.7826,M,N,N
09/26/2026,8:00,13032.5996,1455.71,7242.6299,1541.3101,13578,8668.7803,4441.4102,1873.38,51833.8201,X,N,N
09/26/2026,9:00,13918.874,1509.0637,7412.5034,1619.4359,14865.3838,9312.1787,4633.0615,2004.3347,55274.8357,A3,N,N
09/26/2026,9:00,14062.166,1501.4528,7426.4004,1610.0513,14293.8633,9243.6152,4603.791,2029.7937,54771.1337,A6,N,N
09/26/2026,9:00,13029,1529.22,7594.02,1752.05,13549.2998,8908.2305,4498.5,1718.83,52579.1503,E,N,N
09/26/2026,9:00,13869.7002,1563.0699,7485.96,1707.86,14063.7998,8947.3604,4629.3301,1744.12,54011.2004,E1,Y,N
09/26/2026,9:00,13865.0996,1473.47,7534.6699,1697.3,14046.4004,8769.0195,4615.6201,1739.49,53741.0695,E2,N,N
09/26/2026,9:00,13565.0996,1648.95,7531.4502,1755.09,13779.0996,8763.8203,4618.3198,1704.22,53366.0495,E3,N,N
09/26/2026,9:00,13678.2129,1543.2325,7514.5005,1704.4705,13946.4932,8926.4092,4593.1123,1787.2908,53693.7219,M,N,N
09/26/2026,9:00,13608.5996,1478.79,7251.1001,1577.26,14257.5,9061.4102,4603.6802,1931.23,53769.5701,X,N,N
09/26/2026,10:00,15089.5049,1572.1689,7509.126,1720.0444,16205.8193,9859.2979,4995.1616,2098.2153,59049.3383,A3,N,N
09/26/2026,10:00,15296.5547,1538.6301,7527.5347,1721.9938,15633.0938,9666.1865,4961.2046,2135.5784,58480.7766,A6,N,N
09/26/2026,10:00,13828,1612.66,7843.5801,1845.6899,14592,9448.29,4818.8599,1779.5601,55768.64,E,N,N
09/26/2026,10:00,14943.5996,1585.64,7543.6099,1794.39,15038.2998,9632.2402,4966.4399,1839.45,57343.6694,E1,Y,N
09/26/2026,10:00,15075.2002,1607.47,7725.2598,1822.25,15377.5,9491.21,4987.1001,1818.47,57904.4601,E2,N,N
09/26/2026,10:00,14375.7998,1666.3199,7717.6499,1834.71,14832.2002,9347.6104,4941.3101,1774.46,56490.0603,E3,N,N
09/26/2026,10:00,14703.8311,1602.1442,7671.5273,1803.8068,15094.6191,9517.1084,4934.9834,1869.5037,57197.524,M,N,N
09/26/2026,10:00,14665.2998,1541.15,7318.4702,1652.29,15329.4004,9783.7695,4984.77,2005.92,57281.0699,X,N,N
09/26/2026,11:00,16508.3926,1752.5623,7663.0903,1832.3612,17462.5996,10573.2959,5319.4785,2193.208,63304.9884,A3,N,N
09/26/2026,11:00,16657.9355,1677.4524,7648.5098,1844.1721,16958.3301,10378.0068,5299.5557,2208.2908,62672.2532,A6,N,N
09/26/2026,11:00,14933,1706.47,7945.1602,1910.63,15758.5996,10076.7002,5091.7402,1892.4399,59314.7401,E,N,N
09/26/2026,11:00,16152.4004,1690.26,7640.3799,1870.85,16155.2002,10351.7002,5318.9102,1978.27,61157.9709,E1,Y,N
09/26/2026,11:00,16312.5996,1780.54,7838.9502,1915.9,16809.3008,10268.5,5306.4399,1943.85,62176.0805,E2,N,N
09/26/2026,11:00,15436.2998,1720.99,7820.8901,1895.09,16022.7998,10020.2998,5229.7598,1909.22,60055.3493,E3,N,N
09/26/2026,11:00,15898.4473,1715.1425,7778.7783,1887.3286,16340.8457,10219.041,5249.2817,1986.4142,61075.2793,M,N,N
09/26/2026,11:00,15956.5996,1656.52,7445.8799,1719.88,16647.5,10557.0996,5367.4102,2101.0901,61451.9794,X,N,N
09/26/2026,12:00,18134.0371,1919.7679,7790.5713,1910.9929,19062.8574,11338.4404,5632.0703,2305.1899,68093.9272,A3,N,N
09/26/2026,12:00,18155.7207,1836.1145,7726.501,1931.011,18573.9941,11094.1807,5575.1704,2305.8943,67198.5867,A6,N,N
09/26/2026,12:00,16145.2998,1887.24,8009.7202,1997.8199,17160.5,10724.5996,5367.98,2015.83,63308.9895,E,N,N
09/26/2026,12:00,17389.6992,1812.36,7813.96,1942.38,17459.4004,11155.0996,5645.1499,2091.5701,65309.6192,E1,Y,N
09/26/2026,12:00,17495.6992,1977.23,7941.4302,2022.97,18290.6992,11057,5614.6299,2062.1201,66461.7786,E2,N,N
09/26/2026,12:00,16560.0996,1837.4,7906.8799,1964.41,17404.5,10774.9004,5483.23,2015.09,63946.5099,E3,N,N
09/26/2026,12:00,17149.3047,1870.069,7879.6982,1971.7183,17777.8184,10961.1563,5537.2319,2098.1011,65245.0979,M,N,N
09/26/2026,12:00,17108.0996,1814.28,7584.9102,1789.37,17940.4004,11281.2998,5728.6802,2221.26,65468.3002,X,N,N
09/26/2026,13:00,19388.4922,2097.3926,7942.9185,2019.1409,20653.0703,12117.3027,6042.0581,2398.1533,72658.5286,A3,N,N
09/26/2026,13:00,19414.5566,2018.3311,7882.5498,1985.3365,20127.9492,11933.2129,5943.1777,2383.9063,71689.0201,A6,N,N
09/26/2026,13:00,17447.0996,2061.74,8159.2998,2106.5801,18649.3008,11386.7998,5625.21,2096.5801,67532.6102,E,N,N
09/26/2026,13:00,18396.8008,1938.24,7926.1299,2068.0601,18755.4004,11845.0996,5966.6299,2209.3799,69105.7406,E1,Y,N
09/26/2026,13:00,18433,2172.76,8108.3599,2156.9299,19715.9004,11834.2002,5859.5298,2154.23,70434.9102,E2,N,N
09/26/2026,13:00,17653.5,1993.72,8029.3301,2065.74,18725.6992,11511.5996,5712.6001,2105.25,67797.439,E3,N,N
09/26/2026,13:00,18268.9902,2036.9583,8021.1343,2076.5293,19194.8516,11702.1836,5821.4302,2189.8694,69311.9469,M,N,N
09/26/2026,13:00,18023.5,1940.4399,7724.8701,1910.3199,19029.4004,11958.9004,6000.79,2313.29,68901.5107,X,N,N
09/26/2026,14:00,20019.8086,2254.5654,8063.5146,2141.7534,22245.5195,12784.6582,6265.4512,2484.3184,76259.5893,A3,N,N
09/26/2026,14:00,20035.5508,2201.2246,8067.7813,2125.1023,21572.0898,12471,6174.2104,2397.9436,75044.9028,A6,N,N
09/26/2026,14:00,18256.0996,2214.8,8267.2002,2203.23,19992,12021.2998,5855.02,2162.9099,70972.5595,E,N,N
09/26/2026,14:00,19207.8008,2092.97,8022.98,2190.98,20015,12391.4004,6208.6299,2231.23,72360.9911,E1,Y,N
09/26/2026,14:00,19167.8008,2352.28,8221.7197,2274.9299,21076.5996,12519.5,6053.9199,2234.55,73901.2999,E2,N,N
09/26/2026,14:00,18500.9004,2155.3,8113.8101,2161.6399,19897.5996,12090,5882.8999,2155.75,70957.8999,E3,N,N
09/26/2026,14:00,19033.6309,2203.3149,8138.6987,2191.1765,20510.6582,12298.6406,6034.9365,2236.4768,72647.5331,M,N,N
09/26/2026,14:00,18757.1992,2089.04,7859.0801,2012.61,20221.1992,12591,6234.5298,2355.6799,72120.3382,X,N,N
09/26/2026,15:00,20570.0332,2347.7878,8170.7764,2281.729,23392.6133,13403.6797,6402.3569,2522.3501,79091.3264,A3,N,N
09/26/2026,15:00,20640.4785,2311.3677,8183.1895,2281.0364,22783.5469,12956.7939,6322.7725,2419.0071,77898.1925,A6,N,N
09/26/2026,15:00,18687.5,2328.54,8308,2311.8101,21273.5996,12589.5996,5991.1499,2206.96,73697.1592,E,N,N
09/26/2026,15:00,19788.1992,2211.0701,8232.7197,2339.27,21240.9004,12911,6374.3901,2254.1101,75351.6596,E1,Y,N
09/26/2026,15:00,19741.9004,2456.8601,8251.5996,2389.3601,22233.5996,13109,6196.8101,2285.3701,76664.5,E2,N,N
09/26/2026,15:00,18871.5996,2297.1499,8228.7998,2277.49,20944.9004,12612.9004,5998.9502,2184.74,73416.5303,E3,N,N
09/26/2026,15:00,19545.9355,2320.9976,8240.8613,2319.7935,21695.3105,12835.8584,6176.8145,2270.0374,75405.6087,M,N,N
09/26/2026,15:00,19260.1992,2183.6201,7902.6499,2117.3799,21324.1992,13121.7998,6339.8599,2392.8101,74642.5181,X,N,N
09/26/2026,16:00,21026.9609,2428.1287,8145.6899,2338.0664,24260.9785,13832.1387,6531.1963,2578.7434,81141.9028,A3,N,N
09/26/2026,16:00,21156.668,2398.5054,8115.9985,2344.5657,23750.4961,13461.54,6450.3521,2532.4973,80210.6231,A6,N,N
09/26/2026,16:00,18873.5,2413.55,8351.9902,2381.8301,22350.1992,12986.9004,6075.3999,2251.23,75684.5998,E,N,N
09/26/2026,16:00,20179.1992,2293.1899,8236.6396,2400.8201,22262.4004,13330.5996,6530.5298,2285.9299,77519.3085,E1,Y,N
09/26/2026,16:00,20076.5996,2531.5701,8272.9697,2450.79,23130.8008,13579.9004,6313.1802,2340.3201,78696.1309,E2,N,N
09/26/2026,16:00,19084.1992,2361.0601,8289.2402,2345.1201,21802.5996,12942.9004,6123.5601,2224.1299,75172.8096,E3,N,N
09/26/2026,16:00,19874.0332,2399.575,8253.3672,2384.6252,22659.2988,13260.3691,6298.6045,2326.8215,77456.6945,M,N,N
09/26/2026,16:00,19635.6992,2240.78,7892.7598,2179.77,22165.9004,13521.2998,6426.7202,2437.27,76500.1994,X,N,N
09/26/2026,17:00,20858.3887,2474.2805,7980.1855,2335.3333,24683.4434,14186.1953,6640.6084,2617.9644,81776.3995,A3,N,N
09/26/2026,17:00,20685.4375,2378.6245,7980.6963,2368.6577,24091.2285,13901.0244,6607.415,2624.6973,80637.7812,A6,N,N
09/26/2026,17:00,18724.0996,2484.1399,8313.25,2417.3799,23125.1992,13210.2002,6082.2402,2264.5701,76621.0791,E,N,N
09/26/2026,17:00,20227,2320.51,8048.7402,2371.23,22847.1992,13621.2002,6580.1201,2285.47,78301.4697,E1,Y,N
09/26/2026,17:00,20073,2554.9199,8230.0195,2482.46,23732.1992,13841.7998,6349.1299,2363.45,79626.9783,E2,N,N
09/26/2026,17:00,19105.5,2388.6001,8222.4102,2353.5801,22313.8008,13126.7002,6157.0698,2224.79,75892.4512,E3,N,N
09/26/2026,17:00,19763.0078,2425.3589,8159.0229,2398.6616,23221.9238,13540.1855,6355.1953,2352.5955,78215.9513,M,N,N
09/26/2026,17:00,19613.6992,2276.8,7888.9502,2207.8301,22816.0996,13722.5996,6458.3398,2457.4099,77441.7284,X,N,N
09/26/2026,18:00,20474.9766,2455.6624,7832.4155,2259.9268,24386.7813,14130.3682,6570.8574,2601.9128,80712.901,A3,N,N
09/26/2026,18:00,20289.1895,2326.6333,7852.9634,2330.5398,23745.1035,13768.9844,6572.9902,2578.3557,79464.7598,A6,N,N
09/26/2026,18:00,18247.0996,2478.22,8184.7202,2417.8201,23285.8008,13286.0996,5987.8999,2244.72,76132.3802,E,N,N
09/26/2026,18:00,19814.1992,2343.23,7991.3101,2358.4199,22585.6992,13600.5,6553.4302,2262.27,77509.0586,E1,Y,N
09/26/2026,18:00,19691.5996,2527,8197.5195,2477,23707.5,13894,6303.6299,2351.1101,79149.3591,E2,N,N
09/26/2026,18:00,18754.3008,2415.28,8135.52,2368.5801,22251.6992,13095.2998,6124.54,2203.6101,75348.83,E3,N,N
09/26/2026,18:00,19359.2773,2418.0728,8072.4067,2390.4719,23115.1621,13528.9766,6308.498,2328.0132,77520.8786,M,N,N
09/26/2026,18:00,19281,2323.9399,7823.1899,2210.3701,22864.4004,13740.7002,6423.7998,2438.7,77106.1003,X,N,N
09/26/2026,19:00,19633.2617,2556.615,7673.5308,2146.4146,23327.334,13652.6807,6403.7998,2543.7808,77937.4174,A3,N,N
09/26/2026,19:00,19399.8047,2383.1099,7705.3594,2219.2295,22645.4883,13309.3584,6413.7285,2515.0605,76591.1392,A6,N,N
09/26/2026,19:00,17513.5996,2415.3501,7920.79,2337.6001,22585.5,13025.5,5795.6099,2203.1599,73797.1096,E,N,N
09/26/2026,19:00,19035.1992,2382.3799,7686.1299,2207.3799,21573.5996,13151.7002,6363.0098,2266.52,74665.9185,E1,Y,N
09/26/2026,19:00,18895.4004,2438.03,8024.2798,2375.71,22885.3008,13599.7998,6150.8198,2312.1201,76681.4607,E2,N,N
09/26/2026,19:00,18235.8008,2413.01,7886.0298,2268.78,21528.5996,12727.9004,5992.9399,2179.0601,73232.1206,E3,N,N
09/26/2026,19:00,18615.9609,2406.376,7844.5181,2281.74,22243.6992,13162.8516,6143.2217,2295.1841,74993.5516,M,N,N
09/26/2026,19:00,18599.5996,2351.6299,7623.5698,2155.7,22122.5996,13513.5996,6241.2598,2391.0601,74999.0184,X,N,N
09/26/2026,20:00,18969.5469,2423.7356,7698.0371,2080.6038,22101.3379,13242.0527,6302.3237,2460.0708,75277.7085,A3,N,N
09/26/2026,20:00,18794.9941,2290.3113,7719.9409,2142.6213,21412.1211,13232.7783,6332.5039,2415.4209,74340.6918,A6,N,N
09/26/2026,20:00,17000.5,2289.6399,7598.04,2192.3701,21299.5,12507.2002,5592.2998,2126.3101,70605.8601,E,N,N
09/26/2026,20:00,18456.6992,2297.1399,7582.3501,2147.0901,20582.0996,12696.5,6186.7998,2196.1399,72144.8186,E1,Y,N
09/26/2026,20:00,18115.3008,2284.1299,7740.5601,2189.9399,21603.5,13003.9004,5954.98,2244.8401,73137.1512,E2,N,N
09/26/2026,20:00,17902,2316.5,7616.0801,2168.5,20464.1992,12273.2998,5855.4902,2133.52,70729.5893,E3,N,N
09/26/2026,20:00,18053.8984,2295.5442,7651.3945,2168.1042,21072.2852,12742.7363,5984.415,2223.2463,72191.6241,M,N,N
09/26/2026,20:00,17948.8008,2253.6799,7480.6201,2072.1399,21110.1992,12951.5,6023.98,2328.1101,72169.03,X,N,N
09/26/2026,21:00,18450.8262,2332.4263,7834.2061,2059.8352,21385.9297,12918.6152,6129.7568,2394.5032,73506.0987,A3,N,N
09/26/2026,21:00,18381.8477,2198.041,7821.5513,2059.3611,20654.9902,12779.585,6169.1787,2376.1387,72440.6937,A6,N,N
09/26/2026,21:00,16720.3008,2175.0801,7570.3501,2154.1101,20278.5996,12053.9004,5488.27,2042.09,68482.7011,E,N,N
09/26/2026,21:00,17974.4004,2187.97,7652.7402,2110.1001,19795.5,12208.9004,6029.5098,2136.52,70095.6409,E1,Y,N
09/26/2026,21:00,17533.3008,2150.1799,7746,2143.4399,20634.5,12459.7998,5804.9902,2169.1101,70641.3207,E2,N,N
09/26/2026,21:00,17617.4004,2215.6201,7561.5601,2126.26,19684.9004,11905.4004,5734.8999,2090.98,68937.0213,E3,N,N
09/26/2026,21:00,17645.4492,2185.3784,7670.4409,2118.6543,20209.6992,12281.5176,5845.3696,2162.9678,70119.477,M,N,N
09/26/2026,21:00,17346.9004,2170.6899,7409.52,1983.9301,20188.0996,12320.9004,5862.3701,2267.24,69549.6505,X,N,N
09/26/2026,22:00,17744.4961,2200.6965,7758.0229,1932.3761,20202.0254,12328.4414,5832.6025,2305.4751,70304.136,A3,N,N
09/26/2026,22:00,17779.2695,2047.3719,7756.8911,1983.6754,19576.7363,12034.4639,5911.5894,2321.2332,69411.2307,A6,N,N
09/26/2026,22:00,16140.7002,2038.46,7553.54,2074.8101,19158,11464.2002,5277.9102,1982.34,65689.9607,E,N,N
09/26/2026,22:00,17356.3008,2058.1299,7553.48,1975.6899,18891.4004,11715.2002,5800.1201,2064.71,67415.0313,E1,Y,N
09/26/2026,22:00,16835.1992,2006.67,7680.3901,2052.53,19501.8008,11787.2002,5566.8901,2088.2,67518.8804,E2,N,N
09/26/2026,22:00,17071,2092.1799,7491.3301,2032.02,18757.8008,11388.9004,5552.4702,2030.51,66416.2114,E3,N,N
09/26/2026,22:00,17036.4941,2048.5623,7607.1265,2023.7451,19177.1484,11677.9932,5621.7959,2097.3987,67290.2642,M,N,N
09/26/2026,22:00,16817,2077.47,7418.3999,1900.75,19205.9004,11691.0996,5653.0098,2206.8401,66970.4698,X,N,N
09/26/2026,23:00,17002.0313,2067.4106,7737.4092,1823.5746,18919.3613,11459.9238,5535.3892,2218.0393,66763.1393,A3,N,N
09/26/2026,23:00,17097.7109,1950.986,7698.8911,1892.4454,18387.8984,11021.9082,5605.6855,2236.3091,65891.8346,A6,N,N
09/26/2026,23:00,15475.5,1908.63,7578.46,1963.1801,18009.6992,10826.5,5059.9399,1931.04,62752.9492,E,N,N
09/26/2026,23:00,16645.9004,1959.6,7611.9702,1875.36,17820.8008,11106.5,5514.8501,1957.02,64492.0015,E1,Y,N
09/26/2026,23:00,16135.9004,1886.96,7710.6201,1938.72,18338.3008,11116.2002,5337.7798,2003.4399,64467.9212,E2,N,N
09/26/2026,23:00,16382.5996,1973.87,7533.02,1938.87,17698,10769.0996,5320.5,1939.13,63555.0892,E3,N,N
09/26/2026,23:00,16347.5215,1936.0093,7626.5923,1921.7152,18050.9395,10968.042,5367.7515,2013.3879,64231.9592,M,N,N
09/26/2026,23:00,16097.2998,1981.71,7408.4702,1810.89,18197.6992,11046.2002,5370.8901,2137.0701,64050.2296,X,N,N
09/26/2026,24:00,16120.8154,1957.3048,7600.457,1748.4236,17608.2734,10774.0078,5250.6655,2128.4558,63188.4033,A3,N,N
09/26/2026,24:00,16177.6455,1879.9747,7569.8003,1766.3508,17069.4863,10317.2979,5318.9126,2118.1392,62217.6073,A6,N,N
09/26/2026,24:00,14737.5,1787.5601,7580.98,1894.8101,16825.8008,10201.7002,4853.54,1877.64,59759.5312,E,N,N
09/26/2026,24:00,15787.7998,1844.14,7517.1099,1811.52,16716.0996,10523,5269.9199,1895.38,61364.9692,E1,Y,N
09/26/2026,24:00,15399.5,1769.22,7660.9102,1858.5699,17120.5996,10421.7998,5116.75,1931.8,61279.1495,E2,N,N
09/26/2026,24:00,15541.5,1850.54,7516.5898,1866.64,16595.6992,10141,5097.25,1861.11,60470.329,E3,N,N
09/26/2026,24:00,15528.79,1826.287,7569.0781,1839.5781,16865.5371,10320.96,5131.2749,1936.814,61018.3192,M,N,N
09/26/2026,24:00,15232,1871.9399,7376.2402,1712.26,16983.5,10340.2998,5102.9199,2030.9301,60650.0899,X,N,N
09/27/2026,1:00,15391.0049,1810.9886,7524.8818,1689.6542,16640.041,10157.5498,4968.665,2039.6885,60222.4738,A3,N,N
09/27/2026,1:00,15490.1748,1747.7478,7537.1484,1637.0054,16328.4102,9839.6719,4966.4043,2022.9393,59569.5021,A6,N,N
09/27/2026,1:00,14133.7002,1690.39,7597.3198,1829.91,15832,9619.6201,4680.1499,1826.76,57209.85,E,N,N
09/27/2026,1:00,15035.5,1724.46,7443,1771.88,15798.7998,9873.5898,4975.77,1804.8101,58427.8097,E1,N,N
09/27/2026,1:00,14820.5,1680.15,7655.4702,1789.8199,16106,9778.0996,4943.2202,1864.88,58638.1399,E2,N,N
09/27/2026,1:00,14776.0996,1712.99,7519.21,1813.13,15613.5,9500.46,4864.7998,1776.78,57576.9694,E3,N,N
09/27/2026,1:00,14851.1943,1711.1476,7550.4297,1768.3491,15935.7422,9722.2881,4886.0688,1859.2339,58284.4537,M,N,N
09/27/2026,1:00,14513,1757.55,7356.2202,1649.49,15992.0996,9679.6699,4875.5601,1969.91,57793.4998,X,Y,N
09/27/2026,2:00,14796.1387,1707.1143,7509.0435,1621.6895,15565.1758,9589.1553,4782.3535,2008.9934,57579.664,A3,N,N
09/27/2026,2:00,14958.9209,1658.548,7597.9556,1571.4233,15241.0244,9316.2363,4757.3564,1994.7042,57096.1691,A6,N,N
09/27/2026,2:00,13545.9004,1595.39,7568.6299,1757.88,14927.4004,9061.9902,4501.8999,1762.5601,54721.6509,E,N,N
09/27/2026,2:00,14414.5996,1612.0601,7449.0601,1724.35,14791.2002,9280.5195,4780.4502,1766.91,55819.1497,E1,N,N
09/27/2026,2:00,14230.7002,1577.15,7624.9902,1716.6801,15151.2002,9178.46,4764.2002,1806.96,56050.3409,E2,N,N
09/27/2026,2:00,14185.9004,1590.23,7509.77,1751.04,14687.4004,8924.9297,4693.3301,1719.22,55061.8206,E3,N,N
09/27/2026,2:00,14267.2051,1606.6757,7550.0811,1704.2748,14959.6455,9152.4277,4699.4473,1810.0709,55749.8281,M,N,N
09/27/2026,2:00,13946.2998,1658.65,7336.5498,1612.49,15056.5,9189.96,4697.2598,1920.28,55417.9894,X,Y,N
09/27/2026,3:00,14186.6543,1632.2328,7448.3667,1582.4576,14805.8018,9117.4717,4608.5771,1969.3,55350.862,A3,N,N
09/27/2026,3:00,14490.4404,1596.1005,7508.1323,1544.2863,14420.4199,8787.8213,4591.9424,1974.6073,54913.7504,A6,N,N
09/27/2026,3:00,13103.2998,1528.71,7589.04,1719.4,14251,8581.6797,4349.8398,1724.03,52846.9993,E,N,N
09/27/2026,3:00,13940.7002,1535.14,7344.1899,1703.54,14189.4004,8823.2402,4603.1899,1736.9,53876.3006,E1,N,N
09/27/2026,3:00,13777.0996,1513.4399,7612.5098,1679.9301,14421.7002,8722.2695,4628.9702,1767.8,54123.7193,E2,N,N
09/27/2026,3:00,13672.2998,1505.72,7499.27,1712.41,14008.7002,8468.9102,4538.2002,1684.08,53089.5904,E3,N,N
09/27/2026,3:00,13796.7686,1535.8221,7510.6284,1671.9135,14258.2441,8676.7842,4542.4287,1777.4835,53770.0731,M,N,N
09/27/2026,3:00,13515.5,1595.78,7328.5898,1588.9,14437.5996,8818.7598,4559.4399,1878.39,53722.9591,X,Y,N
09/27/2026,4:00,13879.6094,1564.4114,7400.0913,1572.6748,14328.1787,8710.0527,4472.6118,1917.6521,53845.2822,A3,N,N
09/27/2026,4:00,14146.6201,1529.9821,7431.1846,1546.8868,13892.5273,8350.2412,4463.98,1931.8993,53293.3214,A6,N,N
09/27/2026,4:00,12761.4004,1491.1,7542.6201,1674.66,13707.5996,8259.1299,4191.3999,1703.74,51331.6499,E,N,N
09/27/2026,4:00,13577.7998,1481.71,7314.0498,1681.3101,13644.5,8487.7197,4498.8599,1692.04,52377.9893,E1,N,N
09/27/2026,4:00,13404.2002,1466.24,7558.1802,1629.62,13805.2002,8379.6504,4467.3398,1728.47,52438.9008,E2,N,N
09/27/2026,4:00,13350.7998,1453.02,7460.9902,1674.75,13458.5,8144.9502,4420.71,1649.97,51613.6902,E3,N,N
09/27/2026,4:00,13448.1641,1484.4105,7461.4053,1641.4453,13701.666,8324.3379,4408.458,1741.2239,52211.111,M,N,N
09/27/2026,4:00,13277.9004,1543.2,7336.7998,1573.08,13944,8569.0098,4457.0601,1856.47,52557.5201,X,Y,N
09/27/2026,5:00,13506.8447,1520.2178,7434.3691,1566.1155,14018.8779,8455.3154,4384.8633,1901.3534,52787.9571,A3,N,N
09/27/2026,5:00,13793.8525,1498.0852,7439.3413,1551.3364,13606.3779,8217.9863,4385.125,1903.5378,52395.6424,A6,N,N
09/27/2026,5:00,12545.0996,1452.88,7507.77,1649.11,13367.2998,8027.8901,4110.3501,1685.87,50346.2696,E,N,N
09/27/2026,5:00,13346,1456.99,7333.2002,1670.21,13372.2998,8232.5703,4422.04,1668.21,51501.5203,E1,N,N
09/27/2026,5:00,13169.2002,1421.33,7509.02,1605.29,13401.0996,8131.0498,4388.9702,1695.66,51321.6198,E2,N,N
09/27/2026,5:00,13144.2998,1428.41,7421.5298,1652.4399,13149,7918.77,4359.21,1621.58,50695.2395,E3,N,N
09/27/2026,5:00,13199.6904,1451.5391,7442.1729,1625.6774,13379.2148,8105.6533,4333.1387,1714.9716,51252.0582,M,N,N
09/27/2026,5:00,13111.2998,1518.8101,7342.8799,1561.4399,13643,8383.3896,4415.5,1851.29,51827.6093,X,Y,N
09/27/2026,6:00,13138.2549,1508.2565,7379.1465,1547.2709,13844.377,8350.0625,4319.0386,1897.9229,51984.3298,A3,N,N
09/27/2026,6:00,13557.3867,1488.6244,7415.4966,1536.3082,13422.1729,8118.3706,4339.1069,1883.4417,51760.908,A6,N,N
09/27/2026,6:00,12467.7998,1440.66,7429.4302,1636.11,13300.5,7830.6401,4022.72,1641.45,49769.3101,E,N,N
09/27/2026,6:00,13304.0996,1454.75,7276.96,1666.8199,13342.7002,8049.3101,4371.0801,1640.2,51105.9199,E1,N,N
09/27/2026,6:00,13077.9004,1414.4301,7495.8901,1594.1,13265.7002,7960.73,4357.0698,1657.4301,50823.2507,E2,N,N
09/27/2026,6:00,13062.2002,1418.4399,7392.4502,1645.51,13112,7781.5298,4305.4502,1569.96,50287.5403,E3,N,N
09/27/2026,6:00,13093.8779,1443.381,7402.0459,1615.7698,13288.6152,7948.1162,4279.0854,1678.4963,50749.3877,M,N,N
09/27/2026,6:00,12976.7002,1482.63,7357.96,1562.27,13442.7998,8209.3604,4366.2202,1836.87,51234.8106,X,Y,N
09/27/2026,7:00,13272.0156,1531.8401,7400.6914,1557.6974,13837.5371,8268.8887,4329.8242,1916.1123,52114.6068,A3,N,N
09/27/2026,7:00,13546.3662,1509.2764,7453.4634,1558.6549,13402.9248,7971.1836,4334.9912,1866.0597,51642.9202,A6,N,N
09/27/2026,7:00,12472,1466.54,7370.79,1655.1899,13329,7836.96,4033.27,1632.5699,49796.3198,E,N,N
09/27/2026,7:00,13333.9004,1485.84,7282.3799,1673.67,13445.5,8020.3701,4402.9399,1655.73,51300.3303,E1,N,N
09/27/2026,7:00,13071.2998,1435.55,7493.0498,1608.21,13247.7002,7958.3301,4363.0298,1643.35,50820.5197,E2,N,N
09/27/2026,7:00,13067.7002,1453.17,7382.1401,1665.05,13196.7002,7824.5,4337.75,1570.5,50497.5105,E3,N,N
09/27/2026,7:00,13098.2529,1470.0753,7396.3647,1632.155,13324.3652,7922.2686,4294.396,1673.642,50811.5197,M,N,N
09/27/2026,7:00,13015.2002,1472.35,7365.29,1556.11,13392.7998,8165.96,4368.54,1836.08,51172.33,X,Y,N
09/27/2026,8:00,13287.3398,1520.3711,7341.1797,1543.0347,13937.957,8386.3184,4299.186,1917.9374,52233.3241,A3,N,N
09/27/2026,8:00,13428.792,1491.6654,7397.521,1510.2997,13508.9033,8231.1123,4310.1431,1894.5184,51772.9552,A6,N,N
09/27/2026,8:00,12453.4004,1464.39,7387.2202,1669.35,13419.7998,7810.0898,4003.3301,1640,49847.5803,E,N,N
09/27/2026,8:00,13224.7998,1477.01,7262.6299,1670.4301,13404.5996,8033.3901,4364.96,1632.02,51069.8395,E1,N,N
09/27/2026,8:00,13029.7002,1418.03,7514.7998,1620.15,13248.4004,7999.9102,4324.5898,1630.51,50786.0904,E2,N,N
09/27/2026,8:00,13021.5,1456.5,7392.75,1674.51,13210.7002,7879.5,4299.3101,1560.62,50495.3903,E3,N,N
09/27/2026,8:00,13031.6387,1461.5193,7390.9844,1628.948,13358.4805,7990.8003,4260.4663,1671.5338,50794.3713,M,N,N
09/27/2026,8:00,13017.2002,1462.96,7386.79,1565.08,13565.9004,8229.4102,4348.1899,1843.34,51418.8707,X,Y,N
09/27/2026,9:00,14167.7305,1540.8043,7432.876,1619.9165,14749.5029,8911.251,4506.2212,1970.3104,54898.6128,A3,N,N
09/27/2026,9:00,14187.207,1525.8495,7462.8535,1604.5515,14310.0732,8747.3027,4522.5356,1955.9575,54316.3305,A6,N,N
09/27/2026,9:00,13107.7998,1507.0601,7686.2202,1732.01,14168.5996,8185.98,4196.4702,1672.78,52256.9199,E,N,N
09/27/2026,9:00,13726.2998,1499.48,7454.9302,1710.01,13706.7998,8525.5996,4497.4702,1627.5699,52748.1595,E1,N,N
09/27/2026,9:00,13745.2002,1461.01,7654.5601,1701.66,13982.4004,8428.5498,4509.6099,1663.38,53146.3704,E2,N,N
09/27/2026,9:00,13604.0996,1488.86,7585.0801,1737.85,13805.5996,8313.9805,4453.29,1582.45,52571.2098,E3,N,N
09/27/2026,9:00,13674.1221,1496.4519,7568.729,1697.2163,13994.6953,8440.2832,4435.8755,1700.4275,53007.8008,M,N,N
09/27/2026,9:00,13653.7002,1506.66,7411.4302,1594.64,14365,8621.5596,4524.29,1893.7,53570.98,X,Y,N
09/27/2026,10:00,14953.9385,1600.011,7543.8213,1713.6781,16024.9521,9562.666,4819.7803,2063.8132,58282.6605,A3,N,N
09/27/2026,10:00,15200.876,1557.1631,7570.8516,1719.0337,15572.9063,9267.0146,4852.9619,2079.064,57819.8712,A6,N,N
09/27/2026,10:00,14269.7002,1623.17,7943.3799,1854.08,15404.0996,8939.8496,4609.7202,1757.86,56401.8595,E,N,N
09/27/2026,10:00,14820.9004,1565.6801,7647.3599,1800.3199,14647.2998,9376.4004,4879.4302,1736.55,56473.9407,E1,N,N
09/27/2026,10:00,15013.2002,1610.75,7859.79,1837.17,15363.2002,9190.5703,4904.1802,1744.9301,57523.791,E2,N,N
09/27/2026,10:00,14641.2998,1577,7713.1499,1833.61,14999.2002,9096.7695,4823.71,1667.05,56351.7894,E3,N,N
09/27/2026,10:00,14789.1953,1586.7527,7746.9063,1808.8429,15197.3418,9174.1211,4814.0005,1797.0909,56914.2515,M,N,N
09/27/2026,10:00,15052,1583.9399,7552.1001,1659.21,15764.2998,9549.4404,4921.3701,2001.54,58083.9003,X,Y,N
09/27/2026,11:00,16217.9395,1755.5175,7690.6304,1792.5652,17379.3652,10427.1289,5200.7637,2147.4546,62611.365,A3,N,N
09/27/2026,11:00,16501.6543,1689.16,7689.0747,1819.0114,16948.1953,10222.8633,5219.835,2160.7341,62250.5281,A6,N,N
09/27/2026,11:00,15488.2998,1776.79,8063,1941.01,16629.0996,9769.8496,4987.3301,1863.65,60519.0291,E,N,N
09/27/2026,11:00,16086,1718.6801,7802.29,1872.3199,15741.9004,10242.4004,5267.3701,1876.38,60607.3409,E1,N,N
09/27/2026,11:00,16342.2002,1791.23,7993.7998,1930.96,16843.3008,10014.5,5242.5601,1862.67,62021.2209,E2,N,N
09/27/2026,11:00,15752.5,1711.39,7810.6699,1900.4,16267.2998,9969.21,5154.6499,1793.09,60359.2096,E3,N,N
09/27/2026,11:00,16034.1309,1737.45,7871.7666,1892.7402,16485.959,10043.7646,5174.3496,1911.3049,61151.4658,M,N,N
09/27/2026,11:00,16292.7998,1735.48,7740.6201,1756.35,17064.6992,10440.7998,5310.8398,2099.1101,62440.6988,X,Y,N
09/27/2026,12:00,17678.2637,1930.4724,7761.3706,1853.8923,19076.0566,11296.2529,5588.9912,2270.1101,67455.4098,A3,N,N
09/27/2026,12:00,17881.0117,1838.4774,7739.4023,1874.6245,18629.7227,11025.6943,5547.772,2268.5908,66805.2957,A6,N,N
09/27/2026,12:00,16674.6992,1943.72,8199.54,2030.96,17919.5,10652,5370.1499,2004.61,64795.1791,E,N,N
09/27/2026,12:00,17415.8008,1884.8101,7970.2002,1954.9301,17137.1992,11127,5630.5498,1994.6,65115.0902,E1,N,N
09/27/2026,12:00,17577.5,2015.0601,8109.2202,2042.42,18412.0996,10864,5567.2202,1979.14,66566.6601,E2,N,N
09/27/2026,12:00,16845.6992,1877.0699,7985.48,1982.26,17659.6992,10893.2998,5458.04,1910.34,64611.8881,E3,N,N
09/27/2026,12:00,17278.9434,1911.8276,8000.769,1977.0389,17951.6445,10912.3994,5514.7466,2031.4562,65578.8256,M,N,N
09/27/2026,12:00,17537.5,1898.34,7890.0898,1887.12,18546.1992,11342,5667.7998,2219.1599,66988.2087,X,Y,N
09/27/2026,13:00,19051.6602,2099.6638,7886.0332,2017.5747,20852.0801,12140.8477,5961.1978,2413.8853,72422.9428,A3,N,N
09/27/2026,13:00,19074.875,2011.5393,7906.3047,1994.6313,20418.6309,11872.5586,5928.6709,2388.2368,71595.4475,A6,N,N
09/27/2026,13:00,17635.8008,2127.6899,8372.0596,2144.1299,19239.0996,11555.9004,5676.4102,2114.0801,68865.1705,E,N,N
09/27/2026,13:00,18533,2058.29,8087.8599,2109.4399,18646.9004,12001.5996,5955.3501,2138.72,69531.1599,E1,N,N
09/27/2026,13:00,18580.8008,2244.29,8269.6201,2186.72,19947.1992,11724.2002,5820.04,2083.8201,70856.6904,E2,N,N
09/27/2026,13:00,17786,2060.1101,8147.1499,2110.6799,19008.3008,11809.0996,5698.3301,2024.71,68644.3804,E3,N,N
09/27/2026,13:00,18322.0957,2100.384,8156.5991,2109.1201,19452.0273,11792.6719,5815.7607,2149.9133,69898.5721,M,N,N
09/27/2026,13:00,18606.9004,2053.8701,8060.1001,1991.9,19787.8008,12170.2002,5983.1001,2323.4199,70977.2916,X,Y,N
09/27/2026,14:00,19994.7949,2327.1213,8015.5869,2157.2065,22392.498,12843.9053,6197.6821,2477.7749,76406.5699,A3,N,N
09/27/2026,14:00,20170.2148,2213.1523,8093.1201,2160.9226,21966.627,12508.3916,6147.3462,2389.6924,75649.467,A6,N,N
09/27/2026,14:00,18563.8008,2283.8899,8482.46,2249.51,20484.6992,12370.2002,5929.2598,2193.5701,72557.39,E,N,N
09/27/2026,14:00,19510.4004,2245.71,8178.6099,2247.97,20116.8008,12722.2002,6212.4199,2173.4299,73407.5411,E1,N,N
09/27/2026,14:00,19434.5996,2457.1299,8366.0801,2308.21,21368.5996,12497.9004,6001.6899,2165.24,74599.4495,E2,N,N
09/27/2026,14:00,18605,2230.1399,8240.5898,2219.1201,20233.6992,12576,5874.0801,2083.6001,72062.2292,E3,N,N
09/27/2026,14:00,19256.8027,2286.0044,8272.1729,2237.1465,20834.0859,12534.9395,6032.959,2201.1064,73655.2173,M,N,N
09/27/2026,14:00,19506.8008,2229.04,8173.79,2130.5701,21384.5,13142.2998,6276.1899,2429.4099,75272.6005,X,Y,N
09/27/2026,15:00,20514.4824,2475.6211,8182.7959,2311.2378,23581.7676,13588.8223,6386.0508,2541.5884,79582.3663,A3,N,N
09/27/2026,15:00,20614.0234,2373.019,8235.6885,2325.3101,23340.7871,13237.6045,6316.3926,2432.8425,78875.6677,A6,N,N
09/27/2026,15:00,19305.0996,2394.8501,8543.4697,2362.79,21527.0996,13080.9004,6062.1602,2245.1499,75521.5195,E,N,N
09/27/2026,15:00,20211.5996,2378.97,8374.4102,2399.8,21486.5996,13353.7002,6384.4302,2200.1599,76789.6697,E1,N,N
09/27/2026,15:00,20081.1992,2575.48,8405.79,2415.3101,22494.0996,13143.4004,6141.04,2213.1899,77469.5092,E2,N,N
09/27/2026,15:00,19243.4004,2361.03,8364.2998,2341.23,21297.8008,13206.2998,6013.8101,2119.6299,74947.5008,E3,N,N
09/27/2026,15:00,19891.0645,2416.6699,8384.7324,2368.8882,22029.2793,13204.3809,6183.5669,2242.1946,76720.7767,M,N,N
09/27/2026,15:00,20160.0996,2360.03,8208.6299,2232.8301,22766.9004,13827.7002,6432.71,2505.3501,78494.2503,X,Y,N
09/27/2026,16:00,21223.8984,2587.1135,8129.3452,2408.78,24588.4727,14271.4912,6577.3716,2600.5247,82386.9973,A3,N,N
09/27/2026,16:00,21388.7871,2468.98,8151.3164,2415.4895,24427.9316,13919.7686,6506.4629,2552.4077,81831.1438,A6,N,N
09/27/2026,16:00,19786.1992,2486.6299,8531.3701,2428.24,22311.8008,13637.7998,6159.25,2284.47,77625.7598,E,N,N
09/27/2026,16:00,20708,2457.95,8328.9404,2443.5801,22581.1992,13882,6558.71,2238.6299,79199.0096,E1,N,N
09/27/2026,16:00,20401.1992,2657.8301,8420.3096,2473.05,23284.4004,13658.2998,6254.27,2265.26,79414.6191,E2,N,N
09/27/2026,16:00,19724,2454.9199,8388.5703,2410.75,22096.9004,13669.7998,6156.2598,2158.3401,77059.5403,E3,N,N
09/27/2026,16:00,20401.6387,2505.262,8364.1016,2434.2219,22940.4492,13753.5342,6326.9907,2299.8215,79026.0198,M,N,N
09/27/2026,16:00,20613.4004,2462.5701,8185.52,2286.4399,23627.8008,14272.4004,6543.2598,2561.8301,80553.2215,X,Y,N
09/27/2026,17:00,21188.7949,2624.5139,7911.1089,2387.7556,24959.541,14697.2725,6661.6006,2637.2344,83067.8218,A3,N,N
09/27/2026,17:00,21043.1582,2474.6123,7984.8994,2428.3779,24835.6758,14343.5771,6652.085,2649.5574,82411.9431,A6,N,N
09/27/2026,17:00,19855.5,2541.1399,8439.5303,2454.1499,22839.5,13944.2002,6177.7002,2307.52,78559.2405,E,N,N
09/27/2026,17:00,20780.6992,2481.21,8096.8101,2399.1399,23230.4004,14218.4004,6616.4199,2237.6101,80060.69,E1,N,N
09/27/2026,17:00,20374.5,2692.96,8337.2803,2497.8101,23806,13954.5,6285.9902,2285.27,80234.3106,E2,N,N
09/27/2026,17:00,19911.6992,2500.3501,8253.4297,2409.1101,22611.3008,13916.0996,6205.02,2165.3301,77972.3396,E3,N,N
09/27/2026,17:00,20393.1113,2538.0544,8222.3896,2437.7178,23464.5762,14075.3564,6387.4434,2329.0574,79847.7065,M,N,N
09/27/2026,17:00,20704.5996,2524.79,8166.77,2308.97,24133.3008,14487.5996,6588.8799,2575.47,81490.3799,X,Y,N
09/27/2026,18:00,20783.8477,2660.3154,7805.5747,2369.3079,24375.0254,14695.3086,6667.9063,2613.5459,81970.8319,A3,N,N
09/27/2026,18:00,20724.9004,2478.2219,7895.1899,2411.7568,24357.0742,14445.9922,6676.5454,2601.3833,81591.0641,A6,N,N
09/27/2026,18:00,19550.8008,2559.8999,8294.46,2466.1899,22907.4004,14127.2998,6111.71,2303.0901,78320.8509,E,N,N
09/27/2026,18:00,20358.0996,2521.71,7993.6099,2426.1399,23071.8008,14201,6597.75,2218.03,79388.1402,E1,N,N
09/27/2026,18:00,19991.4004,2680.0601,8296.3604,2494.6699,23841.8008,14045.9004,6242.6201,2272.97,79865.7821,E2,N,N
09/27/2026,18:00,19729.9004,2533.8701,8201.0703,2431.8401,22615.1992,13857.5996,6205.8799,2144.29,77719.6496,E3,N,N
09/27/2026,18:00,20071.0195,2554.7524,8136.1377,2446.1194,23358.6563,14135.5586,6366.9014,2307.9526,79377.0979,M,N,N
09/27/2026,18:00,20493.0996,2597.78,8059.1699,2304.2,24276.1992,14541.4004,6582.1401,2566.8401,81420.8293,X,Y,N
09/27/2026,19:00,20043.0684,2681.2458,7585.9312,2199.0195,23398.3926,14142.2188,6484.8516,2583.2935,79118.0214,A3,N,N
09/27/2026,19:00,19823.0215,2501.626,7687.1509,2271.3481,23377.8223,13880.5068,6500.4805,2557.396,78599.3521,A6,N,N
09/27/2026,19:00,18888.5,2530.1799,7893.3501,2379.76,22324.5996,14029.5996,5972.71,2301.21,76319.9092,E,N,N
09/27/2026,19:00,19644.4004,2575.0701,7672.54,2271.8601,22189,13681.2998,6455.8501,2218.01,76708.0305,E1,N,N
09/27/2026,19:00,19297.0996,2601.25,8048.7798,2407.5701,23141.8008,13781.4004,6108.46,2242.1201,77628.4808,E2,N,N
09/27/2026,19:00,19209.8008,2538.3101,7904.71,2320.3201,21989.1992,13415.7002,6100.8599,2135.29,75614.1903,E3,N,N
09/27/2026,19:00,19372.5645,2549.2874,7841.3062,2330.1716,22604.4844,13757.7012,6227.6719,2290.8054,76973.9926,M,N,N
09/27/2026,19:00,19922.5996,2620.1599,7803.2998,2227.03,23667.5,14288.7998,6434.3701,2517.9399,79481.6991,X,Y,N
09/27/2026,20:00,19331.9785,2572.6765,7608.7334,2159.0703,22593.6797,13798.3955,6359.9727,2469.6072,76894.1138,A3,N,N
09/27/2026,20:00,19208.2363,2400.8093,7701.231,2216.1594,22394.7617,13869.8428,6408.1675,2431.4524,76630.6604,A6,N,N
09/27/2026,20:00,18285.9004,2435.3701,7536.2202,2213.8701,21374.6992,13540,5801.75,2227.5701,73415.3801,E,N,N
09/27/2026,20:00,19119.6992,2481.5801,7582.9302,2211.3601,21182.5,13179.2998,6313.1699,2139.29,74209.8293,E1,N,N
09/27/2026,20:00,18654.6992,2449.3301,7724.5,2225.04,22028.5996,13207.2998,5953.71,2176.47,74419.6487,E2,N,N
09/27/2026,20:00,18751.6992,2441.79,7647.1699,2201.3701,21057.6992,12866.2998,5987.4702,2076.9099,73030.4083,E3,N,N
09/27/2026,20:00,18804.0469,2441.7759,7638.4102,2213.5601,21607.6523,13332.5488,6092.8535,2210.3386,74341.1863,M,N,N
09/27/2026,20:00,19321,2536.27,7616.4902,2137.25,22736.9004,13734.7998,6213.0498,2432.1699,76727.9301,X,Y,N
09/27/2026,21:00,18922.0195,2471.6313,7696.0396,2112.0725,22041.3145,13391.9395,6271.6987,2396.5962,75303.3118,A3,N,N
09/27/2026,21:00,18926.9395,2321.4604,7736.6167,2109.9338,21732.0801,13181.3135,6299.2168,2379.6079,74687.1687,A6,N,N
09/27/2026,21:00,17859.9004,2330.0601,7599.9399,2172.98,20754.3008,12971.4004,5708.5898,2145.25,71542.4214,E,N,N
09/27/2026,21:00,18683.5996,2346.0601,7619.1499,2163.3101,20488.5,12779,6206.27,2082.75,72368.6397,E1,N,N
09/27/2026,21:00,18130.3008,2303.04,7772.3198,2182.1699,21150.6992,12666.4004,5849.1699,2107.1499,72161.2499,E2,N,N
09/27/2026,21:00,18367.8008,2324.1799,7653.1201,2160.27,20404.0996,12498.2002,5895.27,2013.2,71316.1406,E3,N,N
09/27/2026,21:00,18393.709,2324.9602,7676.2295,2157.7327,20905.9375,12819.2637,5991.7036,2145.5916,72415.1278,M,N,N
09/27/2026,21:00,18626.1992,2416.3799,7543.1099,2038.73,21825.5,13222.0996,6064.4302,2358.75,74095.1988,X,Y,N
09/27/2026,22:00,18520.0117,2359.6416,7639.7539,2009.9822,20877.8105,12867.1182,6053.0469,2344.4448,72671.8098,A3,N,N
09/27/2026,22:00,18540.2305,2198.6965,7675.9575,2054.0837,20705.6934,12705.6064,6105.5122,2353.7021,72339.4823,A6,N,N
09/27/2026,22:00,17174.5,2194.45,7627.2402,2082.48,19791.1992,12194.0996,5478.9102,2061.73,68604.6092,E,N,N
09/27/2026,22:00,18015.1992,2194.1001,7498.4102,2017.52,19474.0996,12261,5994.1499,1994.22,69448.699,E1,N,N
09/27/2026,22:00,17408.8008,2144.1799,7708.54,2085.25,20016.6992,11958,5622.6899,2022.67,68966.8298,E2,N,N
09/27/2026,22:00,17756.3008,2185.0601,7586.23,2050.3301,19458.5996,11945,5724.3901,1933.08,68638.9907,E3,N,N
09/27/2026,22:00,17779.0059,2183.2974,7619.2759,2057.9329,19889.2598,12212.7422,5785.1304,2073.0806,69599.7251,M,N,N
09/27/2026,22:00,17918.6992,2295.98,7547.8398,1945.86,20662.6992,12569.9004,5855.5498,2280.74,71077.2684,X,Y,N
09/27/2026,23:00,17532.5918,2238.6748,7676.2241,1909.3872,19462.1621,12059.3613,5663.7822,2245.4929,68787.6764,A3,N,N
09/27/2026,23:00,17690.2461,2079.7605,7665.938,1969.3258,19259.3828,11822.0313,5742.2588,2246.9697,68475.913,A6,N,N
09/27/2026,23:00,16343.2998,2042.4301,7684.98,1990.11,18381,11315.9004,5186.8101,1973.53,64918.0604,E,N,N
09/27/2026,23:00,17157.5,2073.1299,7532.52,1902.96,18250.5,11501.2998,5646.7002,1860.66,65925.2699,E1,N,N
09/27/2026,23:00,16567.5,1977.73,7775.27,1975.49,18809.9004,11199.2002,5369.2402,1928.63,65602.9608,E2,N,N
09/27/2026,23:00,16953.9004,2038.24,7641.27,1939.87,18165.8008,11166.9004,5452.02,1829.04,65187.0416,E3,N,N
09/27/2026,23:00,16942.4883,2042.2581,7659.9956,1955.5513,18573.3164,11401.0664,5479.4063,1967.766,66021.8484,M,N,N
09/27/2026,23:00,17023.5996,2168.8899,7552.6802,1855.79,19422,11790.9004,5528.2402,2198.01,67540.1103,X,Y,N
09/27/2026,24:00,16539.2578,2108.3103,7613.6406,1788.6737,17895.9219,11205.0049,5326.4741,2152.8789,64630.1622,A3,N,N
09/27/2026,24:00,16608.334,1969.4938,7601.0005,1808.335,17642.9004,10952.7998,5412.5327,2123.6614,64119.0576,A6,N,N
09/27/2026,24:00,15430.5,1883.33,7673.1401,1907.42,16807.6992,10469,4898.7002,1870.38,60940.1695,E,N,N
09/27/2026,24:00,16138.4004,1908.58,7514.0898,1827.95,16924.4004,10738.2002,5350.6201,1780.6,62182.8409,E1,N,N
09/27/2026,24:00,15642.2002,1810.72,7732.0298,1893,17495.5996,10401.2998,5113.5601,1845.95,61934.3595,E2,N,N
09/27/2026,24:00,16059.5996,1865.98,7601.27,1866.4399,16776,10360.5,5177.2402,1742.41,61449.4397,E3,N,N
09/27/2026,24:00,15975.8076,1887.6208,7624.3057,1860.6289,17129.3203,10584.3613,5190.5308,1872.6002,62125.1756,M,N,N
09/27/2026,24:00,16100.2998,2030.65,7508.4199,1754.64,17926.6992,10905.7002,5226.4399,2095.9299,63548.7789,X,Y,N
09/28/2026,1:00,15861.2539,1966.6083,7539.9805,1672.6678,16905.7754,10531.2061,5028.1572,2082.1709,61587.8201,A3,N,N
09/28/2026,1:00,15919.5908,1804.6442,7587.6387,1629.9917,16752.8281,10407.1533,5044.5762,2045.5438,61191.9668,A6,N,N
09/28/2026,1:00,14711.2002,1759.92,7664.9702,1852.53,15285.5996,9737.9297,4678.8999,1789.74,57480.7896,E,N,N
09/28/2026,1:00,15310.5,1784.77,7523.0498,1789.12,15964.7998,10004.5,5014.29,1679.2,59070.2296,E1,N,N
09/28/2026,1:00,14919.5996,1679.89,7735.4399,1839.42,16566.5996,9740.5098,4936.2598,1774.36,59192.0787,E2,N,N
09/28/2026,1:00,15227.5996,1718.55,7571.5098,1830.54,15539.5,9652.7998,4915.6802,1656.48,58112.6594,E3,N,N
09/28/2026,1:00,15217.6973,1749.5549,7616.5215,1788.3204,16021.8662,9908.5781,4917.9414,1789.0648,59009.5446,M,N,N
09/28/2026,1:00,15344.5996,1911.02,7469.29,1675.79,16803.3008,10223.7002,4928.5601,1999.99,60356.2507,X,Y,N
09/28/2026,2:00,15319.9688,1856.116,7547.4985,1597.7146,15805.3447,9916.3457,4833.7798,2050.3489,58927.117,A3,N,N
09/28/2026,2:00,15469.041,1719.2305,7642.8999,1551.2354,15664.8838,9729.0889,4828.436,2027.0074,58631.8229,A6,N,N
09/28/2026,2:00,14178.2998,1666.16,7604.6899,1792.41,14190.9004,9179.2402,4503.9199,1728.88,54844.5002,E,N,N
09/28/2026,2:00,14717.4004,1697.5601,7534.1602,1757.14,15088.7998,9426.4902,4820.52,1646.4,56688.4707,E1,N,N
09/28/2026,2:00,14309.5,1579.23,7680.8501,1788.12,15713.2002,9176.2598,4761.1299,1712.79,56721.08,E2,N,N
09/28/2026,2:00,14653.5996,1625.64,7529.7798,1787.2,14590.5996,9130.6699,4747.1401,1603.25,55667.879,E3,N,N
09/28/2026,2:00,14665.5684,1657.5642,7598.4761,1735.2212,15049.6768,9328.3496,4732.2295,1743.6655,56510.7513,M,N,N
09/28/2026,2:00,14685,1812.42,7443.1699,1631.83,15715.5,9678.4502,4716.5698,1948.65,57631.5899,X,Y,N
09/28/2026,3:00,14808.5625,1779.6594,7432.4526,1552.3485,15106.7227,9421.7402,4656.3193,2013.5566,56771.3618,A3,N,N
09/28/2026,3:00,15005.8525,1653.3163,7542.6787,1523.0187,14982.876,9191.1768,4674.7666,2013.3405,56587.0261,A6,N,N
09/28/2026,3:00,13792.2998,1601.26,7639.4302,1759.75,13371.5996,8737.9805,4359.7598,1693.37,52955.4499,E,N,N
09/28/2026,3:00,14314,1647.55,7439.9399,1749.25,14545.5996,9000.8604,4666,1613.65,54976.8499,E1,N,N
09/28/2026,3:00,13874,1509.91,7670.3999,1753.04,15175.7998,8759.6201,4633.75,1672.13,55048.6498,E2,N,N
09/28/2026,3:00,14238,1564.99,7496.5498,1757.14,13935.5,8713.9297,4600.5298,1572.1801,53878.8194,E3,N,N
09/28/2026,3:00,14244.8301,1595.4054,7557.8003,1708.4397,14402.2754,8880.7139,4586.9609,1712.9342,54689.3599,M,N,N
09/28/2026,3:00,14254,1746.13,7428.5801,1607.6801,15074.5996,9311.4805,4583.6001,1910.8199,55916.8903,X,Y,N
09/28/2026,4:00,14460.7393,1725.3241,7350.7861,1545.86,14752.9258,8981.9004,4531.249,1946.4418,55295.2265,A3,N,N
09/28/2026,4:00,14622.8057,1605.8203,7421.2134,1537.8522,14550.0762,8704.1357,4558.5298,1962.1448,54962.5781,A6,N,N
09/28/2026,4:00,13643.2998,1577.38,7554.3999,1722.5,13001.7998,8503.7803,4241.0801,1676.17,51920.4099,E,N,N
09/28/2026,4:00,14131.2998,1619.1801,7372.8901,1737.39,14222,8741.1699,4573.1499,1583.3101,53980.3899,E1,N,N
09/28/2026,4:00,13645.2002,1484.15,7582.98,1709.8199,14729.0996,8487.4902,4511.3198,1643.74,53793.7997,E2,N,N
09/28/2026,4:00,14102.5,1536.8199,7414.5298,1727.0699,13568.2998,8474.7598,4507.3901,1558.15,52889.5193,E3,N,N
09/28/2026,4:00,14029.0215,1564.6702,7469.2031,1686.9265,14014.2559,8582.2676,4478.2939,1684.703,53509.3417,M,N,N
09/28/2026,4:00,14085.5,1714.02,7415.0601,1602.98,14655,9086.71,4503.0601,1898.71,54961.0402,X,Y,N
09/28/2026,5:00,14383.0479,1701.8804,7370.4712,1560.2072,14582.5098,8828.6113,4514.1318,1926.9734,54867.833,A3,N,N
09/28/2026,5:00,14513.1445,1598.4863,7392.1289,1559.0457,14601.6035,8662.1611,4544.9443,1941.3121,54812.8264,A6,N,N
09/28/2026,5:00,13747.5996,1570.96,7482.2202,1720.38,12992.2998,8448.6299,4202.8599,1661.3,51826.2494,E,N,N
09/28/2026,5:00,14197.7002,1632.11,7372.0298,1758.58,14270.2998,8655.3203,4535.4502,1574.21,53995.7003,E1,N,N
09/28/2026,5:00,13674.0996,1469.98,7528.2402,1699.78,14642.0996,8396.8496,4470.2002,1624.87,53506.1192,E2,N,N
09/28/2026,5:00,14202.2998,1537.86,7363.4399,1727.04,13552.2002,8414.2402,4483.4199,1542.13,52822.63,E3,N,N
09/28/2026,5:00,14066.9697,1561.8793,7427.6118,1692.9651,14011.7012,8515.4404,4447.375,1668.7645,53392.707,M,N,N
09/28/2026,5:00,14097.4004,1712.88,7400.3301,1605.23,14482.9004,8993.0898,4478.75,1897.79,54668.3707,X,Y,N
09/28/2026,6:00,14651.3848,1726.2267,7352.8594,1563.1486,14873.3828,8912.5537,4519.522,1942.87,55541.948,A3,N,N
09/28/2026,6:00,14775.2891,1650.3378,7388.791,1567.9863,14827.1787,8791.5117,4601.9048,1964.8438,55567.8432,A6,N,N
09/28/2026,6:00,14145.4004,1640.46,7498.0098,1759.4,13457.0996,8648.54,4264.8599,1663.79,53077.5597,E,N,N
09/28/2026,6:00,14543.5,1725.34,7383.5698,1798.24,14789.0996,8814.0498,4621.1201,1590.75,55265.6693,E1,N,N
09/28/2026,6:00,13964,1535.64,7544.1099,1726.55,15059.7002,8532.5498,4539.8901,1630.9,54533.34,E2,N,N
09/28/2026,6:00,14591.7002,1616.4399,7370.8999,1760.96,13982.9004,8596.5596,4551.5098,1538.76,54009.7298,E3,N,N
09/28/2026,6:00,14403.9775,1633.6436,7437.0767,1722.6273,14423.1963,8676.6416,4515.8569,1677.8088,54490.8287,M,N,N
09/28/2026,6:00,14429.7998,1750.02,7401.1802,1636.84,14796.7002,9134.25,4529.5601,1916.95,55595.3003,X,Y,N
09/28/2026,7:00,14884.21,1801.7421,7389.7642,1598.6464,15563.5752,9100.7744,4639.0791,2000.0869,56977.8783,A3,N,N
09/28/2026,7:00,14963.4766,1730.9827,7442.0156,1666.3374,15474.4258,9080.502,4703.4185,2049.2935,57110.4521,A6,N,N
09/28/2026,7:00,14537.7998,1738.75,7519.71,1842.39,14334.9004,9007.9004,4427.4502,1695.73,55104.6308,E,N,N
09/28/2026,7:00,14963.4004,1838.67,7409.4199,1857.37,15533.0996,9123.4902,4788.6802,1636.55,57150.6803,E1,N,N
09/28/2026,7:00,14340.5,1640.59,7582.3301,1796.3101,15694.4004,8888.2197,4691.1499,1662.88,56296.3802,E2,N,N
09/28/2026,7:00,15007.7998,1725.58,7413.6499,1836.9399,14743.2002,8962.2598,4716.25,1575.11,55980.7896,E3,N,N
09/28/2026,7:00,14762.5957,1734.9146,7473.4253,1799.8694,15156.0059,9012.4746,4665.3896,1723.9127,56328.5878,M,N,N
09/28/2026,7:00,14885.7998,1845.04,7434.27,1703.55,15557.2998,9484.21,4715.3301,1961.14,57586.6397,X,Y,N
09/28/2026,8:00,15006.126,1788.4207,7387.3438,1626.9036,15835.377,9509.7852,4650.5059,2014.3485,57818.8107,A3,N,N
09/28/2026,8:00,15022.9951,1711.5256,7468.7324,1649.1295,15742.0996,9430.998,4749.0049,2096.657,57871.1421,A6,N,N
09/28/2026,8:00,14621,1743.92,7584.3701,1873.6,14750.7002,9205.4297,4456.7998,1698.8199,55934.6397,E,N,N
09/28/2026,8:00,15072.2998,1833.5601,7415.9399,1875.4,15770.5,9258.5996,4777.75,1636.05,57640.0994,E1,N,N
09/28/2026,8:00,14438.0996,1655.3199,7600.7798,1833.61,15873.2002,9035.5596,4699.6201,1665.04,56801.2292,E2,N,N
09/28/2026,8:00,15075.9004,1737.47,7460.27,1867.65,15084.7002,9119.6396,4722.4399,1598.41,56666.4801,E3,N,N
09/28/2026,8:00,14846.0586,1736.3591,7506.019,1819.8781,15444.2412,9210.0459,4681.123,1738.9955,56982.7204,M,N,N
09/28/2026,8:00,14978.4004,1830.17,7480.4902,1730.58,15811,9602.8203,4725.7798,1969.15,58128.3907,X,Y,N
09/28/2026,9:00,15823.6641,1798.3867,7450.8799,1733.6908,16546.541,9870.9883,4769.2529,2070.7395,60064.1432,A3,N,N
09/28/2026,9:00,15838.4365,1732.2137,7471.4082,1739.1765,16428.3457,9738.583,4865.979,2153.8303,59967.9729,A6,N,N
09/28/2026,9:00,15178.2002,1746.42,7872.1499,1952.77,15222.4004,9493.6396,4575.9902,1703.5601,57745.1304,E,N,N
09/28/2026,9:00,15428.0996,1799.64,7606.3101,1909.12,16089.4004,9604.5098,4845.4902,1624.96,58907.5301,E1,N,N
09/28/2026,9:00,15053.4004,1682.51,7677.0698,1895.71,16350.2998,9326.5195,4800.4399,1681.22,58467.1694,E2,N,N
09/28/2026,9:00,15565.4004,1741.48,7699.77,1934.8199,15643.5,9413.6797,4794,1618.09,58410.74,E3,N,N
09/28/2026,9:00,15412.707,1740.4528,7665.3418,1886.3192,15946.79,9515.3867,4776.3799,1756.3322,58699.7096,M,N,N
09/28/2026,9:00,15476.2002,1834.34,7524.75,1787.16,16442.3008,9901.0898,4842.9502,2000.87,59809.661,X,Y,N
09/28/2026,10:00,16816.7559,1843.1224,7546.8784,1824.7242,17665.2227,10420.9141,5060.668,2150.79,63329.0757,A3,N,N
09/28/2026,10:00,16807.3535,1753.6238,7538.4219,1836.7375,17471.6113,10281.3887,5143.4907,2229.9922,63062.6196,A6,N,N
09/28/2026,10:00,16279,1854.95,8163.29,2042.09,16149.7002,10082.2998,4916.6602,1755.04,61243.0302,E,N,N
09/28/2026,10:00,16275.7998,1817.41,7793.7598,1990.76,16930,10317.0996,5146.8999,1720.47,61992.1991,E1,N,N
09/28/2026,10:00,16204.7002,1811.63,7865.52,1996.4399,17509.3008,9948.04,5118.6099,1751.46,62205.7008,E2,N,N
09/28/2026,10:00,16571.6992,1829.4301,7919.52,2020.87,16726.5,10059.9004,5082.1699,1692.08,61902.1696,E3,N,N
09/28/2026,10:00,16427.7109,1813.4088,7856.1025,1977.3794,16957.4238,10137.7461,5081.5659,1829.8085,62081.1459,M,N,N
09/28/2026,10:00,16663.1992,1882.26,7668.27,1866.24,17641,10518.5,5121.8198,2071.1201,63432.4091,X,Y,N
09/28/2026,11:00,17921.7031,2001.9492,7670.0303,1916.6577,18798.4941,11175.9404,5377.3311,2231.1538,67093.2597,A3,N,N
09/28/2026,11:00,18047.3223,1880.024,7636.5342,1938.5266,18652.3633,11116.7568,5467.3633,2249.1943,66988.0848,A6,N,N
09/28/2026,11:00,17428.1992,2024.25,8315.2598,2144.71,17263.5996,10775.2002,5252.75,1852.65,65056.6188,E,N,N
09/28/2026,11:00,17391.9004,1957.95,7947.3599,2081.0901,18051.1992,11118,5527.23,1858.8101,65933.5397,E1,N,N
09/28/2026,11:00,17489.5,2000.86,8025.8701,2092.8701,18872,10710.5996,5464.9502,1871.5,66528.15,E2,N,N
09/28/2026,11:00,17706.8008,1988.47,8089.8301,2109.73,18039.4004,10858.0996,5408.8198,1796.04,65997.1907,E3,N,N
09/28/2026,11:00,17612.7441,1970.3108,8002.9707,2073.3855,18175.7129,10915.7314,5424.2231,1925.6389,66100.7174,M,N,N
09/28/2026,11:00,17850.1992,2024.04,7824.9399,1942.86,19079.0996,11316.4004,5469.29,2164.9399,67671.769,X,Y,N
09/28/2026,12:00,19274.0098,2149.7449,7751.6309,1998.3032,20543.6191,11986.6768,5688.8228,2346.4871,71739.2946,A3,N,N
09/28/2026,12:00,19394.6367,2023.7678,7708.7158,1998.9025,20322.5254,11926.5498,5766.8579,2348.4126,71490.3685,A6,N,N
09/28/2026,12:00,18507.5996,2189.9199,8402.5098,2238.6899,18484.8008,11508.7998,5596.1001,1971.54,68899.9599,E,N,N
09/28/2026,12:00,18591.6992,2104.1201,8150.8799,2163.74,19446.5,11924.2998,5858.1899,1963.28,70202.7089,E1,N,N
09/28/2026,12:00,18655.5996,2208.3799,8153.1899,2194.0901,20318.0996,11509.2998,5796.27,2000.9301,70835.859,E2,N,N
09/28/2026,12:00,18704.4004,2156.8301,8225.9199,2195,19415.3008,11700.5996,5706.0898,1904.3101,70008.4507,E3,N,N
09/28/2026,12:00,18770.7871,2136.6035,8128.2432,2158.0845,19597.4453,11713.9111,5744.7021,2037.6946,70287.4714,M,N,N
09/28/2026,12:00,18972.1992,2179.1399,7939.4199,2053.53,20500.6992,12121.4004,5835.5298,2279.4099,71881.3283,X,Y,N
09/28/2026,13:00,20386.0449,2316.4104,7831.5596,2130.8679,22325.7656,12778.875,6064.5781,2461.239,76295.3405,A3,N,N
09/28/2026,13:00,20584.6094,2200.0745,7850.292,2125.3926,22103.0723,12636.9785,6136.271,2446.7285,76083.4188,A6,N,N
09/28/2026,13:00,19361.8008,2352.4299,8561.25,2339.1699,19708.1992,12259.2002,5852.25,2057.8999,72492.1999,E,N,N
09/28/2026,13:00,19612.8008,2274.4399,8240.5703,2298.1201,20933.4004,12721.0996,6174.6401,2091.5701,74346.6413,E1,N,N
09/28/2026,13:00,19600.0996,2418.3701,8332.8604,2310.1699,21711.8008,12311.9004,6039.73,2099.74,74824.6712,E2,N,N
09/28/2026,13:00,19468,2336.5,8374.6201,2303.97,20691.6992,12534,5932.77,1988.35,73629.9093,E3,N,N
09/28/2026,13:00,19725.4629,2316.363,8271.9189,2275.3645,21029.6367,12492.6357,6027.1323,2136.8577,74275.3717,M,N,N
09/28/2026,13:00,19914.9004,2339.6101,8051.8301,2151.3701,21969.1992,12893.0996,6151.7798,2372.6101,75844.3994,X,Y,N
09/28/2026,14:00,21337.1621,2521.2007,7885.209,2281.7317,23743.3301,13476.5293,6278.4731,2542.748,80066.384,A3,N,N
09/28/2026,14:00,21491.9922,2395.3069,7974.8906,2284.5667,23573.3086,13323.1885,6359.7148,2452.2756,79855.2439,A6,N,N
09/28/2026,14:00,20153.1992,2474.8301,8621.25,2426.55,20901.5,12929,6089.7798,2130.8999,75727.009,E,N,N
09/28/2026,14:00,20509.3008,2452.6399,8260.1504,2430.45,22396.6992,13421.5,6423.4399,2130.1001,78024.2803,E1,N,N
09/28/2026,14:00,20413,2584.2,8378.0996,2413.55,22971.0996,13023.2998,6236.71,2183.02,78202.979,E2,N,N
09/28/2026,14:00,20160.1992,2489.1699,8412.7998,2407.25,21907.1992,13242.2998,6123.79,2046.52,76789.2279,E3,N,N
09/28/2026,14:00,20545.5371,2479.2295,8329.4385,2392.4734,22349.9609,13187.8574,6246.6865,2188.5632,77719.7465,M,N,N
09/28/2026,14:00,20735.6992,2497.3501,8116.4902,2246.23,23508.0996,13708.2002,6425.6099,2461.51,79699.1892,X,Y,N
09/28/2026,15:00,21698.1582,2634.0271,7852.9551,2360.4412,24832.6914,14116.3135,6443.814,2576.7429,82515.1434,A3,N,N
09/28/2026,15:00,21912.2012,2521.7043,7919.7393,2374.4524,24745.3477,13919.8672,6506.2476,2464.8145,82364.3742,A6,N,N
09/28/2026,15:00,20630.0996,2558.26,8481.6797,2455.04,21848.6992,13436.7002,6242.4302,2180.1499,77833.0588,E,N,N
09/28/2026,15:00,21111.5,2573.1201,8218.7998,2524.75,23587.6992,13942.2998,6598.1099,2164.26,80720.5388,E1,N,N
09/28/2026,15:00,20912.6992,2693.46,8207.7002,2462.97,23894.0996,13511.2998,6369.75,2232.4299,80284.4087,E2,N,N
09/28/2026,15:00,20624.9004,2588.6001,8275.9199,2470.6799,22835.5,13721,6261.2202,2085.05,78862.8705,E3,N,N
09/28/2026,15:00,21038.2813,2587.0291,8220.7676,2457.5786,23382.2695,13706.2334,6395.5518,2225.3408,80013.0521,M,N,N
09/28/2026,15:00,21175.3008,2598.79,8078.8799,2314.6899,24602.8008,14194,6590.3398,2521.9399,82076.7411,X,Y,N
09/28/2026,16:00,21913.2148,2673.165,7723.6382,2363.7288,25586.2969,14480.9199,6591.4458,2613.4919,83945.9013,A3,N,N
09/28/2026,16:00,22285.1738,2586.5735,7756.8726,2397.4583,25565.1563,14206.1963,6624.814,2569.5525,83991.7973,A6,N,N
09/28/2026,16:00,20792.3008,2574.3401,8413.7197,2468.3799,22565.5,13767.5,6324.04,2228.95,79134.7305,E,N,N
09/28/2026,16:00,21390.5996,2604.4399,8013.5298,2523.55,24327,14346.4004,6710.3398,2209.3201,82125.1796,E1,N,N
09/28/2026,16:00,21094.4004,2733.3899,8053.0898,2482.8799,24447.0996,13817.7998,6414.9702,2275.8899,81319.5195,E2,N,N
09/28/2026,16:00,20859.5996,2631.01,8171.3701,2498.8799,23441.4004,14017.5,6348.3901,2117.03,80085.1801,E3,N,N
09/28/2026,16:00,21284.416,2625.9507,8081.7168,2474.2295,24069.2305,14031.0801,6484.5112,2280.1484,81331.2832,M,N,N
09/28/2026,16:00,21305.5996,2645.3899,7993.8398,2337.4299,25167.8008,14477.7998,6688.7002,2558.72,83175.28,X,Y,N
09/28/2026,17:00,21525.5371,2654.9016,7598.8379,2329.5071,25961.8516,14740.1465,6697.167,2629.5515,84137.5003,A3,N,N
09/28/2026,17:00,21650.8926,2568.175,7665.8428,2400.8618,25899.1543,14578.7061,6737.4854,2635.8826,84137.0006,A6,N,N
09/28/2026,17:00,20590.0996,2572.6599,8353.3799,2473.53,23089.8008,13898.9004,6350.3101,2253.24,79581.9207,E,N,N
09/28/2026,17:00,21165.6992,2582.96,7769.8599,2470.26,24594.8008,14624.7998,6734.4702,2193.6599,82136.5098,E1,N,N
09/28/2026,17:00,20969.8008,2733.54,7895.5801,2494.3701,24773.6992,13927.5,6410.1499,2283.46,81488.1001,E2,N,N
09/28/2026,17:00,20847.8008,2633.1799,8010.4702,2497.0601,23762.5996,14137.2998,6388.2202,2109.04,80385.6706,E3,N,N
09/28/2026,17:00,21044.8613,2618.103,7939.0273,2467.2166,24424.0117,14233.4414,6524.1274,2295.0566,81545.8453,M,N,N
09/28/2026,17:00,21263.5,2655.95,7934.2598,2336.74,25411.5996,14570.2002,6703.9502,2556.5901,83432.7899,X,Y,N
09/28/2026,18:00,20937.0938,2643.4897,7494.5122,2313.6248,25377.7832,14727.5947,6617.3721,2566.0588,82677.5293,A3,N,N
09/28/2026,18:00,21065.8223,2519.3108,7578.2935,2385.0774,25200.5234,14577.4883,6685.0605,2541.6882,82553.2644,A6,N,N
09/28/2026,18:00,20146,2535.03,8211.8203,2470.8701,23182.6992,13929.5996,6310.9199,2253.1899,79040.129,E,N,N
09/28/2026,18:00,20430.1992,2563.3,7626.8599,2458.28,24313.4004,14612.7998,6685.8701,2168.3799,80859.0893,E1,N,N
09/28/2026,18:00,20468.1992,2683.5,7802.0298,2479.1001,24667,13862.2002,6331.9502,2266.47,80560.4495,E2,N,N
09/28/2026,18:00,20489.4004,2602.45,7885.7202,2491.23,23654.0996,14072.2998,6370.0698,2082.9199,79648.1897,E3,N,N
09/28/2026,18:00,20519.9258,2580.7183,7820.9448,2456.9116,24203.5449,14210.8789,6476.7744,2262.5295,80532.2282,M,N,N
09/28/2026,18:00,20683.5996,2654.02,7834.0298,2299.73,25204,14584.2002,6661.9502,2518.6299,82440.1597,X,Y,N
09/28/2026,19:00,19930.0488,2703.8252,7325.5127,2202.2109,24081.6992,14317.5713,6448.5273,2520.4924,79529.8878,A3,N,N
09/28/2026,19:00,19991.0996,2570.8137,7429.998,2276.4258,23856.0254,14111.7705,6520.0332,2485.7368,79241.903,A6,N,N
09/28/2026,19:00,19498.0996,2476.4099,7938.2598,2443.05,22641.5996,13827.5,6174.1699,2223.3,77222.3888,E,N,N
09/28/2026,19:00,19510.4004,2620.21,7369.98,2343.1101,23422.9004,14098.5,6509.21,2149.3601,78023.671,E1,N,N
09/28/2026,19:00,19543.8008,2617.75,7645.2002,2422.8401,23976.5996,13557.7998,6184.1201,2230.98,78179.0906,E2,N,N
09/28/2026,19:00,19693.6992,2574.1699,7627.0698,2425.3601,22976.3008,13713.7998,6252.25,2045.79,77308.4396,E3,N,N
09/28/2026,19:00,19647.4199,2571.8708,7602.1016,2382.1572,23374.6855,13861.875,6327.957,2227.0334,77995.1004,M,N,N
09/28/2026,19:00,19797.5996,2626.52,7684.4902,2231.1499,24301.4004,14299.9004,6491.7202,2451.49,79884.2707,X,Y,N
09/28/2026,20:00,19477.9688,2610.3958,7427.7334,2141.2195,23028.8848,13990.8174,6354.0293,2443.2979,77474.3469,A3,N,N
09/28/2026,20:00,19568.5215,2504.9077,7525.0669,2212.2136,22700.9043,14058.1611,6454.6919,2381.3042,77405.7712,A6,N,N
09/28/2026,20:00,18916.0996,2384,7625.98,2329.0901,21606.0996,13403.2998,5994.3198,2172.8799,74431.7688,E,N,N
09/28/2026,20:00,19006.4004,2520.8999,7386.2798,2285.23,22372.5,13594.2998,6353.4399,2080.23,75599.2798,E1,N,N
09/28/2026,20:00,18807.5996,2480.8701,7486.54,2287.99,22908.9004,13008.7002,6028.6802,2161.3201,75170.6006,E2,N,N
09/28/2026,20:00,19085.3008,2465.01,7384.8101,2314.05,21927.0996,13169,6108.0098,1991.3101,74444.5904,E3,N,N
09/28/2026,20:00,19076.7852,2471.1377,7481.7354,2285.7148,22303.1016,13446.6924,6187.8286,2157.4089,75410.4046,M,N,N
09/28/2026,20:00,19249.3008,2580.8301,7541.3398,2142.53,23410.0996,13879.2002,6305.4199,2393.9299,77502.6503,X,Y,N
09/28/2026,21:00,19128.4902,2520.2415,7565.0742,2078.7871,22558.8809,13623.1797,6263.5063,2418.2209,76156.3808,A3,N,N
09/28/2026,21:00,19279.8711,2429.6433,7640.3628,2113.7715,22087.584,13524.7969,6342.8022,2387.2114,75806.0432,A6,N,N
09/28/2026,21:00,18356.5,2305.9399,7666.77,2289.0801,20766.0996,12927.0996,5878.5698,2127.6101,72317.6691,E,N,N
09/28/2026,21:00,18609.5,2414.78,7553.9702,2212.9099,21628,13119.0996,6241.27,2015.74,73795.2697,E1,N,N
09/28/2026,21:00,18228.3008,2383.26,7668.25,2246.8201,22052.5996,12540.2002,5927.0898,2100.73,73147.2505,E2,N,N
09/28/2026,21:00,18575.6992,2370.5801,7484.8301,2262.3999,21090.5996,12694.5,5999.8501,1941.6899,72420.1489,E3,N,N
09/28/2026,21:00,18609.9746,2380.8408,7602.8369,2224.9963,21524.9766,12961.1396,6077.9165,2114.5962,73497.2775,M,N,N
09/28/2026,21:00,18686.5,2500.1599,7563.2402,2083.53,22665.3008,13500.5,6202.0498,2358.0601,75559.3408,X,Y,N
09/28/2026,22:00,18600.5703,2380.9351,7548.9023,1968.4573,21586.9238,13053.3555,6020.0308,2344.4817,73503.6568,A3,N,N
09/28/2026,22:00,18855.7734,2282.4268,7609.4453,2040.4889,21161.4336,13009.8975,6113.5249,2332.7913,73405.7817,A6,N,N
09/28/2026,22:00,17612.9004,2185.4199,7645.7402,2187.1399,19707.8008,12178.5996,5620.46,2023.7,69161.7608,E,N,N
09/28/2026,22:00,17960.8008,2252.5601,7516.71,2050.1201,20572.4004,12526.7998,6000.3301,1942.61,70822.3313,E1,N,N
09/28/2026,22:00,17481.5996,2233.48,7604.6899,2137.0801,20876.6992,11847.9004,5679.0298,2010.39,69870.869,E2,N,N
09/28/2026,22:00,17899.9004,2226.25,7472.46,2143.53,20044.6992,12031.2998,5781.5601,1881.8101,69481.5096,E3,N,N
09/28/2026,22:00,17962.1953,2236.0273,7569.8091,2111.6719,20472.6055,12318.8994,5838.981,2038.2603,70548.4498,M,N,N
09/28/2026,22:00,17944.6992,2374.1201,7594.1602,1986.6899,21433.6992,12807.7998,5949.2998,2273.53,72363.9982,X,Y,N
09/28/2026,23:00,17648.252,2252.9675,7530.8994,1886.2804,19896.3105,12191.543,5629.9561,2238.6001,69274.809,A3,N,N
09/28/2026,23:00,17816.2051,2157.7795,7546.9673,1964.5363,19584.7051,12028.5488,5735.415,2228.8223,69062.9794,A6,N,N
09/28/2026,23:00,16718,2047.5601,7696,2105.8201,18321.9004,11328.5996,5324.8501,1931.49,65474.2203,E,N,N
09/28/2026,23:00,17102.6992,2121.53,7570.0801,1974,19259.3008,11753.5,5656.3701,1796.23,67233.7102,E1,N,N
09/28/2026,23:00,16639.5996,2067.95,7644.7002,2042.6,19549.0996,11108,5432.98,1892.6801,66377.6095,E2,N,N
09/28/2026,23:00,17037.9004,2067.1699,7568.46,2056.6101,18726.5996,11254.7998,5491.0601,1775.4399,65978.0398,E3,N,N
09/28/2026,23:00,17062.8809,2092.3979,7605.2412,2028.7134,19088.3223,11494.6904,5528.1353,1924.9325,66825.3139,M,N,N
09/28/2026,23:00,17017,2233.0601,7575.3599,1877.64,19906,11970.7002,5599.5801,2182.1499,68361.4902,X,Y,N
09/28/2026,24:00,16508.5371,2112.0845,7500.8579,1782.3629,18273.9609,11282.4893,5292.2134,2147.0317,64899.5377,A3,N,N
09/28/2026,24:00,16646.1953,2046.3818,7505.7769,1830.0521,17992.5391,11022.5234,5405.0664,2108.6169,64557.1519,A6,N,N
09/28/2026,24:00,15789.4004,1908.03,7759.04,2019.9399,16924.1992,10591.9004,5019.6001,1847.87,61859.98,E,N,N
09/28/2026,24:00,16154.7998,1995.16,7623.1899,1896.49,17933.1992,11019.7998,5363.27,1722.22,63708.1287,E1,N,N
09/28/2026,24:00,15756.2002,1913.85,7639.6001,1966.1801,18176.1992,10355.2002,5173.8599,1793.7,62774.7897,E2,N,N
09/28/2026,24:00,16110.0996,1918.89,7626.9902,1981.5699,17381.1992,10498.7998,5206.23,1686.08,62409.8587,E3,N,N
09/28/2026,24:00,16091.3398,1956.4624,7630.9194,1938.8464,17681.4668,10697.6445,5233.6055,1831.6973,63061.9821,M,N,N
09/28/2026,24:00,16021.0996,2072.3701,7532.7202,1769.97,18324.5,11065.7002,5274.7402,2086.28,64147.3803,X,Y,N
09/29/2026,1:00,15851.9131,1972.8151,7540.7354,1699.3131,17465.3008,10639.6758,4991.1738,2059.5186,62220.4457,A3,N,N
09/29/2026,1:00,15956.9492,1905.0256,7558.7061,1670.585,17224.3652,10538.6855,5052.979,2022.9127,61930.2083,A6,N,N
09/29/2026,1:00,15023.2002,1800.4,7743.2402,1952.5601,15802.5996,9956.6299,4791.2402,1779.22,58849.0902,E,N,N
09/29/2026,1:00,15354.5,1902.54,7672.8301,1852.47,17012.6992,10300.0996,5058.1299,1619.49,60772.7588,E1,N,N
09/29/2026,1:00,15108,1795.23,7634.5801,1898.85,17201.5996,9759.79,5022.79,1710.61,60131.4497,E2,N,N
09/29/2026,1:00,15359.7002,1794.77,7632.75,1929.59,16322,9840.1797,4957.8799,1591.84,59428.7098,E3,N,N
09/29/2026,1:00,15360.4717,1839.5931,7648.4209,1860.811,16712.6523,10079.0771,4976.604,1744.8146,60222.4447,M,N,N
09/29/2026,1:00,15213,1943.41,7472.3599,1690.58,17217.5996,10388.7998,4981.6602,2008.58,60915.9895,X,Y,N
09/29/2026,2:00,15411.0107,1862.9858,7545.3335,1638.8063,16393.0566,10035.9648,4795.8198,2050.4409,59733.4184,A3,N,N
09/29/2026,2:00,15594.8281,1799.1754,7621.1558,1594.6168,16150.8926,9855.6875,4836.3433,2024.2184,59476.9179,A6,N,N
09/29/2026,2:00,14406.5996,1702.0699,7645.0298,1889.75,14870.0996,9443.6299,4616.0698,1735.65,56308.8986,E,N,N
09/29/2026,2:00,14803.2002,1814.86,7662.5,1809.51,16116.2002,9789.5098,4899.7798,1593.86,58489.42,E1,N,N
09/29/2026,2:00,14548.2002,1700.0601,7565.0801,1835.45,16349.7002,9218.8301,4871.1602,1651.35,57739.8309,E2,N,N
09/29/2026,2:00,14776.2998,1693.97,7562.75,1878.4,15399.7002,9336.8896,4797.3301,1541.9301,56987.2698,E3,N,N
09/29/2026,2:00,14825.8262,1742.0271,7611.3037,1801.5454,15777.3193,9528.9102,4804.1367,1709.4017,57800.4703,M,N,N
09/29/2026,2:00,14625,1856.01,7446.3101,1638.4301,16302,9893.1797,4792.8101,1967.62,58521.36,X,Y,N
09/29/2026,3:00,14849.2422,1787.0714,7426.9199,1590.8258,15696.9512,9482.3262,4660.3564,2005.1204,57498.8135,A3,N,N
09/29/2026,3:00,14963.7969,1732.9838,7516.1772,1549.958,15478.0488,9213.4277,4707.5591,2005.1051,57167.0566,A6,N,N
09/29/2026,3:00,13932.4004,1640.64,7683.6602,1843.29,14244.5996,9024.0098,4480.1099,1687.72,54536.4299,E,N,N
09/29/2026,3:00,14451,1767.8199,7601.77,1795.04,15516.5,9341.0801,4765.6201,1567.3101,56806.1402,E1,N,N
09/29/2026,3:00,14138.4004,1635.3,7538.1401,1793.99,15747.2998,8825.3496,4762.46,1609.34,56050.2799,E2,N,N
09/29/2026,3:00,14343.0996,1629.91,7575.79,1839.92,14770,8936.9004,4658.7402,1503.8199,55258.1801,E3,N,N
09/29/2026,3:00,14365.7393,1681.3309,7583.1074,1764.4397,15151.29,9068.1533,4674.8975,1674.6592,55963.6173,M,N,N
09/29/2026,3:00,14249.0996,1800.39,7425.8501,1604.72,15776,9565.71,4660.3101,1935.46,57017.5398,X,Y,N
09/29/2026,4:00,14573.751,1734.5631,7357.2217,1580.9359,15229.2871,9147.0195,4537.314,1955.6761,56115.7684,A3,N,N
09/29/2026,4:00,14631.459,1675.5256,7395.145,1563.952,15002.8887,8923.002,4589.5166,1969.7212,55751.2101,A6,N,N
09/29/2026,4:00,13698.4004,1607.4301,7558.6899,1797.58,13840.7002,8806.0801,4360.54,1662.72,53332.1407,E,N,N
09/29/2026,4:00,14249.2998,1732.5699,7460.2002,1779.65,15129.4004,9112.6602,4660.9102,1549.12,55673.8107,E1,N,N
09/29/2026,4:00,13903.7002,1602.72,7419.46,1746,15276.2998,8542.1504,4637.7998,1583.98,54712.1102,E2,N,N
09/29/2026,4:00,14139.2002,1596.48,7443.6401,1796.9301,14363.2002,8701.2197,4556.1201,1494.3101,54091.1005,E3,N,N
09/29/2026,4:00,14124.4121,1642.9452,7455.4272,1736.8225,14722.498,8817.0225,4560.9775,1651.9703,54712.0753,M,N,N
09/29/2026,4:00,14082.5996,1765.1899,7403.3398,1592.38,15448.7998,9349.7998,4586.2998,1913.47,56141.8787,X,Y,N
09/29/2026,5:00,14379.8281,1699.5496,7366.1714,1580.0623,15020.6475,9047.0566,4517.8584,1939.2438,55550.4177,A3,N,N
09/29/2026,5:00,14456.499,1654.6451,7380.5483,1588.9055,14761.9023,8966.1035,4577.6777,1952.0291,55338.3105,A6,N,N
09/29/2026,5:00,13728.7002,1594.75,7470.9199,1794.46,13765.0996,8750.4404,4334.8701,1659.08,53098.3202,E,N,N
09/29/2026,5:00,14342.4004,1724.17,7475.3901,1800.84,15115.0996,9060.1797,4625.9902,1539.53,55683.6,E1,N,N
09/29/2026,5:00,13939.2998,1588.4,7429.7402,1740.88,15151.9004,8446.2803,4596.7202,1571.7,54464.9209,E2,N,N
09/29/2026,5:00,14202.7002,1589.42,7408.3799,1792.46,14319.7002,8642.29,4531.1602,1484.77,53970.8805,E3,N,N
09/29/2026,5:00,14133.9209,1630.2771,7432.9961,1743.509,14622.7402,8773.0586,4533.2837,1641.4218,54511.2074,M,N,N
09/29/2026,5:00,14035.4004,1749.9301,7388.75,1591.74,15307.5,9200.0703,4544.1499,1900.95,55718.4907,X,Y,N
09/29/2026,6:00,14652.4834,1734.448,7362.7417,1606.2515,15375.5898,9154.2324,4570.1904,1960.0027,56415.9399,A3,N,N
09/29/2026,6:00,14746.6484,1694.2191,7385.8745,1620.2321,15057.8486,9031.0459,4638.1167,1979.025,56153.0103,A6,N,N
09/29/2026,6:00,14075.5996,1647.84,7491.5601,1833.4301,14246.7998,8951.4297,4425.21,1665.78,54337.6493,E,N,N
09/29/2026,6:00,14764.7002,1807.6899,7503.3701,1850.67,15623.5996,9268.6396,4707.71,1553.27,57079.6494,E1,N,N
09/29/2026,6:00,14266.0996,1649.3199,7436.5898,1776.79,15465.2002,8581.71,4660.3599,1576.6801,55412.7495,E2,N,N
09/29/2026,6:00,14556.7002,1651.34,7436.1001,1824.79,14815.2002,8820.3496,4590.6499,1489.12,55184.25,E3,N,N
09/29/2026,6:00,14481.9492,1690.0818,7450.6992,1781.1825,15041.7295,8930.6357,4604.4092,1652.7751,55633.4622,M,N,N
09/29/2026,6:00,14291.5996,1764.72,7384.2798,1616.3,15512.5,9280.3799,4568.6099,1907.73,56326.1192,X,Y,N
09/29/2026,7:00,15005.8008,1810.877,7413.5688,1675.8809,16027.5811,9479.1475,4722.231,1999.511,58134.5981,A3,N,N
09/29/2026,7:00,15003.1484,1766.338,7436.1997,1688.936,15675.1416,9382.916,4815.248,2057.6013,57825.529,A6,N,N
09/29/2026,7:00,14555,1741.87,7602.1802,1923.34,15102.2002,9358.5898,4596.2402,1676.4399,56555.8603,E,N,N
09/29/2026,7:00,15317.9004,1923.54,7596.75,1930.24,16393.5996,9625.9805,4880.04,1599.38,59267.4305,E1,N,N
09/29/2026,7:00,14688,1748.9301,7521.52,1865.49,16122.5996,8960.04,4816.7998,1605.1899,57328.5694,E2,N,N
09/29/2026,7:00,15032.2998,1757.01,7542.8799,1906.17,15596.0996,9214.6396,4774.1899,1520.59,57343.8788,E3,N,N
09/29/2026,7:00,14919.2705,1787.5376,7539.9063,1862.8352,15777.9287,9308.4336,4776.5034,1691.8402,57664.2555,M,N,N
09/29/2026,7:00,14725.7002,1849.3101,7404.04,1680.6,16268.2998,9608.6201,4745.1602,1949.8,58231.5304,X,Y,N
09/29/2026,8:00,15198.7061,1799.5995,7403.9282,1687.5435,16276.3232,9672.7686,4759.2095,2010.7308,58808.8094,A3,N,N
09/29/2026,8:00,15055.0928,1760.4059,7403.126,1673.4703,15961.0391,9636.5684,4850.2998,2102.2539,58442.2562,A6,N,N
09/29/2026,8:00,14628.5996,1739.6801,7640.79,1954.61,15452.4004,9513.8896,4585.73,1691.01,57206.7097,E,N,N
09/29/2026,8:00,15372.0996,1917.73,7610.21,1942.88,16562.5,9778.7803,4857.3398,1615.37,59656.9097,E1,N,N
09/29/2026,8:00,14794.2002,1750.25,7593.6602,1893.3,16316,9105.6201,4808.25,1624.59,57885.8705,E2,N,N
09/29/2026,8:00,15101.9004,1759.51,7589.27,1940.88,15859.5996,9378.4902,4761.71,1536.92,57928.2802,E3,N,N
09/29/2026,8:00,14990.3779,1785.5153,7567.4111,1881.0282,16030.3076,9482.6699,4772.666,1714.0288,58224.0048,M,N,N
09/29/2026,8:00,14952.7998,1846.1,7426.52,1715.4,16634.8008,9826.4102,4778.5298,1975.71,59156.2706,X,Y,N
09/29/2026,9:00,15919.5391,1794.2125,7442.9854,1751.8883,16793.9258,9997.4766,4895.0142,2052.2295,60647.2714,A3,N,N
09/29/2026,9:00,15695.251,1763.2423,7435.2188,1761.1903,16544.4336,9941.7969,5005.729,2150.7966,60297.6585,A6,N,N
09/29/2026,9:00,14894.0996,1752.55,7725.3901,2002.71,15753.5996,9667.4404,4660.04,1690.76,58146.5897,E,N,N
09/29/2026,9:00,15608.2002,1860.21,7672.6699,1973.17,16726.5996,9973.2803,4911.4302,1601.67,60327.2302,E1,N,N
09/29/2026,9:00,15343.5,1750.71,7579.1602,1939.65,16728.5,9323.1201,4887.48,1630.92,59183.0403,E2,N,N
09/29/2026,9:00,15454.4004,1754.46,7661.3398,1982.86,16256.9004,9564.7695,4813.4302,1542.3101,59030.4704,E3,N,N
09/29/2026,9:00,15399.0898,1776.2344,7614.7559,1931.9161,16402.0078,9694.082,4855.6221,1723.2914,59396.9995,M,N,N
09/29/2026,9:00,15566,1858.65,7419.77,1769.47,17214.1992,10101.5,4895.7998,2006.12,60831.509,X,Y,N
09/29/2026,10:00,16864.2871,1844.6934,7510.1074,1847.6426,17646.3242,10482.6084,5154.2222,2117.5657,63467.451,A3,N,N
09/29/2026,10:00,16748.4297,1774.0842,7526.1357,1857.0464,17420.4902,10375.2568,5216.6914,2212.6936,63130.828,A6,N,N
09/29/2026,10:00,15666.9004,1869.4,7932.3301,2083.3201,16639,10096.7998,4957.73,1729.39,60974.8704,E,N,N
09/29/2026,10:00,16378.7002,1855.8,7801.5,2049.6499,17481.6992,10541.4004,5213.3799,1680.8199,63002.9495,E1,N,N
09/29/2026,10:00,16391.9004,1855.63,7745.5801,2029.83,17697.1992,9854.5596,5194.5801,1668.67,62437.9494,E2,N,N
09/29/2026,10:00,16315.5996,1835.8199,7825.29,2071.74,17235,10064.2002,5092.79,1595.26,62035.6997,E3,N,N
09/29/2026,10:00,16300.3066,1838.147,7766.1675,2018.3173,17294.6777,10186.4434,5135.0347,1777.3668,62316.461,M,N,N
09/29/2026,10:00,16679.5996,1907.95,7466,1844.8101,18272.0996,10633.9004,5128.5298,2073.6001,64006.4896,X,Y,N
09/29/2026,11:00,17847.4043,1999.9709,7620.7749,1941.5199,18857.6367,11103.9893,5453.1987,2184.0562,67008.5509,A3,N,N
09/29/2026,11:00,17855.541,1899.1656,7608.6304,1943.1016,18679.0117,11073.1006,5533.4414,2214.9844,66806.9767,A6,N,N
09/29/2026,11:00,16695.5,2016.9301,8048.4199,2143.47,17707.9004,10659.9004,5270.1401,1822.5699,64364.8308,E,N,N
09/29/2026,11:00,17422.5996,1960.9,7956.1899,2130.76,18481.5,11175.2002,5560.2002,1779.85,66467.1999,E1,N,N
09/29/2026,11:00,17556.4004,2016.0601,7865.3599,2109.95,18771.6992,10517,5509.8301,1744.5,66090.7997,E2,N,N
09/29/2026,11:00,17372.6992,1980.62,7966.1001,2138.76,18369.0996,10700.5,5388.8501,1694,65610.629,E3,N,N
09/29/2026,11:00,17380.5488,1974.7352,7888.9409,2093.2083,18401.8418,10825.1406,5452.4927,1851.1809,65868.0892,M,N,N
09/29/2026,11:00,17733,2038.1801,7519.27,1911.99,19514.6992,11271.5,5419.8901,2152.6599,67561.1893,X,Y,N
09/29/2026,12:00,19238.7383,2144.0566,7677.4175,2015.6086,20245.7207,11796.1797,5735.9922,2280.8279,71134.5415,A3,N,N
09/29/2026,12:00,19314.8027,2044.3538,7647.2363,2008.4164,20092.8516,11753.8057,5802.3945,2295.8059,70959.6669,A6,N,N
09/29/2026,12:00,17682.0996,2179.03,8185.1299,2218,18956.5,11284.2998,5579.6699,1910.46,67995.1892,E,N,N
09/29/2026,12:00,18539.9004,2099.29,8090.7402,2196.0601,19734.5996,11865.7998,5854.96,1860.22,70241.5701,E1,N,N
09/29/2026,12:00,18578.0996,2177.28,7942.21,2192.47,19809,11248.9004,5813.1899,1831.63,69592.7799,E2,N,N
09/29/2026,12:00,18374.0996,2137.77,8092.6699,2218.8799,19652.1992,11424,5658.3301,1779.1,69337.0487,E3,N,N
09/29/2026,12:00,18497.8008,2127.5449,7991.5972,2166.7654,19649.0293,11515.3613,5741.709,1935.4431,69625.251,M,N,N
09/29/2026,12:00,18824.0996,2173.53,7576,2012.25,20820.5,11944.5996,5748.3501,2229.8799,71329.2092,X,Y,N
09/29/2026,13:00,20113.2832,2305.8503,7770.5068,2130.0371,21635.7656,12417.6709,6112.8315,2374.0681,74860.0135,A3,N,N
09/29/2026,13:00,20190.4238,2214.8621,7759.3135,2111.0674,21480.1172,12296.4561,6170.2451,2380.0769,74602.5621,A6,N,N
09/29/2026,13:00,18722.5996,2353.6299,8354.9902,2304.24,20341.1992,11980,5846.4502,1963.3199,71866.429,E,N,N
09/29/2026,13:00,19483.1992,2274.6499,8187.3301,2302.23,21084,12578.7002,6169.73,1956.49,74036.3294,E1,N,N
09/29/2026,13:00,19372.4004,2337.3501,8089.75,2283.99,20834.9004,12025.4004,6064.3398,1895.24,72903.3711,E2,N,N
09/29/2026,13:00,19258.6992,2317.6101,8244.2402,2324.78,20988.5,12188.2998,5895.46,1851.73,73069.3193,E3,N,N
09/29/2026,13:00,19405.4648,2299.6204,8127.1255,2265.2615,20945.7461,12213.7715,6029.2451,2009.3713,73295.6062,M,N,N
09/29/2026,13:00,19728.8008,2317.4299,7665.8198,2084.8501,22056.6992,12617,6036.48,2304.1799,74811.2597,X,Y,N
09/29/2026,14:00,20834.7559,2504.0588,7844.2871,2261.3923,22953.9766,13033.7334,6320.2603,2436.7073,78189.1717,A3,N,N
09/29/2026,14:00,20818.5723,2387.9382,7882.7998,2254.5378,22772.8867,12957.6416,6404.1748,2369.7983,77848.3495,A6,N,N
09/29/2026,14:00,19580.1992,2501.9199,8474.6699,2371.53,21628.6992,12640.7998,6074.9199,2040.42,75313.1579,E,N,N
09/29/2026,14:00,20284.3008,2455.71,8213.4404,2415.72,22360.6992,13179.9004,6407.3999,1985.83,77303.0007,E1,N,N
09/29/2026,14:00,20065.8008,2472.3201,8202.7402,2363.49,21747.5,12728.7998,6269.4902,1954.89,75805.0311,E2,N,N
09/29/2026,14:00,20063.1992,2479.1399,8323.4404,2419.26,22211.8008,12844.2002,6096.8501,1911.54,76349.4306,E3,N,N
09/29/2026,14:00,20162.4141,2459.4055,8219.4189,2364.9075,22144.3164,12870.2686,6250.5669,2052.4958,76523.7937,M,N,N
09/29/2026,14:00,20570.5996,2473.5901,7714.1299,2155.9299,23421.0996,13318,6301.8901,2381.8999,78337.1391,X,Y,N
09/29/2026,15:00,21247.6855,2629.3169,7831.2837,2340.3975,24122.3984,13568.2715,6505.7285,2458.3591,80703.4411,A3,N,N
09/29/2026,15:00,21297.7363,2527.0906,7887.0088,2345.5332,23955.873,13415.3389,6553.1924,2377.2341,80359.0073,A6,N,N
09/29/2026,15:00,20179.9004,2601.2,8425.2197,2394.3899,22621.4004,13172.2002,6236.02,2081.21,77711.5406,E,N,N
09/29/2026,15:00,20806.9004,2568.73,8227.3203,2481.8,23328.1992,13593.2002,6564.02,2013.3,79583.4701,E1,N,N
09/29/2026,15:00,20497,2558.6201,8145.6899,2388.48,22331.1992,13227.5,6408.5298,1987.55,77544.569,E2,N,N
09/29/2026,15:00,20549.3008,2587.6299,8264.6299,2472.8,23128.4004,13299,6239.1699,1946.98,78487.9109,E3,N,N
09/29/2026,15:00,20666.168,2568.6543,8189.9746,2416.6006,23073.0156,13341.4482,6400.1865,2081.2549,78737.3027,M,N,N
09/29/2026,15:00,21006.3008,2579.8201,7688.6499,2202.54,24330,13873.4004,6486.75,2444.1899,80611.6511,X,Y,N
09/29/2026,16:00,21407.6055,2669.5154,7719.272,2342.1804,24857.5332,14053.5918,6643.6387,2493.9368,82187.2738,A3,N,N
09/29/2026,16:00,21649.8867,2575.1799,7733.5381,2365.7034,24730.166,13930.4268,6662.1353,2480.8699,82127.9061,A6,N,N
09/29/2026,16:00,20363.4004,2649.8799,8404.0596,2420.54,23135,13481,6298.6499,2122.49,78875.0198,E,N,N
09/29/2026,16:00,21065.8008,2616.54,8116.98,2496.26,23849.4004,13929.5,6684.0601,2052.8201,80811.3614,E1,N,N
09/29/2026,16:00,20667.5996,2604.28,8086.6802,2397.1399,22629.8008,13529.4004,6470.5698,2022.66,78408.1307,E2,N,N
09/29/2026,16:00,20732.3008,2631.99,8230.1299,2506.6399,23604.1992,13569.2998,6311.8198,1982.8,79569.1794,E3,N,N
09/29/2026,16:00,20895.7988,2615.574,8114.2773,2437.2566,23589.7148,13687.9258,6485.4473,2132.3281,79958.3227,M,N,N
09/29/2026,16:00,21197.6992,2647.6101,7613.4399,2218.55,24808.5996,14177.9004,6609.3301,2483.2,81756.3293,X,Y,N
09/29/2026,17:00,21000.3086,2664.1472,7606.584,2306.8848,25136.166,14306.7061,6763.6357,2514.551,82298.9834,A3,N,N
09/29/2026,17:00,21010.1582,2556.4341,7640.2549,2364.7805,24962.1523,14268.7334,6773.1787,2548.8538,82124.5459,A6,N,N
09/29/2026,17:00,20230.4004,2677.2,8338.3398,2438.5801,23359.5,13655.7002,6332.25,2147.0701,79179.0406,E,N,N
09/29/2026,17:00,20918,2598.6499,7890.48,2442.8201,23972.6992,14147.2002,6728.75,2040.5,80739.0994,E1,N,N
09/29/2026,17:00,20605.8008,2608.1899,7955.2402,2387.1699,22693.6992,13653,6508,2033.23,78444.33,E2,N,N
09/29/2026,17:00,20671.8008,2636.8301,8055.5498,2505.53,23795.1992,13695.0996,6340.21,1979.16,79679.3795,E3,N,N
09/29/2026,17:00,20687.2305,2615.4607,7975.9731,2427.7761,23756.6484,13883.9473,6536.478,2149.7627,80033.2768,M,N,N
09/29/2026,17:00,21163.8008,2681.01,7561.3901,2217.51,25022.5996,14332.7002,6652.3599,2497.3301,82128.7007,X,Y,N
09/29/2026,18:00,20449.0391,2659.8044,7515.083,2290.2051,24719.7773,14291.6484,6712.6782,2455.5439,81093.7794,A3,N,N
09/29/2026,18:00,20430.2363,2537.9043,7550.4072,2348.1494,24415.4277,14290.1465,6753.4219,2455.5012,80781.1945,A6,N,N
09/29/2026,18:00,19869.6992,2660.6599,8266.6797,2431.49,23272.4004,13707.9004,6306.5898,2145.1799,78660.5993,E,N,N
09/29/2026,18:00,20265,2586.3999,7747.21,2426.6201,23597.0996,14071.7998,6686.6602,2001.25,79382.0396,E1,N,N
09/29/2026,18:00,20217.6992,2573.25,7854.0098,2375.99,22451.1992,13589.9004,6459.46,2011.84,77533.3486,E2,N,N
09/29/2026,18:00,20245.5996,2611.9299,7974.0498,2497.4099,23651.5,13596.2002,6315.0601,1946.83,78838.5795,E3,N,N
09/29/2026,18:00,20205.6465,2594.0291,7878.4712,2415.9319,23477.5254,13851.1904,6504.2388,2112.1204,79039.1537,M,N,N
09/29/2026,18:00,20734.0996,2692.3999,7498.7998,2193.27,24776.5,14359.2998,6627.8501,2463.03,81345.2492,X,Y,N
09/29/2026,19:00,19558.8555,2722.8552,7336.7539,2201.3516,23576.3828,13878.3721,6558.2759,2427.2314,78260.0784,A3,N,N
09/29/2026,19:00,19548.6621,2578.0906,7401.3369,2259.3931,23260.6211,13827.0557,6578.2231,2412.6885,77866.0711,A6,N,N
09/29/2026,19:00,19245.6992,2628.3701,7986.27,2410.8701,22654.9004,13647.2002,6188.2798,2118.97,76880.5598,E,N,N
09/29/2026,19:00,19359.5,2646.3201,7465.3301,2349.6499,22616.5,13616.7002,6509.3599,1977.77,76541.1302,E1,N,N
09/29/2026,19:00,19445.6992,2526.6899,7572.6401,2336.5701,21780.1992,13294,6317.1201,1977.62,75250.5386,E2,N,N
09/29/2026,19:00,19544.1992,2600.99,7726.1001,2441.0701,23027.5,13253.0996,6182.3799,1916.1899,76691.5288,E3,N,N
09/29/2026,19:00,19428.752,2596.092,7630.3354,2359.5107,22667.9453,13527.6113,6355.0728,2080.6477,76645.9672,M,N,N
09/29/2026,19:00,19832.4004,2687.8999,7448.5698,2147.3899,24012.5996,14122.7002,6495.8701,2402.8701,79150.3,X,Y,N
09/29/2026,20:00,19059.7461,2632.7273,7427.7119,2151.1746,22475.7441,13536.1553,6476.2056,2357.2773,76116.7422,A3,N,N
09/29/2026,20:00,19022.6035,2511.2224,7495.3628,2199.7935,22114.8164,13695.1426,6530.3345,2312.885,75882.1607,A6,N,N
09/29/2026,20:00,18700.5996,2534.1699,7692.1401,2299.28,21698.4004,13260.2002,6018.1699,2081.95,74284.9101,E,N,N
09/29/2026,20:00,18892.5,2564.79,7458.1001,2316.1101,21812.1992,13146.4004,6362.1602,1910.35,74462.61,E1,N,N
09/29/2026,20:00,18839.8008,2422.29,7263.7002,2222.72,20932.5,12778.0996,6156.1001,1934.74,72549.9507,E2,N,N
09/29/2026,20:00,19014.8008,2494.22,7475.7998,2332.02,22148.6992,12785.7998,6056,1875.21,74182.5496,E3,N,N
09/29/2026,20:00,18894.0605,2505.3384,7477.021,2273.9849,21741.3242,13133.1289,6224.5532,2023.027,74272.4381,M,N,N
09/29/2026,20:00,19377.5996,2655.71,7428.1899,2098.8701,23257.5,13815.5,6343.7402,2349.9099,77327.0197,X,Y,N
09/29/2026,21:00,18787.5469,2547.6279,7544.3765,2088.6245,22182.1738,13210.502,6382.2393,2340.707,75083.7979,A3,N,N
09/29/2026,21:00,18726.5254,2451.0679,7607.8564,2099.8315,21646.1582,13285.7949,6424.2129,2321.3792,74562.8264,A6,N,N
09/29/2026,21:00,18222.6992,2447.98,7736.8198,2253.3701,21114.3008,12854.9004,5860.2798,2038.15,72528.5001,E,N,N
09/29/2026,21:00,18507,2460.0701,7544.8999,2235.5701,21220.3008,12739.2002,6254.21,1866.27,72827.5211,E1,N,N
09/29/2026,21:00,18347.3008,2338.51,7381,2177.96,20411.9004,12353.2998,6038.2598,1909.9,70958.1308,E2,N,N
09/29/2026,21:00,18610.8008,2401.9099,7534.0898,2271.1001,21562.1992,12424.4004,5957.5298,1831.1,72593.13,E3,N,N
09/29/2026,21:00,18482.8652,2419.9077,7560.9331,2207.5664,21190.9727,12731.5195,6106.8984,1993.3599,72694.0229,M,N,N
09/29/2026,21:00,18899.5,2567.72,7450.6201,2050.3,22662.6992,13443.5996,6271.96,2337.02,75683.4189,X,Y,N
09/29/2026,22:00,18223.1426,2399.6934,7497.7236,1994.426,21237.668,12642.4014,6128.2656,2280.1875,72403.5081,A3,N,N
09/29/2026,22:00,18295.9102,2302.2029,7574.0737,2036.8358,20815.2441,12666.0576,6211.082,2277.8262,72179.2325,A6,N,N
09/29/2026,22:00,17516.8008,2320.4199,7610.9902,2154.8201,20130.8008,12117,5581.4702,1956.15,69388.452,E,N,N
09/29/2026,22:00,17892.9004,2311.1599,7389.98,2086.0901,20295.3008,12196,6033.6602,1810.92,70016.0114,E1,N,N
09/29/2026,22:00,17661.5996,2212.8799,7360.8501,2101.8899,19532.5,11708.9004,5791.6001,1849.46,68219.68,E2,N,N
09/29/2026,22:00,17930.5996,2263.03,7436.5601,2157.8601,20600.8008,11855.5,5750.3101,1781.3101,69775.9708,E3,N,N
09/29/2026,22:00,17859.5625,2281.9385,7474.4907,2107.4993,20274.9297,12108.6914,5873.6245,1935.1333,69915.8699,M,N,N
09/29/2026,22:00,18189.1992,2444.9199,7437.7202,1980.23,21684.1992,12815.4004,6029.2598,2280.99,72861.9187,X,Y,N
09/29/2026,23:00,17498.9551,2285.4849,7450.7544,1904.0063,19743.8145,11838.2363,5737.4224,2179.6543,68638.3282,A3,N,N
09/29/2026,23:00,17573.2871,2183.1738,7500.4917,1959.2206,19456.5801,11807.8477,5838.332,2174.8132,68493.7462,A6,N,N
09/29/2026,23:00,16693.4004,2154.3301,7642,2099.21,18881.5996,11334.9004,5288.4399,1869.5601,65963.4405,E,N,N
09/29/2026,23:00,17142.0996,2182.8301,7468.3701,2024.95,19015.1992,11480.5996,5698.1099,1685.02,66697.1785,E1,N,N
09/29/2026,23:00,16883.5996,2065.1101,7443.7598,2026.65,18330.6992,10983,5529.0098,1755.65,65017.4785,E2,N,N
09/29/2026,23:00,17094.8008,2103.55,7506.4902,2081.6201,19300.0996,11138.2998,5480.3398,1670.49,66375.6903,E3,N,N
09/29/2026,23:00,17077.4375,2137.7988,7512.2227,2038.3301,18996.8359,11348.9297,5566.8462,1831.1067,66509.5076,M,N,N
09/29/2026,23:00,17344.0996,2303.3701,7373.0698,1886.4301,20345,12021.7998,5731.0698,2198.9199,69203.7591,X,Y,N
09/29/2026,24:00,16606.7676,2150.1653,7385.8203,1801.4396,18220.9863,11012.1963,5415.9063,2092.2615,64685.5432,A3,N,N
09/29/2026,24:00,16634.2852,2090.7556,7406.5474,1833.6395,17966.8516,10896.1182,5526.8965,2057.2561,64412.3501,A6,N,N
09/29/2026,24:00,15884,2024.47,7686.4902,2032.3101,17580.5996,10670.5,5022.3398,1788.67,62689.3797,E,N,N
09/29/2026,24:00,16314.0996,2077.1399,7483.4199,1925.29,17756.4004,10855.5,5450.79,1613.95,63476.5898,E1,N,N
09/29/2026,24:00,16095.7002,1936.42,7449.2002,1945.88,17119.1992,10255,5270.0498,1663.78,61735.2294,E2,N,N
09/29/2026,24:00,16296.4004,1975.38,7519.1499,2011.74,17963.5996,10459.0996,5232.0801,1586.62,63044.0696,E3,N,N
09/29/2026,24:00,16244.8975,2020.8333,7508.9619,1949.772,17677.3301,10627.2441,5300.4316,1742.0552,63071.5257,M,N,N
09/29/2026,24:00,16429.3008,2136.4299,7333.9302,1786.3101,18878.6992,11179.0996,5429.1099,2101.1299,65274.0096,X,Y,N
09/30/2026,1:00,15944.0244,2014.2487,7404.5776,1708.4348,17224.6543,10407.6592,5111.3086,2008.0508,61822.9584,A3,N,N
09/30/2026,1:00,15905.1924,1956.286,7418.0186,1665.139,17121.8555,10398.4688,5159.5767,1974.7032,61599.2402,A6,N,N
09/30/2026,1:00,15268.9004,1910.22,7720.6899,1990.54,16521.1992,10115.5,4823.98,1705.7,60056.7295,E,N,N
09/30/2026,1:00,15679,1991.2,7561.5801,1860.67,16864.5,10218.7002,5162.71,1497.4301,60835.7904,E1,N,N
09/30/2026,1:00,15554.7998,1838.1899,7452.2598,1879.25,16146.2002,9659.1602,5094.7202,1570.23,59194.8101,E2,N,N
09/30/2026,1:00,15653.2998,1861.27,7528.79,1964.58,16854.4004,9855.3096,5017.96,1484.67,60220.2798,E3,N,N
09/30/2026,1:00,15612.2383,1911.4332,7536.2676,1872.0358,16701.6328,10049.4277,5051.7896,1646.5466,60381.3716,M,N,N
09/30/2026,1:00,15690.7998,1999.14,7285.6401,1708.66,17727.4004,10454.7002,5149.8999,2039.55,62055.7904,X,Y,N
09/30/2026,2:00,15418.6416,1896.1516,7406.231,1639.1837,16089.0713,9916.7715,4902.6406,1997.4778,59266.1691,A3,N,N
09/30/2026,2:00,15433.4922,1847.1478,7449.7583,1580.8864,15983.9844,9875.6689,4942.0112,1975.1039,59088.0531,A6,N,N
09/30/2026,2:00,14733.9004,1809.79,7672.1499,1954.1801,15603.2998,9627.1104,4662.48,1651.53,57714.4406,E,N,N
09/30/2026,2:00,15212.5996,1904.5601,7602.4399,1812.52,16034,9758.0195,5019.3901,1471.87,58815.3992,E1,N,N
09/30/2026,2:00,15078,1753.48,7404.21,1824.52,15271.7002,9132.7197,4930.0298,1508.0699,56902.7296,E2,N,N
09/30/2026,2:00,15148.7998,1766.3101,7507.3701,1919.61,15917.2002,9389.0195,4869.48,1434.52,57952.3097,E3,N,N
09/30/2026,2:00,15121.3574,1816.2576,7527.186,1818.3434,15762.0371,9556.5078,4884.6782,1608.2189,58094.5864,M,N,N
09/30/2026,2:00,15182.7998,1903.67,7257.0298,1665.08,16832.4004,10003,4973.5,1998.91,59816.39,X,Y,N
09/30/2026,3:00,15005.085,1807.3586,7282.5288,1591.45,15432.1436,9524.2598,4761.6074,1952.1213,57356.5545,A3,N,N
09/30/2026,3:00,15037.6162,1782.3448,7324.8281,1547.8667,15298.209,9528.4268,4802.3237,1952.1171,57273.7324,A6,N,N
09/30/2026,3:00,14332.7002,1737.29,7707.1401,1915.22,15016.7998,9255.4902,4541.4502,1599.5699,56105.6604,E,N,N
09/30/2026,3:00,14906.7002,1860.65,7552.23,1783.9,15456.9004,9392.3496,4898.2402,1438.05,57289.0204,E1,N,N
09/30/2026,3:00,14729.9004,1699.0699,7367.9399,1786.75,14654.7998,8782.7402,4806.9399,1460.89,55289.0301,E2,N,N
09/30/2026,3:00,14786.4004,1707.3,7462.5498,1878.09,15282.7998,9019.6201,4750.6802,1393.02,56280.4603,E3,N,N
09/30/2026,3:00,14758.6641,1757.3311,7482.9375,1782.3654,15141.9023,9195.7256,4759.9268,1568.7294,56447.5822,M,N,N
09/30/2026,3:00,14849.7002,1846.33,7241.2202,1638.54,16281,9708.79,4841.4199,1966.95,58373.9503,X,Y,N
09/30/2026,4:00,14687.1934,1751.9318,7189.9556,1578.1068,15061.0986,9273.4365,4635.4072,1896.0905,56073.2204,A3,N,N
09/30/2026,4:00,14754.1895,1725.6133,7220.7837,1561.3429,14858.6172,9251.5703,4680.5171,1908.551,55961.185,A6,N,N
09/30/2026,4:00,14120.7998,1702.36,7603.7402,1860.17,14656,9066.8203,4410.3701,1563.9399,54984.2003,E,N,N
09/30/2026,4:00,14750.2002,1811.3199,7430.2002,1771.63,15102.7998,9200.2998,4794.3398,1429.83,56290.6197,E1,N,N
09/30/2026,4:00,14538,1652.11,7273.1401,1743.23,14229.5996,8566.4404,4686.29,1447.41,54136.2201,E2,N,N
09/30/2026,4:00,14618,1666.96,7346.2202,1831.23,14882.9004,8813.2402,4647.29,1394.85,55200.6908,E3,N,N
09/30/2026,4:00,14556.2383,1711.6726,7374.8169,1753.5206,14745.9834,8979.6748,4643.7617,1548.9161,55314.5844,M,N,N
09/30/2026,4:00,14708.2002,1810.85,7232.48,1622.02,15924.7998,9539.96,4763.5098,1943.34,57545.1598,X,Y,N
09/30/2026,5:00,14638.4443,1716.8882,7200.8057,1572.9895,14989.6709,9266.6523,4589.0781,1879.1692,55853.6982,A3,N,N
09/30/2026,5:00,14617.0908,1705.1862,7231.8726,1579.8165,14750.6816,9308.8242,4651.1919,1881.874,55726.5378,A6,N,N
09/30/2026,5:00,14205,1685.12,7623.1001,1852.35,14638.2998,9009.6299,4374.25,1566.13,54953.8798,E,N,N
09/30/2026,5:00,14848.2998,1807.33,7505.7798,1796.87,15093.2998,9173.1797,4758.4502,1426.78,56409.9893,E1,N,N
09/30/2026,5:00,14599.5,1640.58,7289.8701,1744.8199,14148,8534.4805,4652.3999,1447.75,54057.4004,E2,N,N
09/30/2026,5:00,14703.9004,1654.61,7363.0801,1833.12,14831.7998,8779.5498,4619.8101,1389.39,55175.2602,E3,N,N
09/30/2026,5:00,14594.7588,1698.5653,7402.7407,1761.3954,14692.417,8961.1328,4611.2202,1542.3849,55264.6151,M,N,N
09/30/2026,5:00,14647,1795.29,7227.3501,1616.67,15752.7998,9472.5596,4722.1802,1933.78,57167.6297,X,Y,N
09/30/2026,6:00,14845.792,1750.9852,7162.811,1597.6906,15289.3438,9441.6094,4619.0171,1896.7592,56604.0083,A3,N,N
09/30/2026,6:00,14817.6982,1743.5845,7242.79,1608.254,15023.1406,9519.8516,4707.9575,1819.1509,56482.4273,A6,N,N
09/30/2026,6:00,14643.9004,1765.76,7623.2202,1886.12,15205.9004,9184.2197,4422.71,1570.41,56302.2407,E,N,N
09/30/2026,6:00,15277.7002,1883.12,7532.6699,1844.34,15491.0996,9350.8301,4841.8198,1435.64,57657.2196,E1,N,N
09/30/2026,6:00,14987.5996,1706.6899,7289.8901,1774.04,14457.9004,8723.71,4703.3398,1450.49,55093.6598,E2,N,N
09/30/2026,6:00,15121,1716.3,7364.2002,1871.98,15283.4004,8958.8398,4693.3901,1384.08,56393.1905,E3,N,N
09/30/2026,6:00,14969.5791,1763.0909,7410.5547,1796.9468,15092.2891,9147.4902,4673.8438,1531.9542,56385.7488,M,N,N
09/30/2026,6:00,14851.5996,1810.7,7235.6899,1642.99,15966.2998,9607.1396,4744.6299,1943.9399,57802.9887,X,Y,N
09/30/2026,7:00,15066.0576,1840.079,7195.1235,1664.3145,16059.5273,9827.9961,4756.6177,1936.4082,58346.1239,A3,N,N
09/30/2026,7:00,15057.3262,1816.2881,7296.1396,1676.0543,15743.915,9906.6816,4857.4297,1843.2937,58197.1282,A6,N,N
09/30/2026,7:00,15151.0996,1854.39,7659.21,1968.91,15980.2002,9565.3203,4590.6299,1590.64,58360.4,E,N,N
09/30/2026,7:00,15820.7002,1992.47,7615.4302,1935.1801,16220.0996,9713.71,5020.25,1485.12,59802.9601,E1,N,N
09/30/2026,7:00,15453,1809.37,7357.4702,1864.17,15232.4004,9150.6299,4878.5498,1484.36,57229.9503,E2,N,N
09/30/2026,7:00,15619.7002,1816.03,7434.6899,1960.16,16008.5996,9356.96,4886.6699,1416.51,58499.3196,E3,N,N
09/30/2026,7:00,15420.3662,1857.7097,7472.5879,1880.8949,15837.0439,9538.6602,4846.7061,1563.9849,58417.9538,M,N,N
09/30/2026,7:00,15256,1896.15,7262.8398,1704.79,16764.0996,9965.9004,4914.6602,1991,59755.44,X,Y,N
09/30/2026,8:00,15200.9727,1818.3148,7182.7339,1676.6318,16333.1797,10066.5693,4765.0186,1943.7648,58987.1856,A3,N,N
09/30/2026,8:00,15097.959,1808.8422,7270.5205,1662.7991,16072.2539,10184.8838,4876.9756,1901.182,58875.4161,A6,N,N
09/30/2026,8:00,15169.2998,1848.3101,7714.21,2003.63,16185.5,9712.3203,4585.7202,1601.98,58820.9704,E,N,N
09/30/2026,8:00,15860.0996,1980.29,7662.52,1938.38,16397.0996,9876.8799,4981.8701,1498.86,60195.9992,E1,N,N
09/30/2026,8:00,15542.0996,1815.36,7439.8501,1885.36,15454.5,9333.21,4858.7002,1501.96,57831.0399,E2,N,N
09/30/2026,8:00,15654.5,1815.8,7512.9502,1984.38,16232,9527.4199,4851.6899,1430.8,59009.54,E3,N,N
09/30/2026,8:00,15464.793,1853.7205,7520.0107,1894.9098,16068.2715,9726.9434,4830.9912,1586.9564,58946.5965,M,N,N
09/30/2026,8:00,15479.5,1892.1801,7286.77,1735.52,17138.9004,10193.7002,4946.8799,2014.17,60687.6206,X,Y,N
09/30/2026,9:00,15804.0508,1797.6412,7231.0488,1737.4476,16865.8711,10434.959,4899.3911,1985.028,60755.4376,A3,N,N
09/30/2026,9:00,15604.2412,1807.0719,7310.5352,1749.0254,16764.4414,10514.3506,5014.167,1950.6372,60714.4699,A6,N,N
09/30/2026,9:00,15343.5996,1837.84,7802.2202,2021.04,16419.5996,9840.4805,4663.3501,1627.59,59555.72,E,N,N
09/30/2026,9:00,16069.7998,1904.33,7651.0298,1967.85,16528.6992,10051.2002,5010.48,1503.23,60686.619,E1,N,N
09/30/2026,9:00,15988.5996,1792.15,7528.7598,1913.9,15689.0996,9481.0996,4897.2002,1524.76,58815.5688,E2,N,N
09/30/2026,9:00,15900.5,1793.98,7640.2598,2014.98,16574.5996,9678.3301,4878.79,1448.71,59930.1495,E3,N,N
09/30/2026,9:00,15781.3477,1827.0745,7586.5615,1933.359,16395.2891,9913.0928,4892.7974,1610.9854,59940.5074,M,N,N
09/30/2026,9:00,16143.7998,1910.7,7279.8599,1770.74,17621.5,10416,5060.6099,2039.41,62242.6196,X,Y,N
09/30/2026,10:00,16601.3379,1828.3253,7314.8418,1815.178,17603.7734,10853.1514,5155.1768,2055.3557,63227.1403,A3,N,N
09/30/2026,10:00,16461.1387,1812.0428,7406.8472,1833.8317,17594.3691,10826.3975,5216.0811,1978.8138,63129.5219,A6,N,N
09/30/2026,10:00,16140.5,1940.11,8007.52,2103.96,17261.5,10293.2002,4986.9502,1679.8199,62413.5603,E,N,N
09/30/2026,10:00,16782.4004,1889.14,7767.8101,2037.8101,17144.4004,10554.7002,5285.27,1572.88,63034.4112,E1,N,N
09/30/2026,10:00,16949.6992,1865.75,7768.52,1982.23,16421.5,9896.9697,5170.2998,1578.71,61633.6787,E2,N,N
09/30/2026,10:00,16681,1862.53,7864.8198,2094.27,17491.9004,10149.5996,5143.2002,1502.46,62789.78,E3,N,N
09/30/2026,10:00,16602.9473,1873.9146,7763.1035,2010.4204,17182.7344,10344.1738,5160.3604,1662.5369,62600.1913,M,N,N
09/30/2026,10:00,17039.1992,1971.72,7313.4702,1833.4399,18545.8008,10873.9004,5269.4399,2096.1101,64943.0805,X,Y,N
09/30/2026,11:00,17535.375,1944.1111,7437.9482,1887.5579,18542.7559,11464.4229,5419.9229,2115.2546,66347.3485,A3,N,N
09/30/2026,11:00,17471.4277,1917.6553,7485.8911,1929.509,18574.498,11521.416,5479.4678,2026.1842,66406.0491,A6,N,N
09/30/2026,11:00,17283.1992,2094.77,8112.1299,2176.1899,18259.8008,10900.7998,5307.54,1768.36,65902.7896,E,N,N
09/30/2026,11:00,17766.1992,1969.11,7906.5801,2102.6799,18032.8008,11127.0996,5627.46,1665.5,66197.4296,E1,N,N
09/30/2026,11:00,18009.5996,1988.61,7900.98,2034.08,17265,10411,5464.9702,1642.5699,64716.8097,E2,N,N
09/30/2026,11:00,17667.5,1988.24,8016.6899,2159.3501,18591.5,10765.7998,5446.6099,1595.05,66230.7397,E3,N,N
09/30/2026,11:00,17639.5859,1991.6772,7884.4541,2080.3618,18144.7207,10945.2236,5465.21,1739.5328,65890.7661,M,N,N
09/30/2026,11:00,18068,2103.3301,7359.3101,1887.96,19662.3008,11419.7998,5541.3901,2149.46,68191.5509,X,Y,N
09/30/2026,12:00,18775.0508,2042.5618,7532.3398,1931.7063,19749.3926,12042.8467,5690.4878,2196.1663,69960.5521,A3,N,N
09/30/2026,12:00,18689.3984,2052.6565,7524.2412,1984.7365,19877.8555,11958.6123,5744.8086,2192.6943,70025.0033,A6,N,N
09/30/2026,12:00,18342.4004,2259.49,8201.3203,2254,19416.9004,11557.5,5639.2002,1877.3101,69548.1214,E,N,N
09/30/2026,12:00,18757.9004,2074.79,8024.8999,2145.47,19090.9004,11740.4004,5920.2998,1740.1801,69494.841,E1,N,N
09/30/2026,12:00,18861.5996,2101.3201,7965.7202,2081.9299,18068.4004,10939.4004,5745.6201,1736.76,67500.7507,E2,N,N
09/30/2026,12:00,18557.4004,2136.53,8134.96,2227.79,19808.1992,11462,5729.3701,1678.12,69734.3697,E3,N,N
09/30/2026,12:00,18641.7402,2124.9573,7970.2285,2138.7854,19252.4512,11531.583,5755.8599,1845.0129,69260.6184,M,N,N
09/30/2026,12:00,19083.5996,2242.1599,7425.54,1969.71,20861.0996,12045.7002,5834.5698,2217.51,71679.8891,X,Y,N
09/30/2026,13:00,19448.9551,2181.2517,7647.0288,2013.8071,21083.1777,12679.3047,6046.0361,2278.9214,73378.4826,A3,N,N
09/30/2026,13:00,19449.3965,2200.5969,7627.2603,2040.218,21212.7871,12589.5508,6102.0952,2271.2397,73493.1445,A6,N,N
09/30/2026,13:00,19363.8008,2434.5601,8318.8398,2350.03,20639,12263.7998,5893.8799,1955.47,73219.3804,E,N,N
09/30/2026,13:00,19567,2213.29,8120.8101,2231.1899,20138.8008,12357.5,6232.04,1822.02,72682.6508,E1,N,N
09/30/2026,13:00,19465,2216.28,8088.5801,2129.8999,18838.0996,11504.7002,5968.77,1800.58,70011.9098,E2,N,N
09/30/2026,13:00,19337.1992,2313.5601,8260.3301,2316.3,20952.0996,12199.2998,5978.27,1742.79,73099.8488,E3,N,N
09/30/2026,13:00,19436.4805,2275.6575,8083.1636,2213.5276,20356.1563,12182.9707,6035.0107,1918.4199,72501.3868,M,N,N
09/30/2026,13:00,19842.6992,2374.8701,7505.1299,2039.74,21990.0996,12670.2998,6101.5898,2276.5801,74801.0085,X,Y,N
09/30/2026,14:00,20185.5703,2332.4702,7730.498,2102.322,22231.502,13242.4893,6222.561,2327.2461,76374.6589,A3,N,N
09/30/2026,14:00,20170.2383,2366.5693,7730.5859,2149.9258,22311.1504,13141.1299,6288.0156,2259.7974,76417.4126,A6,N,N
09/30/2026,14:00,20199.1992,2585.1599,8408.4902,2425.1899,21728.3008,12936,6116.3198,2023.78,76422.4398,E,N,N
09/30/2026,14:00,20265.1992,2372.22,8205.3203,2328.4299,21038.5,12852.2002,6452.0601,1843.05,75356.9797,E1,N,N
09/30/2026,14:00,20001.5996,2317.3101,8172.5498,2181.71,19544.8008,12013.7002,6155.79,1864.13,72251.5905,E2,N,N
09/30/2026,14:00,20067.1992,2471.3999,8319.8398,2391.54,21953.6992,12819.5,6186,1795.1,76004.2781,E3,N,N
09/30/2026,14:00,20140.6875,2422.5317,8167.3574,2295.3594,21315.291,12752.5068,6239.6377,1957.1715,75290.543,M,N,N
09/30/2026,14:00,20560.5996,2508.6599,7557.54,2109.47,23241.0996,13287.5,6362.3701,2337.6201,77964.8593,X,Y,N
09/30/2026,15:00,20590.4551,2437.7197,7743.6572,2160.6199,23069.6523,13688.5439,6383.7646,2348.8013,78423.214,A3,N,N
09/30/2026,15:00,20653.5137,2500.2603,7720.8496,2223.5244,23189.6934,13467.3213,6410.2192,2265.0754,78430.4573,A6,N,N
09/30/2026,15:00,20681,2679.45,8325.0303,2458.47,22551.5996,13435.7998,6285.8501,2062.21,78479.4098,E,N,N
09/30/2026,15:00,20721.1992,2461.75,8293.1201,2404.3401,21661.4004,13187.5,6601.1499,1863.27,77193.7297,E1,N,N
09/30/2026,15:00,20307.9004,2355.25,8072.5098,2229.1201,20007.9004,12332.4004,6297.25,1891.66,73493.9911,E2,N,N
09/30/2026,15:00,20472.8008,2562.0901,8242.4199,2432.26,22656.8008,13220.7002,6335.8198,1822.3199,77745.2115,E3,N,N
09/30/2026,15:00,20567.2832,2511.7603,8130.7856,2349.543,22013.4805,13128.7441,6386.0581,1980.9071,77068.5619,M,N,N
09/30/2026,15:00,20910.4004,2590.8999,7539.2002,2152.1699,24008.6992,13800.9004,6544.6099,2384.6699,79931.5498,X,Y,N
09/30/2026,16:00,20742.2852,2480.8594,7648.1011,2172.3276,23457.8008,13956.2734,6484.3276,2392.1973,79334.1724,A3,N,N
09/30/2026,16:00,21016.0684,2544.4453,7599.0737,2245.9341,23553.2637,13735.1904,6478.8633,2374.4446,79547.2835,A6,N,N
09/30/2026,16:00,20796.5996,2724.01,8184.1001,2468.23,22900.6992,13767.5,6362.6401,2075.26,79279.039,E,N,N
09/30/2026,16:00,20934.3008,2503.23,8239.9902,2423.5801,21880.5,13460.9004,6736.3999,1891.4301,78070.3315,E1,N,N
09/30/2026,16:00,20410,2381.49,7965.52,2249.1899,20200,12565.7002,6387.73,1922.39,74082.0201,E2,N,N
09/30/2026,16:00,20600,2602.01,8156.7998,2448.7,22960.6992,13465.5996,6424.2202,1844.15,78502.1788,E3,N,N
09/30/2026,16:00,20751.3945,2551.0371,8029.0967,2367.127,22299.0332,13398.9795,6477.9712,2021.5349,77896.1741,M,N,N
09/30/2026,16:00,21003.8008,2644.25,7481.52,2165.0901,24342,14072.5,6639.5898,2424.05,80772.8007,X,Y,N
09/30/2026,17:00,20382.9004,2497.7927,7546.1382,2144.7439,23380.8105,14161.0225,6599.4316,2422.4546,79135.2944,A3,N,N
09/30/2026,17:00,20384.582,2508.5232,7538.729,2237.0608,23359.957,14100.6885,6590.8135,2455.0552,79175.4092,A6,N,N
09/30/2026,17:00,20608.5,2742.5701,8090.1099,2469.4299,22983.9004,13920.7002,6412.6401,2059.3101,79287.1607,E,N,N
09/30/2026,17:00,20802.3008,2493.5801,8023.04,2381.79,21674.3008,13639.2002,6807.3301,1872.16,77693.702,E1,N,N
09/30/2026,17:00,20341.8008,2381.2,7909.8501,2251.73,20258.1992,12640.0996,6440.3501,1936.96,74160.1898,E2,N,N
09/30/2026,17:00,20536.5,2605.4299,8009.5498,2439.29,22997.9004,13546.4004,6465.73,1830.35,78431.1505,E3,N,N
09/30/2026,17:00,20534.7383,2546.2607,7914.2563,2355.8601,22254.8516,13569.4189,6543.373,2030.7671,77749.526,M,N,N
09/30/2026,17:00,20986.1992,2666.3701,7433.1001,2160.01,24485.4004,14171.7998,6681.4102,2438.24,81022.5298,X,Y,N
09/30/2026,18:00,19982.0957,2507.3674,7450.1333,2124.4673,22611.5293,14047.5752,6529.1577,2364.4883,77616.8142,A3,N,N
09/30/2026,18:00,19818.7129,2474.9617,7463.3804,2205.7913,22423.9883,13996.2266,6552.8682,2364.0789,77300.0083,A6,N,N
09/30/2026,18:00,20124.9004,2716.0901,7894.98,2440.4199,22778.0996,13925.2998,6407.0801,1996.41,78283.2799,E,N,N
09/30/2026,18:00,20173.5996,2493.3,7907.1099,2358.9099,21124.4004,13568.5,6790.5801,1829.48,76245.8799,E1,N,N
09/30/2026,18:00,19954.8008,2355.79,7755.4302,2228.3799,20054.8008,12574.7998,6409.6001,1905.65,73239.2516,E2,N,N
09/30/2026,18:00,20131,2579.77,7846.1299,2425.75,22731.0996,13429.7998,6438.5298,1789.8101,77371.8892,E3,N,N
09/30/2026,18:00,20040.6016,2523.9824,7773.4063,2331.8501,21822.4805,13498.9258,6519.7319,1977.0858,76488.0644,M,N,N
09/30/2026,18:00,20547.9004,2672.6499,7362.7002,2129.3,24098.6992,14211,6665.4902,2391.1599,80078.8998,X,Y,N
09/30/2026,19:00,19108.6699,2569.5049,7263.1309,2032.8373,21159.3613,13406.5889,6373.0479,2323.6064,74236.7475,A3,N,N
09/30/2026,19:00,18957.7109,2528.6565,7315.1123,2105.2053,20928.25,13252.2188,6395.4717,2316,73798.6255,A6,N,N
09/30/2026,19:00,19397.3008,2675.8799,7602.9102,2412.5701,22087.5,13722.4004,6289.6602,1931.0601,76119.2817,E,N,N
09/30/2026,19:00,19361.5996,2561.45,7655.8398,2268.29,20227.9004,13093.2998,6597.4902,1788.08,73553.9498,E1,N,N
09/30/2026,19:00,19240.0996,2312.46,7473.5698,2172.99,19490.8008,12316.5,6256.6802,1852.8199,71115.9203,E2,N,N
09/30/2026,19:00,19485.0996,2559.3101,7533.1499,2393.46,22044,13083.7998,6285.8901,1739.04,75123.7495,E3,N,N
09/30/2026,19:00,19288.3613,2527.5513,7516.1162,2270.5032,20955.6914,13093.6436,6365.0386,1925.3999,73942.3055,M,N,N
09/30/2026,19:00,19779.6992,2654.27,7282.9399,2077.8301,23278.1992,13944.2002,6529.25,2335.8799,77882.2685,X,Y,N
09/30/2026,20:00,18556.6582,2495.2297,7337.2451,1978.4705,20133.7422,12954.2881,6283.4424,2245.2139,71984.2901,A3,N,N
09/30/2026,20:00,18447.9219,2462.5042,7394.7778,2039.7343,19819.8633,13049.7256,6339.4985,2212.6802,71766.7058,A6,N,N
09/30/2026,20:00,18818.6992,2565.1201,7392.1499,2305.0901,21137.4004,13248.2998,6136.5801,1837.46,73440.7996,E,N,N
09/30/2026,20:00,18966.0996,2476.45,7615,2223.78,19547.0996,12652.2002,6445.4199,1723.0601,71649.1094,E1,N,N
09/30/2026,20:00,18678.5,2229.76,7144.1499,2072.02,18728.9004,11908,6092.6299,1783.3101,68637.2703,E2,N,N
09/30/2026,20:00,18996.5996,2446.04,7234.4399,2307.24,21167.0996,12603,6137.6699,1682.05,72574.139,E3,N,N
09/30/2026,20:00,18781.5645,2435.9751,7356.104,2189.573,20080.0742,12692.2441,6230.3599,1847.7122,71613.607,M,N,N
09/30/2026,20:00,19459.0996,2625.28,7242.1401,2035.09,22682.4004,13673.7002,6390.8999,2279.1299,76387.7401,X,Y,N
09/30/2026,21:00,18377.0566,2412.8186,7417.7134,1916.2939,19676.2461,12517.1104,6178.5879,2225.9233,70721.7502,A3,N,N
09/30/2026,21:00,18312.1074,2405.6729,7471.5601,1936.6937,19148.0508,12595.8359,6218.145,2213.8616,70301.9274,A6,N,N
09/30/2026,21:00,18332.8008,2496.0801,7576.5,2286.98,20554.3008,12767.2002,6004.3198,1782.08,71800.2617,E,N,N
09/30/2026,21:00,18612.8008,2395.6001,7757.5601,2149.8301,19171.3008,12314.5,6322.9502,1703.0699,70427.612,E1,N,N
09/30/2026,21:00,18263.0996,2176.8301,7258.4399,2046.21,18335.6992,11579.7002,5981.3501,1768.41,67409.7391,E2,N,N
09/30/2026,21:00,18626.4004,2362.6001,7347.0801,2270.5801,20581.8008,12209.2002,6026.6001,1658.09,71082.3518,E3,N,N
09/30/2026,21:00,18429.4414,2367.3567,7482.228,2138.0588,19558.2305,12293.2881,6110.6738,1825.1023,70204.3796,M,N,N
09/30/2026,21:00,18973.8008,2544.0601,7244.0801,1988.5699,22046.8008,13312.7002,6320.4702,2246.52,74677.0021,X,Y,N
09/30/2026,22:00,17882.5645,2285.4807,7337.5195,1827.4048,18782.8262,11998.4941,5937.627,2159.1155,68211.0323,A3,N,N
09/30/2026,22:00,17933.7754,2274.6472,7399.8872,1892.9604,18232.9258,12027.7197,6013.438,2162.0498,67937.4035,A6,N,N
09/30/2026,22:00,17619.9004,2368.3799,7586.2202,2178.27,19563.1992,12078.0996,5739.0098,1728.47,68861.5491,E,N,N
09/30/2026,22:00,18048.5996,2259,7675.9199,2035.4301,18464.3008,11824.0996,6094.27,1672.24,68073.86,E1,N,N
09/30/2026,22:00,17647.4004,2072.6499,7325.0698,1995.8199,17555.6992,11016.2002,5748.3398,1710.9,65072.0792,E2,N,N
09/30/2026,22:00,17995.5996,2230.8201,7368.6899,2169.98,19675.5,11618.7998,5801.6201,1623.45,68484.4595,E3,N,N
09/30/2026,22:00,17849.0547,2241.0996,7471.1572,2054.4922,18698.3242,11712.9844,5879.3359,1779.4221,67685.8703,M,N,N
09/30/2026,22:00,18339.8008,2437.1201,7234.6602,1916.52,21109,12708.0996,6098.54,2185.78,72029.5207,X,Y,N
09/30/2026,23:00,17091.0449,2168.2891,7250.0142,1770.1997,17473.373,11156.2393,5545.8589,2061.6179,64516.637,A3,N,N
09/30/2026,23:00,17248.998,2156.8015,7295.1318,1850.0658,16976.8965,11038.0693,5639.978,2060.9026,64266.8435,A6,N,N
09/30/2026,23:00,16831.6992,2212.72,7627.2798,2111.99,18299.0996,11292.5996,5410.7402,1685.9301,65472.0585,E,N,N
09/30/2026,23:00,17295.8008,2121.8201,7680.5801,1981.88,17356,11136.2998,5726.8301,1573.84,64873.0509,E1,N,N
09/30/2026,23:00,16846.5996,1931.61,7417.54,1944.92,16406,10317.2998,5450.8398,1639.52,61954.3292,E2,N,N
09/30/2026,23:00,17200,2084.1001,7487.5801,2104.1599,18428.9004,10918.0996,5496.3799,1534.83,65254.05,E3,N,N
09/30/2026,23:00,17084.6211,2101.4104,7501.6226,1998.6031,17493.3789,10940.4736,5544.9536,1699.0046,64364.0679,M,N,N
09/30/2026,23:00,17630.9004,2306.45,7184.4902,1830.27,19868.0996,11976.5,5813.4199,2101.6799,68711.81,X,Y,N
09/30/2026,24:00,16153.8945,2027.7723,7147.083,1688.7225,16033.6602,10359.5977,5208.7817,1978.7157,60598.2276,A3,N,N
09/30/2026,24:00,16203.0234,2060.6494,7212.8643,1744.5747,15522.0029,10184.8555,5319.7793,1942.762,60190.5115,A6,N,N
09/30/2026,24:00,16013.9004,2078.73,7716.4902,2025.23,16933.9004,10533.5,5079.6001,1615.15,61996.5011,E,N,N
09/30/2026,24:00,16382.2998,2002.9399,7700.3301,1886.02,16195.2002,10489.7998,5429.8999,1491.72,61578.2097,E1,N,N
09/30/2026,24:00,16005.2998,1799.4,7478.2202,1858.6801,15179.7998,9597.5801,5149.6699,1545.47,58614.1199,E2,N,N
09/30/2026,24:00,16367.5996,1956.63,7577.9199,2011.12,17096.9004,10223.7002,5204.73,1446.51,61885.1101,E3,N,N
09/30/2026,24:00,16194.4238,1979.6699,7537.165,1905.1249,16185.5605,10205.8867,5236.7363,1608.3224,60852.8895,M,N,N
09/30/2026,24:00,16766.5,2150.1899,7152.0698,1741.9301,18448,11173.7002,5498.6899,2008.29,64939.3699,X,Y,N
10/01/2026,1:00,15455.7422,1897.205,7120.4473,1608.8547,15278.2471,9745.5791,4914.9521,1894.3529,57915.3804,A3,N,N
10/01/2026,1:00,15458.6133,1931.1757,7230.5688,1589.6295,14800.6709,9585.1504,4966.4575,1854.3505,57416.6166,A6,N,N
10/01/2026,1:00,15410.2998,1964.59,7825.9502,1940.53,15781.4004,9901.5596,4791.9502,1567.52,59183.8002,E,N,N
10/01/2026,1:00,15666.9004,1891.3,7747.8198,1790.5601,15348.0996,9803.79,5063.8501,1399.23,58711.55,E1,N,N
10/01/2026,1:00,15306.7002,1682.1,7539.8198,1771.6801,14192.5,8963.29,4875.75,1474.03,55805.8701,E2,N,N
10/01/2026,1:00,15700.2998,1848.0601,7679.3101,1920.74,15982,9603.6104,4918.1499,1352.9301,59005.1004,E3,N,N
10/01/2026,1:00,15508.5625,1863.4452,7604.6934,1802.6279,15220.9346,9571.4805,4923.2314,1529.6122,58024.5877,M,N,N
10/01/2026,1:00,16083.2998,2016.49,7153.04,1676.53,17250.9004,10496.2998,5271.6499,1970.45,61918.6599,X,Y,N
10/01/2026,2:00,15032.6289,1794.6816,7073.1919,1554.8567,14356.7129,9248.501,4717.2158,1886.8051,55664.5939,A3,N,N
10/01/2026,2:00,15110.5762,1821.5977,7265.7837,1522.3495,13793.6387,9154.6143,4751.4063,1853.7101,55273.6765,A6,N,N
10/01/2026,2:00,14874.0996,1855.77,7852.25,1859.71,14826.9004,9341.2197,4586.1602,1523.62,56719.7299,E,N,N
10/01/2026,2:00,15117.0996,1801.86,7813.8999,1725.8199,14477.2002,9283.7598,4870.0498,1379.39,56469.0792,E1,N,N
10/01/2026,2:00,14720,1584.46,7543.6802,1699.5601,13342.7002,8414.9805,4658.1602,1425.6801,53389.2213,E2,N,N
10/01/2026,2:00,15157.9004,1758.0699,7719.0498,1841.23,15039.9004,9098.2598,4722.71,1310.38,56647.5003,E3,N,N
10/01/2026,2:00,14995.9355,1764.3516,7638.9331,1729.7339,14296.0684,9058.5674,4717.6973,1498.5562,55699.8434,M,N,N
10/01/2026,2:00,15588.2002,1927.92,7150.4102,1641.97,16443.3008,10055.9004,5077.8501,1933.22,59818.7717,X,Y,N
10/01/2026,3:00,14606.3408,1724.0186,6910.2778,1525.7258,13886.6533,8891.1699,4581.3174,1854.0966,53979.6002,A3,N,N
10/01/2026,3:00,14745.0615,1757.625,7149.0059,1491.8495,13282.0029,8838.4229,4622.833,1767.9464,53654.7471,A6,N,N
10/01/2026,3:00,14480.4004,1771.1,7899.3501,1811.38,14134.0996,8995,4418.5801,1463.4,54973.3102,E,N,N
10/01/2026,3:00,14722.2002,1734.1801,7784.6699,1701.26,13851.2002,8912.5195,4705.8301,1315.64,54727.5,E1,N,N
10/01/2026,3:00,14263,1515.92,7570.5098,1660.97,12719.7998,8040.02,4484.2002,1369.5601,51623.9799,E2,N,N
10/01/2026,3:00,14743.5996,1689.91,7735.27,1799.37,14331.5996,8737.0098,4558.2002,1228.99,54823.9492,E3,N,N
10/01/2026,3:00,14590.8525,1693.7472,7627.7612,1692.9659,13663.7412,8704.5947,4557.9287,1429.1073,53960.6987,M,N,N
10/01/2026,3:00,15211.2998,1869.8,7153.6401,1615.47,15906.9004,9750.1504,4938.6299,1905.89,58351.7806,X,Y,N
10/01/2026,4:00,14374.7695,1675.7205,6811.2217,1526.8435,13625.1299,8601.4297,4458.6528,1808.5068,52882.2744,A3,N,N
10/01/2026,4:00,14491.625,1712.0084,7062.7725,1499.4843,13028.3467,8564.9219,4504.1616,1668.8021,52532.1225,A6,N,N
10/01/2026,4:00,14273,1732.34,7827.25,1781.7,13703.5996,8772.5898,4318.9902,1396.87,53806.3396,E,N,N
10/01/2026,4:00,14534.7998,1687.89,7721.0098,1723.72,13419.4004,8721.4404,4638.9399,1288.53,53735.7303,E1,N,N
10/01/2026,4:00,14038.7002,1475.62,7536.3599,1647,12281.5,7815.1602,4387.5898,1335.21,50517.1401,E2,N,N
10/01/2026,4:00,14545.5996,1648.96,7683.2798,1782.14,13868.2002,8525.5303,4481.9502,1205.1,53740.7601,E3,N,N
10/01/2026,4:00,14376.7451,1651.3638,7566.1348,1686.8088,13260.209,8479.9287,4466.3267,1378.9025,52866.4194,M,N,N
10/01/2026,4:00,15009.5996,1834.03,7144.3501,1601.1899,15567.5,9545.3496,4860.8101,1884.22,57447.0493,X,Y,N
10/01/2026,5:00,14295.2393,1656.3832,6804.7266,1535.5757,13647.9443,8566.0313,4426.9917,1804.0144,52736.9065,A3,N,N
10/01/2026,5:00,14367.6279,1691.7461,7087.9546,1520.3531,13083.959,8594.7285,4468.0117,1638.1821,52452.563,A6,N,N
10/01/2026,5:00,14320.2002,1706.9301,7809.2598,1773.67,13580.5,8719.0596,4299.4102,1389.39,53598.4199,E,N,N
10/01/2026,5:00,14592.9004,1675.79,7789.3999,1750.9301,13318.2002,8693.4902,4629.0601,1285.72,53735.4909,E1,N,N
10/01/2026,5:00,14065.7998,1467.1,7516.98,1652.53,12179.5,7763.73,4360.6602,1328.49,50334.79,E2,N,N
10/01/2026,5:00,14590.0996,1631.1899,7677.54,1784.03,13729.7002,8482.4502,4466.6699,1204.7,53566.3798,E3,N,N
10/01/2026,5:00,14387.3262,1634.5513,7576.2266,1696.3027,13178.3721,8450.6914,4444.7627,1369.2964,52737.5294,M,N,N
10/01/2026,5:00,14953.7998,1820.13,7135.5098,1600.52,15445.2002,9453.6602,4810.1899,1872.61,57091.6199,X,Y,N
10/01/2026,6:00,14512.5234,1695.0277,6777.9146,1569.7896,13965.8984,8704.6924,4469.3682,1827.499,53522.7133,A3,N,N
10/01/2026,6:00,14690.2744,1732.3933,7117.2935,1552.8916,13379.79,8748.0957,4491.6802,1651.9302,53364.3489,A6,N,N
10/01/2026,6:00,14636.7998,1764.92,7823.8701,1799.88,13848.7998,8865.9199,4297.8501,1394.37,54432.4097,E,N,N
10/01/2026,6:00,14906.7998,1714.46,7779.23,1785.6899,13508.0996,8827.6797,4654.5298,1288.62,54465.1088,E1,N,N
10/01/2026,6:00,14311,1518.91,7523.23,1682.96,12349.0996,7846.96,4341.96,1332.21,50906.3296,E2,N,N
10/01/2026,6:00,14885.7002,1669.6801,7676.2402,1811.11,13919.0996,8621.5996,4489.4102,1192.26,54265.0999,E3,N,N
10/01/2026,6:00,14686.1152,1680.0726,7583.9731,1726.5065,13400.9785,8582.0518,4455.0859,1371.8781,53486.6617,M,N,N
10/01/2026,6:00,15156.4004,1846.54,7163.0898,1627.23,15768,9588.1201,4834.2402,1881.6,57865.2205,X,Y,N
10/01/2026,7:00,14872.8525,1786.1868,6800.9731,1642.084,14780.75,8987.3633,4619.1069,1869.7244,55359.041,A3,N,N
10/01/2026,7:00,14969.5762,1806.3636,7182.5205,1621.6288,14167.9463,8996.4834,4626.9336,1711.1791,55082.6315,A6,N,N
10/01/2026,7:00,15031.4004,1867.4301,7803.6001,1873.37,14546.7002,9242.0996,4491.5801,1470.04,56326.2205,E,N,N
10/01/2026,7:00,15381.2002,1811.05,7745.04,1857.28,14240.2998,9210.2998,4843.3799,1374.36,56462.9097,E1,N,N
10/01/2026,7:00,14709.7002,1626.51,7514.4102,1763.91,13118,8266.7002,4529.5098,1395.23,52923.9704,E2,N,N
10/01/2026,7:00,15309.2998,1763.22,7651.71,1883.72,14574.7002,9011.7197,4683.8101,1261.09,56139.2698,E3,N,N
10/01/2026,7:00,15080.2363,1774.9148,7579.4561,1799.9818,14129.5303,8945.4609,4635.043,1442.3799,55387.0031,M,N,N
10/01/2026,7:00,15567.5996,1933.45,7191.0298,1691.59,16548.6992,9913.6299,4999.02,1934.02,59779.0385,X,Y,N
10/01/2026,8:00,15074.1729,1764.3915,6793.4058,1652.9698,15046.0684,9182.9092,4666.4941,1878.5841,56058.9958,A3,N,N
10/01/2026,8:00,15037.1982,1788.3136,7168.0498,1603.3004,14483.5508,9328.6279,4687.7051,1784.5795,55881.3253,A6,N,N
10/01/2026,8:00,15175.2002,1876.2,7821.23,1889.7,14903.5,9418.0801,4513.1001,1466.8199,57063.8303,E,N,N
10/01/2026,8:00,15530.0996,1797.23,7745.3301,1849.77,14568.5996,9408.4502,4854.5801,1395.37,57149.4296,E1,N,N
10/01/2026,8:00,14815.7998,1641.0699,7543.6802,1788.59,13512.4004,8465.2402,4542.7598,1418.1899,53727.7302,E2,N,N
10/01/2026,8:00,15463.0996,1763.23,7671.0898,1891.62,14907.7998,9201.6396,4694.9302,1280.62,56874.029,E3,N,N
10/01/2026,8:00,15204.2803,1773.2087,7589.876,1804.5961,14475.1699,9164.4082,4658.6152,1469.116,56139.2704,M,N,N
10/01/2026,8:00,15725.2002,1928.7,7234.23,1719.0601,16916.8008,10110,5026.0601,1955.5699,60615.6211,X,Y,N
10/01/2026,9:00,15668.5,1729.7916,6850.7905,1710.9894,15510.3174,9617.8193,4783.0654,1918.8335,57790.1071,A3,N,N
10/01/2026,9:00,15682.4189,1777.421,7213.4248,1685.4875,15034.542,9742.6689,4803.3335,1833.2822,57772.5788,A6,N,N
10/01/2026,9:00,15594.2998,1884.61,7868.0698,1909.2,15415.2002,9612.4404,4587.8799,1450.6899,58322.39,E,N,N
10/01/2026,9:00,15831.7998,1731.13,7730.5698,1886.01,14882,9629.0801,4908.9302,1374.51,57974.0299,E1,N,N
10/01/2026,9:00,15118.2998,1622.61,7591.96,1841.12,13951.9004,8646.2197,4589.0498,1420.9399,54782.0996,E2,N,N
10/01/2026,9:00,15808.2998,1747.5699,7711.4102,1918.49,15362.7002,9404.6504,4750.29,1283.52,57986.9305,E3,N,N
10/01/2026,9:00,15607.0244,1752.6683,7623.0874,1848.0615,14929.2686,9407.0117,4727.897,1472.5884,57367.6073,M,N,N
10/01/2026,9:00,16139.7998,1937.4399,7249.46,1740.49,17313.3008,10285.0996,5094.1401,1962.9399,61722.6701,X,Y,N
10/01/2026,10:00,16487.1934,1740.5278,6964.2471,1787.1411,16323.3174,10051.0049,5023.374,1983.9084,60360.7141,A3,N,N
10/01/2026,10:00,16602.0332,1781.9927,7311.1455,1773.5804,15937.3955,10030.335,5043.3848,1846.7015,60326.5686,A6,N,N
10/01/2026,10:00,16576.0996,1978.13,8164.48,1997.34,16381.7998,10055.5,4905.04,1486.4399,61544.8293,E,N,N
10/01/2026,10:00,16518.4004,1705.9,7889.6602,1968.0601,15531,10127.4004,5185.9502,1438.24,60364.6113,E1,N,N
10/01/2026,10:00,15840.0996,1671.96,7855.7798,1936.3199,14788,9077.5,4862.3198,1456.91,57488.8891,E2,N,N
10/01/2026,10:00,16577.9004,1807.4399,7926.7002,2010.28,16274.7002,9869.5098,5030.52,1330.45,60827.5005,E3,N,N
10/01/2026,10:00,16422.9063,1789.0846,7829.5527,1937.1162,15782.5791,9832.0488,5005.4429,1511.7483,60110.4789,M,N,N
10/01/2026,10:00,16880.6992,1990.2,7307.8501,1789.5601,18033.5,10689.5996,5296.1201,2005.21,63992.7391,X,Y,N
10/01/2026,11:00,17347.4023,1844.2635,7136.9136,1857.4496,17158.1699,10658.0781,5307.9028,2047.4675,63357.6473,A3,N,N
10/01/2026,11:00,17663.9473,1871.6973,7387.7197,1871.1495,16854.082,10723.4355,5346.1445,1858.1707,63576.3465,A6,N,N
10/01/2026,11:00,17671.1992,2150.73,8348.3398,2068.98,17361.5,10614.0996,5189.29,1564.8,64968.9386,E,N,N
10/01/2026,11:00,17353.9004,1796.53,8097.6499,2042.79,16351.7002,10673.2998,5501.8301,1533.16,63350.8604,E1,N,N
10/01/2026,11:00,16617.0996,1806.85,8023,2004.99,15707.7998,9618.8096,5134.0098,1526.64,60439.1988,E2,N,N
10/01/2026,11:00,17464.9004,1940.62,8103.1602,2080.0601,17271,10427.7998,5305.77,1405.87,63999.1805,E3,N,N
10/01/2026,11:00,17354.209,1913.2855,7991.9746,2013.594,16709.2148,10411.4883,5295.4092,1577.7283,63266.9037,M,N,N
10/01/2026,11:00,17768.1992,2098.6201,7368.6499,1831.6801,18830,11126.4004,5544.6802,2047.33,66615.5599,X,Y,N
10/01/2026,12:00,18470.5625,1929.9994,7273.7695,1902.5007,18210.7246,11238.7559,5551.8921,2126.9336,66705.1383,A3,N,N
10/01/2026,12:00,18777.248,1984.905,7418.2354,1939.9319,18099.4707,11278.0088,5586.3423,1949.7046,67033.8467,A6,N,N
10/01/2026,12:00,18642.9004,2307.48,8464.4805,2151.0801,18402.1992,11256.2998,5471.2002,1656.77,68352.4102,E,N,N
10/01/2026,12:00,18157.0996,1881.13,8254.7197,2091.9299,17318.4004,11249,5759.4199,1592.33,66304.0295,E1,N,N
10/01/2026,12:00,17198.5,1905.92,8134.77,2074.0801,16676.4004,10211.7002,5383.8901,1594.49,63179.7508,E2,N,N
10/01/2026,12:00,18243.8008,2065.4299,8207.4902,2153.23,18351.5996,11039.5996,5554.9102,1471.5,67087.5603,E3,N,N
10/01/2026,12:00,18203.9102,2028.9731,8095.9395,2082.0503,17769.6133,11006.9219,5551.1528,1652.959,66391.5201,M,N,N
10/01/2026,12:00,18668.9004,2214.9399,7439.6001,1884.83,19711.1992,11645.9004,5827.1099,2100.53,69493.0099,X,Y,N
10/01/2026,13:00,19220.5039,2058.0352,7416.4883,1988.6855,19363.8945,11879.249,5881.0908,2208.9106,70016.8578,A3,N,N
10/01/2026,13:00,19518.543,2125.0178,7507.856,2016.7455,19366.8828,11902.9863,5912.8662,2141.657,70492.5546,A6,N,N
10/01/2026,13:00,19552.1992,2481.23,8585.7803,2227.3701,19322.5996,11968.5996,5704.3701,1722.4,71564.5489,E,N,N
10/01/2026,13:00,18699.5,1980.88,8337.5098,2171.47,18246.3008,11791.5,6056.21,1681.9,68965.2706,E1,N,N
10/01/2026,13:00,17600.5996,1998.66,8249.1299,2135.98,17624.3008,10822.2002,5585.48,1671.62,65687.9705,E2,N,N
10/01/2026,13:00,18813.6992,2216.5801,8295.3301,2223.3201,19327,11681.0996,5772.8101,1549.27,69879.1092,E3,N,N
10/01/2026,13:00,18836.9082,2160.4736,8195.1221,2154.9773,18777.416,11633.2773,5806.3477,1753.3694,69317.8916,M,N,N
10/01/2026,13:00,19401,2325.9099,7507.0698,1921.14,20392.8008,12107.0996,6053.3901,2136.3701,71844.7803,X,Y,N
10/01/2026,14:00,19620.377,2215.8174,7544.1846,2073.9243,20438.6699,12381.4033,6036.5249,2259.6746,72570.576,A3,N,N
10/01/2026,14:00,19880.3379,2278.885,7603.6899,2113.7139,20528.7441,12354.8223,6077.8818,2161.0801,72999.155,A6,N,N
10/01/2026,14:00,20384.1992,2625.46,8615.5898,2300.1599,20004.9004,12622.5,5920.0698,1785.79,74258.6691,E,N,N
10/01/2026,14:00,19168.8008,2102.6499,8364.4805,2285.6899,19018.6992,12241,6271.54,1737.13,71189.9903,E1,N,N
10/01/2026,14:00,18053.1992,2097.9299,8272.2598,2221.1299,18523.9004,11398,5798.6802,1758.54,68123.6394,E2,N,N
10/01/2026,14:00,19357.1992,2340.3999,8290.79,2306.8799,20159.1992,12223.9004,5961.5298,1629.26,72269.1584,E3,N,N
10/01/2026,14:00,19368.748,2289.0652,8229.3623,2245.5146,19647.0898,12168.0459,6005.9409,1814.3601,71768.1268,M,N,N
10/01/2026,14:00,20008.8008,2430.75,7551.96,1958.14,21100.4004,12497.9004,6256.4302,2176.4099,73980.7917,X,Y,N
10/01/2026,15:00,19709.5957,2315.1599,7585.542,2136.5781,21362.4629,12755.9219,6195.2939,2268.9146,74329.469,A3,N,N
10/01/2026,15:00,19903.1484,2381.0823,7586.1118,2160.7427,21480.3164,12635.0596,6203.1543,2158.0498,74507.6653,A6,N,N
10/01/2026,15:00,20949.1992,2739.6799,8584.5498,2334.4299,20432.9004,13035.5996,6081.52,1839.42,75997.2988,E,N,N
10/01/2026,15:00,19469.5,2196.4399,8484.0596,2380.76,19751.8008,12458.0996,6442.04,1807.1801,72989.88,E1,N,N
10/01/2026,15:00,18398.8008,2176.0901,8234.96,2289.4099,19300.8008,11842.7998,5959.8501,1822.3,70025.0115,E2,N,N
10/01/2026,15:00,19673.1992,2424.5601,8234.7998,2354.1399,20772,12545.7002,6111.2998,1705.73,73821.429,E3,N,N
10/01/2026,15:00,19678.7715,2383.5706,8224.8965,2303.8965,20347.5645,12503.4531,6159.5732,1866.5359,73468.2618,M,N,N
10/01/2026,15:00,20227.4004,2473.6599,7566.4702,1968.79,21314,12757.4004,6351.3501,2199.0801,74858.1511,X,Y,N
10/01/2026,16:00,19438.3066,2360.4727,7516.7168,2137.8564,22064.043,13008.3369,6304.0366,2294.7991,75124.5681,A3,N,N
10/01/2026,16:00,19750.7734,2436.8035,7461.6401,2165.3896,22173.2637,12884.0977,6287.8931,2262.2168,75422.0779,A6,N,N
10/01/2026,16:00,21293.0996,2796.6699,8568.2803,2357.9099,20453.3008,13256.2998,6192.1099,1914.92,76832.5902,E,N,N
10/01/2026,16:00,19686.8008,2248.2,8430.7803,2409.9199,20260.9004,12694.9004,6554.8198,1873.77,74160.0916,E1,N,N
10/01/2026,16:00,18675.4004,2210.95,8211.9404,2339.4099,19874.0996,12175.7998,6066.98,1883.17,71437.7501,E2,N,N
10/01/2026,16:00,19826.3008,2468.4399,8161,2378.4099,21078.5,12731.7002,6193.2598,1770.33,74607.9406,E3,N,N
10/01/2026,16:00,19846.4766,2432.2126,8166.7285,2330.2078,20768.0117,12748.5596,6259.0122,1940.8815,74492.0905,M,N,N
10/01/2026,16:00,20173.5996,2484.8201,7546.8999,1972.14,21221.1992,12809.0996,6378,2203.96,74789.7184,X,Y,N
10/01/2026,17:00,18961.0742,2367.469,7430.2002,2111.2136,22406.4277,13168.4863,6399.041,2305.7075,75149.6195,A3,N,N
10/01/2026,17:00,18915.8281,2415.6162,7399.1572,2171.365,22465.0703,13214.4912,6392.2725,2333.1047,75306.9052,A6,N,N
10/01/2026,17:00,21335.9004,2826.3,8580.71,2354.01,20313.6992,13195.5996,6249.8501,1964.04,76820.1093,E,N,N
10/01/2026,17:00,19619.4004,2249.6399,8312.4805,2380.1201,20564.3008,12833.4004,6606.25,1899.83,74465.4221,E1,N,N
10/01/2026,17:00,18797.5996,2232.8701,8210.5498,2366.1599,20244.1992,12348.9004,6137.2402,1927.08,72264.5992,E2,N,N
10/01/2026,17:00,19796.1992,2475.3999,8103.27,2382.55,21186.1992,12750.7002,6230.0498,1811.67,74736.0383,E3,N,N
10/01/2026,17:00,19692.9863,2439.9653,8121.2334,2330.8411,20954.6934,12868.6191,6323.1328,1987.145,74718.6164,M,N,N
10/01/2026,17:00,20022.5996,2481.47,7528.8101,1960.77,21059.6992,12809.2998,6373.9902,2205.0901,74441.729,X,Y,N
10/01/2026,18:00,18464.0664,2381.0449,7352.9175,2092.1897,21950.0566,12932.624,6310.7139,2247.6106,73731.2236,A3,N,N
10/01/2026,18:00,18390.7129,2404.2209,7333.4419,2151.782,21910.1875,12943.2725,6330.9756,2234.1182,73698.7115,A6,N,N
10/01/2026,18:00,20881.8008,2794.6299,8350.0898,2327.47,19879.4004,12931.7998,6231.6299,1963.47,75360.2906,E,N,N
10/01/2026,18:00,19066.1992,2251.28,8065.2598,2341.77,20264.9004,12781.5,6532.8101,1874.8101,73178.5296,E1,N,N
10/01/2026,18:00,18581.9004,2221.1101,7989.71,2326.78,20100.0996,12330.2002,6096.0801,1917.97,71563.8504,E2,N,N
10/01/2026,18:00,19395.8008,2440.8799,7859.9702,2354.3101,20886.4004,12629.5996,6165.1401,1783.28,73515.3811,E3,N,N
10/01/2026,18:00,19263.2832,2422.4241,7919.6943,2300.4224,20608.1992,12723.2744,6271.3271,1954.7296,73463.3543,M,N,N
10/01/2026,18:00,19531.5,2470.0701,7456.25,1935,20659.3008,12750,6338.1602,2188.47,73328.7511,X,Y,N
10/01/2026,19:00,17526.0078,2444.3486,7175.8311,2008.5709,20737.373,12304.4287,6164.6421,2213.2131,70574.4153,A3,N,N
10/01/2026,19:00,17527.5215,2451.564,7198.6543,2064.9753,20719.7031,12269.8271,6150.4849,2184.6289,70567.3591,A6,N,N
10/01/2026,19:00,19945.9004,2743.23,7729.8301,2222.3999,19054.5,12385.2998,6056.6699,1927.3199,72065.15,E,N,N
10/01/2026,19:00,18187.5,2274.5601,7473.1699,2151.3301,19456.9004,12289.5,6274.4399,1836,69943.4004,E1,N,N
10/01/2026,19:00,17943.5,2148.1699,7392.8901,2186.55,19358,11989.7002,5929.1802,1863.36,68811.3504,E2,N,N
10/01/2026,19:00,18640.5996,2391.27,7323.9302,2230.03,20074.4004,12226,5962.4199,1731.63,70580.2801,E3,N,N
10/01/2026,19:00,18449.0039,2401.7588,7423.6953,2171.0571,19732.7012,12232.0664,6074.6392,1908.5879,70393.5098,M,N,N
10/01/2026,19:00,18839.4004,2458.78,7351.9302,1894.14,20114.0996,12537.2002,6209.3901,2159.3899,71564.3304,X,Y,N
10/01/2026,20:00,17149.9277,2372.134,7253.9688,1971.8555,19833.1602,11878.4121,6069.0981,2148.8545,68677.4109,A3,N,N
10/01/2026,20:00,17334.4785,2389.3184,7293.3091,2017.0475,19808.5996,12149.0732,6061.0601,2089.1375,69142.0239,A6,N,N
10/01/2026,20:00,19371.0996,2660.99,7413.6201,2158.5701,18723.4004,12021.2998,5946.1001,1948.5699,70243.65,E,N,N
10/01/2026,20:00,18047.8008,2251.5901,7493.7598,2112.5601,19075.6992,12102.0996,6195.1099,1794.4399,69073.0594,E1,N,N
10/01/2026,20:00,17691.8008,2113.6799,7104.6699,2050.77,18772.4004,11684,5850.4199,1828.21,67095.9509,E2,N,N
10/01/2026,20:00,18383.3008,2337.6699,7159.6499,2168.46,19607.6992,11979.5996,5903.6499,1692.1801,69232.2094,E3,N,N
10/01/2026,20:00,18165.6953,2350.6497,7293.002,2101.4814,19197.5605,11987.2148,5991.2681,1870.5074,68957.3792,M,N,N
10/01/2026,20:00,18648.4004,2453.1799,7286.1499,1876.74,19951.4004,12400.4004,6091.0801,2134.3,70841.6511,X,Y,N
10/01/2026,21:00,17013.6055,2290.9937,7336.4897,1912.136,19422.5801,11402.7012,5981.2324,2135.7068,67495.4454,A3,N,N
10/01/2026,21:00,17277.168,2333.9724,7388.5903,1924.29,19226.0098,11538.8643,5954.4067,2092.5183,67735.8198,A6,N,N
10/01/2026,21:00,18713.5,2533.3601,7644.3398,2169.6699,18132.3008,11527.7002,5783.2402,1871.41,68375.521,E,N,N
10/01/2026,21:00,17670.5,2158.1699,7807.1602,2075.4099,18446.5996,11703.7998,6045.21,1741.92,67648.7694,E1,N,N
10/01/2026,21:00,17291.5,2039.71,7340.25,2036.77,18094.5996,11243.2002,5690.21,1773.0601,65509.2999,E2,N,N
10/01/2026,21:00,17949.6992,2242.76,7442.98,2165.27,18935.4004,11583.7002,5780.0498,1625.99,67725.8496,E3,N,N
10/01/2026,21:00,17780.4746,2261.5947,7524.6646,2074.282,18566.9824,11519.4531,5850.623,1820.9797,67399.0541,M,N,N
10/01/2026,21:00,18201.5,2391.1499,7312.3398,1852.13,19548.8008,12153.4004,6021.3999,2129.4099,69610.1307,X,Y,N
10/01/2026,22:00,16685.5781,2175.8481,7236.416,1824.8264,18538.4141,10890.3955,5731.2837,2073.1255,65155.8874,A3,N,N
10/01/2026,22:00,17103.5898,2194.2766,7324.0898,1889.7258,18250.7773,11005.4072,5750.5776,2046.5157,65564.9598,A6,N,N
10/01/2026,22:00,18029.9004,2397.55,7733.9702,2083.97,17314,10943.5996,5590.8301,1790.9,65884.7203,E,N,N
10/01/2026,22:00,17318.5996,2045.02,7805.1602,1970.14,17667,11255.0996,5864.6699,1683.72,65609.4093,E1,N,N
10/01/2026,22:00,16822.5996,1941.3,7441.7798,1969.6801,17233.9004,10705.4004,5490.7002,1708.62,63313.9805,E2,N,N
10/01/2026,22:00,17496.8008,2127.26,7524.75,2082.3301,18079.8008,11073.5,5615.23,1559.27,65558.9417,E3,N,N
10/01/2026,22:00,17354.2969,2141.0813,7565.9502,1999.1692,17709.0957,10996.6025,5662.4019,1757.8052,65186.4029,M,N,N
10/01/2026,22:00,17678,2309.02,7329.8901,1799.22,18900.4004,11726.2002,5821.6899,2082.55,67646.9706,X,Y,N
10/01/2026,23:00,16093.7451,2079.1755,7162.6611,1760.1343,17328.3359,10181.6758,5348.9814,1984.0267,61938.7358,A3,N,N
10/01/2026,23:00,16524.6074,2083.7185,7235.7544,1843.8867,16997.0605,10066.5967,5405.6724,1951.6582,62108.9548,A6,N,N
10/01/2026,23:00,17167.1992,2240.6201,7797.73,2005.73,16364.4004,10346.2998,5328.3101,1691,62941.2896,E,N,N
10/01/2026,23:00,16749.0996,1961.52,7796.54,1900.37,16573.6992,10645.9004,5545.1899,1570.62,62742.9391,E1,N,N
10/01/2026,23:00,16139,1823.26,7504.2998,1890.78,16119.0996,10058.7998,5236.9502,1638.91,60411.0994,E2,N,N
10/01/2026,23:00,16834.9004,2012.1899,7595.4702,2000.76,16958.4004,10444.2002,5345.5601,1456.9399,62648.4211,E3,N,N
10/01/2026,23:00,16682.9609,2024.2617,7585.959,1928.3053,16602.5332,10312.3594,5372.3369,1661.8257,62170.5421,M,N,N
10/01/2026,23:00,17004,2195.3501,7308.5498,1726.86,17915.8008,11064.9004,5542,2024.5601,64782.0212,X,Y,N
10/01/2026,24:00,15176.1641,1958.5326,7062.8477,1676.5807,16063.0391,9457.0078,5022.064,1905.3342,58321.5702,A3,N,N
10/01/2026,24:00,15549.7305,1981.2595,7166.165,1731.536,15686.1113,9244.292,5099.9839,1825.1736,58284.2518,A6,N,N
10/01/2026,24:00,16305.2998,2087.22,7868.8799,1921.54,15298,9723.96,5028.0098,1577.47,59810.3795,E,N,N
10/01/2026,24:00,15883.5996,1862.66,7838.5498,1809.12,15429.2998,10036.2002,5240.2202,1451.01,59550.6596,E1,N,N
10/01/2026,24:00,15374.7002,1709.25,7550.4302,1813.58,14936,9359.7695,4938.29,1533.64,57215.6599,E2,N,N
10/01/2026,24:00,16042,1896.66,7668.2598,1908.65,15749.5,9782.0498,5036.7402,1335.3101,59419.1699,E3,N,N
10/01/2026,24:00,15831.0664,1907.4099,7618.4565,1836.8853,15419.7832,9629.2549,5068.6489,1544.5208,58856.0259,M,N,N
10/01/2026,24:00,16216.5,2055.6499,7282.3398,1650.62,16777.1992,10400.4004,5252.3599,1944.09,61579.1592,X,Y,N
10/02/2026,1:00,14615.9766,1820.9841,7074.3779,1597.1536,15278.0332,8940.2119,4712.8433,1829.6238,55869.2044,A3,N,N
10/02/2026,1:00,14986.3838,1837.726,7190.3428,1577.0533,14947.8838,8809.1563,4741.5444,1663.4462,55753.5366,A6,N,N
10/02/2026,1:00,15579.2998,1954.33,7942.7402,1849.36,14564.2998,9254.9199,4768.96,1538.4399,57452.3496,E,N,N
10/02/2026,1:00,15220.0996,1786.11,7882.1699,1724.41,14659.0996,9397.3799,4876.77,1355.71,56901.749,E1,N,N
10/02/2026,1:00,14752.4004,1622.25,7578.5298,1748.66,13990.2002,8795.6504,4687.2002,1473.45,54648.341,E2,N,N
10/02/2026,1:00,15389.5996,1805.99,7724.7402,1817.49,14756.5,9188.4102,4741.5,1252.4301,56676.6601,E3,N,N
10/02/2026,1:00,15185.5566,1801.2813,7663.7051,1743.3949,14583.5967,9089.1035,4763.1948,1456.6952,56286.5281,M,N,N
10/02/2026,1:00,15562.2002,1946.84,7270.48,1576.42,15886.9004,9788.4697,5022.8901,1887.21,58941.4104,X,Y,N
10/02/2026,2:00,14139.5342,1721.2227,7004.5806,1544.1158,14375.2832,8443.0195,4520.9424,1830.509,53579.2074,A3,N,N
10/02/2026,2:00,14594.4502,1745.1609,7231.751,1510.9076,13939.0742,8290.0645,4535.6387,1627.9111,53474.9582,A6,N,N
10/02/2026,2:00,14949.7998,1847.29,7957.5098,1778.8199,13829.4004,8769.4697,4567.8501,1528.25,55228.3897,E,N,N
10/02/2026,2:00,14651.9004,1712.6,7932.0898,1673.65,13836.7002,8893.21,4689.27,1337.34,54726.7604,E1,N,N
10/02/2026,2:00,14186.7998,1541.08,7562.52,1691.97,13161.2998,8297.6396,4475.1499,1429.25,52345.7091,E2,N,N
10/02/2026,2:00,14824.0996,1724.96,7729.52,1743.36,13871.5996,8676.1699,4535.3799,1219.89,54324.979,E3,N,N
10/02/2026,2:00,14641.4111,1714.2183,7682.6777,1679.7416,13727.6152,8585.3105,4560.6577,1428.5282,54020.1603,M,N,N
10/02/2026,2:00,15026.0996,1857.17,7259.3398,1539.5601,15128.4004,9360.9004,4830.8501,1850.62,56852.9404,X,Y,N
10/02/2026,3:00,13801.0742,1650.8076,6844.4326,1516.1067,13828.4277,8094.7979,4362.1421,1803.3298,51901.1186,A3,N,N
10/02/2026,3:00,14260.625,1673.8347,7117.374,1480.1642,13330.9863,8010.2573,4364.71,1600.3634,51838.3149,A6,N,N
10/02/2026,3:00,14476.7998,1748.33,7976.6602,1746.62,13318.2998,8494.6396,4405.3901,1487.27,53654.0095,E,N,N
10/02/2026,3:00,14265.7998,1660.9301,7895.1499,1658.74,13246.7998,8536.2803,4533.96,1291.45,53089.1099,E1,N,N
10/02/2026,3:00,13764.9004,1484.15,7563.1899,1646.6801,12559.5996,7964.9502,4313.6001,1396.96,50694.0303,E2,N,N
10/02/2026,3:00,14404.0996,1661.6899,7722.6499,1706.36,13213.5996,8324.5996,4365.1499,1162.04,52560.1885,E3,N,N
10/02/2026,3:00,14234.4463,1645.787,7655.0049,1647.7129,13133.8574,8266.1455,4396.562,1387.6167,52367.1327,M,N,N
10/02/2026,3:00,14557.9004,1789.98,7248.1802,1513.8199,14605.5996,9005.7598,4671.3398,1822.63,55215.2097,X,Y,N
10/02/2026,4:00,13501.1738,1589.7307,6748.1411,1516.5095,13538.3789,7903.1118,4232.7915,1763.3094,50793.1467,A3,N,N
10/02/2026,4:00,14027.4678,1619.1633,7035.8066,1485.0283,13016.4102,7855.2988,4207.1523,1557.6276,50803.9549,A6,N,N
10/02/2026,4:00,14220.9004,1704.37,7933.6699,1726.11,12915.9004,8251.8799,4305.1499,1454.21,52512.1905,E,N,N
10/02/2026,4:00,14034.4004,1616.89,7826.79,1684.25,12867.7998,8324.6396,4462.75,1261.51,52079.0298,E1,N,N
10/02/2026,4:00,13526.2002,1441.04,7529.3901,1630.73,12162.0996,7731.6299,4213.8799,1364.48,49599.4497,E2,N,N
10/02/2026,4:00,14182.9004,1616.63,7657.96,1696.71,12794.5,8098.9502,4291.5298,1133.73,51472.9104,E3,N,N
10/02/2026,4:00,13998.374,1599.6188,7596.7236,1644.5657,12751.3418,8052.48,4296.0928,1354.3115,51293.5082,M,N,N
10/02/2026,4:00,14277.5,1745.13,7243.1899,1500.26,14259.2002,8767.4502,4572.3901,1802.39,54167.5104,X,Y,N
10/02/2026,5:00,13508.0771,1565.225,6721.1226,1525.5511,13478.1436,7901.2935,4198.8164,1763.8671,50662.0964,A3,N,N
10/02/2026,5:00,14025.4287,1602.3977,7062.6587,1502.842,12928.4453,7916.7344,4158.9268,1538.6461,50736.0797,A6,N,N
10/02/2026,5:00,14227.2002,1677.59,7899.3701,1723.28,12783,8187.8599,4287.7202,1447.21,52233.2304,E,N,N
10/02/2026,5:00,14061.5996,1616.21,7883.6602,1710.39,12801.7998,8269.8398,4452.1401,1256.89,52052.5295,E1,N,N
10/02/2026,5:00,13533.2998,1439.09,7508,1631.33,12091.7998,7667.9199,4189.6602,1354.96,49416.0597,E2,N,N
10/02/2026,5:00,14214.9004,1605.49,7636.1802,1701.48,12673.5996,8045.8799,4284.8398,1140.83,51303.1999,E3,N,N
10/02/2026,5:00,14012.4863,1588.1556,7597.9736,1653.8644,12655.7295,8017.6465,4274.6572,1347.7073,51148.2204,M,N,N
10/02/2026,5:00,14196.7998,1727.27,7241.6201,1498.88,14164.7998,8656.2598,4516.3999,1799.36,53801.3894,X,Y,N
10/02/2026,6:00,13627.6396,1596.5544,6643.7954,1557.708,13788.6035,8137.7178,4243.9126,1789.8027,51385.734,A3,N,N
10/02/2026,6:00,14266.542,1629.55,7093.3774,1527.9396,13155.8848,8179.5923,4218.5483,1562.816,51634.2504,A6,N,N
10/02/2026,6:00,14487.5,1725.41,7883.9902,1743.41,12986.0996,8281.2002,4330.8799,1463.38,52901.8699,E,N,N
10/02/2026,6:00,14325.9004,1653.1,7883.1099,1744.6801,13105,8363.71,4455.7798,1277.0699,52808.3501,E1,N,N
10/02/2026,6:00,13740.0996,1489.54,7520.04,1668.49,12419.5996,7789.0498,4183.3599,1375.4399,50185.6188,E2,N,N
10/02/2026,6:00,14476.4004,1634.83,7624.6201,1726.04,12871.2998,8165.2402,4315.0601,1153.46,51966.9506,E3,N,N
10/02/2026,6:00,14259.2881,1626.4861,7601.0273,1682.1119,12907.5762,8155.7588,4300.7256,1366.4332,51899.4072,M,N,N
10/02/2026,6:00,14470.9004,1765.64,7257.27,1537.88,14548.9004,8821.4004,4555.48,1815.17,54772.6412,X,Y,N
10/02/2026,7:00,14105.0137,1670.6525,6657.7017,1632.45,14457.6094,8504.1914,4404.6528,1836.2268,53268.4983,A3,N,N
10/02/2026,7:00,14647.1289,1723.4504,7159.8677,1620.7532,13720.168,8533.8945,4405.2974,1634.0076,53444.5677,A6,N,N
10/02/2026,7:00,14850,1809.21,7774.3999,1817.2,13614,8639.2598,4535.2202,1513.5601,54552.85,E,N,N
10/02/2026,7:00,14784.7998,1743.83,7847.2598,1818.3199,13832.9004,8709.4404,4642.3799,1349.39,54728.3202,E1,N,N
10/02/2026,7:00,14111,1586.9301,7527.6201,1756.17,13138.4004,8166.4302,4357.6099,1421.96,52066.1207,E2,N,N
10/02/2026,7:00,14898.0996,1717.7,7597.5298,1803.5699,13541.7998,8555.79,4519.1699,1219.11,53852.769,E3,N,N
10/02/2026,7:00,14658.2061,1716.2241,7581.3354,1763.2026,13569.4541,8520.9629,4491.9355,1427.6056,53728.9263,M,N,N
10/02/2026,7:00,15002.7002,1857.1801,7283.5898,1612.05,15388.7002,9209.7197,4729.0898,1873.85,56956.8798,X,Y,N
10/02/2026,8:00,14287.4961,1675.6968,6676.7334,1644.5239,14779.1191,8735.2559,4423.3184,1854.4895,54076.6331,A3,N,N
10/02/2026,8:00,14738.8467,1718.8851,7243.4702,1592.7261,14057.8359,8797.3525,4449.5659,1719.3119,54317.9943,A6,N,N
10/02/2026,8:00,14984.9004,1818.59,7824.2002,1828.41,13994.9004,8828.3496,4563.2598,1512.76,55355.3704,E,N,N
10/02/2026,8:00,14933.5,1749.4399,7868.7202,1823,14221.2002,8895.8701,4677.98,1373.59,55543.3004,E1,N,N
10/02/2026,8:00,14231.7002,1619.24,7561.1099,1780.6801,13557.9004,8362.7598,4391.1299,1447.41,52951.9303,E2,N,N
10/02/2026,8:00,15068.7002,1731.77,7633.5601,1821.27,13932.0996,8750.7998,4561.6602,1247.0699,54746.9298,E3,N,N
10/02/2026,8:00,14791.5293,1727.5851,7626.2124,1769.2173,13952.7871,8727.0264,4528.7192,1460.0284,54583.1052,M,N,N
10/02/2026,8:00,15242.5,1876.01,7324.8599,1643.84,15858.2998,9481.9102,4781.1699,1898.61,58107.1998,X,Y,N
10/02/2026,9:00,14814.0947,1662.572,6668.8486,1701.9851,15172.0615,9179.5449,4542.7598,1895.942,55637.8086,A3,N,N
10/02/2026,9:00,15272.833,1707.4065,7240.8838,1660.2323,14525.4678,9231.9619,4570.6411,1771.364,55980.7904,A6,N,N
10/02/2026,9:00,15433.2002,1823.96,7985.5601,1856.8101,14464.5,9046.0596,4639.5601,1512.0601,56761.7102,E,N,N
10/02/2026,9:00,15237.5,1703.61,7870.0601,1872.08,14608.0996,9113.2598,4733.0801,1362.88,56500.5696,E1,N,N
10/02/2026,9:00,14595.9004,1626.0699,7630.3599,1840.42,14064.0996,8558.0596,4460.0298,1458.5699,54233.5091,E2,N,N
10/02/2026,9:00,15437,1728.4,7713.8301,1874.61,14357.7002,8933.5898,4633.79,1261.59,55940.5101,E3,N,N
10/02/2026,9:00,15195.2871,1717.8894,7688.1392,1820.8304,14403.9736,8976.5859,4607.4199,1473.2928,55883.4183,M,N,N
10/02/2026,9:00,15715.2998,1891.76,7331.0698,1670.86,16283.2998,9701.3496,4867.71,1910.9301,59372.2791,X,Y,N
10/02/2026,10:00,15567.3604,1694.0142,6847.3218,1774.7513,15891.8486,9617.4854,4790.084,1962.6985,58145.5642,A3,N,N
10/02/2026,10:00,16131.9814,1709.8167,7385.6011,1752.4275,15301.4307,9537.6689,4778.5273,1791.3069,58388.7605,A6,N,N
10/02/2026,10:00,16342.2998,1906,8325.3896,1940.99,15323,9493.1904,4932.1899,1553.79,59816.8497,E,N,N
10/02/2026,10:00,15916,1688.96,8044.3101,1950.53,15326.5996,9613.9199,5001.5098,1438.29,58980.1194,E1,N,N
10/02/2026,10:00,15385.5,1692.0699,7891.4902,1932.85,15008,9011.0303,4750.1699,1504.72,57175.8303,E2,N,N
10/02/2026,10:00,16175.2002,1794.64,7944.0098,1968.48,15172,9346.9004,4910.5,1322.97,58634.7004,E3,N,N
10/02/2026,10:00,15990.1963,1758.2974,7918.1602,1909.0557,15226.207,9400.542,4874.5796,1522.2155,58599.2537,M,N,N
10/02/2026,10:00,16484.9004,1944.67,7385.75,1720.23,16993,10090.5,5078.0498,1948.54,61645.6402,X,Y,N
10/02/2026,11:00,16342.8359,1806.5447,7046.0625,1842.145,16729.0859,10227.9141,5038.3838,2027.5177,61060.4896,A3,N,N
10/02/2026,11:00,16991.0938,1794.053,7467.2046,1846.5809,16179.7148,10266.8652,5105.7915,1801.4331,61452.7369,A6,N,N
10/02/2026,11:00,17371,2046.1,8561.4004,2006.8101,16196.0996,10005.5996,5202.7798,1606.8199,62996.6094,E,N,N
10/02/2026,11:00,16727.4004,1770.61,8278.5098,2030.11,16195.9004,10122.2002,5301.4302,1518.05,61944.211,E1,N,N
10/02/2026,11:00,16248.4004,1823.04,8067.6699,2005.48,16033.5,9557.4697,5034.27,1577.0699,60346.8999,E2,N,N
10/02/2026,11:00,17028.5996,1913.89,8138.9399,2043.1899,16032.2998,9812.1299,5163.9702,1384.8,61517.8193,E3,N,N
10/02/2026,11:00,16873.3008,1869.5386,8102.7456,1986.4341,16127.5039,9952.8535,5161.6484,1577.6345,61651.6594,M,N,N
10/02/2026,11:00,17304.5996,2039.83,7447.3901,1756.17,17684,10471.4004,5297.9102,1982.87,63984.1703,X,Y,N
10/02/2026,12:00,17484.1309,1903.3484,7225.1592,1887.4901,17857.2813,10859.8145,5294.2642,2114.1848,64625.6734,A3,N,N
10/02/2026,12:00,18004.5586,1917.6321,7479.4482,1902.3181,17440.0273,10854.5586,5411.7573,1900.5526,64910.8528,A6,N,N
10/02/2026,12:00,18354.3008,2170.6201,8668.9697,2071.6599,17041.4004,10577.7002,5462.3701,1679.0601,66026.0813,E,N,N
10/02/2026,12:00,17556.3008,1852.8101,8429.9102,2086.8899,17151.5,10639.7998,5551.3198,1573.9301,64842.4607,E1,N,N
10/02/2026,12:00,16954.5996,1939.7,8174.8301,2076.8601,17066.9004,10130.0996,5285.1401,1647.53,63275.6599,E2,N,N
10/02/2026,12:00,17746.4004,2023.98,8219.5,2111.8201,16864.3008,10291,5379.4902,1450.6899,64087.1814,E3,N,N
10/02/2026,12:00,17723.2324,1980.9484,8194.5322,2049.9097,17112.8262,10498.6318,5418.0151,1650.3525,64628.4483,M,N,N
10/02/2026,12:00,18060.4004,2137.3501,7511.4702,1802.15,18349.5,10861.5,5540.4399,2014.26,66277.0706,X,Y,N
10/02/2026,13:00,18119.7148,2038.826,7448.0127,1968.9978,18988.7305,11421.5313,5647.7437,2193.5767,67827.1335,A3,N,N
10/02/2026,13:00,18673.668,2054.8994,7576.4648,1972.9768,18769.5566,11368.123,5742.998,2011.201,68169.8876,A6,N,N
10/02/2026,13:00,19244.6992,2316.01,8774.2695,2121.03,17814.1992,11163.9004,5672.9302,1723.71,68830.7485,E,N,N
10/02/2026,13:00,18105.0996,1946.72,8507.7402,2171.52,18103.6992,11133.2998,5822.3901,1659.16,67449.6289,E1,N,N
10/02/2026,13:00,17509.3008,2054.96,8287.1104,2142.4399,18108.8008,10703.5,5497.21,1716.5699,66019.8918,E2,N,N
10/02/2026,13:00,18233.6992,2146.52,8287.9297,2170.74,17653.4004,10787.7002,5553.0601,1518.4,66351.4496,E3,N,N
10/02/2026,13:00,18353.293,2103.8218,8286.7031,2115.7415,18089.9316,11031.3047,5657.7178,1725.8082,67364.3217,M,N,N
10/02/2026,13:00,18719.0996,2227.79,7563.6602,1832.59,18879,11211.5,5739.9702,2036.62,68210.23,X,Y,N
10/02/2026,14:00,18756.7852,2202.8149,7676.3003,2055.6492,20033.1016,11868.9814,5883.9619,2241.1492,70718.7437,A3,N,N
10/02/2026,14:00,19143.293,2211.5066,7734.0737,2098.6021,19757.1465,11757.9551,5941.1685,2122.0532,70765.7987,A6,N,N
10/02/2026,14:00,20047.5996,2439.55,8796.0898,2188.9099,18459.5996,11710.0996,5863.5698,1778.17,71283.5883,E,N,N
10/02/2026,14:00,18612,2056.6699,8574.7695,2288.6599,18981.6992,11565.2998,6036.77,1704.1801,69820.0484,E1,N,N
10/02/2026,14:00,18106.6992,2172.49,8362.04,2234.6499,19092.5996,11267.5,5717.6001,1792.4301,68746.0089,E2,N,N
10/02/2026,14:00,18715.1992,2251.26,8302.0498,2257.25,18374.3008,11262.5996,5690.23,1585.51,68438.3994,E3,N,N
10/02/2026,14:00,18924.959,2226.2954,8353.8047,2213.6143,18933.0684,11512.6914,5849.8677,1796.4688,69810.7697,M,N,N
10/02/2026,14:00,19208.8008,2306.55,7611.4302,1867.61,19423.8008,11541.9004,5898.54,2057.1399,69915.7721,X,Y,N
10/02/2026,15:00,19052.4316,2296.5911,7881.0459,2119.0977,20869.248,12435.5938,6078.5996,2259.1838,72991.7915,A3,N,N
10/02/2026,15:00,19212.8184,2332.76,7842.2251,2189.3943,20705.1758,12309.3613,6111.479,2135.4927,72838.7066,A6,N,N
10/02/2026,15:00,20485.5996,2517.53,8743.9199,2234.95,18935.8008,12061.2002,6004.7202,1844.9399,72828.6606,E,N,N
10/02/2026,15:00,18999.5,2151.3701,8749.7598,2397.52,19767.6992,11883.0996,6203.0498,1774.5699,71926.5684,E1,N,N
10/02/2026,15:00,18585.0996,2267.47,8378.96,2311.0801,19918.4004,11742.2998,5885.6899,1857.54,70946.5398,E2,N,N
10/02/2026,15:00,18989.8008,2331.4199,8248.0898,2324.27,18980.4004,11612.2998,5811.5801,1662.1899,69960.0507,E3,N,N
10/02/2026,15:00,19254.5645,2320.1101,8392.5908,2291.4429,19661.4961,11921.6523,6003.3037,1854.9465,71700.1069,M,N,N
10/02/2026,15:00,19396.5,2347.22,7642.1802,1883.8199,19604.9004,11753.2998,5960.6401,2070.1699,70658.7303,X,Y,N
10/02/2026,16:00,19337.3789,2367.3401,7880.9429,2178.7083,21520.3867,12853.4346,6181.4009,2289.5237,74609.1161,A3,N,N
10/02/2026,16:00,19429.7734,2405.6377,7771.0298,2201.3757,21497.875,12667.3486,6193.5503,2225.8105,74392.401,A6,N,N
10/02/2026,16:00,20661.1992,2533.72,8675.6396,2255.1201,19048.5,12178.7002,6076.9199,1897.53,73327.329,E,N,N
10/02/2026,16:00,19323.0996,2204.28,8699.7197,2431.1001,20210.1992,12172.7998,6306.96,1831.6899,73179.8483,E1,N,N
10/02/2026,16:00,18921.1992,2308.0701,8367,2361.49,20491.3008,12075.9004,5978.96,1917.53,72421.4505,E2,N,N
10/02/2026,16:00,19119.5996,2374.1001,8147.9702,2360.5801,19316.5996,11829.2002,5833.9102,1733.39,70715.35,E3,N,N
10/02/2026,16:00,19490.9746,2365.1616,8332.2715,2321.9333,20112.8965,12184.79,6078.0605,1921.1901,72807.2781,M,N,N
10/02/2026,16:00,19289.9004,2357.79,7652.5498,1891.55,19532,11836,5978.7202,2083.3201,70621.8305,X,Y,N
10/02/2026,17:00,19106.7227,2386.5095,7819.1108,2170.8052,21884.418,13082.7402,6250.4102,2297.4058,74998.1224,A3,N,N
10/02/2026,17:00,19138.375,2386.2551,7712.1563,2197.4836,21756.7734,13070.5859,6299.0757,2305.6428,74866.3478,A6,N,N
10/02/2026,17:00,20583.3008,2496.99,8649.4697,2263.8401,19013.8008,12055.7002,6122.8999,1924.5601,73110.5616,E,N,N
10/02/2026,17:00,19293.9004,2205.1899,8587.75,2390.4299,20415.6992,12375.5996,6354.21,1848.49,73471.269,E1,N,N
10/02/2026,17:00,18981.6992,2309.04,8381.0498,2385.3101,20801.3008,12231.5996,6033.8101,1954.53,73078.3396,E2,N,N
10/02/2026,17:00,19056.5,2374.0901,8108.3599,2373.6899,19552.9004,11902.5,5833.9902,1771.63,70973.6605,E3,N,N
10/02/2026,17:00,19410.7559,2354.313,8287.7568,2322.1509,20308.0957,12327.1973,6128.7969,1960.9706,73100.0371,M,N,N
10/02/2026,17:00,19076.5,2355.75,7650.6201,1890.78,19433.9004,11865,5969.6602,2092.8101,70335.0208,X,Y,N
10/02/2026,18:00,18588.8555,2365.1809,7780.2339,2166.7446,21410.2676,12808.7813,6188.2915,2238.8398,73547.1951,A3,N,N
10/02/2026,18:00,19014.541,2353.3389,7666.5239,2180.5825,21208.5859,12788.3965,6256.3613,2223.9055,73692.2355,A6,N,N
10/02/2026,18:00,20149.1992,2438.97,8380.0801,2231.9199,18650.5,11790.2998,6108.0698,1879.75,71628.7888,E,N,N
10/02/2026,18:00,18801.4004,2204.3301,8468.7197,2353.1299,20045.4004,12374.2002,6287.29,1810.01,72344.4807,E1,N,N
10/02/2026,18:00,18661.3008,2267.0801,8185.98,2348.8601,20583.0996,12172.2002,5976.5698,1929.96,72125.0506,E2,N,N
10/02/2026,18:00,18673.3008,2336.4399,7881.4502,2336.8101,19389.3008,11837,5765.6499,1715.14,69935.0917,E3,N,N
10/02/2026,18:00,19059.9492,2320.032,8116.5508,2290.2605,19975.377,12192.4199,6078.7881,1911.7532,71945.1307,M,N,N
10/02/2026,18:00,18554.9004,2336.24,7587.0298,1870.47,19108.8008,11813.5996,5894.6499,2074.3401,69240.0306,X,Y,N
10/02/2026,19:00,18194.3594,2392.2791,7662.6851,2083.1641,19997.7188,12023.1797,6019.6147,2200.1218,70573.1227,A3,N,N
10/02/2026,19:00,18179.4258,2383.7463,7562.7734,2082.2607,19811.0332,11857.7275,6083.3716,2168.3762,70128.7147,A6,N,N
10/02/2026,19:00,19254.3008,2319.1799,7741.52,2096.01,17792.9004,11250.0996,5936.8101,1850.63,68241.4508,E,N,N
10/02/2026,19:00,17938,2213.6299,7820.3799,2150.2,19104.5996,11862.0996,6052.4102,1769.27,68910.5892,E1,N,N
10/02/2026,19:00,17876.5996,2164.1101,7591.71,2196.99,19685.4004,11759.9004,5796.2598,1876.23,68947.2003,E2,N,N
10/02/2026,19:00,17909.8008,2262.21,7350.27,2183.6399,18604.0996,11448,5587.2202,1666.45,67011.6905,E3,N,N
10/02/2026,19:00,18231.627,2268.5752,7613.3315,2141.8203,18999.6074,11635.5664,5891.2148,1866.1913,68647.9339,M,N,N
10/02/2026,19:00,17882.6992,2313.2,7476.7798,1834.9301,18667.8008,11642.2998,5752.23,2059.2,67629.1397,X,Y,N
10/02/2026,20:00,17467.7617,2304.1458,7679.8584,2003.7905,18944.7188,11583.1943,5920.0586,2125.7324,68029.2605,A3,N,N
10/02/2026,20:00,17608.7441,2298.3967,7592.0054,2030.5947,18629.8789,11695.7471,5983.7944,2076.5916,67915.7529,A6,N,N
10/02/2026,20:00,18706.3008,2239.04,7411.98,2008.4,17358.1992,10929.7002,5809.4302,1831.54,66294.5904,E,N,N
10/02/2026,20:00,17661.3008,2180.1799,7772.9399,2074.23,18557.5996,11593.4004,5957.0898,1722.39,67519.1304,E1,N,N
10/02/2026,20:00,17465.6992,2098.4299,7296.1201,2025.6,18913.5,11357.7998,5677.46,1841.5,66676.109,E2,N,N
10/02/2026,20:00,17640.9004,2205.22,7190.6201,2065.03,18101.9004,11182.2002,5529.9702,1631.23,65547.0713,E3,N,N
10/02/2026,20:00,17816.5898,2204.2534,7452.7334,2040.771,18312.2168,11351.7705,5791.5493,1820.6504,66790.5346,M,N,N
10/02/2026,20:00,17729.8008,2297.1299,7399.8901,1817.28,18564.1992,11543.5,5648.8301,2053.01,67053.6401,X,Y,N
10/02/2026,21:00,17174.2246,2207.5073,7718.3647,1929.5303,18586.6777,11212.1504,5767.9707,2113.1418,66709.5675,A3,N,N
10/02/2026,21:00,17466.5957,2248.7048,7646.3423,1950.611,18096.2012,11160.7549,5821.3125,2079.8176,66470.34,A6,N,N
10/02/2026,21:00,18054.9004,2130.97,7634.5698,2018.83,16775.3008,10524.2002,5631.8701,1759.45,64530.0913,E,N,N
10/02/2026,21:00,17226.4004,2084.26,7993.7798,2037.2,17836.4004,11176.4004,5791.6201,1668.8199,65814.881,E1,N,N
10/02/2026,21:00,16961.9004,2009.54,7491.46,2011.08,18115.0996,10884.2998,5497.1602,1784.55,64755.09,E2,N,N
10/02/2026,21:00,17212.9004,2114.75,7480.8599,2057.03,17437.4004,10804.5996,5415.73,1562.74,64086.0103,E3,N,N
10/02/2026,21:00,17384.5391,2117.645,7649.4023,2014.9502,17652.082,10910.0518,5631.5391,1771.0756,65131.2851,M,N,N
10/02/2026,21:00,17350,2245.3601,7413.9502,1803.45,18241,11334.2998,5557.21,2050.02,65995.2901,X,Y,N
10/02/2026,22:00,16900.9414,2069.7566,7549.7383,1840.1584,17804.9063,10872.7598,5553.1938,2056.5271,64647.9817,A3,N,N
10/02/2026,22:00,17263.498,2107.46,7551.3755,1903.0366,17333.6172,10880.0527,5606.478,2047.1183,64692.6363,A6,N,N
10/02/2026,22:00,17444,2034.64,7721.29,1946.96,16084.2998,10082.7998,5434.0298,1708.4301,62456.4495,E,N,N
10/02/2026,22:00,16858.6992,1980.3199,7980.0601,1913.62,17094.5,10788.7002,5603.8301,1620.72,63840.4495,E1,N,N
10/02/2026,22:00,16468.1992,1911.9399,7545.8901,1950.17,17288.6992,10392.0996,5292.21,1731.5,62580.708,E2,N,N
10/02/2026,22:00,16823.9004,2015.3199,7535.8999,1967.88,16683.9004,10371.0996,5267.5698,1508.98,62174.55,E3,N,N
10/02/2026,22:00,16971.6602,2009.936,7666.9038,1936.3335,16897.0039,10502.9502,5440.8237,1723.3497,63148.961,M,N,N
10/02/2026,22:00,16873.9004,2172.1201,7419.1299,1758.92,17684.5996,10950.4004,5385.6699,2014.8199,64259.5602,X,Y,N
10/02/2026,23:00,16069.6592,1981.0177,7348.6172,1751.1281,16789.3613,10293.9814,5271.915,1973.433,61479.1129,A3,N,N
10/02/2026,23:00,16607.5879,2010.3876,7387.7515,1824.5464,16312.2656,10141.9375,5313.7681,1949.6833,61547.9279,A6,N,N
10/02/2026,23:00,16745.1992,1966.58,7405.7998,1898.91,15419.0996,9712.1699,5242.73,1641.9399,60032.4284,E,N,N
10/02/2026,23:00,16389.1992,1922.36,7939.96,1851.96,16266.7998,10322,5353.7798,1533.5,61579.5588,E1,N,N
10/02/2026,23:00,15896.2002,1820.45,7589.1899,1891.41,16312.7998,9877.6602,5094.6802,1662.66,60145.0503,E2,N,N
10/02/2026,23:00,16299.9004,1929.8101,7569.9102,1912.27,15849.7002,9902.29,5080.3398,1426.5699,59970.7906,E3,N,N
10/02/2026,23:00,16387.6172,1929.9176,7578.5225,1875.8192,16032.1338,9991.2119,5217.0596,1642.8706,60655.1524,M,N,N
10/02/2026,23:00,16329.9004,2075.8601,7401.23,1698.42,16913.3008,10445.5996,5177.7202,1959.39,62001.4211,X,Y,N
10/02/2026,24:00,15317.6191,1874.3999,7194.6177,1660.3309,15724.293,9827.8213,5021.731,1898.095,58518.9079,A3,N,N
10/02/2026,24:00,15771.5771,1939.1356,7281.791,1697.8973,15173.8096,9663.0586,5057.9258,1791.4022,58376.5972,A6,N,N
10/02/2026,24:00,16038.2002,1894.67,7098.77,1831.48,14634.2002,9282.6299,5038.7002,1558.6899,57377.3404,E,N,N
10/02/2026,24:00,15639.5,1852.14,7904.6001,1774.75,15401.0996,9838.2197,5131.52,1445.2,58987.0294,E1,N,N
10/02/2026,24:00,15257.0996,1734.17,7615.5498,1830.91,15277.2002,9312.3398,4872.04,1566.34,57465.6494,E2,N,N
10/02/2026,24:00,15664.7002,1843.73,7621.1499,1841.98,14904.4004,9377.5098,4864.46,1318.36,57436.2903,E3,N,N
10/02/2026,24:00,15674.2158,1852.769,7504.3721,1795.4034,15078.1426,9494.752,4992.9292,1535.9984,57928.5825,M,N,N
10/02/2026,24:00,15583.4004,1961.28,7367.0898,1630.46,15949.0996,9858.5996,4963.1099,1885.83,59198.8693,X,Y,N
