date,hour_ending,rep,sp,price
01/01/2025,01:00,N,LZ_NORTH,22.97
01/01/2025,02:00,N,LZ_NORTH,21.11
01/01/2025,03:00,N,LZ_NORTH,20.3
01/01/2025,04:00,N,LZ_NORTH,21.57
01/01/2025,05:00,N,LZ_NORTH,21.81
01/01/2025,06:00,N,LZ_NORTH,24.33
01/01/2025,07:00,N,LZ_NORTH,26.45
01/01/2025,08:00,N,LZ_NORTH,30.65
01/01/2025,09:00,N,LZ_NORTH,22.48
01/01/2025,10:00,N,LZ_NORTH,18.93
01/01/2025,11:00,N,LZ_NORTH,17.16
01/01/2025,12:00,N,LZ_NORTH,16.66
01/01/2025,13:00,N,LZ_NORTH,16.63
01/01/2025,14:00,N,LZ_NORTH,15.5
01/01/2025,15:00,N,LZ_NORTH,14.36
01/01/2025,16:00,N,LZ_NORTH,15.05
01/01/2025,17:00,N,LZ_NORTH,21.31
01/01/2025,18:00,N,LZ_NORTH,39.25
01/01/2025,19:00,N,LZ_NORTH,34.38
01/01/2025,20:00,N,LZ_NORTH,29.58
01/01/2025,21:00,N,LZ_NORTH,26.05
01/01/2025,22:00,N,LZ_NORTH,19.34
01/01/2025,23:00,N,LZ_NORTH,19.17
01/01/2025,24:00,N,LZ_NORTH,17.64
01/02/2025,01:00,N,LZ_NORTH,19.89
01/02/2025,02:00,N,LZ_NORTH,17.65
01/02/2025,03:00,N,LZ_NORTH,16.44
01/02/2025,04:00,N,LZ_NORTH,16.79
01/02/2025,05:00,N,LZ_NORTH,17.98
01/02/2025,06:00,N,LZ_NORTH,23.09
01/02/2025,07:00,N,LZ_NORTH,23.48
01/02/2025,08:00,N,LZ_NORTH,26.66
01/02/2025,09:00,N,LZ_NORTH,22.96
01/02/2025,10:00,N,LZ_NORTH,20.36
01/02/2025,11:00,N,LZ_NORTH,19.65
01/02/2025,12:00,N,LZ_NORTH,19.76
01/02/2025,13:00,N,LZ_NORTH,20.17
01/02/2025,14:00,N,LZ_NORTH,20.39
01/02/2025,15:00,N,LZ_NORTH,20.89
01/02/2025,16:00,N,LZ_NORTH,20.76
01/02/2025,17:00,N,LZ_NORTH,25.51
01/02/2025,18:00,N,LZ_NORTH,41.03
01/02/2025,19:00,N,LZ_NORTH,35.46
01/02/2025,20:00,N,LZ_NORTH,31.14
01/02/2025,21:00,N,LZ_NORTH,27.95
01/02/2025,22:00,N,LZ_NORTH,24.02
01/02/2025,23:00,N,LZ_NORTH,23.3
01/02/2025,24:00,N,LZ_NORTH,22.02
01/03/2025,01:00,N,LZ_NORTH,25.44
01/03/2025,02:00,N,LZ_NORTH,24.21
01/03/2025,03:00,N,LZ_NORTH,23.99
01/03/2025,04:00,N,LZ_NORTH,25.11
01/03/2025,05:00,N,LZ_NORTH,25.68
01/03/2025,06:00,N,LZ_NORTH,31.54
01/03/2025,07:00,N,LZ_NORTH,37.85
01/03/2025,08:00,N,LZ_NORTH,45.15
01/03/2025,09:00,N,LZ_NORTH,31.92
01/03/2025,10:00,N,LZ_NORTH,24.76
01/03/2025,11:00,N,LZ_NORTH,23.24
01/03/2025,12:00,N,LZ_NORTH,20.94
01/03/2025,13:00,N,LZ_NORTH,19.2
01/03/2025,14:00,N,LZ_NORTH,17.57
01/03/2025,15:00,N,LZ_NORTH,15.91
01/03/2025,16:00,N,LZ_NORTH,16.2
01/03/2025,17:00,N,LZ_NORTH,23.21
01/03/2025,18:00,N,LZ_NORTH,34.36
01/03/2025,19:00,N,LZ_NORTH,27.45
01/03/2025,20:00,N,LZ_NORTH,20.87
01/03/2025,21:00,N,LZ_NORTH,18.47
01/03/2025,22:00,N,LZ_NORTH,15.39
01/03/2025,23:00,N,LZ_NORTH,14.13
01/03/2025,24:00,N,LZ_NORTH,9.4
01/04/2025,01:00,N,LZ_NORTH,8.8
01/04/2025,02:00,N,LZ_NORTH,5.05
01/04/2025,03:00,N,LZ_NORTH,4.98
01/04/2025,04:00,N,LZ_NORTH,5.77
01/04/2025,05:00,N,LZ_NORTH,7.1
01/04/2025,06:00,N,LZ_NORTH,9.98
01/04/2025,07:00,N,LZ_NORTH,10.33
01/04/2025,08:00,N,LZ_NORTH,12.7
01/04/2025,09:00,N,LZ_NORTH,13.91
01/04/2025,10:00,N,LZ_NORTH,12.45
01/04/2025,11:00,N,LZ_NORTH,7.05
01/04/2025,12:00,N,LZ_NORTH,4.13
01/04/2025,13:00,N,LZ_NORTH,1.56
01/04/2025,14:00,N,LZ_NORTH,1.23
01/04/2025,15:00,N,LZ_NORTH,1.49
01/04/2025,16:00,N,LZ_NORTH,1.8
01/04/2025,17:00,N,LZ_NORTH,4.21
01/04/2025,18:00,N,LZ_NORTH,9.59
01/04/2025,19:00,N,LZ_NORTH,9.45
01/04/2025,20:00,N,LZ_NORTH,8.06
01/04/2025,21:00,N,LZ_NORTH,7.07
01/04/2025,22:00,N,LZ_NORTH,5.99
01/04/2025,23:00,N,LZ_NORTH,2.13
01/04/2025,24:00,N,LZ_NORTH,0.8
01/05/2025,01:00,N,LZ_NORTH,0.4
01/05/2025,02:00,N,LZ_NORTH,0.12
01/05/2025,03:00,N,LZ_NORTH,0.02
01/05/2025,04:00,N,LZ_NORTH,0.01
01/05/2025,05:00,N,LZ_NORTH,0.19
01/05/2025,06:00,N,LZ_NORTH,1.24
01/05/2025,07:00,N,LZ_NORTH,4.74
01/05/2025,08:00,N,LZ_NORTH,6.62
01/05/2025,09:00,N,LZ_NORTH,1.74
01/05/2025,10:00,N,LZ_NORTH,1.0
01/05/2025,11:00,N,LZ_NORTH,0.86
01/05/2025,12:00,N,LZ_NORTH,1.15
01/05/2025,13:00,N,LZ_NORTH,0.98
01/05/2025,14:00,N,LZ_NORTH,1.02
01/05/2025,15:00,N,LZ_NORTH,1.08
01/05/2025,16:00,N,LZ_NORTH,1.93
01/05/2025,17:00,N,LZ_NORTH,9.22
01/05/2025,18:00,N,LZ_NORTH,23.03
01/05/2025,19:00,N,LZ_NORTH,24.6
01/05/2025,20:00,N,LZ_NORTH,24.39
01/05/2025,21:00,N,LZ_NORTH,24.73
01/05/2025,22:00,N,LZ_NORTH,25.6
01/05/2025,23:00,N,LZ_NORTH,24.23
01/05/2025,24:00,N,LZ_NORTH,24.31
01/06/2025,01:00,N,LZ_NORTH,23.06
01/06/2025,02:00,N,LZ_NORTH,24.72
01/06/2025,03:00,N,LZ_NORTH,25.21
01/06/2025,04:00,N,LZ_NORTH,25.97
01/06/2025,05:00,N,LZ_NORTH,30.97
01/06/2025,06:00,N,LZ_NORTH,43.14
01/06/2025,07:00,N,LZ_NORTH,86.55
01/06/2025,08:00,N,LZ_NORTH,109.83
01/06/2025,09:00,N,LZ_NORTH,47.3
01/06/2025,10:00,N,LZ_NORTH,28.77
01/06/2025,11:00,N,LZ_NORTH,25.68
01/06/2025,12:00,N,LZ_NORTH,24.5
01/06/2025,13:00,N,LZ_NORTH,22.97
01/06/2025,14:00,N,LZ_NORTH,21.76
01/06/2025,15:00,N,LZ_NORTH,21.22
01/06/2025,16:00,N,LZ_NORTH,21.98
01/06/2025,17:00,N,LZ_NORTH,30.48
01/06/2025,18:00,N,LZ_NORTH,56.44
01/06/2025,19:00,N,LZ_NORTH,73.48
01/06/2025,20:00,N,LZ_NORTH,62.03
01/06/2025,21:00,N,LZ_NORTH,56.78
01/06/2025,22:00,N,LZ_NORTH,45.51
01/06/2025,23:00,N,LZ_NORTH,37.74
01/06/2025,24:00,N,LZ_NORTH,34.08
01/07/2025,01:00,N,LZ_NORTH,39.58
01/07/2025,02:00,N,LZ_NORTH,39.94
01/07/2025,03:00,N,LZ_NORTH,40.43
01/07/2025,04:00,N,LZ_NORTH,44.59
01/07/2025,05:00,N,LZ_NORTH,45.36
01/07/2025,06:00,N,LZ_NORTH,60.52
01/07/2025,07:00,N,LZ_NORTH,102.49
01/07/2025,08:00,N,LZ_NORTH,110.26
01/07/2025,09:00,N,LZ_NORTH,57.7
01/07/2025,10:00,N,LZ_NORTH,32.47
01/07/2025,11:00,N,LZ_NORTH,28.25
01/07/2025,12:00,N,LZ_NORTH,25.37
01/07/2025,13:00,N,LZ_NORTH,24.9
01/07/2025,14:00,N,LZ_NORTH,23.02
01/07/2025,15:00,N,LZ_NORTH,21.12
01/07/2025,16:00,N,LZ_NORTH,19.01
01/07/2025,17:00,N,LZ_NORTH,24.42
01/07/2025,18:00,N,LZ_NORTH,33.62
01/07/2025,19:00,N,LZ_NORTH,38.19
01/07/2025,20:00,N,LZ_NORTH,35.82
01/07/2025,21:00,N,LZ_NORTH,34.4
01/07/2025,22:00,N,LZ_NORTH,32.46
01/07/2025,23:00,N,LZ_NORTH,29.43
01/07/2025,24:00,N,LZ_NORTH,29.48
01/08/2025,01:00,N,LZ_NORTH,28.22
01/08/2025,02:00,N,LZ_NORTH,27.67
01/08/2025,03:00,N,LZ_NORTH,28.52
01/08/2025,04:00,N,LZ_NORTH,29.38
01/08/2025,05:00,N,LZ_NORTH,32.43
01/08/2025,06:00,N,LZ_NORTH,40.83
01/08/2025,07:00,N,LZ_NORTH,59.49
01/08/2025,08:00,N,LZ_NORTH,73.35
01/08/2025,09:00,N,LZ_NORTH,55.93
01/08/2025,10:00,N,LZ_NORTH,41.43
01/08/2025,11:00,N,LZ_NORTH,40.02
01/08/2025,12:00,N,LZ_NORTH,32.53
01/08/2025,13:00,N,LZ_NORTH,28.42
01/08/2025,14:00,N,LZ_NORTH,27.68
01/08/2025,15:00,N,LZ_NORTH,26.44
01/08/2025,16:00,N,LZ_NORTH,26.09
01/08/2025,17:00,N,LZ_NORTH,34.18
01/08/2025,18:00,N,LZ_NORTH,63.4
01/08/2025,19:00,N,LZ_NORTH,64.28
01/08/2025,20:00,N,LZ_NORTH,55.18
01/08/2025,21:00,N,LZ_NORTH,43.03
01/08/2025,22:00,N,LZ_NORTH,37.5
01/08/2025,23:00,N,LZ_NORTH,29.44
01/08/2025,24:00,N,LZ_NORTH,27.93
01/09/2025,01:00,N,LZ_NORTH,28.17
01/09/2025,02:00,N,LZ_NORTH,27.62
01/09/2025,03:00,N,LZ_NORTH,26.94
01/09/2025,04:00,N,LZ_NORTH,27.65
01/09/2025,05:00,N,LZ_NORTH,28.85
01/09/2025,06:00,N,LZ_NORTH,33.19
01/09/2025,07:00,N,LZ_NORTH,44.19
01/09/2025,08:00,N,LZ_NORTH,54.16
01/09/2025,09:00,N,LZ_NORTH,56.2
01/09/2025,10:00,N,LZ_NORTH,54.71
01/09/2025,11:00,N,LZ_NORTH,56.36
01/09/2025,12:00,N,LZ_NORTH,49.84
01/09/2025,13:00,N,LZ_NORTH,45.63
01/09/2025,14:00,N,LZ_NORTH,47.2
01/09/2025,15:00,N,LZ_NORTH,45.47
01/09/2025,16:00,N,LZ_NORTH,48.76
01/09/2025,17:00,N,LZ_NORTH,60.53
01/09/2025,18:00,N,LZ_NORTH,77.34
01/09/2025,19:00,N,LZ_NORTH,71.69
01/09/2025,20:00,N,LZ_NORTH,58.69
01/09/2025,21:00,N,LZ_NORTH,51.61
01/09/2025,22:00,N,LZ_NORTH,44.55
01/09/2025,23:00,N,LZ_NORTH,30.81
01/09/2025,24:00,N,LZ_NORTH,27.32
01/10/2025,01:00,N,LZ_NORTH,31.08
01/10/2025,02:00,N,LZ_NORTH,27.48
01/10/2025,03:00,N,LZ_NORTH,25.07
01/10/2025,04:00,N,LZ_NORTH,23.78
01/10/2025,05:00,N,LZ_NORTH,24.08
01/10/2025,06:00,N,LZ_NORTH,26.84
01/10/2025,07:00,N,LZ_NORTH,32.11
01/10/2025,08:00,N,LZ_NORTH,34.29
01/10/2025,09:00,N,LZ_NORTH,30.95
01/10/2025,10:00,N,LZ_NORTH,28.3
01/10/2025,11:00,N,LZ_NORTH,25.72
01/10/2025,12:00,N,LZ_NORTH,24.32
01/10/2025,13:00,N,LZ_NORTH,22.62
01/10/2025,14:00,N,LZ_NORTH,21.94
01/10/2025,15:00,N,LZ_NORTH,21.4
01/10/2025,16:00,N,LZ_NORTH,20.71
01/10/2025,17:00,N,LZ_NORTH,25.93
01/10/2025,18:00,N,LZ_NORTH,52.75
01/10/2025,19:00,N,LZ_NORTH,61.89
01/10/2025,20:00,N,LZ_NORTH,57.62
01/10/2025,21:00,N,LZ_NORTH,45.94
01/10/2025,22:00,N,LZ_NORTH,41.94
01/10/2025,23:00,N,LZ_NORTH,32.1
01/10/2025,24:00,N,LZ_NORTH,26.09
01/11/2025,01:00,N,LZ_NORTH,26.8
01/11/2025,02:00,N,LZ_NORTH,26.3
01/11/2025,03:00,N,LZ_NORTH,25.6
01/11/2025,04:00,N,LZ_NORTH,25.91
01/11/2025,05:00,N,LZ_NORTH,26.91
01/11/2025,06:00,N,LZ_NORTH,33.83
01/11/2025,07:00,N,LZ_NORTH,37.76
01/11/2025,08:00,N,LZ_NORTH,37.7
01/11/2025,09:00,N,LZ_NORTH,32.84
01/11/2025,10:00,N,LZ_NORTH,30.63
01/11/2025,11:00,N,LZ_NORTH,23.31
01/11/2025,12:00,N,LZ_NORTH,13.36
01/11/2025,13:00,N,LZ_NORTH,4.69
01/11/2025,14:00,N,LZ_NORTH,1.72
01/11/2025,15:00,N,LZ_NORTH,0.75
01/11/2025,16:00,N,LZ_NORTH,1.16
01/11/2025,17:00,N,LZ_NORTH,6.09
01/11/2025,18:00,N,LZ_NORTH,25.57
01/11/2025,19:00,N,LZ_NORTH,28.49
01/11/2025,20:00,N,LZ_NORTH,24.93
01/11/2025,21:00,N,LZ_NORTH,24.92
01/11/2025,22:00,N,LZ_NORTH,23.72
01/11/2025,23:00,N,LZ_NORTH,22.58
01/11/2025,24:00,N,LZ_NORTH,24.51
01/12/2025,01:00,N,LZ_NORTH,24.82
01/12/2025,02:00,N,LZ_NORTH,26.06
01/12/2025,03:00,N,LZ_NORTH,24.81
01/12/2025,04:00,N,LZ_NORTH,25.49
01/12/2025,05:00,N,LZ_NORTH,25.61
01/12/2025,06:00,N,LZ_NORTH,26.77
01/12/2025,07:00,N,LZ_NORTH,33.81
01/12/2025,08:00,N,LZ_NORTH,33.06
01/12/2025,09:00,N,LZ_NORTH,27.33
01/12/2025,10:00,N,LZ_NORTH,21.68
01/12/2025,11:00,N,LZ_NORTH,17.37
01/12/2025,12:00,N,LZ_NORTH,15.46
01/12/2025,13:00,N,LZ_NORTH,17.41
01/12/2025,14:00,N,LZ_NORTH,17.84
01/12/2025,15:00,N,LZ_NORTH,15.07
01/12/2025,16:00,N,LZ_NORTH,16.51
01/12/2025,17:00,N,LZ_NORTH,23.97
01/12/2025,18:00,N,LZ_NORTH,33.69
01/12/2025,19:00,N,LZ_NORTH,38.71
01/12/2025,20:00,N,LZ_NORTH,39.12
01/12/2025,21:00,N,LZ_NORTH,39.81
01/12/2025,22:00,N,LZ_NORTH,37.29
01/12/2025,23:00,N,LZ_NORTH,31.91
01/12/2025,24:00,N,LZ_NORTH,32.73
01/13/2025,01:00,N,LZ_NORTH,25.86
01/13/2025,02:00,N,LZ_NORTH,26.3
01/13/2025,03:00,N,LZ_NORTH,27.49
01/13/2025,04:00,N,LZ_NORTH,29.03
01/13/2025,05:00,N,LZ_NORTH,33.31
01/13/2025,06:00,N,LZ_NORTH,46.89
01/13/2025,07:00,N,LZ_NORTH,70.18
01/13/2025,08:00,N,LZ_NORTH,63.48
01/13/2025,09:00,N,LZ_NORTH,37.76
01/13/2025,10:00,N,LZ_NORTH,27.15
01/13/2025,11:00,N,LZ_NORTH,24.13
01/13/2025,12:00,N,LZ_NORTH,24.15
01/13/2025,13:00,N,LZ_NORTH,22.55
01/13/2025,14:00,N,LZ_NORTH,20.9
01/13/2025,15:00,N,LZ_NORTH,17.19
01/13/2025,16:00,N,LZ_NORTH,15.93
01/13/2025,17:00,N,LZ_NORTH,25.02
01/13/2025,18:00,N,LZ_NORTH,40.82
01/13/2025,19:00,N,LZ_NORTH,37.79
01/13/2025,20:00,N,LZ_NORTH,41.29
01/13/2025,21:00,N,LZ_NORTH,38.36
01/13/2025,22:00,N,LZ_NORTH,31.02
01/13/2025,23:00,N,LZ_NORTH,27.1
01/13/2025,24:00,N,LZ_NORTH,26.17
01/14/2025,01:00,N,LZ_NORTH,25.67
01/14/2025,02:00,N,LZ_NORTH,24.72
01/14/2025,03:00,N,LZ_NORTH,25.67
01/14/2025,04:00,N,LZ_NORTH,26.13
01/14/2025,05:00,N,LZ_NORTH,27.61
01/14/2025,06:00,N,LZ_NORTH,41.08
01/14/2025,07:00,N,LZ_NORTH,62.19
01/14/2025,08:00,N,LZ_NORTH,65.68
01/14/2025,09:00,N,LZ_NORTH,36.6
01/14/2025,10:00,N,LZ_NORTH,28.25
01/14/2025,11:00,N,LZ_NORTH,26.84
01/14/2025,12:00,N,LZ_NORTH,24.51
01/14/2025,13:00,N,LZ_NORTH,22.77
01/14/2025,14:00,N,LZ_NORTH,21.64
01/14/2025,15:00,N,LZ_NORTH,21.23
01/14/2025,16:00,N,LZ_NORTH,22.39
01/14/2025,17:00,N,LZ_NORTH,27.29
01/14/2025,18:00,N,LZ_NORTH,43.08
01/14/2025,19:00,N,LZ_NORTH,43.96
01/14/2025,20:00,N,LZ_NORTH,43.94
01/14/2025,21:00,N,LZ_NORTH,36.68
01/14/2025,22:00,N,LZ_NORTH,32.2
01/14/2025,23:00,N,LZ_NORTH,30.07
01/14/2025,24:00,N,LZ_NORTH,29.77
01/15/2025,01:00,N,LZ_NORTH,30.9
01/15/2025,02:00,N,LZ_NORTH,31.19
01/15/2025,03:00,N,LZ_NORTH,31.05
01/15/2025,04:00,N,LZ_NORTH,30.39
01/15/2025,05:00,N,LZ_NORTH,31.39
01/15/2025,06:00,N,LZ_NORTH,37.07
01/15/2025,07:00,N,LZ_NORTH,54.6
01/15/2025,08:00,N,LZ_NORTH,60.63
01/15/2025,09:00,N,LZ_NORTH,40.14
01/15/2025,10:00,N,LZ_NORTH,31.8
01/15/2025,11:00,N,LZ_NORTH,28.68
01/15/2025,12:00,N,LZ_NORTH,26.43
01/15/2025,13:00,N,LZ_NORTH,24.7
01/15/2025,14:00,N,LZ_NORTH,23.33
01/15/2025,15:00,N,LZ_NORTH,22.22
01/15/2025,16:00,N,LZ_NORTH,22.32
01/15/2025,17:00,N,LZ_NORTH,26.91
01/15/2025,18:00,N,LZ_NORTH,42.94
01/15/2025,19:00,N,LZ_NORTH,44.79
01/15/2025,20:00,N,LZ_NORTH,45.2
01/15/2025,21:00,N,LZ_NORTH,45.03
01/15/2025,22:00,N,LZ_NORTH,37.43
01/15/2025,23:00,N,LZ_NORTH,32.77
01/15/2025,24:00,N,LZ_NORTH,30.82
01/16/2025,01:00,N,LZ_NORTH,37.58
01/16/2025,02:00,N,LZ_NORTH,35.88
01/16/2025,03:00,N,LZ_NORTH,34.45
01/16/2025,04:00,N,LZ_NORTH,33.38
01/16/2025,05:00,N,LZ_NORTH,33.79
01/16/2025,06:00,N,LZ_NORTH,47.5
01/16/2025,07:00,N,LZ_NORTH,79.64
01/16/2025,08:00,N,LZ_NORTH,96.59
01/16/2025,09:00,N,LZ_NORTH,45.0
01/16/2025,10:00,N,LZ_NORTH,39.8
01/16/2025,11:00,N,LZ_NORTH,33.86
01/16/2025,12:00,N,LZ_NORTH,31.26
01/16/2025,13:00,N,LZ_NORTH,27.96
01/16/2025,14:00,N,LZ_NORTH,26.52
01/16/2025,15:00,N,LZ_NORTH,25.71
01/16/2025,16:00,N,LZ_NORTH,25.85
01/16/2025,17:00,N,LZ_NORTH,29.91
01/16/2025,18:00,N,LZ_NORTH,57.3
01/16/2025,19:00,N,LZ_NORTH,56.66
01/16/2025,20:00,N,LZ_NORTH,39.92
01/16/2025,21:00,N,LZ_NORTH,32.97
01/16/2025,22:00,N,LZ_NORTH,30.06
01/16/2025,23:00,N,LZ_NORTH,24.98
01/16/2025,24:00,N,LZ_NORTH,21.71
01/17/2025,01:00,N,LZ_NORTH,13.78
01/17/2025,02:00,N,LZ_NORTH,13.37
01/17/2025,03:00,N,LZ_NORTH,12.46
01/17/2025,04:00,N,LZ_NORTH,14.35
01/17/2025,05:00,N,LZ_NORTH,16.95
01/17/2025,06:00,N,LZ_NORTH,23.86
01/17/2025,07:00,N,LZ_NORTH,31.72
01/17/2025,08:00,N,LZ_NORTH,31.98
01/17/2025,09:00,N,LZ_NORTH,24.44
01/17/2025,10:00,N,LZ_NORTH,19.72
01/17/2025,11:00,N,LZ_NORTH,14.75
01/17/2025,12:00,N,LZ_NORTH,6.75
01/17/2025,13:00,N,LZ_NORTH,2.83
01/17/2025,14:00,N,LZ_NORTH,1.0
01/17/2025,15:00,N,LZ_NORTH,0.83
01/17/2025,16:00,N,LZ_NORTH,2.01
01/17/2025,17:00,N,LZ_NORTH,3.98
01/17/2025,18:00,N,LZ_NORTH,16.33
01/17/2025,19:00,N,LZ_NORTH,19.78
01/17/2025,20:00,N,LZ_NORTH,19.29
01/17/2025,21:00,N,LZ_NORTH,18.35
01/17/2025,22:00,N,LZ_NORTH,17.21
01/17/2025,23:00,N,LZ_NORTH,16.11
01/17/2025,24:00,N,LZ_NORTH,16.63
01/18/2025,01:00,N,LZ_NORTH,14.19
01/18/2025,02:00,N,LZ_NORTH,15.26
01/18/2025,03:00,N,LZ_NORTH,15.82
01/18/2025,04:00,N,LZ_NORTH,19.21
01/18/2025,05:00,N,LZ_NORTH,23.49
01/18/2025,06:00,N,LZ_NORTH,27.65
01/18/2025,07:00,N,LZ_NORTH,31.29
01/18/2025,08:00,N,LZ_NORTH,33.6
01/18/2025,09:00,N,LZ_NORTH,23.24
01/18/2025,10:00,N,LZ_NORTH,6.03
01/18/2025,11:00,N,LZ_NORTH,5.31
01/18/2025,12:00,N,LZ_NORTH,5.47
01/18/2025,13:00,N,LZ_NORTH,10.69
01/18/2025,14:00,N,LZ_NORTH,6.99
01/18/2025,15:00,N,LZ_NORTH,1.19
01/18/2025,16:00,N,LZ_NORTH,0.92
01/18/2025,17:00,N,LZ_NORTH,3.15
01/18/2025,18:00,N,LZ_NORTH,18.91
01/18/2025,19:00,N,LZ_NORTH,16.98
01/18/2025,20:00,N,LZ_NORTH,13.95
01/18/2025,21:00,N,LZ_NORTH,9.76
01/18/2025,22:00,N,LZ_NORTH,9.17
01/18/2025,23:00,N,LZ_NORTH,17.15
01/18/2025,24:00,N,LZ_NORTH,17.12
01/19/2025,01:00,N,LZ_NORTH,16.04
01/19/2025,02:00,N,LZ_NORTH,17.1
01/19/2025,03:00,N,LZ_NORTH,17.42
01/19/2025,04:00,N,LZ_NORTH,20.12
01/19/2025,05:00,N,LZ_NORTH,30.08
01/19/2025,06:00,N,LZ_NORTH,40.2
01/19/2025,07:00,N,LZ_NORTH,51.26
01/19/2025,08:00,N,LZ_NORTH,66.58
01/19/2025,09:00,N,LZ_NORTH,42.9
01/19/2025,10:00,N,LZ_NORTH,35.3
01/19/2025,11:00,N,LZ_NORTH,29.65
01/19/2025,12:00,N,LZ_NORTH,34.14
01/19/2025,13:00,N,LZ_NORTH,31.81
01/19/2025,14:00,N,LZ_NORTH,26.04
01/19/2025,15:00,N,LZ_NORTH,19.31
01/19/2025,16:00,N,LZ_NORTH,25.46
01/19/2025,17:00,N,LZ_NORTH,35.56
01/19/2025,18:00,N,LZ_NORTH,117.67
01/19/2025,19:00,N,LZ_NORTH,121.24
01/19/2025,20:00,N,LZ_NORTH,106.77
01/19/2025,21:00,N,LZ_NORTH,90.41
01/19/2025,22:00,N,LZ_NORTH,65.37
01/19/2025,23:00,N,LZ_NORTH,42.82
01/19/2025,24:00,N,LZ_NORTH,37.3
01/20/2025,01:00,N,LZ_NORTH,50.34
01/20/2025,02:00,N,LZ_NORTH,47.71
01/20/2025,03:00,N,LZ_NORTH,47.63
01/20/2025,04:00,N,LZ_NORTH,44.25
01/20/2025,05:00,N,LZ_NORTH,42.24
01/20/2025,06:00,N,LZ_NORTH,58.79
01/20/2025,07:00,N,LZ_NORTH,76.46
01/20/2025,08:00,N,LZ_NORTH,92.48
01/20/2025,09:00,N,LZ_NORTH,60.27
01/20/2025,10:00,N,LZ_NORTH,53.6
01/20/2025,11:00,N,LZ_NORTH,39.8
01/20/2025,12:00,N,LZ_NORTH,29.76
01/20/2025,13:00,N,LZ_NORTH,39.68
01/20/2025,14:00,N,LZ_NORTH,41.69
01/20/2025,15:00,N,LZ_NORTH,43.04
01/20/2025,16:00,N,LZ_NORTH,47.76
01/20/2025,17:00,N,LZ_NORTH,60.23
01/20/2025,18:00,N,LZ_NORTH,79.42
01/20/2025,19:00,N,LZ_NORTH,78.59
01/20/2025,20:00,N,LZ_NORTH,58.64
01/20/2025,21:00,N,LZ_NORTH,57.15
01/20/2025,22:00,N,LZ_NORTH,50.91
01/20/2025,23:00,N,LZ_NORTH,56.11
01/20/2025,24:00,N,LZ_NORTH,54.69
01/21/2025,01:00,N,LZ_NORTH,55.39
01/21/2025,02:00,N,LZ_NORTH,51.55
01/21/2025,03:00,N,LZ_NORTH,55.19
01/21/2025,04:00,N,LZ_NORTH,63.6
01/21/2025,05:00,N,LZ_NORTH,70.9
01/21/2025,06:00,N,LZ_NORTH,97.69
01/21/2025,07:00,N,LZ_NORTH,121.22
01/21/2025,08:00,N,LZ_NORTH,180.3
01/21/2025,09:00,N,LZ_NORTH,159.71
01/21/2025,10:00,N,LZ_NORTH,107.12
01/21/2025,11:00,N,LZ_NORTH,82.63
01/21/2025,12:00,N,LZ_NORTH,57.16
01/21/2025,13:00,N,LZ_NORTH,47.15
01/21/2025,14:00,N,LZ_NORTH,41.71
01/21/2025,15:00,N,LZ_NORTH,36.38
01/21/2025,16:00,N,LZ_NORTH,34.0
01/21/2025,17:00,N,LZ_NORTH,41.29
01/21/2025,18:00,N,LZ_NORTH,77.9
01/21/2025,19:00,N,LZ_NORTH,87.88
01/21/2025,20:00,N,LZ_NORTH,89.47
01/21/2025,21:00,N,LZ_NORTH,98.73
01/21/2025,22:00,N,LZ_NORTH,79.18
01/21/2025,23:00,N,LZ_NORTH,78.81
01/21/2025,24:00,N,LZ_NORTH,70.16
01/22/2025,01:00,N,LZ_NORTH,53.87
01/22/2025,02:00,N,LZ_NORTH,48.07
01/22/2025,03:00,N,LZ_NORTH,48.93
01/22/2025,04:00,N,LZ_NORTH,48.72
01/22/2025,05:00,N,LZ_NORTH,51.57
01/22/2025,06:00,N,LZ_NORTH,65.42
01/22/2025,07:00,N,LZ_NORTH,112.66
01/22/2025,08:00,N,LZ_NORTH,111.9
01/22/2025,09:00,N,LZ_NORTH,76.54
01/22/2025,10:00,N,LZ_NORTH,39.46
01/22/2025,11:00,N,LZ_NORTH,25.03
01/22/2025,12:00,N,LZ_NORTH,22.91
01/22/2025,13:00,N,LZ_NORTH,21.6
01/22/2025,14:00,N,LZ_NORTH,20.34
01/22/2025,15:00,N,LZ_NORTH,16.67
01/22/2025,16:00,N,LZ_NORTH,15.68
01/22/2025,17:00,N,LZ_NORTH,23.46
01/22/2025,18:00,N,LZ_NORTH,35.08
01/22/2025,19:00,N,LZ_NORTH,39.49
01/22/2025,20:00,N,LZ_NORTH,37.4
01/22/2025,21:00,N,LZ_NORTH,35.45
01/22/2025,22:00,N,LZ_NORTH,35.78
01/22/2025,23:00,N,LZ_NORTH,32.03
01/22/2025,24:00,N,LZ_NORTH,29.42
01/23/2025,01:00,N,LZ_NORTH,26.85
01/23/2025,02:00,N,LZ_NORTH,26.47
01/23/2025,03:00,N,LZ_NORTH,26.72
01/23/2025,04:00,N,LZ_NORTH,30.73
01/23/2025,05:00,N,LZ_NORTH,28.56
01/23/2025,06:00,N,LZ_NORTH,41.35
01/23/2025,07:00,N,LZ_NORTH,55.32
01/23/2025,08:00,N,LZ_NORTH,55.14
01/23/2025,09:00,N,LZ_NORTH,32.34
01/23/2025,10:00,N,LZ_NORTH,21.39
01/23/2025,11:00,N,LZ_NORTH,16.82
01/23/2025,12:00,N,LZ_NORTH,13.93
01/23/2025,13:00,N,LZ_NORTH,9.53
01/23/2025,14:00,N,LZ_NORTH,8.02
01/23/2025,15:00,N,LZ_NORTH,4.9
01/23/2025,16:00,N,LZ_NORTH,4.92
01/23/2025,17:00,N,LZ_NORTH,16.36
01/23/2025,18:00,N,LZ_NORTH,32.08
01/23/2025,19:00,N,LZ_NORTH,41.54
01/23/2025,20:00,N,LZ_NORTH,45.05
01/23/2025,21:00,N,LZ_NORTH,49.2
01/23/2025,22:00,N,LZ_NORTH,52.2
01/23/2025,23:00,N,LZ_NORTH,54.54
01/23/2025,24:00,N,LZ_NORTH,46.09
01/24/2025,01:00,N,LZ_NORTH,42.79
01/24/2025,02:00,N,LZ_NORTH,34.06
01/24/2025,03:00,N,LZ_NORTH,28.68
01/24/2025,04:00,N,LZ_NORTH,28.96
01/24/2025,05:00,N,LZ_NORTH,28.43
01/24/2025,06:00,N,LZ_NORTH,32.78
01/24/2025,07:00,N,LZ_NORTH,44.13
01/24/2025,08:00,N,LZ_NORTH,46.43
01/24/2025,09:00,N,LZ_NORTH,32.92
01/24/2025,10:00,N,LZ_NORTH,24.02
01/24/2025,11:00,N,LZ_NORTH,16.78
01/24/2025,12:00,N,LZ_NORTH,7.82
01/24/2025,13:00,N,LZ_NORTH,7.89
01/24/2025,14:00,N,LZ_NORTH,3.7
01/24/2025,15:00,N,LZ_NORTH,0.95
01/24/2025,16:00,N,LZ_NORTH,0.99
01/24/2025,17:00,N,LZ_NORTH,5.44
01/24/2025,18:00,N,LZ_NORTH,21.24
01/24/2025,19:00,N,LZ_NORTH,27.76
01/24/2025,20:00,N,LZ_NORTH,25.74
01/24/2025,21:00,N,LZ_NORTH,26.91
01/24/2025,22:00,N,LZ_NORTH,29.88
01/24/2025,23:00,N,LZ_NORTH,30.13
01/24/2025,24:00,N,LZ_NORTH,30.08
01/25/2025,01:00,N,LZ_NORTH,28.52
01/25/2025,02:00,N,LZ_NORTH,23.56
01/25/2025,03:00,N,LZ_NORTH,22.93
01/25/2025,04:00,N,LZ_NORTH,22.74
01/25/2025,05:00,N,LZ_NORTH,21.68
01/25/2025,06:00,N,LZ_NORTH,24.44
01/25/2025,07:00,N,LZ_NORTH,33.05
01/25/2025,08:00,N,LZ_NORTH,36.76
01/25/2025,09:00,N,LZ_NORTH,27.46
01/25/2025,10:00,N,LZ_NORTH,23.1
01/25/2025,11:00,N,LZ_NORTH,20.83
01/25/2025,12:00,N,LZ_NORTH,16.15
01/25/2025,13:00,N,LZ_NORTH,16.28
01/25/2025,14:00,N,LZ_NORTH,17.66
01/25/2025,15:00,N,LZ_NORTH,20.48
01/25/2025,16:00,N,LZ_NORTH,23.47
01/25/2025,17:00,N,LZ_NORTH,23.83
01/25/2025,18:00,N,LZ_NORTH,45.1
01/25/2025,19:00,N,LZ_NORTH,35.96
01/25/2025,20:00,N,LZ_NORTH,25.64
01/25/2025,21:00,N,LZ_NORTH,22.54
01/25/2025,22:00,N,LZ_NORTH,21.53
01/25/2025,23:00,N,LZ_NORTH,25.79
01/25/2025,24:00,N,LZ_NORTH,24.21
01/26/2025,01:00,N,LZ_NORTH,25.91
01/26/2025,02:00,N,LZ_NORTH,23.96
01/26/2025,03:00,N,LZ_NORTH,22.6
01/26/2025,04:00,N,LZ_NORTH,23.45
01/26/2025,05:00,N,LZ_NORTH,26.25
01/26/2025,06:00,N,LZ_NORTH,26.91
01/26/2025,07:00,N,LZ_NORTH,27.7
01/26/2025,08:00,N,LZ_NORTH,30.3
01/26/2025,09:00,N,LZ_NORTH,34.0
01/26/2025,10:00,N,LZ_NORTH,35.79
01/26/2025,11:00,N,LZ_NORTH,36.6
01/26/2025,12:00,N,LZ_NORTH,36.84
01/26/2025,13:00,N,LZ_NORTH,31.7
01/26/2025,14:00,N,LZ_NORTH,29.38
01/26/2025,15:00,N,LZ_NORTH,29.48
01/26/2025,16:00,N,LZ_NORTH,30.28
01/26/2025,17:00,N,LZ_NORTH,36.26
01/26/2025,18:00,N,LZ_NORTH,56.99
01/26/2025,19:00,N,LZ_NORTH,58.09
01/26/2025,20:00,N,LZ_NORTH,42.7
01/26/2025,21:00,N,LZ_NORTH,37.84
01/26/2025,22:00,N,LZ_NORTH,31.7
01/26/2025,23:00,N,LZ_NORTH,29.61
01/26/2025,24:00,N,LZ_NORTH,26.99
01/27/2025,01:00,N,LZ_NORTH,23.38
01/27/2025,02:00,N,LZ_NORTH,23.88
01/27/2025,03:00,N,LZ_NORTH,25.06
01/27/2025,04:00,N,LZ_NORTH,27.32
01/27/2025,05:00,N,LZ_NORTH,28.76
01/27/2025,06:00,N,LZ_NORTH,41.36
01/27/2025,07:00,N,LZ_NORTH,57.08
01/27/2025,08:00,N,LZ_NORTH,75.63
01/27/2025,09:00,N,LZ_NORTH,54.61
01/27/2025,10:00,N,LZ_NORTH,40.22
01/27/2025,11:00,N,LZ_NORTH,34.31
01/27/2025,12:00,N,LZ_NORTH,29.4
01/27/2025,13:00,N,LZ_NORTH,24.17
01/27/2025,14:00,N,LZ_NORTH,22.88
01/27/2025,15:00,N,LZ_NORTH,22.9
01/27/2025,16:00,N,LZ_NORTH,23.44
01/27/2025,17:00,N,LZ_NORTH,28.01
01/27/2025,18:00,N,LZ_NORTH,54.45
01/27/2025,19:00,N,LZ_NORTH,62.66
01/27/2025,20:00,N,LZ_NORTH,52.86
01/27/2025,21:00,N,LZ_NORTH,44.18
01/27/2025,22:00,N,LZ_NORTH,37.54
01/27/2025,23:00,N,LZ_NORTH,33.46
01/27/2025,24:00,N,LZ_NORTH,32.05
01/28/2025,01:00,N,LZ_NORTH,27.2
01/28/2025,02:00,N,LZ_NORTH,27.29
01/28/2025,03:00,N,LZ_NORTH,27.78
01/28/2025,04:00,N,LZ_NORTH,29.66
01/28/2025,05:00,N,LZ_NORTH,30.88
01/28/2025,06:00,N,LZ_NORTH,38.09
01/28/2025,07:00,N,LZ_NORTH,57.77
01/28/2025,08:00,N,LZ_NORTH,64.84
01/28/2025,09:00,N,LZ_NORTH,49.18
01/28/2025,10:00,N,LZ_NORTH,43.43
01/28/2025,11:00,N,LZ_NORTH,36.03
01/28/2025,12:00,N,LZ_NORTH,29.01
01/28/2025,13:00,N,LZ_NORTH,25.81
01/28/2025,14:00,N,LZ_NORTH,23.46
01/28/2025,15:00,N,LZ_NORTH,23.62
01/28/2025,16:00,N,LZ_NORTH,25.69
01/28/2025,17:00,N,LZ_NORTH,33.98
01/28/2025,18:00,N,LZ_NORTH,45.09
01/28/2025,19:00,N,LZ_NORTH,46.16
01/28/2025,20:00,N,LZ_NORTH,35.66
01/28/2025,21:00,N,LZ_NORTH,30.26
01/28/2025,22:00,N,LZ_NORTH,26.9
01/28/2025,23:00,N,LZ_NORTH,26.79
01/28/2025,24:00,N,LZ_NORTH,25.49
01/29/2025,01:00,N,LZ_NORTH,27.01
01/29/2025,02:00,N,LZ_NORTH,25.87
01/29/2025,03:00,N,LZ_NORTH,25.65
01/29/2025,04:00,N,LZ_NORTH,26.01
01/29/2025,05:00,N,LZ_NORTH,27.41
01/29/2025,06:00,N,LZ_NORTH,30.91
01/29/2025,07:00,N,LZ_NORTH,41.29
01/29/2025,08:00,N,LZ_NORTH,46.99
01/29/2025,09:00,N,LZ_NORTH,44.1
01/29/2025,10:00,N,LZ_NORTH,43.69
01/29/2025,11:00,N,LZ_NORTH,35.87
01/29/2025,12:00,N,LZ_NORTH,28.77
01/29/2025,13:00,N,LZ_NORTH,25.97
01/29/2025,14:00,N,LZ_NORTH,25.2
01/29/2025,15:00,N,LZ_NORTH,22.86
01/29/2025,16:00,N,LZ_NORTH,23.75
01/29/2025,17:00,N,LZ_NORTH,27.22
01/29/2025,18:00,N,LZ_NORTH,38.73
01/29/2025,19:00,N,LZ_NORTH,44.37
01/29/2025,20:00,N,LZ_NORTH,41.44
01/29/2025,21:00,N,LZ_NORTH,38.68
01/29/2025,22:00,N,LZ_NORTH,32.41
01/29/2025,23:00,N,LZ_NORTH,30.22
01/29/2025,24:00,N,LZ_NORTH,27.13
01/30/2025,01:00,N,LZ_NORTH,28.19
01/30/2025,02:00,N,LZ_NORTH,24.34
01/30/2025,03:00,N,LZ_NORTH,23.24
01/30/2025,04:00,N,LZ_NORTH,21.09
01/30/2025,05:00,N,LZ_NORTH,21.23
01/30/2025,06:00,N,LZ_NORTH,25.02
01/30/2025,07:00,N,LZ_NORTH,32.4
01/30/2025,08:00,N,LZ_NORTH,27.67
01/30/2025,09:00,N,LZ_NORTH,23.26
01/30/2025,10:00,N,LZ_NORTH,22.52
01/30/2025,11:00,N,LZ_NORTH,21.74
01/30/2025,12:00,N,LZ_NORTH,17.66
01/30/2025,13:00,N,LZ_NORTH,15.51
01/30/2025,14:00,N,LZ_NORTH,12.2
01/30/2025,15:00,N,LZ_NORTH,10.5
01/30/2025,16:00,N,LZ_NORTH,9.17
01/30/2025,17:00,N,LZ_NORTH,15.26
01/30/2025,18:00,N,LZ_NORTH,21.38
01/30/2025,19:00,N,LZ_NORTH,24.66
01/30/2025,20:00,N,LZ_NORTH,23.91
01/30/2025,21:00,N,LZ_NORTH,20.28
01/30/2025,22:00,N,LZ_NORTH,17.72
01/30/2025,23:00,N,LZ_NORTH,17.12
01/30/2025,24:00,N,LZ_NORTH,15.83
01/31/2025,01:00,N,LZ_NORTH,13.66
01/31/2025,02:00,N,LZ_NORTH,13.47
01/31/2025,03:00,N,LZ_NORTH,12.55
01/31/2025,04:00,N,LZ_NORTH,13.71
01/31/2025,05:00,N,LZ_NORTH,14.48
01/31/2025,06:00,N,LZ_NORTH,16.99
01/31/2025,07:00,N,LZ_NORTH,23.42
01/31/2025,08:00,N,LZ_NORTH,25.3
01/31/2025,09:00,N,LZ_NORTH,18.4
01/31/2025,10:00,N,LZ_NORTH,10.33
01/31/2025,11:00,N,LZ_NORTH,7.29
01/31/2025,12:00,N,LZ_NORTH,5.56
01/31/2025,13:00,N,LZ_NORTH,5.04
01/31/2025,14:00,N,LZ_NORTH,5.84
01/31/2025,15:00,N,LZ_NORTH,10.53
01/31/2025,16:00,N,LZ_NORTH,16.57
01/31/2025,17:00,N,LZ_NORTH,23.44
01/31/2025,18:00,N,LZ_NORTH,45.56
01/31/2025,19:00,N,LZ_NORTH,58.0
01/31/2025,20:00,N,LZ_NORTH,56.08
01/31/2025,21:00,N,LZ_NORTH,50.89
01/31/2025,22:00,N,LZ_NORTH,40.15
01/31/2025,23:00,N,LZ_NORTH,30.19
01/31/2025,24:00,N,LZ_NORTH,26.26
02/01/2025,01:00,N,LZ_NORTH,32.37
02/01/2025,02:00,N,LZ_NORTH,26.21
02/01/2025,03:00,N,LZ_NORTH,23.77
02/01/2025,04:00,N,LZ_NORTH,22.06
02/01/2025,05:00,N,LZ_NORTH,22.69
02/01/2025,06:00,N,LZ_NORTH,21.21
02/01/2025,07:00,N,LZ_NORTH,23.3
02/01/2025,08:00,N,LZ_NORTH,21.78
02/01/2025,09:00,N,LZ_NORTH,18.27
02/01/2025,10:00,N,LZ_NORTH,10.11
02/01/2025,11:00,N,LZ_NORTH,6.19
02/01/2025,12:00,N,LZ_NORTH,3.87
02/01/2025,13:00,N,LZ_NORTH,1.95
02/01/2025,14:00,N,LZ_NORTH,0.94
02/01/2025,15:00,N,LZ_NORTH,0.01
02/01/2025,16:00,N,LZ_NORTH,0.94
02/01/2025,17:00,N,LZ_NORTH,6.9
02/01/2025,18:00,N,LZ_NORTH,29.01
02/01/2025,19:00,N,LZ_NORTH,23.75
02/01/2025,20:00,N,LZ_NORTH,18.47
02/01/2025,21:00,N,LZ_NORTH,17.13
02/01/2025,22:00,N,LZ_NORTH,15.47
02/01/2025,23:00,N,LZ_NORTH,15.28
02/01/2025,24:00,N,LZ_NORTH,12.98
02/02/2025,01:00,N,LZ_NORTH,13.7
02/02/2025,02:00,N,LZ_NORTH,11.55
02/02/2025,03:00,N,LZ_NORTH,11.2
02/02/2025,04:00,N,LZ_NORTH,10.51
02/02/2025,05:00,N,LZ_NORTH,11.68
02/02/2025,06:00,N,LZ_NORTH,14.29
02/02/2025,07:00,N,LZ_NORTH,18.15
02/02/2025,08:00,N,LZ_NORTH,20.63
02/02/2025,09:00,N,LZ_NORTH,11.22
02/02/2025,10:00,N,LZ_NORTH,7.42
02/02/2025,11:00,N,LZ_NORTH,9.3
02/02/2025,12:00,N,LZ_NORTH,14.34
02/02/2025,13:00,N,LZ_NORTH,13.5
02/02/2025,14:00,N,LZ_NORTH,13.0
02/02/2025,15:00,N,LZ_NORTH,8.19
02/02/2025,16:00,N,LZ_NORTH,4.35
02/02/2025,17:00,N,LZ_NORTH,13.94
02/02/2025,18:00,N,LZ_NORTH,38.75
02/02/2025,19:00,N,LZ_NORTH,31.43
02/02/2025,20:00,N,LZ_NORTH,20.09
02/02/2025,21:00,N,LZ_NORTH,14.52
02/02/2025,22:00,N,LZ_NORTH,12.92
02/02/2025,23:00,N,LZ_NORTH,13.0
02/02/2025,24:00,N,LZ_NORTH,10.27
02/03/2025,01:00,N,LZ_NORTH,5.13
02/03/2025,02:00,N,LZ_NORTH,3.49
02/03/2025,03:00,N,LZ_NORTH,2.0
02/03/2025,04:00,N,LZ_NORTH,2.0
02/03/2025,05:00,N,LZ_NORTH,5.22
02/03/2025,06:00,N,LZ_NORTH,11.19
02/03/2025,07:00,N,LZ_NORTH,17.37
02/03/2025,08:00,N,LZ_NORTH,20.16
02/03/2025,09:00,N,LZ_NORTH,12.34
02/03/2025,10:00,N,LZ_NORTH,7.31
02/03/2025,11:00,N,LZ_NORTH,10.13
02/03/2025,12:00,N,LZ_NORTH,15.31
02/03/2025,13:00,N,LZ_NORTH,18.08
02/03/2025,14:00,N,LZ_NORTH,18.77
02/03/2025,15:00,N,LZ_NORTH,20.06
02/03/2025,16:00,N,LZ_NORTH,20.67
02/03/2025,17:00,N,LZ_NORTH,19.77
02/03/2025,18:00,N,LZ_NORTH,57.18
02/03/2025,19:00,N,LZ_NORTH,44.35
02/03/2025,20:00,N,LZ_NORTH,29.66
02/03/2025,21:00,N,LZ_NORTH,24.21
02/03/2025,22:00,N,LZ_NORTH,16.75
02/03/2025,23:00,N,LZ_NORTH,22.2
02/03/2025,24:00,N,LZ_NORTH,17.22
02/04/2025,01:00,N,LZ_NORTH,12.9
02/04/2025,02:00,N,LZ_NORTH,12.63
02/04/2025,03:00,N,LZ_NORTH,13.39
02/04/2025,04:00,N,LZ_NORTH,15.34
02/04/2025,05:00,N,LZ_NORTH,16.52
02/04/2025,06:00,N,LZ_NORTH,24.54
02/04/2025,07:00,N,LZ_NORTH,27.27
02/04/2025,08:00,N,LZ_NORTH,30.03
02/04/2025,09:00,N,LZ_NORTH,27.67
02/04/2025,10:00,N,LZ_NORTH,27.31
02/04/2025,11:00,N,LZ_NORTH,24.12
02/04/2025,12:00,N,LZ_NORTH,23.12
02/04/2025,13:00,N,LZ_NORTH,21.34
02/04/2025,14:00,N,LZ_NORTH,22.91
02/04/2025,15:00,N,LZ_NORTH,20.58
02/04/2025,16:00,N,LZ_NORTH,20.1
02/04/2025,17:00,N,LZ_NORTH,18.32
02/04/2025,18:00,N,LZ_NORTH,35.27
02/04/2025,19:00,N,LZ_NORTH,33.14
02/04/2025,20:00,N,LZ_NORTH,25.58
02/04/2025,21:00,N,LZ_NORTH,21.31
02/04/2025,22:00,N,LZ_NORTH,19.66
02/04/2025,23:00,N,LZ_NORTH,18.07
02/04/2025,24:00,N,LZ_NORTH,17.62
02/05/2025,01:00,N,LZ_NORTH,22.42
02/05/2025,02:00,N,LZ_NORTH,19.41
02/05/2025,03:00,N,LZ_NORTH,16.06
02/05/2025,04:00,N,LZ_NORTH,14.25
02/05/2025,05:00,N,LZ_NORTH,12.61
02/05/2025,06:00,N,LZ_NORTH,17.02
02/05/2025,07:00,N,LZ_NORTH,22.67
02/05/2025,08:00,N,LZ_NORTH,22.5
02/05/2025,09:00,N,LZ_NORTH,16.8
02/05/2025,10:00,N,LZ_NORTH,10.65
02/05/2025,11:00,N,LZ_NORTH,9.11
02/05/2025,12:00,N,LZ_NORTH,8.54
02/05/2025,13:00,N,LZ_NORTH,8.26
02/05/2025,14:00,N,LZ_NORTH,9.07
02/05/2025,15:00,N,LZ_NORTH,10.24
02/05/2025,16:00,N,LZ_NORTH,12.72
02/05/2025,17:00,N,LZ_NORTH,15.91
02/05/2025,18:00,N,LZ_NORTH,29.46
02/05/2025,19:00,N,LZ_NORTH,30.87
02/05/2025,20:00,N,LZ_NORTH,23.61
02/05/2025,21:00,N,LZ_NORTH,18.8
02/05/2025,22:00,N,LZ_NORTH,15.98
02/05/2025,23:00,N,LZ_NORTH,14.94
02/05/2025,24:00,N,LZ_NORTH,11.99
02/06/2025,01:00,N,LZ_NORTH,12.43
02/06/2025,02:00,N,LZ_NORTH,12.02
02/06/2025,03:00,N,LZ_NORTH,12.65
02/06/2025,04:00,N,LZ_NORTH,14.21
02/06/2025,05:00,N,LZ_NORTH,17.44
02/06/2025,06:00,N,LZ_NORTH,22.8
02/06/2025,07:00,N,LZ_NORTH,26.14
02/06/2025,08:00,N,LZ_NORTH,26.82
02/06/2025,09:00,N,LZ_NORTH,22.93
02/06/2025,10:00,N,LZ_NORTH,19.43
02/06/2025,11:00,N,LZ_NORTH,21.62
02/06/2025,12:00,N,LZ_NORTH,24.53
02/06/2025,13:00,N,LZ_NORTH,23.98
02/06/2025,14:00,N,LZ_NORTH,23.82
02/06/2025,15:00,N,LZ_NORTH,21.04
02/06/2025,16:00,N,LZ_NORTH,20.81
02/06/2025,17:00,N,LZ_NORTH,24.32
02/06/2025,18:00,N,LZ_NORTH,47.1
02/06/2025,19:00,N,LZ_NORTH,45.02
02/06/2025,20:00,N,LZ_NORTH,32.42
02/06/2025,21:00,N,LZ_NORTH,26.87
02/06/2025,22:00,N,LZ_NORTH,24.09
02/06/2025,23:00,N,LZ_NORTH,23.14
02/06/2025,24:00,N,LZ_NORTH,21.76
02/07/2025,01:00,N,LZ_NORTH,22.39
02/07/2025,02:00,N,LZ_NORTH,20.38
02/07/2025,03:00,N,LZ_NORTH,20.02
02/07/2025,04:00,N,LZ_NORTH,19.92
02/07/2025,05:00,N,LZ_NORTH,23.02
02/07/2025,06:00,N,LZ_NORTH,26.36
02/07/2025,07:00,N,LZ_NORTH,30.6
02/07/2025,08:00,N,LZ_NORTH,36.27
02/07/2025,09:00,N,LZ_NORTH,26.04
02/07/2025,10:00,N,LZ_NORTH,23.55
02/07/2025,11:00,N,LZ_NORTH,20.57
02/07/2025,12:00,N,LZ_NORTH,19.82
02/07/2025,13:00,N,LZ_NORTH,18.89
02/07/2025,14:00,N,LZ_NORTH,18.85
02/07/2025,15:00,N,LZ_NORTH,17.98
02/07/2025,16:00,N,LZ_NORTH,17.66
02/07/2025,17:00,N,LZ_NORTH,18.81
02/07/2025,18:00,N,LZ_NORTH,34.37
02/07/2025,19:00,N,LZ_NORTH,31.32
02/07/2025,20:00,N,LZ_NORTH,21.46
02/07/2025,21:00,N,LZ_NORTH,17.74
02/07/2025,22:00,N,LZ_NORTH,14.43
02/07/2025,23:00,N,LZ_NORTH,13.6
02/07/2025,24:00,N,LZ_NORTH,8.73
02/08/2025,01:00,N,LZ_NORTH,10.32
02/08/2025,02:00,N,LZ_NORTH,7.34
02/08/2025,03:00,N,LZ_NORTH,6.1
02/08/2025,04:00,N,LZ_NORTH,4.8
02/08/2025,05:00,N,LZ_NORTH,5.49
02/08/2025,06:00,N,LZ_NORTH,8.24
02/08/2025,07:00,N,LZ_NORTH,11.93
02/08/2025,08:00,N,LZ_NORTH,14.89
02/08/2025,09:00,N,LZ_NORTH,8.3
02/08/2025,10:00,N,LZ_NORTH,5.05
02/08/2025,11:00,N,LZ_NORTH,6.59
02/08/2025,12:00,N,LZ_NORTH,12.54
02/08/2025,13:00,N,LZ_NORTH,17.08
02/08/2025,14:00,N,LZ_NORTH,17.77
02/08/2025,15:00,N,LZ_NORTH,18.93
02/08/2025,16:00,N,LZ_NORTH,18.92
02/08/2025,17:00,N,LZ_NORTH,19.09
02/08/2025,18:00,N,LZ_NORTH,31.38
02/08/2025,19:00,N,LZ_NORTH,33.76
02/08/2025,20:00,N,LZ_NORTH,27.34
02/08/2025,21:00,N,LZ_NORTH,24.55
02/08/2025,22:00,N,LZ_NORTH,18.98
02/08/2025,23:00,N,LZ_NORTH,23.0
02/08/2025,24:00,N,LZ_NORTH,25.31
02/09/2025,01:00,N,LZ_NORTH,33.92
02/09/2025,02:00,N,LZ_NORTH,29.52
02/09/2025,03:00,N,LZ_NORTH,31.6
02/09/2025,04:00,N,LZ_NORTH,30.6
02/09/2025,05:00,N,LZ_NORTH,29.18
02/09/2025,06:00,N,LZ_NORTH,28.7
02/09/2025,07:00,N,LZ_NORTH,23.19
02/09/2025,08:00,N,LZ_NORTH,27.32
02/09/2025,09:00,N,LZ_NORTH,26.74
02/09/2025,10:00,N,LZ_NORTH,25.04
02/09/2025,11:00,N,LZ_NORTH,27.1
02/09/2025,12:00,N,LZ_NORTH,27.81
02/09/2025,13:00,N,LZ_NORTH,25.46
02/09/2025,14:00,N,LZ_NORTH,27.05
02/09/2025,15:00,N,LZ_NORTH,25.4
02/09/2025,16:00,N,LZ_NORTH,26.6
02/09/2025,17:00,N,LZ_NORTH,28.34
02/09/2025,18:00,N,LZ_NORTH,35.88
02/09/2025,19:00,N,LZ_NORTH,41.85
02/09/2025,20:00,N,LZ_NORTH,37.18
02/09/2025,21:00,N,LZ_NORTH,38.35
02/09/2025,22:00,N,LZ_NORTH,35.94
02/09/2025,23:00,N,LZ_NORTH,31.93
02/09/2025,24:00,N,LZ_NORTH,28.44
02/10/2025,01:00,N,LZ_NORTH,23.32
02/10/2025,02:00,N,LZ_NORTH,22.62
02/10/2025,03:00,N,LZ_NORTH,22.45
02/10/2025,04:00,N,LZ_NORTH,23.13
02/10/2025,05:00,N,LZ_NORTH,26.4
02/10/2025,06:00,N,LZ_NORTH,35.63
02/10/2025,07:00,N,LZ_NORTH,39.16
02/10/2025,08:00,N,LZ_NORTH,47.18
02/10/2025,09:00,N,LZ_NORTH,40.43
02/10/2025,10:00,N,LZ_NORTH,45.84
02/10/2025,11:00,N,LZ_NORTH,45.03
02/10/2025,12:00,N,LZ_NORTH,35.94
02/10/2025,13:00,N,LZ_NORTH,30.29
02/10/2025,14:00,N,LZ_NORTH,28.52
02/10/2025,15:00,N,LZ_NORTH,26.85
02/10/2025,16:00,N,LZ_NORTH,27.73
02/10/2025,17:00,N,LZ_NORTH,30.47
02/10/2025,18:00,N,LZ_NORTH,38.23
02/10/2025,19:00,N,LZ_NORTH,46.92
02/10/2025,20:00,N,LZ_NORTH,43.38
02/10/2025,21:00,N,LZ_NORTH,38.4
02/10/2025,22:00,N,LZ_NORTH,33.37
02/10/2025,23:00,N,LZ_NORTH,27.9
02/10/2025,24:00,N,LZ_NORTH,25.89
02/11/2025,01:00,N,LZ_NORTH,23.0
02/11/2025,02:00,N,LZ_NORTH,21.84
02/11/2025,03:00,N,LZ_NORTH,21.21
02/11/2025,04:00,N,LZ_NORTH,21.03
02/11/2025,05:00,N,LZ_NORTH,23.14
02/11/2025,06:00,N,LZ_NORTH,27.71
02/11/2025,07:00,N,LZ_NORTH,31.41
02/11/2025,08:00,N,LZ_NORTH,34.04
02/11/2025,09:00,N,LZ_NORTH,35.32
02/11/2025,10:00,N,LZ_NORTH,30.24
02/11/2025,11:00,N,LZ_NORTH,28.38
02/11/2025,12:00,N,LZ_NORTH,26.37
02/11/2025,13:00,N,LZ_NORTH,25.15
02/11/2025,14:00,N,LZ_NORTH,23.62
02/11/2025,15:00,N,LZ_NORTH,22.95
02/11/2025,16:00,N,LZ_NORTH,22.98
02/11/2025,17:00,N,LZ_NORTH,25.63
02/11/2025,18:00,N,LZ_NORTH,29.9
02/11/2025,19:00,N,LZ_NORTH,34.32
02/11/2025,20:00,N,LZ_NORTH,29.91
02/11/2025,21:00,N,LZ_NORTH,30.77
02/11/2025,22:00,N,LZ_NORTH,27.96
02/11/2025,23:00,N,LZ_NORTH,26.23
02/11/2025,24:00,N,LZ_NORTH,25.03
02/12/2025,01:00,N,LZ_NORTH,23.82
02/12/2025,02:00,N,LZ_NORTH,25.75
02/12/2025,03:00,N,LZ_NORTH,27.37
02/12/2025,04:00,N,LZ_NORTH,27.93
02/12/2025,05:00,N,LZ_NORTH,28.75
02/12/2025,06:00,N,LZ_NORTH,34.95
02/12/2025,07:00,N,LZ_NORTH,44.4
02/12/2025,08:00,N,LZ_NORTH,46.67
02/12/2025,09:00,N,LZ_NORTH,31.27
02/12/2025,10:00,N,LZ_NORTH,24.13
02/12/2025,11:00,N,LZ_NORTH,23.68
02/12/2025,12:00,N,LZ_NORTH,20.74
02/12/2025,13:00,N,LZ_NORTH,18.47
02/12/2025,14:00,N,LZ_NORTH,16.91
02/12/2025,15:00,N,LZ_NORTH,14.72
02/12/2025,16:00,N,LZ_NORTH,10.92
02/12/2025,17:00,N,LZ_NORTH,14.0
02/12/2025,18:00,N,LZ_NORTH,24.81
02/12/2025,19:00,N,LZ_NORTH,28.47
02/12/2025,20:00,N,LZ_NORTH,24.16
02/12/2025,21:00,N,LZ_NORTH,29.65
02/12/2025,22:00,N,LZ_NORTH,28.68
02/12/2025,23:00,N,LZ_NORTH,25.71
02/12/2025,24:00,N,LZ_NORTH,26.63
02/13/2025,01:00,N,LZ_NORTH,35.42
02/13/2025,02:00,N,LZ_NORTH,31.61
02/13/2025,03:00,N,LZ_NORTH,30.84
02/13/2025,04:00,N,LZ_NORTH,31.47
02/13/2025,05:00,N,LZ_NORTH,34.31
02/13/2025,06:00,N,LZ_NORTH,51.68
02/13/2025,07:00,N,LZ_NORTH,86.27
02/13/2025,08:00,N,LZ_NORTH,106.71
02/13/2025,09:00,N,LZ_NORTH,70.28
02/13/2025,10:00,N,LZ_NORTH,53.62
02/13/2025,11:00,N,LZ_NORTH,42.34
02/13/2025,12:00,N,LZ_NORTH,31.68
02/13/2025,13:00,N,LZ_NORTH,28.08
02/13/2025,14:00,N,LZ_NORTH,25.56
02/13/2025,15:00,N,LZ_NORTH,25.04
02/13/2025,16:00,N,LZ_NORTH,25.91
02/13/2025,17:00,N,LZ_NORTH,30.86
02/13/2025,18:00,N,LZ_NORTH,39.41
02/13/2025,19:00,N,LZ_NORTH,48.12
02/13/2025,20:00,N,LZ_NORTH,48.75
02/13/2025,21:00,N,LZ_NORTH,43.14
02/13/2025,22:00,N,LZ_NORTH,37.79
02/13/2025,23:00,N,LZ_NORTH,35.38
02/13/2025,24:00,N,LZ_NORTH,31.11
02/14/2025,01:00,N,LZ_NORTH,31.33
02/14/2025,02:00,N,LZ_NORTH,26.83
02/14/2025,03:00,N,LZ_NORTH,25.99
02/14/2025,04:00,N,LZ_NORTH,26.23
02/14/2025,05:00,N,LZ_NORTH,26.64
02/14/2025,06:00,N,LZ_NORTH,31.74
02/14/2025,07:00,N,LZ_NORTH,37.65
02/14/2025,08:00,N,LZ_NORTH,35.36
02/14/2025,09:00,N,LZ_NORTH,30.92
02/14/2025,10:00,N,LZ_NORTH,33.75
02/14/2025,11:00,N,LZ_NORTH,31.09
02/14/2025,12:00,N,LZ_NORTH,29.37
02/14/2025,13:00,N,LZ_NORTH,26.77
02/14/2025,14:00,N,LZ_NORTH,24.1
02/14/2025,15:00,N,LZ_NORTH,23.92
02/14/2025,16:00,N,LZ_NORTH,23.28
02/14/2025,17:00,N,LZ_NORTH,23.74
02/14/2025,18:00,N,LZ_NORTH,26.76
02/14/2025,19:00,N,LZ_NORTH,37.87
02/14/2025,20:00,N,LZ_NORTH,33.27
02/14/2025,21:00,N,LZ_NORTH,33.79
02/14/2025,22:00,N,LZ_NORTH,27.7
02/14/2025,23:00,N,LZ_NORTH,25.58
02/14/2025,24:00,N,LZ_NORTH,23.88
02/15/2025,01:00,N,LZ_NORTH,19.19
02/15/2025,02:00,N,LZ_NORTH,17.48
02/15/2025,03:00,N,LZ_NORTH,17.48
02/15/2025,04:00,N,LZ_NORTH,17.46
02/15/2025,05:00,N,LZ_NORTH,18.72
02/15/2025,06:00,N,LZ_NORTH,23.78
02/15/2025,07:00,N,LZ_NORTH,28.0
02/15/2025,08:00,N,LZ_NORTH,29.21
02/15/2025,09:00,N,LZ_NORTH,27.61
02/15/2025,10:00,N,LZ_NORTH,22.2
02/15/2025,11:00,N,LZ_NORTH,16.79
02/15/2025,12:00,N,LZ_NORTH,13.14
02/15/2025,13:00,N,LZ_NORTH,5.11
02/15/2025,14:00,N,LZ_NORTH,2.0
02/15/2025,15:00,N,LZ_NORTH,1.02
02/15/2025,16:00,N,LZ_NORTH,0.44
02/15/2025,17:00,N,LZ_NORTH,1.65
02/15/2025,18:00,N,LZ_NORTH,16.31
02/15/2025,19:00,N,LZ_NORTH,25.63
02/15/2025,20:00,N,LZ_NORTH,26.54
02/15/2025,21:00,N,LZ_NORTH,26.75
02/15/2025,22:00,N,LZ_NORTH,29.16
02/15/2025,23:00,N,LZ_NORTH,28.67
02/15/2025,24:00,N,LZ_NORTH,27.91
02/16/2025,01:00,N,LZ_NORTH,26.55
02/16/2025,02:00,N,LZ_NORTH,23.38
02/16/2025,03:00,N,LZ_NORTH,20.46
02/16/2025,04:00,N,LZ_NORTH,23.2
02/16/2025,05:00,N,LZ_NORTH,26.1
02/16/2025,06:00,N,LZ_NORTH,33.69
02/16/2025,07:00,N,LZ_NORTH,38.47
02/16/2025,08:00,N,LZ_NORTH,48.98
02/16/2025,09:00,N,LZ_NORTH,27.53
02/16/2025,10:00,N,LZ_NORTH,24.7
02/16/2025,11:00,N,LZ_NORTH,22.11
02/16/2025,12:00,N,LZ_NORTH,25.45
02/16/2025,13:00,N,LZ_NORTH,28.32
02/16/2025,14:00,N,LZ_NORTH,24.14
02/16/2025,15:00,N,LZ_NORTH,19.64
02/16/2025,16:00,N,LZ_NORTH,19.76
02/16/2025,17:00,N,LZ_NORTH,28.41
02/16/2025,18:00,N,LZ_NORTH,34.3
02/16/2025,19:00,N,LZ_NORTH,51.15
02/16/2025,20:00,N,LZ_NORTH,47.91
02/16/2025,21:00,N,LZ_NORTH,38.57
02/16/2025,22:00,N,LZ_NORTH,34.45
02/16/2025,23:00,N,LZ_NORTH,31.79
02/16/2025,24:00,N,LZ_NORTH,27.48
02/17/2025,01:00,N,LZ_NORTH,22.47
02/17/2025,02:00,N,LZ_NORTH,22.61
02/17/2025,03:00,N,LZ_NORTH,22.68
02/17/2025,04:00,N,LZ_NORTH,23.41
02/17/2025,05:00,N,LZ_NORTH,26.81
02/17/2025,06:00,N,LZ_NORTH,40.67
02/17/2025,07:00,N,LZ_NORTH,43.26
02/17/2025,08:00,N,LZ_NORTH,44.11
02/17/2025,09:00,N,LZ_NORTH,30.08
02/17/2025,10:00,N,LZ_NORTH,31.14
02/17/2025,11:00,N,LZ_NORTH,21.37
02/17/2025,12:00,N,LZ_NORTH,15.54
02/17/2025,13:00,N,LZ_NORTH,7.43
02/17/2025,14:00,N,LZ_NORTH,3.3
02/17/2025,15:00,N,LZ_NORTH,1.22
02/17/2025,16:00,N,LZ_NORTH,1.01
02/17/2025,17:00,N,LZ_NORTH,2.34
02/17/2025,18:00,N,LZ_NORTH,19.12
02/17/2025,19:00,N,LZ_NORTH,26.5
02/17/2025,20:00,N,LZ_NORTH,24.14
02/17/2025,21:00,N,LZ_NORTH,23.95
02/17/2025,22:00,N,LZ_NORTH,20.66
02/17/2025,23:00,N,LZ_NORTH,20.37
02/17/2025,24:00,N,LZ_NORTH,18.38
02/18/2025,01:00,N,LZ_NORTH,17.28
02/18/2025,02:00,N,LZ_NORTH,18.4
02/18/2025,03:00,N,LZ_NORTH,18.64
02/18/2025,04:00,N,LZ_NORTH,21.18
02/18/2025,05:00,N,LZ_NORTH,22.57
02/18/2025,06:00,N,LZ_NORTH,24.88
02/18/2025,07:00,N,LZ_NORTH,32.31
02/18/2025,08:00,N,LZ_NORTH,33.98
02/18/2025,09:00,N,LZ_NORTH,31.92
02/18/2025,10:00,N,LZ_NORTH,24.96
02/18/2025,11:00,N,LZ_NORTH,23.63
02/18/2025,12:00,N,LZ_NORTH,21.94
02/18/2025,13:00,N,LZ_NORTH,20.63
02/18/2025,14:00,N,LZ_NORTH,20.33
02/18/2025,15:00,N,LZ_NORTH,21.91
02/18/2025,16:00,N,LZ_NORTH,22.94
02/18/2025,17:00,N,LZ_NORTH,26.08
02/18/2025,18:00,N,LZ_NORTH,27.3
02/18/2025,19:00,N,LZ_NORTH,35.33
02/18/2025,20:00,N,LZ_NORTH,32.08
02/18/2025,21:00,N,LZ_NORTH,32.55
02/18/2025,22:00,N,LZ_NORTH,27.23
02/18/2025,23:00,N,LZ_NORTH,28.95
02/18/2025,24:00,N,LZ_NORTH,27.75
02/19/2025,01:00,N,LZ_NORTH,27.1
02/19/2025,02:00,N,LZ_NORTH,25.33
02/19/2025,03:00,N,LZ_NORTH,25.73
02/19/2025,04:00,N,LZ_NORTH,27.83
02/19/2025,05:00,N,LZ_NORTH,32.25
02/19/2025,06:00,N,LZ_NORTH,47.96
02/19/2025,07:00,N,LZ_NORTH,64.81
02/19/2025,08:00,N,LZ_NORTH,79.53
02/19/2025,09:00,N,LZ_NORTH,60.74
02/19/2025,10:00,N,LZ_NORTH,44.36
02/19/2025,11:00,N,LZ_NORTH,36.98
02/19/2025,12:00,N,LZ_NORTH,32.59
02/19/2025,13:00,N,LZ_NORTH,28.76
02/19/2025,14:00,N,LZ_NORTH,28.02
02/19/2025,15:00,N,LZ_NORTH,27.09
02/19/2025,16:00,N,LZ_NORTH,25.66
02/19/2025,17:00,N,LZ_NORTH,29.78
02/19/2025,18:00,N,LZ_NORTH,53.07
02/19/2025,19:00,N,LZ_NORTH,116.1
02/19/2025,20:00,N,LZ_NORTH,102.52
02/19/2025,21:00,N,LZ_NORTH,121.61
02/19/2025,22:00,N,LZ_NORTH,93.11
02/19/2025,23:00,N,LZ_NORTH,115.25
02/19/2025,24:00,N,LZ_NORTH,99.34
02/20/2025,01:00,N,LZ_NORTH,115.61
02/20/2025,02:00,N,LZ_NORTH,111.73
02/20/2025,03:00,N,LZ_NORTH,117.89
02/20/2025,04:00,N,LZ_NORTH,119.02
02/20/2025,05:00,N,LZ_NORTH,140.51
02/20/2025,06:00,N,LZ_NORTH,296.06
02/20/2025,07:00,N,LZ_NORTH,941.01
02/20/2025,08:00,N,LZ_NORTH,959.39
02/20/2025,09:00,N,LZ_NORTH,327.62
02/20/2025,10:00,N,LZ_NORTH,120.91
02/20/2025,11:00,N,LZ_NORTH,65.81
02/20/2025,12:00,N,LZ_NORTH,51.21
02/20/2025,13:00,N,LZ_NORTH,46.44
02/20/2025,14:00,N,LZ_NORTH,47.19
02/20/2025,15:00,N,LZ_NORTH,44.55
02/20/2025,16:00,N,LZ_NORTH,40.35
02/20/2025,17:00,N,LZ_NORTH,41.86
02/20/2025,18:00,N,LZ_NORTH,75.12
02/20/2025,19:00,N,LZ_NORTH,136.11
02/20/2025,20:00,N,LZ_NORTH,147.73
02/20/2025,21:00,N,LZ_NORTH,119.67
02/20/2025,22:00,N,LZ_NORTH,98.88
02/20/2025,23:00,N,LZ_NORTH,66.84
02/20/2025,24:00,N,LZ_NORTH,65.1
02/21/2025,01:00,N,LZ_NORTH,75.07
02/21/2025,02:00,N,LZ_NORTH,62.97
02/21/2025,03:00,N,LZ_NORTH,62.26
02/21/2025,04:00,N,LZ_NORTH,69.13
02/21/2025,05:00,N,LZ_NORTH,79.98
02/21/2025,06:00,N,LZ_NORTH,127.13
02/21/2025,07:00,N,LZ_NORTH,231.4
02/21/2025,08:00,N,LZ_NORTH,253.11
02/21/2025,09:00,N,LZ_NORTH,146.92
02/21/2025,10:00,N,LZ_NORTH,77.43
02/21/2025,11:00,N,LZ_NORTH,59.21
02/21/2025,12:00,N,LZ_NORTH,51.73
02/21/2025,13:00,N,LZ_NORTH,41.64
02/21/2025,14:00,N,LZ_NORTH,40.12
02/21/2025,15:00,N,LZ_NORTH,39.31
02/21/2025,16:00,N,LZ_NORTH,40.25
02/21/2025,17:00,N,LZ_NORTH,51.74
02/21/2025,18:00,N,LZ_NORTH,62.3
02/21/2025,19:00,N,LZ_NORTH,119.43
02/21/2025,20:00,N,LZ_NORTH,113.72
02/21/2025,21:00,N,LZ_NORTH,99.8
02/21/2025,22:00,N,LZ_NORTH,60.44
02/21/2025,23:00,N,LZ_NORTH,58.38
02/21/2025,24:00,N,LZ_NORTH,53.4
02/22/2025,01:00,N,LZ_NORTH,58.38
02/22/2025,02:00,N,LZ_NORTH,51.25
02/22/2025,03:00,N,LZ_NORTH,47.91
02/22/2025,04:00,N,LZ_NORTH,49.37
02/22/2025,05:00,N,LZ_NORTH,51.87
02/22/2025,06:00,N,LZ_NORTH,55.17
02/22/2025,07:00,N,LZ_NORTH,108.31
02/22/2025,08:00,N,LZ_NORTH,105.91
02/22/2025,09:00,N,LZ_NORTH,70.83
02/22/2025,10:00,N,LZ_NORTH,57.79
02/22/2025,11:00,N,LZ_NORTH,52.76
02/22/2025,12:00,N,LZ_NORTH,35.69
02/22/2025,13:00,N,LZ_NORTH,30.96
02/22/2025,14:00,N,LZ_NORTH,26.92
02/22/2025,15:00,N,LZ_NORTH,25.43
02/22/2025,16:00,N,LZ_NORTH,25.91
02/22/2025,17:00,N,LZ_NORTH,28.81
02/22/2025,18:00,N,LZ_NORTH,44.88
02/22/2025,19:00,N,LZ_NORTH,58.66
02/22/2025,20:00,N,LZ_NORTH,54.9
02/22/2025,21:00,N,LZ_NORTH,43.51
02/22/2025,22:00,N,LZ_NORTH,41.02
02/22/2025,23:00,N,LZ_NORTH,32.19
02/22/2025,24:00,N,LZ_NORTH,29.69
02/23/2025,01:00,N,LZ_NORTH,29.98
02/23/2025,02:00,N,LZ_NORTH,27.73
02/23/2025,03:00,N,LZ_NORTH,26.17
02/23/2025,04:00,N,LZ_NORTH,26.6
02/23/2025,05:00,N,LZ_NORTH,28.82
02/23/2025,06:00,N,LZ_NORTH,36.07
02/23/2025,07:00,N,LZ_NORTH,45.09
02/23/2025,08:00,N,LZ_NORTH,45.11
02/23/2025,09:00,N,LZ_NORTH,32.98
02/23/2025,10:00,N,LZ_NORTH,29.16
02/23/2025,11:00,N,LZ_NORTH,28.29
02/23/2025,12:00,N,LZ_NORTH,26.54
02/23/2025,13:00,N,LZ_NORTH,22.67
02/23/2025,14:00,N,LZ_NORTH,20.06
02/23/2025,15:00,N,LZ_NORTH,18.98
02/23/2025,16:00,N,LZ_NORTH,20.03
02/23/2025,17:00,N,LZ_NORTH,22.77
02/23/2025,18:00,N,LZ_NORTH,33.57
02/23/2025,19:00,N,LZ_NORTH,52.79
02/23/2025,20:00,N,LZ_NORTH,54.02
02/23/2025,21:00,N,LZ_NORTH,60.61
02/23/2025,22:00,N,LZ_NORTH,48.9
02/23/2025,23:00,N,LZ_NORTH,34.96
02/23/2025,24:00,N,LZ_NORTH,33.58
02/24/2025,01:00,N,LZ_NORTH,36.61
02/24/2025,02:00,N,LZ_NORTH,34.81
02/24/2025,03:00,N,LZ_NORTH,34.28
02/24/2025,04:00,N,LZ_NORTH,33.07
02/24/2025,05:00,N,LZ_NORTH,33.63
02/24/2025,06:00,N,LZ_NORTH,42.67
02/24/2025,07:00,N,LZ_NORTH,51.23
02/24/2025,08:00,N,LZ_NORTH,46.81
02/24/2025,09:00,N,LZ_NORTH,30.56
02/24/2025,10:00,N,LZ_NORTH,28.87
02/24/2025,11:00,N,LZ_NORTH,26.55
02/24/2025,12:00,N,LZ_NORTH,21.15
02/24/2025,13:00,N,LZ_NORTH,17.79
02/24/2025,14:00,N,LZ_NORTH,16.65
02/24/2025,15:00,N,LZ_NORTH,15.08
02/24/2025,16:00,N,LZ_NORTH,14.53
02/24/2025,17:00,N,LZ_NORTH,18.08
02/24/2025,18:00,N,LZ_NORTH,30.73
02/24/2025,19:00,N,LZ_NORTH,54.4
02/24/2025,20:00,N,LZ_NORTH,38.47
02/24/2025,21:00,N,LZ_NORTH,34.19
02/24/2025,22:00,N,LZ_NORTH,27.19
02/24/2025,23:00,N,LZ_NORTH,25.64
02/24/2025,24:00,N,LZ_NORTH,27.29
02/25/2025,01:00,N,LZ_NORTH,24.63
02/25/2025,02:00,N,LZ_NORTH,24.92
02/25/2025,03:00,N,LZ_NORTH,26.31
02/25/2025,04:00,N,LZ_NORTH,28.43
02/25/2025,05:00,N,LZ_NORTH,34.28
02/25/2025,06:00,N,LZ_NORTH,46.15
02/25/2025,07:00,N,LZ_NORTH,54.89
02/25/2025,08:00,N,LZ_NORTH,50.18
02/25/2025,09:00,N,LZ_NORTH,28.45
02/25/2025,10:00,N,LZ_NORTH,22.28
02/25/2025,11:00,N,LZ_NORTH,19.44
02/25/2025,12:00,N,LZ_NORTH,18.48
02/25/2025,13:00,N,LZ_NORTH,16.09
02/25/2025,14:00,N,LZ_NORTH,15.96
02/25/2025,15:00,N,LZ_NORTH,14.1
02/25/2025,16:00,N,LZ_NORTH,12.24
02/25/2025,17:00,N,LZ_NORTH,17.89
02/25/2025,18:00,N,LZ_NORTH,31.29
02/25/2025,19:00,N,LZ_NORTH,51.13
02/25/2025,20:00,N,LZ_NORTH,36.24
02/25/2025,21:00,N,LZ_NORTH,28.82
02/25/2025,22:00,N,LZ_NORTH,23.28
02/25/2025,23:00,N,LZ_NORTH,20.63
02/25/2025,24:00,N,LZ_NORTH,19.99
02/26/2025,01:00,N,LZ_NORTH,15.82
02/26/2025,02:00,N,LZ_NORTH,14.85
02/26/2025,03:00,N,LZ_NORTH,14.93
02/26/2025,04:00,N,LZ_NORTH,15.16
02/26/2025,05:00,N,LZ_NORTH,17.84
02/26/2025,06:00,N,LZ_NORTH,23.43
02/26/2025,07:00,N,LZ_NORTH,34.94
02/26/2025,08:00,N,LZ_NORTH,34.25
02/26/2025,09:00,N,LZ_NORTH,19.4
02/26/2025,10:00,N,LZ_NORTH,11.54
02/26/2025,11:00,N,LZ_NORTH,9.15
02/26/2025,12:00,N,LZ_NORTH,5.47
02/26/2025,13:00,N,LZ_NORTH,5.46
02/26/2025,14:00,N,LZ_NORTH,4.08
02/26/2025,15:00,N,LZ_NORTH,3.76
02/26/2025,16:00,N,LZ_NORTH,4.15
02/26/2025,17:00,N,LZ_NORTH,13.63
02/26/2025,18:00,N,LZ_NORTH,23.76
02/26/2025,19:00,N,LZ_NORTH,32.75
02/26/2025,20:00,N,LZ_NORTH,31.67
02/26/2025,21:00,N,LZ_NORTH,30.69
02/26/2025,22:00,N,LZ_NORTH,23.52
02/26/2025,23:00,N,LZ_NORTH,23.75
02/26/2025,24:00,N,LZ_NORTH,25.67
02/27/2025,01:00,N,LZ_NORTH,16.42
02/27/2025,02:00,N,LZ_NORTH,17.57
02/27/2025,03:00,N,LZ_NORTH,19.06
02/27/2025,04:00,N,LZ_NORTH,20.49
02/27/2025,05:00,N,LZ_NORTH,21.09
02/27/2025,06:00,N,LZ_NORTH,24.52
02/27/2025,07:00,N,LZ_NORTH,33.38
02/27/2025,08:00,N,LZ_NORTH,38.35
02/27/2025,09:00,N,LZ_NORTH,29.0
02/27/2025,10:00,N,LZ_NORTH,21.11
02/27/2025,11:00,N,LZ_NORTH,16.59
02/27/2025,12:00,N,LZ_NORTH,12.06
02/27/2025,13:00,N,LZ_NORTH,13.08
02/27/2025,14:00,N,LZ_NORTH,15.65
02/27/2025,15:00,N,LZ_NORTH,20.47
02/27/2025,16:00,N,LZ_NORTH,20.42
02/27/2025,17:00,N,LZ_NORTH,23.08
02/27/2025,18:00,N,LZ_NORTH,33.0
02/27/2025,19:00,N,LZ_NORTH,59.58
02/27/2025,20:00,N,LZ_NORTH,58.24
02/27/2025,21:00,N,LZ_NORTH,55.4
02/27/2025,22:00,N,LZ_NORTH,48.06
02/27/2025,23:00,N,LZ_NORTH,42.47
02/27/2025,24:00,N,LZ_NORTH,37.15
02/28/2025,01:00,N,LZ_NORTH,28.88
02/28/2025,02:00,N,LZ_NORTH,26.03
02/28/2025,03:00,N,LZ_NORTH,23.2
02/28/2025,04:00,N,LZ_NORTH,22.55
02/28/2025,05:00,N,LZ_NORTH,22.97
02/28/2025,06:00,N,LZ_NORTH,26.51
02/28/2025,07:00,N,LZ_NORTH,32.57
02/28/2025,08:00,N,LZ_NORTH,29.22
02/28/2025,09:00,N,LZ_NORTH,23.53
02/28/2025,10:00,N,LZ_NORTH,16.22
02/28/2025,11:00,N,LZ_NORTH,9.47
02/28/2025,12:00,N,LZ_NORTH,8.52
02/28/2025,13:00,N,LZ_NORTH,8.19
02/28/2025,14:00,N,LZ_NORTH,9.06
02/28/2025,15:00,N,LZ_NORTH,10.47
02/28/2025,16:00,N,LZ_NORTH,16.24
02/28/2025,17:00,N,LZ_NORTH,20.82
02/28/2025,18:00,N,LZ_NORTH,37.23
02/28/2025,19:00,N,LZ_NORTH,64.77
02/28/2025,20:00,N,LZ_NORTH,51.62
02/28/2025,21:00,N,LZ_NORTH,41.27
02/28/2025,22:00,N,LZ_NORTH,34.05
02/28/2025,23:00,N,LZ_NORTH,29.39
02/28/2025,24:00,N,LZ_NORTH,25.38
03/01/2025,01:00,N,LZ_NORTH,30.19
03/01/2025,02:00,N,LZ_NORTH,32.19
03/01/2025,03:00,N,LZ_NORTH,33.01
03/01/2025,04:00,N,LZ_NORTH,32.01
03/01/2025,05:00,N,LZ_NORTH,34.64
03/01/2025,06:00,N,LZ_NORTH,48.6
03/01/2025,07:00,N,LZ_NORTH,46.15
03/01/2025,08:00,N,LZ_NORTH,42.89
03/01/2025,09:00,N,LZ_NORTH,22.22
03/01/2025,10:00,N,LZ_NORTH,20.85
03/01/2025,11:00,N,LZ_NORTH,20.5
03/01/2025,12:00,N,LZ_NORTH,20.36
03/01/2025,13:00,N,LZ_NORTH,21.16
03/01/2025,14:00,N,LZ_NORTH,21.87
03/01/2025,15:00,N,LZ_NORTH,21.8
03/01/2025,16:00,N,LZ_NORTH,21.48
03/01/2025,17:00,N,LZ_NORTH,24.56
03/01/2025,18:00,N,LZ_NORTH,50.57
03/01/2025,19:00,N,LZ_NORTH,69.26
03/01/2025,20:00,N,LZ_NORTH,39.97
03/01/2025,21:00,N,LZ_NORTH,25.74
03/01/2025,22:00,N,LZ_NORTH,22.17
03/01/2025,23:00,N,LZ_NORTH,20.26
03/01/2025,24:00,N,LZ_NORTH,17.71
03/02/2025,01:00,N,LZ_NORTH,21.94
03/02/2025,02:00,N,LZ_NORTH,17.8
03/02/2025,03:00,N,LZ_NORTH,16.23
03/02/2025,04:00,N,LZ_NORTH,16.33
03/02/2025,05:00,N,LZ_NORTH,15.79
03/02/2025,06:00,N,LZ_NORTH,19.24
03/02/2025,07:00,N,LZ_NORTH,21.82
03/02/2025,08:00,N,LZ_NORTH,20.69
03/02/2025,09:00,N,LZ_NORTH,10.68
03/02/2025,10:00,N,LZ_NORTH,2.59
03/02/2025,11:00,N,LZ_NORTH,0.2
03/02/2025,12:00,N,LZ_NORTH,0.01
03/02/2025,13:00,N,LZ_NORTH,0.1
03/02/2025,14:00,N,LZ_NORTH,0.15
03/02/2025,15:00,N,LZ_NORTH,0.54
03/02/2025,16:00,N,LZ_NORTH,1.02
03/02/2025,17:00,N,LZ_NORTH,11.99
03/02/2025,18:00,N,LZ_NORTH,26.83
03/02/2025,19:00,N,LZ_NORTH,42.13
03/02/2025,20:00,N,LZ_NORTH,50.1
03/02/2025,21:00,N,LZ_NORTH,39.78
03/02/2025,22:00,N,LZ_NORTH,34.76
03/02/2025,23:00,N,LZ_NORTH,33.4
03/02/2025,24:00,N,LZ_NORTH,27.91
03/03/2025,01:00,N,LZ_NORTH,32.62
03/03/2025,02:00,N,LZ_NORTH,30.38
03/03/2025,03:00,N,LZ_NORTH,28.04
03/03/2025,04:00,N,LZ_NORTH,32.13
03/03/2025,05:00,N,LZ_NORTH,35.77
03/03/2025,06:00,N,LZ_NORTH,45.22
03/03/2025,07:00,N,LZ_NORTH,37.62
03/03/2025,08:00,N,LZ_NORTH,41.11
03/03/2025,09:00,N,LZ_NORTH,25.55
03/03/2025,10:00,N,LZ_NORTH,21.8
03/03/2025,11:00,N,LZ_NORTH,23.3
03/03/2025,12:00,N,LZ_NORTH,21.41
03/03/2025,13:00,N,LZ_NORTH,20.4
03/03/2025,14:00,N,LZ_NORTH,21.56
03/03/2025,15:00,N,LZ_NORTH,21.64
03/03/2025,16:00,N,LZ_NORTH,21.66
03/03/2025,17:00,N,LZ_NORTH,22.39
03/03/2025,18:00,N,LZ_NORTH,33.28
03/03/2025,19:00,N,LZ_NORTH,42.52
03/03/2025,20:00,N,LZ_NORTH,38.03
03/03/2025,21:00,N,LZ_NORTH,34.12
03/03/2025,22:00,N,LZ_NORTH,27.09
03/03/2025,23:00,N,LZ_NORTH,26.54
03/03/2025,24:00,N,LZ_NORTH,28.96
03/04/2025,01:00,N,LZ_NORTH,33.74
03/04/2025,02:00,N,LZ_NORTH,24.07
03/04/2025,03:00,N,LZ_NORTH,19.46
03/04/2025,04:00,N,LZ_NORTH,17.82
03/04/2025,05:00,N,LZ_NORTH,17.76
03/04/2025,06:00,N,LZ_NORTH,22.87
03/04/2025,07:00,N,LZ_NORTH,32.2
03/04/2025,08:00,N,LZ_NORTH,31.62
03/04/2025,09:00,N,LZ_NORTH,29.61
03/04/2025,10:00,N,LZ_NORTH,21.36
03/04/2025,11:00,N,LZ_NORTH,19.66
03/04/2025,12:00,N,LZ_NORTH,13.92
03/04/2025,13:00,N,LZ_NORTH,7.02
03/04/2025,14:00,N,LZ_NORTH,6.86
03/04/2025,15:00,N,LZ_NORTH,7.82
03/04/2025,16:00,N,LZ_NORTH,7.59
03/04/2025,17:00,N,LZ_NORTH,16.4
03/04/2025,18:00,N,LZ_NORTH,26.09
03/04/2025,19:00,N,LZ_NORTH,52.96
03/04/2025,20:00,N,LZ_NORTH,41.53
03/04/2025,21:00,N,LZ_NORTH,35.85
03/04/2025,22:00,N,LZ_NORTH,32.16
03/04/2025,23:00,N,LZ_NORTH,26.75
03/04/2025,24:00,N,LZ_NORTH,23.24
03/05/2025,01:00,N,LZ_NORTH,26.06
03/05/2025,02:00,N,LZ_NORTH,25.91
03/05/2025,03:00,N,LZ_NORTH,26.0
03/05/2025,04:00,N,LZ_NORTH,25.91
03/05/2025,05:00,N,LZ_NORTH,28.07
03/05/2025,06:00,N,LZ_NORTH,32.01
03/05/2025,07:00,N,LZ_NORTH,55.85
03/05/2025,08:00,N,LZ_NORTH,43.77
03/05/2025,09:00,N,LZ_NORTH,21.84
03/05/2025,10:00,N,LZ_NORTH,17.36
03/05/2025,11:00,N,LZ_NORTH,15.32
03/05/2025,12:00,N,LZ_NORTH,17.54
03/05/2025,13:00,N,LZ_NORTH,21.12
03/05/2025,14:00,N,LZ_NORTH,23.31
03/05/2025,15:00,N,LZ_NORTH,24.62
03/05/2025,16:00,N,LZ_NORTH,24.45
03/05/2025,17:00,N,LZ_NORTH,28.3
03/05/2025,18:00,N,LZ_NORTH,50.61
03/05/2025,19:00,N,LZ_NORTH,84.5
03/05/2025,20:00,N,LZ_NORTH,62.37
03/05/2025,21:00,N,LZ_NORTH,51.42
03/05/2025,22:00,N,LZ_NORTH,30.42
03/05/2025,23:00,N,LZ_NORTH,29.67
03/05/2025,24:00,N,LZ_NORTH,28.3
03/06/2025,01:00,N,LZ_NORTH,24.8
03/06/2025,02:00,N,LZ_NORTH,21.88
03/06/2025,03:00,N,LZ_NORTH,20.73
03/06/2025,04:00,N,LZ_NORTH,22.34
03/06/2025,05:00,N,LZ_NORTH,27.55
03/06/2025,06:00,N,LZ_NORTH,40.62
03/06/2025,07:00,N,LZ_NORTH,59.61
03/06/2025,08:00,N,LZ_NORTH,39.65
03/06/2025,09:00,N,LZ_NORTH,27.53
03/06/2025,10:00,N,LZ_NORTH,18.66
03/06/2025,11:00,N,LZ_NORTH,7.98
03/06/2025,12:00,N,LZ_NORTH,3.88
03/06/2025,13:00,N,LZ_NORTH,1.32
03/06/2025,14:00,N,LZ_NORTH,1.75
03/06/2025,15:00,N,LZ_NORTH,2.67
03/06/2025,16:00,N,LZ_NORTH,10.28
03/06/2025,17:00,N,LZ_NORTH,13.01
03/06/2025,18:00,N,LZ_NORTH,23.64
03/06/2025,19:00,N,LZ_NORTH,44.96
03/06/2025,20:00,N,LZ_NORTH,42.7
03/06/2025,21:00,N,LZ_NORTH,39.82
03/06/2025,22:00,N,LZ_NORTH,29.6
03/06/2025,23:00,N,LZ_NORTH,29.37
03/06/2025,24:00,N,LZ_NORTH,27.4
03/07/2025,01:00,N,LZ_NORTH,23.11
03/07/2025,02:00,N,LZ_NORTH,21.36
03/07/2025,03:00,N,LZ_NORTH,25.97
03/07/2025,04:00,N,LZ_NORTH,25.72
03/07/2025,05:00,N,LZ_NORTH,27.77
03/07/2025,06:00,N,LZ_NORTH,39.02
03/07/2025,07:00,N,LZ_NORTH,44.48
03/07/2025,08:00,N,LZ_NORTH,48.42
03/07/2025,09:00,N,LZ_NORTH,26.93
03/07/2025,10:00,N,LZ_NORTH,22.78
03/07/2025,11:00,N,LZ_NORTH,22.54
03/07/2025,12:00,N,LZ_NORTH,21.36
03/07/2025,13:00,N,LZ_NORTH,22.64
03/07/2025,14:00,N,LZ_NORTH,27.71
03/07/2025,15:00,N,LZ_NORTH,33.14
03/07/2025,16:00,N,LZ_NORTH,33.98
03/07/2025,17:00,N,LZ_NORTH,39.41
03/07/2025,18:00,N,LZ_NORTH,70.11
03/07/2025,19:00,N,LZ_NORTH,130.04
03/07/2025,20:00,N,LZ_NORTH,101.17
03/07/2025,21:00,N,LZ_NORTH,55.82
03/07/2025,22:00,N,LZ_NORTH,43.95
03/07/2025,23:00,N,LZ_NORTH,39.9
03/07/2025,24:00,N,LZ_NORTH,35.01
03/08/2025,01:00,N,LZ_NORTH,27.9
03/08/2025,02:00,N,LZ_NORTH,24.9
03/08/2025,03:00,N,LZ_NORTH,24.67
03/08/2025,04:00,N,LZ_NORTH,26.35
03/08/2025,05:00,N,LZ_NORTH,28.82
03/08/2025,06:00,N,LZ_NORTH,31.12
03/08/2025,07:00,N,LZ_NORTH,33.29
03/08/2025,08:00,N,LZ_NORTH,35.91
03/08/2025,09:00,N,LZ_NORTH,31.75
03/08/2025,10:00,N,LZ_NORTH,28.89
03/08/2025,11:00,N,LZ_NORTH,28.06
03/08/2025,12:00,N,LZ_NORTH,29.61
03/08/2025,13:00,N,LZ_NORTH,29.04
03/08/2025,14:00,N,LZ_NORTH,29.07
03/08/2025,15:00,N,LZ_NORTH,28.17
03/08/2025,16:00,N,LZ_NORTH,25.81
03/08/2025,17:00,N,LZ_NORTH,26.1
03/08/2025,18:00,N,LZ_NORTH,30.03
03/08/2025,19:00,N,LZ_NORTH,36.87
03/08/2025,20:00,N,LZ_NORTH,44.94
03/08/2025,21:00,N,LZ_NORTH,40.33
03/08/2025,22:00,N,LZ_NORTH,36.53
03/08/2025,23:00,N,LZ_NORTH,37.15
03/08/2025,24:00,N,LZ_NORTH,35.13
03/09/2025,01:00,N,LZ_NORTH,29.3
03/09/2025,02:00,N,LZ_NORTH,27.66
03/09/2025,04:00,N,LZ_NORTH,26.69
03/09/2025,05:00,N,LZ_NORTH,26.58
03/09/2025,06:00,N,LZ_NORTH,27.8
03/09/2025,07:00,N,LZ_NORTH,30.56
03/09/2025,08:00,N,LZ_NORTH,36.73
03/09/2025,09:00,N,LZ_NORTH,39.34
03/09/2025,10:00,N,LZ_NORTH,27.53
03/09/2025,11:00,N,LZ_NORTH,24.79
03/09/2025,12:00,N,LZ_NORTH,22.69
03/09/2025,13:00,N,LZ_NORTH,20.04
03/09/2025,14:00,N,LZ_NORTH,17.39
03/09/2025,15:00,N,LZ_NORTH,16.21
03/09/2025,16:00,N,LZ_NORTH,18.68
03/09/2025,17:00,N,LZ_NORTH,22.09
03/09/2025,18:00,N,LZ_NORTH,25.79
03/09/2025,19:00,N,LZ_NORTH,34.81
03/09/2025,20:00,N,LZ_NORTH,76.19
03/09/2025,21:00,N,LZ_NORTH,103.76
03/09/2025,22:00,N,LZ_NORTH,104.29
03/09/2025,23:00,N,LZ_NORTH,79.13
03/09/2025,24:00,N,LZ_NORTH,58.31
03/10/2025,01:00,N,LZ_NORTH,52.79
03/10/2025,02:00,N,LZ_NORTH,42.85
03/10/2025,03:00,N,LZ_NORTH,42.67
03/10/2025,04:00,N,LZ_NORTH,38.54
03/10/2025,05:00,N,LZ_NORTH,41.53
03/10/2025,06:00,N,LZ_NORTH,58.49
03/10/2025,07:00,N,LZ_NORTH,72.35
03/10/2025,08:00,N,LZ_NORTH,79.87
03/10/2025,09:00,N,LZ_NORTH,49.87
03/10/2025,10:00,N,LZ_NORTH,27.3
03/10/2025,11:00,N,LZ_NORTH,25.59
03/10/2025,12:00,N,LZ_NORTH,23.2
03/10/2025,13:00,N,LZ_NORTH,16.02
03/10/2025,14:00,N,LZ_NORTH,13.15
03/10/2025,15:00,N,LZ_NORTH,8.2
03/10/2025,16:00,N,LZ_NORTH,8.28
03/10/2025,17:00,N,LZ_NORTH,6.47
03/10/2025,18:00,N,LZ_NORTH,20.9
03/10/2025,19:00,N,LZ_NORTH,30.81
03/10/2025,20:00,N,LZ_NORTH,55.48
03/10/2025,21:00,N,LZ_NORTH,32.37
03/10/2025,22:00,N,LZ_NORTH,22.17
03/10/2025,23:00,N,LZ_NORTH,21.9
03/10/2025,24:00,N,LZ_NORTH,19.09
03/11/2025,01:00,N,LZ_NORTH,17.2
03/11/2025,02:00,N,LZ_NORTH,14.88
03/11/2025,03:00,N,LZ_NORTH,14.84
03/11/2025,04:00,N,LZ_NORTH,15.62
03/11/2025,05:00,N,LZ_NORTH,16.76
03/11/2025,06:00,N,LZ_NORTH,25.87
03/11/2025,07:00,N,LZ_NORTH,32.61
03/11/2025,08:00,N,LZ_NORTH,39.96
03/11/2025,09:00,N,LZ_NORTH,30.39
03/11/2025,10:00,N,LZ_NORTH,13.36
03/11/2025,11:00,N,LZ_NORTH,4.64
03/11/2025,12:00,N,LZ_NORTH,2.35
03/11/2025,13:00,N,LZ_NORTH,2.22
03/11/2025,14:00,N,LZ_NORTH,2.69
03/11/2025,15:00,N,LZ_NORTH,3.67
03/11/2025,16:00,N,LZ_NORTH,7.44
03/11/2025,17:00,N,LZ_NORTH,11.65
03/11/2025,18:00,N,LZ_NORTH,16.6
03/11/2025,19:00,N,LZ_NORTH,45.2
03/11/2025,20:00,N,LZ_NORTH,75.08
03/11/2025,21:00,N,LZ_NORTH,49.46
03/11/2025,22:00,N,LZ_NORTH,37.18
03/11/2025,23:00,N,LZ_NORTH,27.32
03/11/2025,24:00,N,LZ_NORTH,24.93
03/12/2025,01:00,N,LZ_NORTH,17.88
03/12/2025,02:00,N,LZ_NORTH,15.52
03/12/2025,03:00,N,LZ_NORTH,13.68
03/12/2025,04:00,N,LZ_NORTH,13.24
03/12/2025,05:00,N,LZ_NORTH,14.85
03/12/2025,06:00,N,LZ_NORTH,28.45
03/12/2025,07:00,N,LZ_NORTH,38.57
03/12/2025,08:00,N,LZ_NORTH,49.49
03/12/2025,09:00,N,LZ_NORTH,48.44
03/12/2025,10:00,N,LZ_NORTH,19.5
03/12/2025,11:00,N,LZ_NORTH,8.66
03/12/2025,12:00,N,LZ_NORTH,6.46
03/12/2025,13:00,N,LZ_NORTH,6.76
03/12/2025,14:00,N,LZ_NORTH,7.73
03/12/2025,15:00,N,LZ_NORTH,11.27
03/12/2025,16:00,N,LZ_NORTH,15.94
03/12/2025,17:00,N,LZ_NORTH,22.68
03/12/2025,18:00,N,LZ_NORTH,27.1
03/12/2025,19:00,N,LZ_NORTH,38.95
03/12/2025,20:00,N,LZ_NORTH,67.9
03/12/2025,21:00,N,LZ_NORTH,60.91
03/12/2025,22:00,N,LZ_NORTH,41.37
03/12/2025,23:00,N,LZ_NORTH,33.4
03/12/2025,24:00,N,LZ_NORTH,27.03
03/13/2025,01:00,N,LZ_NORTH,23.11
03/13/2025,02:00,N,LZ_NORTH,22.54
03/13/2025,03:00,N,LZ_NORTH,21.99
03/13/2025,04:00,N,LZ_NORTH,21.96
03/13/2025,05:00,N,LZ_NORTH,25.5
03/13/2025,06:00,N,LZ_NORTH,28.82
03/13/2025,07:00,N,LZ_NORTH,46.29
03/13/2025,08:00,N,LZ_NORTH,50.45
03/13/2025,09:00,N,LZ_NORTH,33.83
03/13/2025,10:00,N,LZ_NORTH,22.09
03/13/2025,11:00,N,LZ_NORTH,22.74
03/13/2025,12:00,N,LZ_NORTH,26.14
03/13/2025,13:00,N,LZ_NORTH,27.1
03/13/2025,14:00,N,LZ_NORTH,24.39
03/13/2025,15:00,N,LZ_NORTH,22.46
03/13/2025,16:00,N,LZ_NORTH,24.22
03/13/2025,17:00,N,LZ_NORTH,28.7
03/13/2025,18:00,N,LZ_NORTH,30.14
03/13/2025,19:00,N,LZ_NORTH,45.2
03/13/2025,20:00,N,LZ_NORTH,76.99
03/13/2025,21:00,N,LZ_NORTH,52.95
03/13/2025,22:00,N,LZ_NORTH,28.49
03/13/2025,23:00,N,LZ_NORTH,32.46
03/13/2025,24:00,N,LZ_NORTH,25.13
03/14/2025,01:00,N,LZ_NORTH,24.42
03/14/2025,02:00,N,LZ_NORTH,20.58
03/14/2025,03:00,N,LZ_NORTH,16.2
03/14/2025,04:00,N,LZ_NORTH,15.08
03/14/2025,05:00,N,LZ_NORTH,17.27
03/14/2025,06:00,N,LZ_NORTH,23.46
03/14/2025,07:00,N,LZ_NORTH,32.81
03/14/2025,08:00,N,LZ_NORTH,27.12
03/14/2025,09:00,N,LZ_NORTH,23.98
03/14/2025,10:00,N,LZ_NORTH,15.82
03/14/2025,11:00,N,LZ_NORTH,12.29
03/14/2025,12:00,N,LZ_NORTH,11.19
03/14/2025,13:00,N,LZ_NORTH,9.02
03/14/2025,14:00,N,LZ_NORTH,9.43
03/14/2025,15:00,N,LZ_NORTH,11.54
03/14/2025,16:00,N,LZ_NORTH,17.25
03/14/2025,17:00,N,LZ_NORTH,22.85
03/14/2025,18:00,N,LZ_NORTH,30.41
03/14/2025,19:00,N,LZ_NORTH,36.89
03/14/2025,20:00,N,LZ_NORTH,56.95
03/14/2025,21:00,N,LZ_NORTH,45.24
03/14/2025,22:00,N,LZ_NORTH,33.13
03/14/2025,23:00,N,LZ_NORTH,29.49
03/14/2025,24:00,N,LZ_NORTH,25.05
03/15/2025,01:00,N,LZ_NORTH,22.72
03/15/2025,02:00,N,LZ_NORTH,23.43
03/15/2025,03:00,N,LZ_NORTH,22.65
03/15/2025,04:00,N,LZ_NORTH,23.7
03/15/2025,05:00,N,LZ_NORTH,23.19
03/15/2025,06:00,N,LZ_NORTH,23.05
03/15/2025,07:00,N,LZ_NORTH,24.77
03/15/2025,08:00,N,LZ_NORTH,25.81
03/15/2025,09:00,N,LZ_NORTH,20.99
03/15/2025,10:00,N,LZ_NORTH,7.04
03/15/2025,11:00,N,LZ_NORTH,4.01
03/15/2025,12:00,N,LZ_NORTH,3.1
03/15/2025,13:00,N,LZ_NORTH,3.6
03/15/2025,14:00,N,LZ_NORTH,4.61
03/15/2025,15:00,N,LZ_NORTH,4.68
03/15/2025,16:00,N,LZ_NORTH,6.1
03/15/2025,17:00,N,LZ_NORTH,8.28
03/15/2025,18:00,N,LZ_NORTH,14.24
03/15/2025,19:00,N,LZ_NORTH,22.02
03/15/2025,20:00,N,LZ_NORTH,84.7
03/15/2025,21:00,N,LZ_NORTH,101.33
03/15/2025,22:00,N,LZ_NORTH,84.6
03/15/2025,23:00,N,LZ_NORTH,61.55
03/15/2025,24:00,N,LZ_NORTH,66.59
03/16/2025,01:00,N,LZ_NORTH,55.87
03/16/2025,02:00,N,LZ_NORTH,47.5
03/16/2025,03:00,N,LZ_NORTH,43.04
03/16/2025,04:00,N,LZ_NORTH,41.9
03/16/2025,05:00,N,LZ_NORTH,42.03
03/16/2025,06:00,N,LZ_NORTH,40.34
03/16/2025,07:00,N,LZ_NORTH,41.6
03/16/2025,08:00,N,LZ_NORTH,41.75
03/16/2025,09:00,N,LZ_NORTH,27.51
03/16/2025,10:00,N,LZ_NORTH,18.01
03/16/2025,11:00,N,LZ_NORTH,18.38
03/16/2025,12:00,N,LZ_NORTH,16.22
03/16/2025,13:00,N,LZ_NORTH,14.78
03/16/2025,14:00,N,LZ_NORTH,13.34
03/16/2025,15:00,N,LZ_NORTH,8.79
03/16/2025,16:00,N,LZ_NORTH,12.34
03/16/2025,17:00,N,LZ_NORTH,18.17
03/16/2025,18:00,N,LZ_NORTH,26.72
03/16/2025,19:00,N,LZ_NORTH,58.54
03/16/2025,20:00,N,LZ_NORTH,168.46
03/16/2025,21:00,N,LZ_NORTH,130.74
03/16/2025,22:00,N,LZ_NORTH,99.92
03/16/2025,23:00,N,LZ_NORTH,39.56
03/16/2025,24:00,N,LZ_NORTH,31.81
03/17/2025,01:00,N,LZ_NORTH,22.61
03/17/2025,02:00,N,LZ_NORTH,19.52
03/17/2025,03:00,N,LZ_NORTH,18.49
03/17/2025,04:00,N,LZ_NORTH,16.02
03/17/2025,05:00,N,LZ_NORTH,16.91
03/17/2025,06:00,N,LZ_NORTH,21.47
03/17/2025,07:00,N,LZ_NORTH,29.93
03/17/2025,08:00,N,LZ_NORTH,34.07
03/17/2025,09:00,N,LZ_NORTH,20.55
03/17/2025,10:00,N,LZ_NORTH,12.17
03/17/2025,11:00,N,LZ_NORTH,5.29
03/17/2025,12:00,N,LZ_NORTH,3.54
03/17/2025,13:00,N,LZ_NORTH,3.65
03/17/2025,14:00,N,LZ_NORTH,5.62
03/17/2025,15:00,N,LZ_NORTH,8.11
03/17/2025,16:00,N,LZ_NORTH,14.78
03/17/2025,17:00,N,LZ_NORTH,20.86
03/17/2025,18:00,N,LZ_NORTH,23.6
03/17/2025,19:00,N,LZ_NORTH,34.58
03/17/2025,20:00,N,LZ_NORTH,46.95
03/17/2025,21:00,N,LZ_NORTH,46.72
03/17/2025,22:00,N,LZ_NORTH,33.34
03/17/2025,23:00,N,LZ_NORTH,28.61
03/17/2025,24:00,N,LZ_NORTH,20.84
03/18/2025,01:00,N,LZ_NORTH,18.0
03/18/2025,02:00,N,LZ_NORTH,16.37
03/18/2025,03:00,N,LZ_NORTH,13.41
03/18/2025,04:00,N,LZ_NORTH,10.4
03/18/2025,05:00,N,LZ_NORTH,12.49
03/18/2025,06:00,N,LZ_NORTH,18.99
03/18/2025,07:00,N,LZ_NORTH,23.8
03/18/2025,08:00,N,LZ_NORTH,23.39
03/18/2025,09:00,N,LZ_NORTH,16.57
03/18/2025,10:00,N,LZ_NORTH,9.04
03/18/2025,11:00,N,LZ_NORTH,5.77
03/18/2025,12:00,N,LZ_NORTH,8.07
03/18/2025,13:00,N,LZ_NORTH,9.02
03/18/2025,14:00,N,LZ_NORTH,11.25
03/18/2025,15:00,N,LZ_NORTH,14.63
03/18/2025,16:00,N,LZ_NORTH,19.62
03/18/2025,17:00,N,LZ_NORTH,25.97
03/18/2025,18:00,N,LZ_NORTH,26.97
03/18/2025,19:00,N,LZ_NORTH,36.15
03/18/2025,20:00,N,LZ_NORTH,52.24
03/18/2025,21:00,N,LZ_NORTH,48.98
03/18/2025,22:00,N,LZ_NORTH,36.39
03/18/2025,23:00,N,LZ_NORTH,30.67
03/18/2025,24:00,N,LZ_NORTH,27.3
03/19/2025,01:00,N,LZ_NORTH,25.13
03/19/2025,02:00,N,LZ_NORTH,21.45
03/19/2025,03:00,N,LZ_NORTH,17.48
03/19/2025,04:00,N,LZ_NORTH,15.7
03/19/2025,05:00,N,LZ_NORTH,18.67
03/19/2025,06:00,N,LZ_NORTH,22.67
03/19/2025,07:00,N,LZ_NORTH,31.16
03/19/2025,08:00,N,LZ_NORTH,35.81
03/19/2025,09:00,N,LZ_NORTH,21.5
03/19/2025,10:00,N,LZ_NORTH,12.82
03/19/2025,11:00,N,LZ_NORTH,6.7
03/19/2025,12:00,N,LZ_NORTH,4.56
03/19/2025,13:00,N,LZ_NORTH,3.29
03/19/2025,14:00,N,LZ_NORTH,4.41
03/19/2025,15:00,N,LZ_NORTH,5.2
03/19/2025,16:00,N,LZ_NORTH,5.21
03/19/2025,17:00,N,LZ_NORTH,10.77
03/19/2025,18:00,N,LZ_NORTH,15.2
03/19/2025,19:00,N,LZ_NORTH,19.0
03/19/2025,20:00,N,LZ_NORTH,31.73
03/19/2025,21:00,N,LZ_NORTH,48.9
03/19/2025,22:00,N,LZ_NORTH,44.67
03/19/2025,23:00,N,LZ_NORTH,39.09
03/19/2025,24:00,N,LZ_NORTH,37.05
03/20/2025,01:00,N,LZ_NORTH,35.43
03/20/2025,02:00,N,LZ_NORTH,36.76
03/20/2025,03:00,N,LZ_NORTH,39.2
03/20/2025,04:00,N,LZ_NORTH,43.35
03/20/2025,05:00,N,LZ_NORTH,50.07
03/20/2025,06:00,N,LZ_NORTH,65.42
03/20/2025,07:00,N,LZ_NORTH,102.34
03/20/2025,08:00,N,LZ_NORTH,116.03
03/20/2025,09:00,N,LZ_NORTH,54.4
03/20/2025,10:00,N,LZ_NORTH,23.57
03/20/2025,11:00,N,LZ_NORTH,24.06
03/20/2025,12:00,N,LZ_NORTH,22.34
03/20/2025,13:00,N,LZ_NORTH,20.75
03/20/2025,14:00,N,LZ_NORTH,20.77
03/20/2025,15:00,N,LZ_NORTH,16.69
03/20/2025,16:00,N,LZ_NORTH,18.21
03/20/2025,17:00,N,LZ_NORTH,14.32
03/20/2025,18:00,N,LZ_NORTH,19.36
03/20/2025,19:00,N,LZ_NORTH,33.19
03/20/2025,20:00,N,LZ_NORTH,70.43
03/20/2025,21:00,N,LZ_NORTH,43.9
03/20/2025,22:00,N,LZ_NORTH,27.64
03/20/2025,23:00,N,LZ_NORTH,22.22
03/20/2025,24:00,N,LZ_NORTH,19.24
03/21/2025,01:00,N,LZ_NORTH,13.98
03/21/2025,02:00,N,LZ_NORTH,12.45
03/21/2025,03:00,N,LZ_NORTH,12.96
03/21/2025,04:00,N,LZ_NORTH,13.23
03/21/2025,05:00,N,LZ_NORTH,16.17
03/21/2025,06:00,N,LZ_NORTH,25.3
03/21/2025,07:00,N,LZ_NORTH,36.98
03/21/2025,08:00,N,LZ_NORTH,38.4
03/21/2025,09:00,N,LZ_NORTH,21.79
03/21/2025,10:00,N,LZ_NORTH,9.18
03/21/2025,11:00,N,LZ_NORTH,1.17
03/21/2025,12:00,N,LZ_NORTH,0.39
03/21/2025,13:00,N,LZ_NORTH,1.37
03/21/2025,14:00,N,LZ_NORTH,2.39
03/21/2025,15:00,N,LZ_NORTH,7.31
03/21/2025,16:00,N,LZ_NORTH,13.03
03/21/2025,17:00,N,LZ_NORTH,15.32
03/21/2025,18:00,N,LZ_NORTH,20.89
03/21/2025,19:00,N,LZ_NORTH,39.61
03/21/2025,20:00,N,LZ_NORTH,87.2
03/21/2025,21:00,N,LZ_NORTH,66.64
03/21/2025,22:00,N,LZ_NORTH,36.92
03/21/2025,23:00,N,LZ_NORTH,32.05
03/21/2025,24:00,N,LZ_NORTH,24.47
03/22/2025,01:00,N,LZ_NORTH,23.16
03/22/2025,02:00,N,LZ_NORTH,22.91
03/22/2025,03:00,N,LZ_NORTH,24.28
03/22/2025,04:00,N,LZ_NORTH,25.43
03/22/2025,05:00,N,LZ_NORTH,26.59
03/22/2025,06:00,N,LZ_NORTH,27.28
03/22/2025,07:00,N,LZ_NORTH,27.05
03/22/2025,08:00,N,LZ_NORTH,26.2
03/22/2025,09:00,N,LZ_NORTH,25.74
03/22/2025,10:00,N,LZ_NORTH,16.63
03/22/2025,11:00,N,LZ_NORTH,8.94
03/22/2025,12:00,N,LZ_NORTH,7.81
03/22/2025,13:00,N,LZ_NORTH,7.13
03/22/2025,14:00,N,LZ_NORTH,6.27
03/22/2025,15:00,N,LZ_NORTH,8.46
03/22/2025,16:00,N,LZ_NORTH,10.38
03/22/2025,17:00,N,LZ_NORTH,14.56
03/22/2025,18:00,N,LZ_NORTH,18.92
03/22/2025,19:00,N,LZ_NORTH,31.24
03/22/2025,20:00,N,LZ_NORTH,40.48
03/22/2025,21:00,N,LZ_NORTH,35.51
03/22/2025,22:00,N,LZ_NORTH,25.92
03/22/2025,23:00,N,LZ_NORTH,23.55
03/22/2025,24:00,N,LZ_NORTH,20.14
03/23/2025,01:00,N,LZ_NORTH,17.59
03/23/2025,02:00,N,LZ_NORTH,14.4
03/23/2025,03:00,N,LZ_NORTH,12.41
03/23/2025,04:00,N,LZ_NORTH,13.19
03/23/2025,05:00,N,LZ_NORTH,14.25
03/23/2025,06:00,N,LZ_NORTH,16.57
03/23/2025,07:00,N,LZ_NORTH,19.5
03/23/2025,08:00,N,LZ_NORTH,22.24
03/23/2025,09:00,N,LZ_NORTH,19.93
03/23/2025,10:00,N,LZ_NORTH,11.57
03/23/2025,11:00,N,LZ_NORTH,10.94
03/23/2025,12:00,N,LZ_NORTH,11.06
03/23/2025,13:00,N,LZ_NORTH,11.9
03/23/2025,14:00,N,LZ_NORTH,13.56
03/23/2025,15:00,N,LZ_NORTH,18.52
03/23/2025,16:00,N,LZ_NORTH,22.68
03/23/2025,17:00,N,LZ_NORTH,25.41
03/23/2025,18:00,N,LZ_NORTH,24.21
03/23/2025,19:00,N,LZ_NORTH,38.96
03/23/2025,20:00,N,LZ_NORTH,50.22
03/23/2025,21:00,N,LZ_NORTH,49.29
03/23/2025,22:00,N,LZ_NORTH,42.93
03/23/2025,23:00,N,LZ_NORTH,39.25
03/23/2025,24:00,N,LZ_NORTH,33.86
03/24/2025,01:00,N,LZ_NORTH,29.02
03/24/2025,02:00,N,LZ_NORTH,27.23
03/24/2025,03:00,N,LZ_NORTH,26.97
03/24/2025,04:00,N,LZ_NORTH,27.48
03/24/2025,05:00,N,LZ_NORTH,30.83
03/24/2025,06:00,N,LZ_NORTH,38.5
03/24/2025,07:00,N,LZ_NORTH,44.87
03/24/2025,08:00,N,LZ_NORTH,51.61
03/24/2025,09:00,N,LZ_NORTH,35.95
03/24/2025,10:00,N,LZ_NORTH,24.34
03/24/2025,11:00,N,LZ_NORTH,20.2
03/24/2025,12:00,N,LZ_NORTH,18.72
03/24/2025,13:00,N,LZ_NORTH,21.1
03/24/2025,14:00,N,LZ_NORTH,22.03
03/24/2025,15:00,N,LZ_NORTH,24.7
03/24/2025,16:00,N,LZ_NORTH,24.85
03/24/2025,17:00,N,LZ_NORTH,28.96
03/24/2025,18:00,N,LZ_NORTH,37.89
03/24/2025,19:00,N,LZ_NORTH,72.76
03/24/2025,20:00,N,LZ_NORTH,223.27
03/24/2025,21:00,N,LZ_NORTH,201.92
03/24/2025,22:00,N,LZ_NORTH,97.19
03/24/2025,23:00,N,LZ_NORTH,45.92
03/24/2025,24:00,N,LZ_NORTH,34.32
03/25/2025,01:00,N,LZ_NORTH,28.52
03/25/2025,02:00,N,LZ_NORTH,25.67
03/25/2025,03:00,N,LZ_NORTH,23.63
03/25/2025,04:00,N,LZ_NORTH,22.43
03/25/2025,05:00,N,LZ_NORTH,23.38
03/25/2025,06:00,N,LZ_NORTH,26.32
03/25/2025,07:00,N,LZ_NORTH,29.27
03/25/2025,08:00,N,LZ_NORTH,28.13
03/25/2025,09:00,N,LZ_NORTH,24.32
03/25/2025,10:00,N,LZ_NORTH,11.54
03/25/2025,11:00,N,LZ_NORTH,10.33
03/25/2025,12:00,N,LZ_NORTH,13.09
03/25/2025,13:00,N,LZ_NORTH,20.18
03/25/2025,14:00,N,LZ_NORTH,27.03
03/25/2025,15:00,N,LZ_NORTH,31.0
03/25/2025,16:00,N,LZ_NORTH,37.37
03/25/2025,17:00,N,LZ_NORTH,34.89
03/25/2025,18:00,N,LZ_NORTH,52.07
03/25/2025,19:00,N,LZ_NORTH,87.04
03/25/2025,20:00,N,LZ_NORTH,154.2
03/25/2025,21:00,N,LZ_NORTH,88.89
03/25/2025,22:00,N,LZ_NORTH,36.68
03/25/2025,23:00,N,LZ_NORTH,28.33
03/25/2025,24:00,N,LZ_NORTH,26.32
03/26/2025,01:00,N,LZ_NORTH,19.65
03/26/2025,02:00,N,LZ_NORTH,20.53
03/26/2025,03:00,N,LZ_NORTH,19.6
03/26/2025,04:00,N,LZ_NORTH,19.1
03/26/2025,05:00,N,LZ_NORTH,18.44
03/26/2025,06:00,N,LZ_NORTH,23.09
03/26/2025,07:00,N,LZ_NORTH,31.56
03/26/2025,08:00,N,LZ_NORTH,41.05
03/26/2025,09:00,N,LZ_NORTH,34.99
03/26/2025,10:00,N,LZ_NORTH,27.4
03/26/2025,11:00,N,LZ_NORTH,24.25
03/26/2025,12:00,N,LZ_NORTH,23.49
03/26/2025,13:00,N,LZ_NORTH,24.1
03/26/2025,14:00,N,LZ_NORTH,25.38
03/26/2025,15:00,N,LZ_NORTH,28.72
03/26/2025,16:00,N,LZ_NORTH,26.99
03/26/2025,17:00,N,LZ_NORTH,28.15
03/26/2025,18:00,N,LZ_NORTH,33.33
03/26/2025,19:00,N,LZ_NORTH,47.01
03/26/2025,20:00,N,LZ_NORTH,51.18
03/26/2025,21:00,N,LZ_NORTH,41.41
03/26/2025,22:00,N,LZ_NORTH,36.84
03/26/2025,23:00,N,LZ_NORTH,24.04
03/26/2025,24:00,N,LZ_NORTH,22.48
03/27/2025,01:00,N,LZ_NORTH,21.57
03/27/2025,02:00,N,LZ_NORTH,18.78
03/27/2025,03:00,N,LZ_NORTH,19.6
03/27/2025,04:00,N,LZ_NORTH,20.69
03/27/2025,05:00,N,LZ_NORTH,23.34
03/27/2025,06:00,N,LZ_NORTH,26.57
03/27/2025,07:00,N,LZ_NORTH,36.85
03/27/2025,08:00,N,LZ_NORTH,41.12
03/27/2025,09:00,N,LZ_NORTH,42.13
03/27/2025,10:00,N,LZ_NORTH,35.55
03/27/2025,11:00,N,LZ_NORTH,29.6
03/27/2025,12:00,N,LZ_NORTH,29.73
03/27/2025,13:00,N,LZ_NORTH,25.32
03/27/2025,14:00,N,LZ_NORTH,23.57
03/27/2025,15:00,N,LZ_NORTH,23.29
03/27/2025,16:00,N,LZ_NORTH,24.2
03/27/2025,17:00,N,LZ_NORTH,24.74
03/27/2025,18:00,N,LZ_NORTH,26.15
03/27/2025,19:00,N,LZ_NORTH,32.95
03/27/2025,20:00,N,LZ_NORTH,43.55
03/27/2025,21:00,N,LZ_NORTH,46.25
03/27/2025,22:00,N,LZ_NORTH,41.69
03/27/2025,23:00,N,LZ_NORTH,32.67
03/27/2025,24:00,N,LZ_NORTH,29.7
03/28/2025,01:00,N,LZ_NORTH,23.93
03/28/2025,02:00,N,LZ_NORTH,23.89
03/28/2025,03:00,N,LZ_NORTH,23.44
03/28/2025,04:00,N,LZ_NORTH,28.54
03/28/2025,05:00,N,LZ_NORTH,32.27
03/28/2025,06:00,N,LZ_NORTH,35.6
03/28/2025,07:00,N,LZ_NORTH,48.57
03/28/2025,08:00,N,LZ_NORTH,52.17
03/28/2025,09:00,N,LZ_NORTH,50.89
03/28/2025,10:00,N,LZ_NORTH,39.55
03/28/2025,11:00,N,LZ_NORTH,35.08
03/28/2025,12:00,N,LZ_NORTH,33.41
03/28/2025,13:00,N,LZ_NORTH,29.7
03/28/2025,14:00,N,LZ_NORTH,26.19
03/28/2025,15:00,N,LZ_NORTH,25.25
03/28/2025,16:00,N,LZ_NORTH,26.05
03/28/2025,17:00,N,LZ_NORTH,25.9
03/28/2025,18:00,N,LZ_NORTH,29.96
03/28/2025,19:00,N,LZ_NORTH,38.87
03/28/2025,20:00,N,LZ_NORTH,44.46
03/28/2025,21:00,N,LZ_NORTH,29.99
03/28/2025,22:00,N,LZ_NORTH,22.7
03/28/2025,23:00,N,LZ_NORTH,22.14
03/28/2025,24:00,N,LZ_NORTH,21.45
03/29/2025,01:00,N,LZ_NORTH,19.89
03/29/2025,02:00,N,LZ_NORTH,20.94
03/29/2025,03:00,N,LZ_NORTH,18.23
03/29/2025,04:00,N,LZ_NORTH,17.42
03/29/2025,05:00,N,LZ_NORTH,16.81
03/29/2025,06:00,N,LZ_NORTH,20.02
03/29/2025,07:00,N,LZ_NORTH,20.87
03/29/2025,08:00,N,LZ_NORTH,23.74
03/29/2025,09:00,N,LZ_NORTH,21.66
03/29/2025,10:00,N,LZ_NORTH,18.0
03/29/2025,11:00,N,LZ_NORTH,15.56
03/29/2025,12:00,N,LZ_NORTH,15.75
03/29/2025,13:00,N,LZ_NORTH,14.28
03/29/2025,14:00,N,LZ_NORTH,13.52
03/29/2025,15:00,N,LZ_NORTH,14.95
03/29/2025,16:00,N,LZ_NORTH,18.05
03/29/2025,17:00,N,LZ_NORTH,20.76
03/29/2025,18:00,N,LZ_NORTH,27.12
03/29/2025,19:00,N,LZ_NORTH,31.11
03/29/2025,20:00,N,LZ_NORTH,41.97
03/29/2025,21:00,N,LZ_NORTH,38.67
03/29/2025,22:00,N,LZ_NORTH,37.68
03/29/2025,23:00,N,LZ_NORTH,35.69
03/29/2025,24:00,N,LZ_NORTH,31.05
03/30/2025,01:00,N,LZ_NORTH,32.35
03/30/2025,02:00,N,LZ_NORTH,29.95
03/30/2025,03:00,N,LZ_NORTH,26.96
03/30/2025,04:00,N,LZ_NORTH,22.87
03/30/2025,05:00,N,LZ_NORTH,20.89
03/30/2025,06:00,N,LZ_NORTH,21.88
03/30/2025,07:00,N,LZ_NORTH,22.52
03/30/2025,08:00,N,LZ_NORTH,22.53
03/30/2025,09:00,N,LZ_NORTH,21.87
03/30/2025,10:00,N,LZ_NORTH,20.92
03/30/2025,11:00,N,LZ_NORTH,20.47
03/30/2025,12:00,N,LZ_NORTH,21.12
03/30/2025,13:00,N,LZ_NORTH,23.85
03/30/2025,14:00,N,LZ_NORTH,29.81
03/30/2025,15:00,N,LZ_NORTH,33.89
03/30/2025,16:00,N,LZ_NORTH,29.87
03/30/2025,17:00,N,LZ_NORTH,31.0
03/30/2025,18:00,N,LZ_NORTH,33.01
03/30/2025,19:00,N,LZ_NORTH,57.85
03/30/2025,20:00,N,LZ_NORTH,118.51
03/30/2025,21:00,N,LZ_NORTH,84.69
03/30/2025,22:00,N,LZ_NORTH,50.46
03/30/2025,23:00,N,LZ_NORTH,33.95
03/30/2025,24:00,N,LZ_NORTH,27.5
03/31/2025,01:00,N,LZ_NORTH,29.84
03/31/2025,02:00,N,LZ_NORTH,30.96
03/31/2025,03:00,N,LZ_NORTH,32.29
03/31/2025,04:00,N,LZ_NORTH,33.77
03/31/2025,05:00,N,LZ_NORTH,37.57
03/31/2025,06:00,N,LZ_NORTH,39.09
03/31/2025,07:00,N,LZ_NORTH,41.97
03/31/2025,08:00,N,LZ_NORTH,42.39
03/31/2025,09:00,N,LZ_NORTH,27.86
03/31/2025,10:00,N,LZ_NORTH,21.04
03/31/2025,11:00,N,LZ_NORTH,19.7
03/31/2025,12:00,N,LZ_NORTH,19.11
03/31/2025,13:00,N,LZ_NORTH,20.22
03/31/2025,14:00,N,LZ_NORTH,21.44
03/31/2025,15:00,N,LZ_NORTH,20.96
03/31/2025,16:00,N,LZ_NORTH,22.89
03/31/2025,17:00,N,LZ_NORTH,21.01
03/31/2025,18:00,N,LZ_NORTH,20.84
03/31/2025,19:00,N,LZ_NORTH,53.1
03/31/2025,20:00,N,LZ_NORTH,110.69
03/31/2025,21:00,N,LZ_NORTH,67.8
03/31/2025,22:00,N,LZ_NORTH,34.55
03/31/2025,23:00,N,LZ_NORTH,28.98
03/31/2025,24:00,N,LZ_NORTH,22.56
04/01/2025,01:00,N,LZ_NORTH,25.89
04/01/2025,02:00,N,LZ_NORTH,21.89
04/01/2025,03:00,N,LZ_NORTH,20.16
04/01/2025,04:00,N,LZ_NORTH,20.15
04/01/2025,05:00,N,LZ_NORTH,20.59
04/01/2025,06:00,N,LZ_NORTH,26.36
04/01/2025,07:00,N,LZ_NORTH,27.31
04/01/2025,08:00,N,LZ_NORTH,28.88
04/01/2025,09:00,N,LZ_NORTH,20.73
04/01/2025,10:00,N,LZ_NORTH,13.95
04/01/2025,11:00,N,LZ_NORTH,7.1
04/01/2025,12:00,N,LZ_NORTH,5.98
04/01/2025,13:00,N,LZ_NORTH,6.36
04/01/2025,14:00,N,LZ_NORTH,10.49
04/01/2025,15:00,N,LZ_NORTH,15.76
04/01/2025,16:00,N,LZ_NORTH,22.66
04/01/2025,17:00,N,LZ_NORTH,31.17
04/01/2025,18:00,N,LZ_NORTH,31.15
04/01/2025,19:00,N,LZ_NORTH,37.13
04/01/2025,20:00,N,LZ_NORTH,50.79
04/01/2025,21:00,N,LZ_NORTH,53.29
04/01/2025,22:00,N,LZ_NORTH,39.17
04/01/2025,23:00,N,LZ_NORTH,37.23
04/01/2025,24:00,N,LZ_NORTH,31.48
04/02/2025,01:00,N,LZ_NORTH,30.67
04/02/2025,02:00,N,LZ_NORTH,27.69
04/02/2025,03:00,N,LZ_NORTH,25.55
04/02/2025,04:00,N,LZ_NORTH,25.48
04/02/2025,05:00,N,LZ_NORTH,27.71
04/02/2025,06:00,N,LZ_NORTH,35.0
04/02/2025,07:00,N,LZ_NORTH,36.19
04/02/2025,08:00,N,LZ_NORTH,34.06
04/02/2025,09:00,N,LZ_NORTH,29.93
04/02/2025,10:00,N,LZ_NORTH,24.71
04/02/2025,11:00,N,LZ_NORTH,23.73
04/02/2025,12:00,N,LZ_NORTH,24.81
04/02/2025,13:00,N,LZ_NORTH,27.84
04/02/2025,14:00,N,LZ_NORTH,29.07
04/02/2025,15:00,N,LZ_NORTH,31.12
04/02/2025,16:00,N,LZ_NORTH,41.46
04/02/2025,17:00,N,LZ_NORTH,46.58
04/02/2025,18:00,N,LZ_NORTH,62.6
04/02/2025,19:00,N,LZ_NORTH,140.0
04/02/2025,20:00,N,LZ_NORTH,201.88
04/02/2025,21:00,N,LZ_NORTH,200.79
04/02/2025,22:00,N,LZ_NORTH,110.54
04/02/2025,23:00,N,LZ_NORTH,100.04
04/02/2025,24:00,N,LZ_NORTH,50.68
04/03/2025,01:00,N,LZ_NORTH,46.15
04/03/2025,02:00,N,LZ_NORTH,41.76
04/03/2025,03:00,N,LZ_NORTH,39.93
04/03/2025,04:00,N,LZ_NORTH,35.57
04/03/2025,05:00,N,LZ_NORTH,34.96
04/03/2025,06:00,N,LZ_NORTH,39.85
04/03/2025,07:00,N,LZ_NORTH,42.3
04/03/2025,08:00,N,LZ_NORTH,39.26
04/03/2025,09:00,N,LZ_NORTH,30.63
04/03/2025,10:00,N,LZ_NORTH,24.31
04/03/2025,11:00,N,LZ_NORTH,23.61
04/03/2025,12:00,N,LZ_NORTH,22.12
04/03/2025,13:00,N,LZ_NORTH,22.93
04/03/2025,14:00,N,LZ_NORTH,24.53
04/03/2025,15:00,N,LZ_NORTH,29.08
04/03/2025,16:00,N,LZ_NORTH,35.77
04/03/2025,17:00,N,LZ_NORTH,40.33
04/03/2025,18:00,N,LZ_NORTH,54.74
04/03/2025,19:00,N,LZ_NORTH,80.1
04/03/2025,20:00,N,LZ_NORTH,96.52
04/03/2025,21:00,N,LZ_NORTH,75.05
04/03/2025,22:00,N,LZ_NORTH,51.55
04/03/2025,23:00,N,LZ_NORTH,53.09
04/03/2025,24:00,N,LZ_NORTH,41.45
04/04/2025,01:00,N,LZ_NORTH,40.53
04/04/2025,02:00,N,LZ_NORTH,38.09
04/04/2025,03:00,N,LZ_NORTH,36.39
04/04/2025,04:00,N,LZ_NORTH,35.42
04/04/2025,05:00,N,LZ_NORTH,35.87
04/04/2025,06:00,N,LZ_NORTH,39.44
04/04/2025,07:00,N,LZ_NORTH,41.16
04/04/2025,08:00,N,LZ_NORTH,37.23
04/04/2025,09:00,N,LZ_NORTH,33.81
04/04/2025,10:00,N,LZ_NORTH,39.84
04/04/2025,11:00,N,LZ_NORTH,37.86
04/04/2025,12:00,N,LZ_NORTH,34.04
04/04/2025,13:00,N,LZ_NORTH,31.91
04/04/2025,14:00,N,LZ_NORTH,29.43
04/04/2025,15:00,N,LZ_NORTH,31.4
04/04/2025,16:00,N,LZ_NORTH,31.07
04/04/2025,17:00,N,LZ_NORTH,34.82
04/04/2025,18:00,N,LZ_NORTH,41.18
04/04/2025,19:00,N,LZ_NORTH,45.31
04/04/2025,20:00,N,LZ_NORTH,49.42
04/04/2025,21:00,N,LZ_NORTH,49.55
04/04/2025,22:00,N,LZ_NORTH,38.58
04/04/2025,23:00,N,LZ_NORTH,40.13
04/04/2025,24:00,N,LZ_NORTH,34.87
04/05/2025,01:00,N,LZ_NORTH,29.37
04/05/2025,02:00,N,LZ_NORTH,27.06
04/05/2025,03:00,N,LZ_NORTH,24.14
04/05/2025,04:00,N,LZ_NORTH,21.07
04/05/2025,05:00,N,LZ_NORTH,18.46
04/05/2025,06:00,N,LZ_NORTH,20.17
04/05/2025,07:00,N,LZ_NORTH,20.41
04/05/2025,08:00,N,LZ_NORTH,22.39
04/05/2025,09:00,N,LZ_NORTH,23.71
04/05/2025,10:00,N,LZ_NORTH,22.63
04/05/2025,11:00,N,LZ_NORTH,24.47
04/05/2025,12:00,N,LZ_NORTH,23.39
04/05/2025,13:00,N,LZ_NORTH,22.28
04/05/2025,14:00,N,LZ_NORTH,20.39
04/05/2025,15:00,N,LZ_NORTH,17.74
04/05/2025,16:00,N,LZ_NORTH,19.34
04/05/2025,17:00,N,LZ_NORTH,22.87
04/05/2025,18:00,N,LZ_NORTH,21.76
04/05/2025,19:00,N,LZ_NORTH,27.35
04/05/2025,20:00,N,LZ_NORTH,32.63
04/05/2025,21:00,N,LZ_NORTH,34.46
04/05/2025,22:00,N,LZ_NORTH,32.0
04/05/2025,23:00,N,LZ_NORTH,26.05
04/05/2025,24:00,N,LZ_NORTH,24.23
04/06/2025,01:00,N,LZ_NORTH,22.17
04/06/2025,02:00,N,LZ_NORTH,21.31
04/06/2025,03:00,N,LZ_NORTH,21.28
04/06/2025,04:00,N,LZ_NORTH,22.69
04/06/2025,05:00,N,LZ_NORTH,25.36
04/06/2025,06:00,N,LZ_NORTH,32.42
04/06/2025,07:00,N,LZ_NORTH,41.04
04/06/2025,08:00,N,LZ_NORTH,42.74
04/06/2025,09:00,N,LZ_NORTH,34.04
04/06/2025,10:00,N,LZ_NORTH,27.46
04/06/2025,11:00,N,LZ_NORTH,19.29
04/06/2025,12:00,N,LZ_NORTH,15.96
04/06/2025,13:00,N,LZ_NORTH,13.04
04/06/2025,14:00,N,LZ_NORTH,9.75
04/06/2025,15:00,N,LZ_NORTH,6.69
04/06/2025,16:00,N,LZ_NORTH,8.37
04/06/2025,17:00,N,LZ_NORTH,12.23
04/06/2025,18:00,N,LZ_NORTH,17.56
04/06/2025,19:00,N,LZ_NORTH,25.8
04/06/2025,20:00,N,LZ_NORTH,60.12
04/06/2025,21:00,N,LZ_NORTH,100.16
04/06/2025,22:00,N,LZ_NORTH,93.19
04/06/2025,23:00,N,LZ_NORTH,75.63
04/06/2025,24:00,N,LZ_NORTH,60.23
04/07/2025,01:00,N,LZ_NORTH,49.28
04/07/2025,02:00,N,LZ_NORTH,47.8
04/07/2025,03:00,N,LZ_NORTH,47.84
04/07/2025,04:00,N,LZ_NORTH,45.05
04/07/2025,05:00,N,LZ_NORTH,46.01
04/07/2025,06:00,N,LZ_NORTH,53.14
04/07/2025,07:00,N,LZ_NORTH,98.95
04/07/2025,08:00,N,LZ_NORTH,96.58
04/07/2025,09:00,N,LZ_NORTH,33.81
04/07/2025,10:00,N,LZ_NORTH,26.57
04/07/2025,11:00,N,LZ_NORTH,24.19
04/07/2025,12:00,N,LZ_NORTH,21.43
04/07/2025,13:00,N,LZ_NORTH,18.36
04/07/2025,14:00,N,LZ_NORTH,18.15
04/07/2025,15:00,N,LZ_NORTH,16.48
04/07/2025,16:00,N,LZ_NORTH,15.37
04/07/2025,17:00,N,LZ_NORTH,15.49
04/07/2025,18:00,N,LZ_NORTH,20.35
04/07/2025,19:00,N,LZ_NORTH,32.08
04/07/2025,20:00,N,LZ_NORTH,96.05
04/07/2025,21:00,N,LZ_NORTH,106.66
04/07/2025,22:00,N,LZ_NORTH,75.98
04/07/2025,23:00,N,LZ_NORTH,46.26
04/07/2025,24:00,N,LZ_NORTH,33.02
04/08/2025,01:00,N,LZ_NORTH,33.94
04/08/2025,02:00,N,LZ_NORTH,28.76
04/08/2025,03:00,N,LZ_NORTH,24.23
04/08/2025,04:00,N,LZ_NORTH,24.49
04/08/2025,05:00,N,LZ_NORTH,25.24
04/08/2025,06:00,N,LZ_NORTH,39.04
04/08/2025,07:00,N,LZ_NORTH,54.6
04/08/2025,08:00,N,LZ_NORTH,50.91
04/08/2025,09:00,N,LZ_NORTH,26.21
04/08/2025,10:00,N,LZ_NORTH,19.76
04/08/2025,11:00,N,LZ_NORTH,14.82
04/08/2025,12:00,N,LZ_NORTH,12.58
04/08/2025,13:00,N,LZ_NORTH,11.39
04/08/2025,14:00,N,LZ_NORTH,12.65
04/08/2025,15:00,N,LZ_NORTH,12.01
04/08/2025,16:00,N,LZ_NORTH,13.89
04/08/2025,17:00,N,LZ_NORTH,18.67
04/08/2025,18:00,N,LZ_NORTH,23.65
04/08/2025,19:00,N,LZ_NORTH,34.25
04/08/2025,20:00,N,LZ_NORTH,62.9
04/08/2025,21:00,N,LZ_NORTH,48.17
04/08/2025,22:00,N,LZ_NORTH,30.38
04/08/2025,23:00,N,LZ_NORTH,23.69
04/08/2025,24:00,N,LZ_NORTH,19.53
04/09/2025,01:00,N,LZ_NORTH,21.7
04/09/2025,02:00,N,LZ_NORTH,19.08
04/09/2025,03:00,N,LZ_NORTH,17.33
04/09/2025,04:00,N,LZ_NORTH,17.17
04/09/2025,05:00,N,LZ_NORTH,19.52
04/09/2025,06:00,N,LZ_NORTH,28.91
04/09/2025,07:00,N,LZ_NORTH,27.76
04/09/2025,08:00,N,LZ_NORTH,22.24
04/09/2025,09:00,N,LZ_NORTH,9.76
04/09/2025,10:00,N,LZ_NORTH,3.02
04/09/2025,11:00,N,LZ_NORTH,1.44
04/09/2025,12:00,N,LZ_NORTH,1.79
04/09/2025,13:00,N,LZ_NORTH,3.87
04/09/2025,14:00,N,LZ_NORTH,6.06
04/09/2025,15:00,N,LZ_NORTH,9.85
04/09/2025,16:00,N,LZ_NORTH,14.69
04/09/2025,17:00,N,LZ_NORTH,17.57
04/09/2025,18:00,N,LZ_NORTH,25.06
04/09/2025,19:00,N,LZ_NORTH,38.73
04/09/2025,20:00,N,LZ_NORTH,103.04
04/09/2025,21:00,N,LZ_NORTH,81.62
04/09/2025,22:00,N,LZ_NORTH,47.51
04/09/2025,23:00,N,LZ_NORTH,35.07
04/09/2025,24:00,N,LZ_NORTH,29.73
04/10/2025,01:00,N,LZ_NORTH,30.3
04/10/2025,02:00,N,LZ_NORTH,27.57
04/10/2025,03:00,N,LZ_NORTH,28.43
04/10/2025,04:00,N,LZ_NORTH,31.16
04/10/2025,05:00,N,LZ_NORTH,37.02
04/10/2025,06:00,N,LZ_NORTH,48.75
04/10/2025,07:00,N,LZ_NORTH,53.01
04/10/2025,08:00,N,LZ_NORTH,50.18
04/10/2025,09:00,N,LZ_NORTH,24.98
04/10/2025,10:00,N,LZ_NORTH,14.35
04/10/2025,11:00,N,LZ_NORTH,17.24
04/10/2025,12:00,N,LZ_NORTH,18.07
04/10/2025,13:00,N,LZ_NORTH,19.47
04/10/2025,14:00,N,LZ_NORTH,22.64
04/10/2025,15:00,N,LZ_NORTH,23.55
04/10/2025,16:00,N,LZ_NORTH,25.77
04/10/2025,17:00,N,LZ_NORTH,26.64
04/10/2025,18:00,N,LZ_NORTH,29.78
04/10/2025,19:00,N,LZ_NORTH,45.68
04/10/2025,20:00,N,LZ_NORTH,108.88
04/10/2025,21:00,N,LZ_NORTH,62.18
04/10/2025,22:00,N,LZ_NORTH,37.02
04/10/2025,23:00,N,LZ_NORTH,35.66
04/10/2025,24:00,N,LZ_NORTH,28.49
04/11/2025,01:00,N,LZ_NORTH,29.98
04/11/2025,02:00,N,LZ_NORTH,25.02
04/11/2025,03:00,N,LZ_NORTH,25.11
04/11/2025,04:00,N,LZ_NORTH,27.76
04/11/2025,05:00,N,LZ_NORTH,29.11
04/11/2025,06:00,N,LZ_NORTH,36.53
04/11/2025,07:00,N,LZ_NORTH,44.56
04/11/2025,08:00,N,LZ_NORTH,39.62
04/11/2025,09:00,N,LZ_NORTH,25.24
04/11/2025,10:00,N,LZ_NORTH,16.85
04/11/2025,11:00,N,LZ_NORTH,14.68
04/11/2025,12:00,N,LZ_NORTH,13.5
04/11/2025,13:00,N,LZ_NORTH,17.46
04/11/2025,14:00,N,LZ_NORTH,20.05
04/11/2025,15:00,N,LZ_NORTH,22.61
04/11/2025,16:00,N,LZ_NORTH,26.96
04/11/2025,17:00,N,LZ_NORTH,30.63
04/11/2025,18:00,N,LZ_NORTH,29.07
04/11/2025,19:00,N,LZ_NORTH,44.22
04/11/2025,20:00,N,LZ_NORTH,90.79
04/11/2025,21:00,N,LZ_NORTH,58.31
04/11/2025,22:00,N,LZ_NORTH,33.25
04/11/2025,23:00,N,LZ_NORTH,28.3
04/11/2025,24:00,N,LZ_NORTH,24.69
04/12/2025,01:00,N,LZ_NORTH,23.76
04/12/2025,02:00,N,LZ_NORTH,20.87
04/12/2025,03:00,N,LZ_NORTH,18.83
04/12/2025,04:00,N,LZ_NORTH,17.98
04/12/2025,05:00,N,LZ_NORTH,17.9
04/12/2025,06:00,N,LZ_NORTH,19.94
04/12/2025,07:00,N,LZ_NORTH,20.02
04/12/2025,08:00,N,LZ_NORTH,20.03
04/12/2025,09:00,N,LZ_NORTH,8.87
04/12/2025,10:00,N,LZ_NORTH,7.56
04/12/2025,11:00,N,LZ_NORTH,5.28
04/12/2025,12:00,N,LZ_NORTH,6.6
04/12/2025,13:00,N,LZ_NORTH,9.11
04/12/2025,14:00,N,LZ_NORTH,11.13
04/12/2025,15:00,N,LZ_NORTH,15.08
04/12/2025,16:00,N,LZ_NORTH,18.05
04/12/2025,17:00,N,LZ_NORTH,21.41
04/12/2025,18:00,N,LZ_NORTH,28.82
04/12/2025,19:00,N,LZ_NORTH,38.76
04/12/2025,20:00,N,LZ_NORTH,53.32
04/12/2025,21:00,N,LZ_NORTH,47.28
04/12/2025,22:00,N,LZ_NORTH,36.0
04/12/2025,23:00,N,LZ_NORTH,30.71
04/12/2025,24:00,N,LZ_NORTH,26.64
04/13/2025,01:00,N,LZ_NORTH,22.28
04/13/2025,02:00,N,LZ_NORTH,20.64
04/13/2025,03:00,N,LZ_NORTH,18.72
04/13/2025,04:00,N,LZ_NORTH,16.8
04/13/2025,05:00,N,LZ_NORTH,15.85
04/13/2025,06:00,N,LZ_NORTH,17.12
04/13/2025,07:00,N,LZ_NORTH,17.49
04/13/2025,08:00,N,LZ_NORTH,16.17
04/13/2025,09:00,N,LZ_NORTH,7.86
04/13/2025,10:00,N,LZ_NORTH,3.85
04/13/2025,11:00,N,LZ_NORTH,4.72
04/13/2025,12:00,N,LZ_NORTH,8.7
04/13/2025,13:00,N,LZ_NORTH,15.41
04/13/2025,14:00,N,LZ_NORTH,21.01
04/13/2025,15:00,N,LZ_NORTH,28.78
04/13/2025,16:00,N,LZ_NORTH,34.46
04/13/2025,17:00,N,LZ_NORTH,38.73
04/13/2025,18:00,N,LZ_NORTH,43.1
04/13/2025,19:00,N,LZ_NORTH,57.67
04/13/2025,20:00,N,LZ_NORTH,77.95
04/13/2025,21:00,N,LZ_NORTH,77.41
04/13/2025,22:00,N,LZ_NORTH,44.55
04/13/2025,23:00,N,LZ_NORTH,34.83
04/13/2025,24:00,N,LZ_NORTH,28.43
04/14/2025,01:00,N,LZ_NORTH,25.64
04/14/2025,02:00,N,LZ_NORTH,23.03
04/14/2025,03:00,N,LZ_NORTH,18.83
04/14/2025,04:00,N,LZ_NORTH,18.63
04/14/2025,05:00,N,LZ_NORTH,18.45
04/14/2025,06:00,N,LZ_NORTH,25.17
04/14/2025,07:00,N,LZ_NORTH,24.94
04/14/2025,08:00,N,LZ_NORTH,28.86
04/14/2025,09:00,N,LZ_NORTH,17.56
04/14/2025,10:00,N,LZ_NORTH,11.92
04/14/2025,11:00,N,LZ_NORTH,12.85
04/14/2025,12:00,N,LZ_NORTH,16.86
04/14/2025,13:00,N,LZ_NORTH,20.22
04/14/2025,14:00,N,LZ_NORTH,25.56
04/14/2025,15:00,N,LZ_NORTH,24.96
04/14/2025,16:00,N,LZ_NORTH,29.82
04/14/2025,17:00,N,LZ_NORTH,38.23
04/14/2025,18:00,N,LZ_NORTH,45.47
04/14/2025,19:00,N,LZ_NORTH,69.83
04/14/2025,20:00,N,LZ_NORTH,122.29
04/14/2025,21:00,N,LZ_NORTH,91.58
04/14/2025,22:00,N,LZ_NORTH,46.0
04/14/2025,23:00,N,LZ_NORTH,40.81
04/14/2025,24:00,N,LZ_NORTH,28.34
04/15/2025,01:00,N,LZ_NORTH,25.22
04/15/2025,02:00,N,LZ_NORTH,22.57
04/15/2025,03:00,N,LZ_NORTH,21.56
04/15/2025,04:00,N,LZ_NORTH,20.24
04/15/2025,05:00,N,LZ_NORTH,21.49
04/15/2025,06:00,N,LZ_NORTH,27.47
04/15/2025,07:00,N,LZ_NORTH,36.74
04/15/2025,08:00,N,LZ_NORTH,40.98
04/15/2025,09:00,N,LZ_NORTH,23.86
04/15/2025,10:00,N,LZ_NORTH,15.35
04/15/2025,11:00,N,LZ_NORTH,11.42
04/15/2025,12:00,N,LZ_NORTH,11.52
04/15/2025,13:00,N,LZ_NORTH,12.98
04/15/2025,14:00,N,LZ_NORTH,16.46
04/15/2025,15:00,N,LZ_NORTH,20.76
04/15/2025,16:00,N,LZ_NORTH,22.11
04/15/2025,17:00,N,LZ_NORTH,22.74
04/15/2025,18:00,N,LZ_NORTH,25.46
04/15/2025,19:00,N,LZ_NORTH,30.79
04/15/2025,20:00,N,LZ_NORTH,73.79
04/15/2025,21:00,N,LZ_NORTH,88.5
04/15/2025,22:00,N,LZ_NORTH,49.29
04/15/2025,23:00,N,LZ_NORTH,34.69
04/15/2025,24:00,N,LZ_NORTH,26.85
04/16/2025,01:00,N,LZ_NORTH,28.46
04/16/2025,02:00,N,LZ_NORTH,25.25
04/16/2025,03:00,N,LZ_NORTH,22.54
04/16/2025,04:00,N,LZ_NORTH,21.63
04/16/2025,05:00,N,LZ_NORTH,22.34
04/16/2025,06:00,N,LZ_NORTH,31.47
04/16/2025,07:00,N,LZ_NORTH,31.92
04/16/2025,08:00,N,LZ_NORTH,31.29
04/16/2025,09:00,N,LZ_NORTH,19.95
04/16/2025,10:00,N,LZ_NORTH,9.6
04/16/2025,11:00,N,LZ_NORTH,7.37
04/16/2025,12:00,N,LZ_NORTH,8.94
04/16/2025,13:00,N,LZ_NORTH,11.62
04/16/2025,14:00,N,LZ_NORTH,14.63
04/16/2025,15:00,N,LZ_NORTH,19.07
04/16/2025,16:00,N,LZ_NORTH,25.35
04/16/2025,17:00,N,LZ_NORTH,28.26
04/16/2025,18:00,N,LZ_NORTH,29.41
04/16/2025,19:00,N,LZ_NORTH,42.79
04/16/2025,20:00,N,LZ_NORTH,52.99
04/16/2025,21:00,N,LZ_NORTH,48.66
04/16/2025,22:00,N,LZ_NORTH,37.9
04/16/2025,23:00,N,LZ_NORTH,34.33
04/16/2025,24:00,N,LZ_NORTH,24.97
04/17/2025,01:00,N,LZ_NORTH,21.8
04/17/2025,02:00,N,LZ_NORTH,18.96
04/17/2025,03:00,N,LZ_NORTH,17.69
04/17/2025,04:00,N,LZ_NORTH,16.59
04/17/2025,05:00,N,LZ_NORTH,17.34
04/17/2025,06:00,N,LZ_NORTH,25.24
04/17/2025,07:00,N,LZ_NORTH,23.4
04/17/2025,08:00,N,LZ_NORTH,24.38
04/17/2025,09:00,N,LZ_NORTH,18.97
04/17/2025,10:00,N,LZ_NORTH,14.96
04/17/2025,11:00,N,LZ_NORTH,14.9
04/17/2025,12:00,N,LZ_NORTH,21.13
04/17/2025,13:00,N,LZ_NORTH,28.26
04/17/2025,14:00,N,LZ_NORTH,29.51
04/17/2025,15:00,N,LZ_NORTH,33.9
04/17/2025,16:00,N,LZ_NORTH,37.54
04/17/2025,17:00,N,LZ_NORTH,41.11
04/17/2025,18:00,N,LZ_NORTH,43.27
04/17/2025,19:00,N,LZ_NORTH,49.64
04/17/2025,20:00,N,LZ_NORTH,50.32
04/17/2025,21:00,N,LZ_NORTH,48.79
04/17/2025,22:00,N,LZ_NORTH,36.73
04/17/2025,23:00,N,LZ_NORTH,32.08
04/17/2025,24:00,N,LZ_NORTH,25.59
04/18/2025,01:00,N,LZ_NORTH,26.82
04/18/2025,02:00,N,LZ_NORTH,22.94
04/18/2025,03:00,N,LZ_NORTH,19.41
04/18/2025,04:00,N,LZ_NORTH,18.75
04/18/2025,05:00,N,LZ_NORTH,19.13
04/18/2025,06:00,N,LZ_NORTH,23.93
04/18/2025,07:00,N,LZ_NORTH,25.73
04/18/2025,08:00,N,LZ_NORTH,29.08
04/18/2025,09:00,N,LZ_NORTH,26.15
04/18/2025,10:00,N,LZ_NORTH,22.21
04/18/2025,11:00,N,LZ_NORTH,25.09
04/18/2025,12:00,N,LZ_NORTH,26.01
04/18/2025,13:00,N,LZ_NORTH,27.21
04/18/2025,14:00,N,LZ_NORTH,30.11
04/18/2025,15:00,N,LZ_NORTH,34.02
04/18/2025,16:00,N,LZ_NORTH,35.69
04/18/2025,17:00,N,LZ_NORTH,39.72
04/18/2025,18:00,N,LZ_NORTH,42.71
04/18/2025,19:00,N,LZ_NORTH,51.93
04/18/2025,20:00,N,LZ_NORTH,47.75
04/18/2025,21:00,N,LZ_NORTH,45.64
04/18/2025,22:00,N,LZ_NORTH,39.48
04/18/2025,23:00,N,LZ_NORTH,35.14
04/18/2025,24:00,N,LZ_NORTH,26.68
04/19/2025,01:00,N,LZ_NORTH,22.67
04/19/2025,02:00,N,LZ_NORTH,20.23
04/19/2025,03:00,N,LZ_NORTH,19.49
04/19/2025,04:00,N,LZ_NORTH,17.78
04/19/2025,05:00,N,LZ_NORTH,17.53
04/19/2025,06:00,N,LZ_NORTH,18.87
04/19/2025,07:00,N,LZ_NORTH,21.26
04/19/2025,08:00,N,LZ_NORTH,23.72
04/19/2025,09:00,N,LZ_NORTH,22.2
04/19/2025,10:00,N,LZ_NORTH,22.09
04/19/2025,11:00,N,LZ_NORTH,21.57
04/19/2025,12:00,N,LZ_NORTH,21.67
04/19/2025,13:00,N,LZ_NORTH,21.98
04/19/2025,14:00,N,LZ_NORTH,20.9
04/19/2025,15:00,N,LZ_NORTH,18.8
04/19/2025,16:00,N,LZ_NORTH,18.71
04/19/2025,17:00,N,LZ_NORTH,19.03
04/19/2025,18:00,N,LZ_NORTH,22.42
04/19/2025,19:00,N,LZ_NORTH,26.05
04/19/2025,20:00,N,LZ_NORTH,38.49
04/19/2025,21:00,N,LZ_NORTH,44.72
04/19/2025,22:00,N,LZ_NORTH,38.93
04/19/2025,23:00,N,LZ_NORTH,29.9
04/19/2025,24:00,N,LZ_NORTH,25.27
04/20/2025,01:00,N,LZ_NORTH,20.99
04/20/2025,02:00,N,LZ_NORTH,21.26
04/20/2025,03:00,N,LZ_NORTH,23.0
04/20/2025,04:00,N,LZ_NORTH,24.68
04/20/2025,05:00,N,LZ_NORTH,25.95
04/20/2025,06:00,N,LZ_NORTH,25.18
04/20/2025,07:00,N,LZ_NORTH,24.63
04/20/2025,08:00,N,LZ_NORTH,23.52
04/20/2025,09:00,N,LZ_NORTH,19.47
04/20/2025,10:00,N,LZ_NORTH,16.24
04/20/2025,11:00,N,LZ_NORTH,13.11
04/20/2025,12:00,N,LZ_NORTH,12.23
04/20/2025,13:00,N,LZ_NORTH,14.04
04/20/2025,14:00,N,LZ_NORTH,15.56
04/20/2025,15:00,N,LZ_NORTH,16.92
04/20/2025,16:00,N,LZ_NORTH,19.29
04/20/2025,17:00,N,LZ_NORTH,20.84
04/20/2025,18:00,N,LZ_NORTH,27.23
04/20/2025,19:00,N,LZ_NORTH,50.73
04/20/2025,20:00,N,LZ_NORTH,169.88
04/20/2025,21:00,N,LZ_NORTH,224.62
04/20/2025,22:00,N,LZ_NORTH,167.73
04/20/2025,23:00,N,LZ_NORTH,80.1
04/20/2025,24:00,N,LZ_NORTH,47.32
04/21/2025,01:00,N,LZ_NORTH,39.72
04/21/2025,02:00,N,LZ_NORTH,31.91
04/21/2025,03:00,N,LZ_NORTH,28.13
04/21/2025,04:00,N,LZ_NORTH,26.62
04/21/2025,05:00,N,LZ_NORTH,32.37
04/21/2025,06:00,N,LZ_NORTH,38.21
04/21/2025,07:00,N,LZ_NORTH,46.92
04/21/2025,08:00,N,LZ_NORTH,37.0
04/21/2025,09:00,N,LZ_NORTH,19.27
04/21/2025,10:00,N,LZ_NORTH,18.14
04/21/2025,11:00,N,LZ_NORTH,18.59
04/21/2025,12:00,N,LZ_NORTH,17.53
04/21/2025,13:00,N,LZ_NORTH,17.8
04/21/2025,14:00,N,LZ_NORTH,18.78
04/21/2025,15:00,N,LZ_NORTH,19.9
04/21/2025,16:00,N,LZ_NORTH,21.37
04/21/2025,17:00,N,LZ_NORTH,21.47
04/21/2025,18:00,N,LZ_NORTH,17.61
04/21/2025,19:00,N,LZ_NORTH,26.9
04/21/2025,20:00,N,LZ_NORTH,90.99
04/21/2025,21:00,N,LZ_NORTH,73.06
04/21/2025,22:00,N,LZ_NORTH,32.52
04/21/2025,23:00,N,LZ_NORTH,21.7
04/21/2025,24:00,N,LZ_NORTH,20.74
04/22/2025,01:00,N,LZ_NORTH,19.62
04/22/2025,02:00,N,LZ_NORTH,16.25
04/22/2025,03:00,N,LZ_NORTH,14.76
04/22/2025,04:00,N,LZ_NORTH,14.37
04/22/2025,05:00,N,LZ_NORTH,15.23
04/22/2025,06:00,N,LZ_NORTH,19.66
04/22/2025,07:00,N,LZ_NORTH,23.73
04/22/2025,08:00,N,LZ_NORTH,25.51
04/22/2025,09:00,N,LZ_NORTH,18.73
04/22/2025,10:00,N,LZ_NORTH,20.22
04/22/2025,11:00,N,LZ_NORTH,17.28
04/22/2025,12:00,N,LZ_NORTH,15.05
04/22/2025,13:00,N,LZ_NORTH,17.05
04/22/2025,14:00,N,LZ_NORTH,20.95
04/22/2025,15:00,N,LZ_NORTH,24.94
04/22/2025,16:00,N,LZ_NORTH,28.87
04/22/2025,17:00,N,LZ_NORTH,30.77
04/22/2025,18:00,N,LZ_NORTH,29.73
04/22/2025,19:00,N,LZ_NORTH,36.66
04/22/2025,20:00,N,LZ_NORTH,71.56
04/22/2025,21:00,N,LZ_NORTH,91.52
04/22/2025,22:00,N,LZ_NORTH,59.79
04/22/2025,23:00,N,LZ_NORTH,45.93
04/22/2025,24:00,N,LZ_NORTH,33.66
04/23/2025,01:00,N,LZ_NORTH,30.27
04/23/2025,02:00,N,LZ_NORTH,27.8
04/23/2025,03:00,N,LZ_NORTH,28.52
04/23/2025,04:00,N,LZ_NORTH,28.99
04/23/2025,05:00,N,LZ_NORTH,30.88
04/23/2025,06:00,N,LZ_NORTH,35.34
04/23/2025,07:00,N,LZ_NORTH,43.17
04/23/2025,08:00,N,LZ_NORTH,45.52
04/23/2025,09:00,N,LZ_NORTH,37.74
04/23/2025,10:00,N,LZ_NORTH,28.79
04/23/2025,11:00,N,LZ_NORTH,24.04
04/23/2025,12:00,N,LZ_NORTH,23.21
04/23/2025,13:00,N,LZ_NORTH,23.03
04/23/2025,14:00,N,LZ_NORTH,20.07
04/23/2025,15:00,N,LZ_NORTH,21.32
04/23/2025,16:00,N,LZ_NORTH,22.14
04/23/2025,17:00,N,LZ_NORTH,26.97
04/23/2025,18:00,N,LZ_NORTH,29.26
04/23/2025,19:00,N,LZ_NORTH,39.05
04/23/2025,20:00,N,LZ_NORTH,48.68
04/23/2025,21:00,N,LZ_NORTH,68.23
04/23/2025,22:00,N,LZ_NORTH,43.54
04/23/2025,23:00,N,LZ_NORTH,33.71
04/23/2025,24:00,N,LZ_NORTH,24.16
04/24/2025,01:00,N,LZ_NORTH,22.49
04/24/2025,02:00,N,LZ_NORTH,22.27
04/24/2025,03:00,N,LZ_NORTH,21.55
04/24/2025,04:00,N,LZ_NORTH,23.52
04/24/2025,05:00,N,LZ_NORTH,26.67
04/24/2025,06:00,N,LZ_NORTH,32.2
04/24/2025,07:00,N,LZ_NORTH,34.87
04/24/2025,08:00,N,LZ_NORTH,37.34
04/24/2025,09:00,N,LZ_NORTH,27.69
04/24/2025,10:00,N,LZ_NORTH,23.17
04/24/2025,11:00,N,LZ_NORTH,19.89
04/24/2025,12:00,N,LZ_NORTH,18.06
04/24/2025,13:00,N,LZ_NORTH,20.02
04/24/2025,14:00,N,LZ_NORTH,19.96
04/24/2025,15:00,N,LZ_NORTH,23.05
04/24/2025,16:00,N,LZ_NORTH,26.2
04/24/2025,17:00,N,LZ_NORTH,31.54
04/24/2025,18:00,N,LZ_NORTH,33.48
04/24/2025,19:00,N,LZ_NORTH,42.14
04/24/2025,20:00,N,LZ_NORTH,82.25
04/24/2025,21:00,N,LZ_NORTH,85.6
04/24/2025,22:00,N,LZ_NORTH,55.03
04/24/2025,23:00,N,LZ_NORTH,37.58
04/24/2025,24:00,N,LZ_NORTH,29.46
04/25/2025,01:00,N,LZ_NORTH,22.54
04/25/2025,02:00,N,LZ_NORTH,22.0
04/25/2025,03:00,N,LZ_NORTH,21.62
04/25/2025,04:00,N,LZ_NORTH,22.29
04/25/2025,05:00,N,LZ_NORTH,27.69
04/25/2025,06:00,N,LZ_NORTH,31.98
04/25/2025,07:00,N,LZ_NORTH,46.48
04/25/2025,08:00,N,LZ_NORTH,41.83
04/25/2025,09:00,N,LZ_NORTH,31.05
04/25/2025,10:00,N,LZ_NORTH,23.64
04/25/2025,11:00,N,LZ_NORTH,21.83
04/25/2025,12:00,N,LZ_NORTH,23.38
04/25/2025,13:00,N,LZ_NORTH,27.75
04/25/2025,14:00,N,LZ_NORTH,31.23
04/25/2025,15:00,N,LZ_NORTH,38.13
04/25/2025,16:00,N,LZ_NORTH,38.37
04/25/2025,17:00,N,LZ_NORTH,46.81
04/25/2025,18:00,N,LZ_NORTH,48.32
04/25/2025,19:00,N,LZ_NORTH,64.41
04/25/2025,20:00,N,LZ_NORTH,98.51
04/25/2025,21:00,N,LZ_NORTH,77.03
04/25/2025,22:00,N,LZ_NORTH,51.9
04/25/2025,23:00,N,LZ_NORTH,43.61
04/25/2025,24:00,N,LZ_NORTH,34.76
04/26/2025,01:00,N,LZ_NORTH,25.01
04/26/2025,02:00,N,LZ_NORTH,22.45
04/26/2025,03:00,N,LZ_NORTH,20.97
04/26/2025,04:00,N,LZ_NORTH,20.77
04/26/2025,05:00,N,LZ_NORTH,22.76
04/26/2025,06:00,N,LZ_NORTH,26.17
04/26/2025,07:00,N,LZ_NORTH,30.02
04/26/2025,08:00,N,LZ_NORTH,27.37
04/26/2025,09:00,N,LZ_NORTH,19.66
04/26/2025,10:00,N,LZ_NORTH,18.24
04/26/2025,11:00,N,LZ_NORTH,16.64
04/26/2025,12:00,N,LZ_NORTH,17.57
04/26/2025,13:00,N,LZ_NORTH,17.7
04/26/2025,14:00,N,LZ_NORTH,18.0
04/26/2025,15:00,N,LZ_NORTH,20.68
04/26/2025,16:00,N,LZ_NORTH,20.85
04/26/2025,17:00,N,LZ_NORTH,22.91
04/26/2025,18:00,N,LZ_NORTH,23.6
04/26/2025,19:00,N,LZ_NORTH,37.41
04/26/2025,20:00,N,LZ_NORTH,68.57
04/26/2025,21:00,N,LZ_NORTH,71.25
04/26/2025,22:00,N,LZ_NORTH,43.39
04/26/2025,23:00,N,LZ_NORTH,29.0
04/26/2025,24:00,N,LZ_NORTH,24.78
04/27/2025,01:00,N,LZ_NORTH,18.66
04/27/2025,02:00,N,LZ_NORTH,17.88
04/27/2025,03:00,N,LZ_NORTH,15.2
04/27/2025,04:00,N,LZ_NORTH,15.02
04/27/2025,05:00,N,LZ_NORTH,14.31
04/27/2025,06:00,N,LZ_NORTH,17.97
04/27/2025,07:00,N,LZ_NORTH,19.7
04/27/2025,08:00,N,LZ_NORTH,16.19
04/27/2025,09:00,N,LZ_NORTH,10.54
04/27/2025,10:00,N,LZ_NORTH,9.24
04/27/2025,11:00,N,LZ_NORTH,8.46
04/27/2025,12:00,N,LZ_NORTH,10.14
04/27/2025,13:00,N,LZ_NORTH,12.85
04/27/2025,14:00,N,LZ_NORTH,14.86
04/27/2025,15:00,N,LZ_NORTH,16.69
04/27/2025,16:00,N,LZ_NORTH,20.13
04/27/2025,17:00,N,LZ_NORTH,22.66
04/27/2025,18:00,N,LZ_NORTH,28.74
04/27/2025,19:00,N,LZ_NORTH,33.08
04/27/2025,20:00,N,LZ_NORTH,40.54
04/27/2025,21:00,N,LZ_NORTH,40.87
04/27/2025,22:00,N,LZ_NORTH,30.92
04/27/2025,23:00,N,LZ_NORTH,21.78
04/27/2025,24:00,N,LZ_NORTH,18.83
04/28/2025,01:00,N,LZ_NORTH,24.81
04/28/2025,02:00,N,LZ_NORTH,19.71
04/28/2025,03:00,N,LZ_NORTH,16.63
04/28/2025,04:00,N,LZ_NORTH,15.33
04/28/2025,05:00,N,LZ_NORTH,16.11
04/28/2025,06:00,N,LZ_NORTH,19.59
04/28/2025,07:00,N,LZ_NORTH,21.34
04/28/2025,08:00,N,LZ_NORTH,26.35
04/28/2025,09:00,N,LZ_NORTH,22.44
04/28/2025,10:00,N,LZ_NORTH,19.2
04/28/2025,11:00,N,LZ_NORTH,18.48
04/28/2025,12:00,N,LZ_NORTH,22.07
04/28/2025,13:00,N,LZ_NORTH,25.85
04/28/2025,14:00,N,LZ_NORTH,23.71
04/28/2025,15:00,N,LZ_NORTH,27.07
04/28/2025,16:00,N,LZ_NORTH,28.97
04/28/2025,17:00,N,LZ_NORTH,31.05
04/28/2025,18:00,N,LZ_NORTH,36.55
04/28/2025,19:00,N,LZ_NORTH,49.73
04/28/2025,20:00,N,LZ_NORTH,67.32
04/28/2025,21:00,N,LZ_NORTH,70.74
04/28/2025,22:00,N,LZ_NORTH,49.52
04/28/2025,23:00,N,LZ_NORTH,34.66
04/28/2025,24:00,N,LZ_NORTH,27.81
04/29/2025,01:00,N,LZ_NORTH,39.45
04/29/2025,02:00,N,LZ_NORTH,26.47
04/29/2025,03:00,N,LZ_NORTH,24.35
04/29/2025,04:00,N,LZ_NORTH,24.0
04/29/2025,05:00,N,LZ_NORTH,26.19
04/29/2025,06:00,N,LZ_NORTH,28.38
04/29/2025,07:00,N,LZ_NORTH,35.83
04/29/2025,08:00,N,LZ_NORTH,34.59
04/29/2025,09:00,N,LZ_NORTH,23.17
04/29/2025,10:00,N,LZ_NORTH,18.85
04/29/2025,11:00,N,LZ_NORTH,18.51
04/29/2025,12:00,N,LZ_NORTH,21.94
04/29/2025,13:00,N,LZ_NORTH,23.9
04/29/2025,14:00,N,LZ_NORTH,26.14
04/29/2025,15:00,N,LZ_NORTH,29.47
04/29/2025,16:00,N,LZ_NORTH,29.04
04/29/2025,17:00,N,LZ_NORTH,27.7
04/29/2025,18:00,N,LZ_NORTH,29.16
04/29/2025,19:00,N,LZ_NORTH,46.91
04/29/2025,20:00,N,LZ_NORTH,75.58
04/29/2025,21:00,N,LZ_NORTH,87.85
04/29/2025,22:00,N,LZ_NORTH,75.32
04/29/2025,23:00,N,LZ_NORTH,58.91
04/29/2025,24:00,N,LZ_NORTH,37.91
04/30/2025,01:00,N,LZ_NORTH,31.36
04/30/2025,02:00,N,LZ_NORTH,28.45
04/30/2025,03:00,N,LZ_NORTH,25.25
04/30/2025,04:00,N,LZ_NORTH,25.02
04/30/2025,05:00,N,LZ_NORTH,26.41
04/30/2025,06:00,N,LZ_NORTH,31.11
04/30/2025,07:00,N,LZ_NORTH,43.47
04/30/2025,08:00,N,LZ_NORTH,44.74
04/30/2025,09:00,N,LZ_NORTH,42.72
04/30/2025,10:00,N,LZ_NORTH,37.2
04/30/2025,11:00,N,LZ_NORTH,37.53
04/30/2025,12:00,N,LZ_NORTH,32.75
04/30/2025,13:00,N,LZ_NORTH,32.12
04/30/2025,14:00,N,LZ_NORTH,30.38
04/30/2025,15:00,N,LZ_NORTH,27.91
04/30/2025,16:00,N,LZ_NORTH,26.8
04/30/2025,17:00,N,LZ_NORTH,25.92
04/30/2025,18:00,N,LZ_NORTH,28.3
04/30/2025,19:00,N,LZ_NORTH,33.6
04/30/2025,20:00,N,LZ_NORTH,82.59
04/30/2025,21:00,N,LZ_NORTH,99.16
04/30/2025,22:00,N,LZ_NORTH,115.06
04/30/2025,23:00,N,LZ_NORTH,86.1
04/30/2025,24:00,N,LZ_NORTH,59.13
05/01/2025,01:00,N,LZ_NORTH,50.98
05/01/2025,02:00,N,LZ_NORTH,38.18
05/01/2025,03:00,N,LZ_NORTH,33.37
05/01/2025,04:00,N,LZ_NORTH,31.98
05/01/2025,05:00,N,LZ_NORTH,32.66
05/01/2025,06:00,N,LZ_NORTH,36.94
05/01/2025,07:00,N,LZ_NORTH,56.14
05/01/2025,08:00,N,LZ_NORTH,43.35
05/01/2025,09:00,N,LZ_NORTH,23.8
05/01/2025,10:00,N,LZ_NORTH,21.87
05/01/2025,11:00,N,LZ_NORTH,21.46
05/01/2025,12:00,N,LZ_NORTH,23.43
05/01/2025,13:00,N,LZ_NORTH,23.75
05/01/2025,14:00,N,LZ_NORTH,29.01
05/01/2025,15:00,N,LZ_NORTH,33.41
05/01/2025,16:00,N,LZ_NORTH,38.86
05/01/2025,17:00,N,LZ_NORTH,45.13
05/01/2025,18:00,N,LZ_NORTH,56.54
05/01/2025,19:00,N,LZ_NORTH,93.74
05/01/2025,20:00,N,LZ_NORTH,175.8
05/01/2025,21:00,N,LZ_NORTH,132.62
05/01/2025,22:00,N,LZ_NORTH,59.39
05/01/2025,23:00,N,LZ_NORTH,32.98
05/01/2025,24:00,N,LZ_NORTH,25.0
05/02/2025,01:00,N,LZ_NORTH,22.89
05/02/2025,02:00,N,LZ_NORTH,23.1
05/02/2025,03:00,N,LZ_NORTH,22.21
05/02/2025,04:00,N,LZ_NORTH,21.3
05/02/2025,05:00,N,LZ_NORTH,22.98
05/02/2025,06:00,N,LZ_NORTH,24.46
05/02/2025,07:00,N,LZ_NORTH,32.58
05/02/2025,08:00,N,LZ_NORTH,31.12
05/02/2025,09:00,N,LZ_NORTH,25.84
05/02/2025,10:00,N,LZ_NORTH,22.94
05/02/2025,11:00,N,LZ_NORTH,23.05
05/02/2025,12:00,N,LZ_NORTH,23.33
05/02/2025,13:00,N,LZ_NORTH,24.1
05/02/2025,14:00,N,LZ_NORTH,23.22
05/02/2025,15:00,N,LZ_NORTH,22.15
05/02/2025,16:00,N,LZ_NORTH,20.98
05/02/2025,17:00,N,LZ_NORTH,22.23
05/02/2025,18:00,N,LZ_NORTH,24.22
05/02/2025,19:00,N,LZ_NORTH,27.5
05/02/2025,20:00,N,LZ_NORTH,38.55
05/02/2025,21:00,N,LZ_NORTH,50.72
05/02/2025,22:00,N,LZ_NORTH,51.0
05/02/2025,23:00,N,LZ_NORTH,37.72
05/02/2025,24:00,N,LZ_NORTH,33.09
05/03/2025,01:00,N,LZ_NORTH,33.28
05/03/2025,02:00,N,LZ_NORTH,36.18
05/03/2025,03:00,N,LZ_NORTH,34.87
05/03/2025,04:00,N,LZ_NORTH,35.26
05/03/2025,05:00,N,LZ_NORTH,39.11
05/03/2025,06:00,N,LZ_NORTH,39.79
05/03/2025,07:00,N,LZ_NORTH,38.28
05/03/2025,08:00,N,LZ_NORTH,36.37
05/03/2025,09:00,N,LZ_NORTH,22.49
05/03/2025,10:00,N,LZ_NORTH,20.28
05/03/2025,11:00,N,LZ_NORTH,17.83
05/03/2025,12:00,N,LZ_NORTH,14.31
05/03/2025,13:00,N,LZ_NORTH,15.63
05/03/2025,14:00,N,LZ_NORTH,16.47
05/03/2025,15:00,N,LZ_NORTH,16.25
05/03/2025,16:00,N,LZ_NORTH,17.48
05/03/2025,17:00,N,LZ_NORTH,20.95
05/03/2025,18:00,N,LZ_NORTH,20.55
05/03/2025,19:00,N,LZ_NORTH,28.27
05/03/2025,20:00,N,LZ_NORTH,66.68
05/03/2025,21:00,N,LZ_NORTH,59.67
05/03/2025,22:00,N,LZ_NORTH,41.92
05/03/2025,23:00,N,LZ_NORTH,31.69
05/03/2025,24:00,N,LZ_NORTH,25.7
05/04/2025,01:00,N,LZ_NORTH,21.66
05/04/2025,02:00,N,LZ_NORTH,20.45
05/04/2025,03:00,N,LZ_NORTH,19.88
05/04/2025,04:00,N,LZ_NORTH,19.13
05/04/2025,05:00,N,LZ_NORTH,18.65
05/04/2025,06:00,N,LZ_NORTH,19.81
05/04/2025,07:00,N,LZ_NORTH,20.89
05/04/2025,08:00,N,LZ_NORTH,19.49
05/04/2025,09:00,N,LZ_NORTH,8.52
05/04/2025,10:00,N,LZ_NORTH,6.51
05/04/2025,11:00,N,LZ_NORTH,5.88
05/04/2025,12:00,N,LZ_NORTH,5.4
05/04/2025,13:00,N,LZ_NORTH,5.74
05/04/2025,14:00,N,LZ_NORTH,5.75
05/04/2025,15:00,N,LZ_NORTH,5.48
05/04/2025,16:00,N,LZ_NORTH,6.07
05/04/2025,17:00,N,LZ_NORTH,12.64
05/04/2025,18:00,N,LZ_NORTH,15.77
05/04/2025,19:00,N,LZ_NORTH,22.12
05/04/2025,20:00,N,LZ_NORTH,40.04
05/04/2025,21:00,N,LZ_NORTH,39.1
05/04/2025,22:00,N,LZ_NORTH,31.97
05/04/2025,23:00,N,LZ_NORTH,21.72
05/04/2025,24:00,N,LZ_NORTH,18.96
05/05/2025,01:00,N,LZ_NORTH,18.78
05/05/2025,02:00,N,LZ_NORTH,18.76
05/05/2025,03:00,N,LZ_NORTH,17.98
05/05/2025,04:00,N,LZ_NORTH,18.35
05/05/2025,05:00,N,LZ_NORTH,19.38
05/05/2025,06:00,N,LZ_NORTH,23.76
05/05/2025,07:00,N,LZ_NORTH,25.66
05/05/2025,08:00,N,LZ_NORTH,24.52
05/05/2025,09:00,N,LZ_NORTH,17.43
05/05/2025,10:00,N,LZ_NORTH,14.34
05/05/2025,11:00,N,LZ_NORTH,19.34
05/05/2025,12:00,N,LZ_NORTH,19.66
05/05/2025,13:00,N,LZ_NORTH,21.9
05/05/2025,14:00,N,LZ_NORTH,23.07
05/05/2025,15:00,N,LZ_NORTH,23.86
05/05/2025,16:00,N,LZ_NORTH,24.43
05/05/2025,17:00,N,LZ_NORTH,25.09
05/05/2025,18:00,N,LZ_NORTH,26.5
05/05/2025,19:00,N,LZ_NORTH,23.41
05/05/2025,20:00,N,LZ_NORTH,31.59
05/05/2025,21:00,N,LZ_NORTH,39.74
05/05/2025,22:00,N,LZ_NORTH,34.79
05/05/2025,23:00,N,LZ_NORTH,25.46
05/05/2025,24:00,N,LZ_NORTH,22.14
05/06/2025,01:00,N,LZ_NORTH,19.58
05/06/2025,02:00,N,LZ_NORTH,19.16
05/06/2025,03:00,N,LZ_NORTH,19.24
05/06/2025,04:00,N,LZ_NORTH,19.37
05/06/2025,05:00,N,LZ_NORTH,20.94
05/06/2025,06:00,N,LZ_NORTH,25.17
05/06/2025,07:00,N,LZ_NORTH,36.55
05/06/2025,08:00,N,LZ_NORTH,41.09
05/06/2025,09:00,N,LZ_NORTH,31.47
05/06/2025,10:00,N,LZ_NORTH,28.62
05/06/2025,11:00,N,LZ_NORTH,25.77
05/06/2025,12:00,N,LZ_NORTH,24.08
05/06/2025,13:00,N,LZ_NORTH,21.16
05/06/2025,14:00,N,LZ_NORTH,20.77
05/06/2025,15:00,N,LZ_NORTH,21.28
05/06/2025,16:00,N,LZ_NORTH,23.48
05/06/2025,17:00,N,LZ_NORTH,23.1
05/06/2025,18:00,N,LZ_NORTH,24.57
05/06/2025,19:00,N,LZ_NORTH,32.1
05/06/2025,20:00,N,LZ_NORTH,70.97
05/06/2025,21:00,N,LZ_NORTH,94.6
05/06/2025,22:00,N,LZ_NORTH,95.82
05/06/2025,23:00,N,LZ_NORTH,77.1
05/06/2025,24:00,N,LZ_NORTH,50.87
05/07/2025,01:00,N,LZ_NORTH,42.93
05/07/2025,02:00,N,LZ_NORTH,37.56
05/07/2025,03:00,N,LZ_NORTH,34.57
05/07/2025,04:00,N,LZ_NORTH,33.91
05/07/2025,05:00,N,LZ_NORTH,34.21
05/07/2025,06:00,N,LZ_NORTH,38.29
05/07/2025,07:00,N,LZ_NORTH,49.01
05/07/2025,08:00,N,LZ_NORTH,37.62
05/07/2025,09:00,N,LZ_NORTH,26.49
05/07/2025,10:00,N,LZ_NORTH,23.09
05/07/2025,11:00,N,LZ_NORTH,22.41
05/07/2025,12:00,N,LZ_NORTH,21.45
05/07/2025,13:00,N,LZ_NORTH,23.11
05/07/2025,14:00,N,LZ_NORTH,23.97
05/07/2025,15:00,N,LZ_NORTH,22.89
05/07/2025,16:00,N,LZ_NORTH,24.47
05/07/2025,17:00,N,LZ_NORTH,25.96
05/07/2025,18:00,N,LZ_NORTH,26.63
05/07/2025,19:00,N,LZ_NORTH,40.88
05/07/2025,20:00,N,LZ_NORTH,80.01
05/07/2025,21:00,N,LZ_NORTH,95.76
05/07/2025,22:00,N,LZ_NORTH,71.44
05/07/2025,23:00,N,LZ_NORTH,44.56
05/07/2025,24:00,N,LZ_NORTH,31.98
05/08/2025,01:00,N,LZ_NORTH,31.0
05/08/2025,02:00,N,LZ_NORTH,29.25
05/08/2025,03:00,N,LZ_NORTH,26.92
05/08/2025,04:00,N,LZ_NORTH,26.29
05/08/2025,05:00,N,LZ_NORTH,26.57
05/08/2025,06:00,N,LZ_NORTH,27.96
05/08/2025,07:00,N,LZ_NORTH,33.05
05/08/2025,08:00,N,LZ_NORTH,27.02
05/08/2025,09:00,N,LZ_NORTH,20.29
05/08/2025,10:00,N,LZ_NORTH,20.02
05/08/2025,11:00,N,LZ_NORTH,21.18
05/08/2025,12:00,N,LZ_NORTH,22.02
05/08/2025,13:00,N,LZ_NORTH,20.79
05/08/2025,14:00,N,LZ_NORTH,25.17
05/08/2025,15:00,N,LZ_NORTH,23.97
05/08/2025,16:00,N,LZ_NORTH,25.04
05/08/2025,17:00,N,LZ_NORTH,29.56
05/08/2025,18:00,N,LZ_NORTH,36.59
05/08/2025,19:00,N,LZ_NORTH,48.01
05/08/2025,20:00,N,LZ_NORTH,67.92
05/08/2025,21:00,N,LZ_NORTH,92.41
05/08/2025,22:00,N,LZ_NORTH,74.32
05/08/2025,23:00,N,LZ_NORTH,55.83
05/08/2025,24:00,N,LZ_NORTH,43.53
05/09/2025,01:00,N,LZ_NORTH,42.87
05/09/2025,02:00,N,LZ_NORTH,38.41
05/09/2025,03:00,N,LZ_NORTH,33.17
05/09/2025,04:00,N,LZ_NORTH,30.0
05/09/2025,05:00,N,LZ_NORTH,28.9
05/09/2025,06:00,N,LZ_NORTH,29.95
05/09/2025,07:00,N,LZ_NORTH,31.44
05/09/2025,08:00,N,LZ_NORTH,25.4
05/09/2025,09:00,N,LZ_NORTH,20.72
05/09/2025,10:00,N,LZ_NORTH,16.96
05/09/2025,11:00,N,LZ_NORTH,16.14
05/09/2025,12:00,N,LZ_NORTH,14.93
05/09/2025,13:00,N,LZ_NORTH,14.01
05/09/2025,14:00,N,LZ_NORTH,15.91
05/09/2025,15:00,N,LZ_NORTH,17.5
05/09/2025,16:00,N,LZ_NORTH,18.92
05/09/2025,17:00,N,LZ_NORTH,19.79
05/09/2025,18:00,N,LZ_NORTH,22.49
05/09/2025,19:00,N,LZ_NORTH,25.62
05/09/2025,20:00,N,LZ_NORTH,47.96
05/09/2025,21:00,N,LZ_NORTH,58.89
05/09/2025,22:00,N,LZ_NORTH,54.09
05/09/2025,23:00,N,LZ_NORTH,44.92
05/09/2025,24:00,N,LZ_NORTH,40.1
05/10/2025,01:00,N,LZ_NORTH,41.76
05/10/2025,02:00,N,LZ_NORTH,38.01
05/10/2025,03:00,N,LZ_NORTH,32.47
05/10/2025,04:00,N,LZ_NORTH,27.8
05/10/2025,05:00,N,LZ_NORTH,26.45
05/10/2025,06:00,N,LZ_NORTH,26.33
05/10/2025,07:00,N,LZ_NORTH,25.35
05/10/2025,08:00,N,LZ_NORTH,22.63
05/10/2025,09:00,N,LZ_NORTH,13.86
05/10/2025,10:00,N,LZ_NORTH,14.42
05/10/2025,11:00,N,LZ_NORTH,13.3
05/10/2025,12:00,N,LZ_NORTH,11.16
05/10/2025,13:00,N,LZ_NORTH,10.12
05/10/2025,14:00,N,LZ_NORTH,13.7
05/10/2025,15:00,N,LZ_NORTH,12.82
05/10/2025,16:00,N,LZ_NORTH,16.49
05/10/2025,17:00,N,LZ_NORTH,20.0
05/10/2025,18:00,N,LZ_NORTH,19.12
05/10/2025,19:00,N,LZ_NORTH,18.85
05/10/2025,20:00,N,LZ_NORTH,33.84
05/10/2025,21:00,N,LZ_NORTH,49.07
05/10/2025,22:00,N,LZ_NORTH,45.49
05/10/2025,23:00,N,LZ_NORTH,46.79
05/10/2025,24:00,N,LZ_NORTH,38.41
05/11/2025,01:00,N,LZ_NORTH,34.67
05/11/2025,02:00,N,LZ_NORTH,35.32
05/11/2025,03:00,N,LZ_NORTH,35.91
05/11/2025,04:00,N,LZ_NORTH,35.82
05/11/2025,05:00,N,LZ_NORTH,35.84
05/11/2025,06:00,N,LZ_NORTH,33.91
05/11/2025,07:00,N,LZ_NORTH,30.37
05/11/2025,08:00,N,LZ_NORTH,24.7
05/11/2025,09:00,N,LZ_NORTH,20.02
05/11/2025,10:00,N,LZ_NORTH,19.27
05/11/2025,11:00,N,LZ_NORTH,17.3
05/11/2025,12:00,N,LZ_NORTH,16.64
05/11/2025,13:00,N,LZ_NORTH,16.38
05/11/2025,14:00,N,LZ_NORTH,19.39
05/11/2025,15:00,N,LZ_NORTH,21.34
05/11/2025,16:00,N,LZ_NORTH,21.55
05/11/2025,17:00,N,LZ_NORTH,21.09
05/11/2025,18:00,N,LZ_NORTH,23.86
05/11/2025,19:00,N,LZ_NORTH,29.64
05/11/2025,20:00,N,LZ_NORTH,62.44
05/11/2025,21:00,N,LZ_NORTH,76.81
05/11/2025,22:00,N,LZ_NORTH,63.98
05/11/2025,23:00,N,LZ_NORTH,45.43
05/11/2025,24:00,N,LZ_NORTH,35.22
05/12/2025,01:00,N,LZ_NORTH,28.57
05/12/2025,02:00,N,LZ_NORTH,27.45
05/12/2025,03:00,N,LZ_NORTH,26.54
05/12/2025,04:00,N,LZ_NORTH,26.69
05/12/2025,05:00,N,LZ_NORTH,27.56
05/12/2025,06:00,N,LZ_NORTH,31.4
05/12/2025,07:00,N,LZ_NORTH,32.38
05/12/2025,08:00,N,LZ_NORTH,24.48
05/12/2025,09:00,N,LZ_NORTH,16.97
05/12/2025,10:00,N,LZ_NORTH,16.85
05/12/2025,11:00,N,LZ_NORTH,18.77
05/12/2025,12:00,N,LZ_NORTH,20.7
05/12/2025,13:00,N,LZ_NORTH,21.62
05/12/2025,14:00,N,LZ_NORTH,24.51
05/12/2025,15:00,N,LZ_NORTH,26.12
05/12/2025,16:00,N,LZ_NORTH,30.5
05/12/2025,17:00,N,LZ_NORTH,33.12
05/12/2025,18:00,N,LZ_NORTH,31.51
05/12/2025,19:00,N,LZ_NORTH,50.1
05/12/2025,20:00,N,LZ_NORTH,87.33
05/12/2025,21:00,N,LZ_NORTH,87.46
05/12/2025,22:00,N,LZ_NORTH,40.77
05/12/2025,23:00,N,LZ_NORTH,35.31
05/12/2025,24:00,N,LZ_NORTH,33.18
05/13/2025,01:00,N,LZ_NORTH,28.09
05/13/2025,02:00,N,LZ_NORTH,22.76
05/13/2025,03:00,N,LZ_NORTH,20.96
05/13/2025,04:00,N,LZ_NORTH,20.44
05/13/2025,05:00,N,LZ_NORTH,21.26
05/13/2025,06:00,N,LZ_NORTH,20.41
05/13/2025,07:00,N,LZ_NORTH,22.25
05/13/2025,08:00,N,LZ_NORTH,20.74
05/13/2025,09:00,N,LZ_NORTH,15.74
05/13/2025,10:00,N,LZ_NORTH,18.04
05/13/2025,11:00,N,LZ_NORTH,23.33
05/13/2025,12:00,N,LZ_NORTH,27.94
05/13/2025,13:00,N,LZ_NORTH,23.52
05/13/2025,14:00,N,LZ_NORTH,30.72
05/13/2025,15:00,N,LZ_NORTH,36.52
05/13/2025,16:00,N,LZ_NORTH,43.09
05/13/2025,17:00,N,LZ_NORTH,56.23
05/13/2025,18:00,N,LZ_NORTH,59.88
05/13/2025,19:00,N,LZ_NORTH,63.67
05/13/2025,20:00,N,LZ_NORTH,124.43
05/13/2025,21:00,N,LZ_NORTH,146.85
05/13/2025,22:00,N,LZ_NORTH,87.24
05/13/2025,23:00,N,LZ_NORTH,52.58
05/13/2025,24:00,N,LZ_NORTH,29.02
05/14/2025,01:00,N,LZ_NORTH,22.5
05/14/2025,02:00,N,LZ_NORTH,18.94
05/14/2025,03:00,N,LZ_NORTH,18.13
05/14/2025,04:00,N,LZ_NORTH,18.05
05/14/2025,05:00,N,LZ_NORTH,17.35
05/14/2025,06:00,N,LZ_NORTH,19.18
05/14/2025,07:00,N,LZ_NORTH,19.2
05/14/2025,08:00,N,LZ_NORTH,17.99
05/14/2025,09:00,N,LZ_NORTH,17.39
05/14/2025,10:00,N,LZ_NORTH,17.17
05/14/2025,11:00,N,LZ_NORTH,20.03
05/14/2025,12:00,N,LZ_NORTH,30.79
05/14/2025,13:00,N,LZ_NORTH,39.19
05/14/2025,14:00,N,LZ_NORTH,53.48
05/14/2025,15:00,N,LZ_NORTH,60.51
05/14/2025,16:00,N,LZ_NORTH,82.61
05/14/2025,17:00,N,LZ_NORTH,87.83
05/14/2025,18:00,N,LZ_NORTH,109.64
05/14/2025,19:00,N,LZ_NORTH,121.37
05/14/2025,20:00,N,LZ_NORTH,193.67
05/14/2025,21:00,N,LZ_NORTH,182.65
05/14/2025,22:00,N,LZ_NORTH,96.0
05/14/2025,23:00,N,LZ_NORTH,56.3
05/14/2025,24:00,N,LZ_NORTH,35.01
05/15/2025,01:00,N,LZ_NORTH,26.22
05/15/2025,02:00,N,LZ_NORTH,22.32
05/15/2025,03:00,N,LZ_NORTH,20.29
05/15/2025,04:00,N,LZ_NORTH,20.76
05/15/2025,05:00,N,LZ_NORTH,21.6
05/15/2025,06:00,N,LZ_NORTH,22.84
05/15/2025,07:00,N,LZ_NORTH,23.68
05/15/2025,08:00,N,LZ_NORTH,22.82
05/15/2025,09:00,N,LZ_NORTH,21.38
05/15/2025,10:00,N,LZ_NORTH,21.94
05/15/2025,11:00,N,LZ_NORTH,23.59
05/15/2025,12:00,N,LZ_NORTH,29.29
05/15/2025,13:00,N,LZ_NORTH,37.24
05/15/2025,14:00,N,LZ_NORTH,44.44
05/15/2025,15:00,N,LZ_NORTH,49.06
05/15/2025,16:00,N,LZ_NORTH,64.21
05/15/2025,17:00,N,LZ_NORTH,75.16
05/15/2025,18:00,N,LZ_NORTH,85.74
05/15/2025,19:00,N,LZ_NORTH,124.42
05/15/2025,20:00,N,LZ_NORTH,227.06
05/15/2025,21:00,N,LZ_NORTH,201.57
05/15/2025,22:00,N,LZ_NORTH,112.19
05/15/2025,23:00,N,LZ_NORTH,64.94
05/15/2025,24:00,N,LZ_NORTH,35.0
05/16/2025,01:00,N,LZ_NORTH,21.49
05/16/2025,02:00,N,LZ_NORTH,18.94
05/16/2025,03:00,N,LZ_NORTH,18.59
05/16/2025,04:00,N,LZ_NORTH,18.53
05/16/2025,05:00,N,LZ_NORTH,19.29
05/16/2025,06:00,N,LZ_NORTH,22.02
05/16/2025,07:00,N,LZ_NORTH,22.58
05/16/2025,08:00,N,LZ_NORTH,22.56
05/16/2025,09:00,N,LZ_NORTH,20.15
05/16/2025,10:00,N,LZ_NORTH,19.45
05/16/2025,11:00,N,LZ_NORTH,21.2
05/16/2025,12:00,N,LZ_NORTH,23.01
05/16/2025,13:00,N,LZ_NORTH,26.43
05/16/2025,14:00,N,LZ_NORTH,29.55
05/16/2025,15:00,N,LZ_NORTH,34.68
05/16/2025,16:00,N,LZ_NORTH,42.09
05/16/2025,17:00,N,LZ_NORTH,53.37
05/16/2025,18:00,N,LZ_NORTH,67.8
05/16/2025,19:00,N,LZ_NORTH,100.02
05/16/2025,20:00,N,LZ_NORTH,196.92
05/16/2025,21:00,N,LZ_NORTH,175.0
05/16/2025,22:00,N,LZ_NORTH,96.23
05/16/2025,23:00,N,LZ_NORTH,75.0
05/16/2025,24:00,N,LZ_NORTH,39.74
05/17/2025,01:00,N,LZ_NORTH,25.84
05/17/2025,02:00,N,LZ_NORTH,22.16
05/17/2025,03:00,N,LZ_NORTH,20.86
05/17/2025,04:00,N,LZ_NORTH,20.74
05/17/2025,05:00,N,LZ_NORTH,19.26
05/17/2025,06:00,N,LZ_NORTH,20.47
05/17/2025,07:00,N,LZ_NORTH,21.46
05/17/2025,08:00,N,LZ_NORTH,20.0
05/17/2025,09:00,N,LZ_NORTH,20.0
05/17/2025,10:00,N,LZ_NORTH,19.31
05/17/2025,11:00,N,LZ_NORTH,20.84
05/17/2025,12:00,N,LZ_NORTH,22.42
05/17/2025,13:00,N,LZ_NORTH,24.64
05/17/2025,14:00,N,LZ_NORTH,25.65
05/17/2025,15:00,N,LZ_NORTH,25.09
05/17/2025,16:00,N,LZ_NORTH,26.7
05/17/2025,17:00,N,LZ_NORTH,25.22
05/17/2025,18:00,N,LZ_NORTH,28.12
05/17/2025,19:00,N,LZ_NORTH,31.93
05/17/2025,20:00,N,LZ_NORTH,44.95
05/17/2025,21:00,N,LZ_NORTH,44.22
05/17/2025,22:00,N,LZ_NORTH,33.32
05/17/2025,23:00,N,LZ_NORTH,28.27
05/17/2025,24:00,N,LZ_NORTH,23.37
05/18/2025,01:00,N,LZ_NORTH,21.71
05/18/2025,02:00,N,LZ_NORTH,20.74
05/18/2025,03:00,N,LZ_NORTH,20.86
05/18/2025,04:00,N,LZ_NORTH,20.22
05/18/2025,05:00,N,LZ_NORTH,19.44
05/18/2025,06:00,N,LZ_NORTH,20.38
05/18/2025,07:00,N,LZ_NORTH,18.2
05/18/2025,08:00,N,LZ_NORTH,17.49
05/18/2025,09:00,N,LZ_NORTH,16.03
05/18/2025,10:00,N,LZ_NORTH,15.91
05/18/2025,11:00,N,LZ_NORTH,16.6
05/18/2025,12:00,N,LZ_NORTH,17.67
05/18/2025,13:00,N,LZ_NORTH,20.49
05/18/2025,14:00,N,LZ_NORTH,22.7
05/18/2025,15:00,N,LZ_NORTH,23.35
05/18/2025,16:00,N,LZ_NORTH,24.98
05/18/2025,17:00,N,LZ_NORTH,28.33
05/18/2025,18:00,N,LZ_NORTH,23.44
05/18/2025,19:00,N,LZ_NORTH,27.28
05/18/2025,20:00,N,LZ_NORTH,33.76
05/18/2025,21:00,N,LZ_NORTH,38.85
05/18/2025,22:00,N,LZ_NORTH,28.82
05/18/2025,23:00,N,LZ_NORTH,24.05
05/18/2025,24:00,N,LZ_NORTH,21.9
05/19/2025,01:00,N,LZ_NORTH,21.37
05/19/2025,02:00,N,LZ_NORTH,20.29
05/19/2025,03:00,N,LZ_NORTH,19.67
05/19/2025,04:00,N,LZ_NORTH,20.6
05/19/2025,05:00,N,LZ_NORTH,22.33
05/19/2025,06:00,N,LZ_NORTH,26.14
05/19/2025,07:00,N,LZ_NORTH,28.68
05/19/2025,08:00,N,LZ_NORTH,25.99
05/19/2025,09:00,N,LZ_NORTH,22.62
05/19/2025,10:00,N,LZ_NORTH,21.02
05/19/2025,11:00,N,LZ_NORTH,22.54
05/19/2025,12:00,N,LZ_NORTH,23.18
05/19/2025,13:00,N,LZ_NORTH,22.12
05/19/2025,14:00,N,LZ_NORTH,20.78
05/19/2025,15:00,N,LZ_NORTH,21.37
05/19/2025,16:00,N,LZ_NORTH,23.37
05/19/2025,17:00,N,LZ_NORTH,21.15
05/19/2025,18:00,N,LZ_NORTH,22.31
05/19/2025,19:00,N,LZ_NORTH,24.3
05/19/2025,20:00,N,LZ_NORTH,29.81
05/19/2025,21:00,N,LZ_NORTH,42.73
05/19/2025,22:00,N,LZ_NORTH,45.53
05/19/2025,23:00,N,LZ_NORTH,42.49
05/19/2025,24:00,N,LZ_NORTH,30.76
05/20/2025,01:00,N,LZ_NORTH,25.15
05/20/2025,02:00,N,LZ_NORTH,22.67
05/20/2025,03:00,N,LZ_NORTH,20.08
05/20/2025,04:00,N,LZ_NORTH,18.58
05/20/2025,05:00,N,LZ_NORTH,18.55
05/20/2025,06:00,N,LZ_NORTH,20.63
05/20/2025,07:00,N,LZ_NORTH,28.6
05/20/2025,08:00,N,LZ_NORTH,22.35
05/20/2025,09:00,N,LZ_NORTH,16.63
05/20/2025,10:00,N,LZ_NORTH,14.88
05/20/2025,11:00,N,LZ_NORTH,16.75
05/20/2025,12:00,N,LZ_NORTH,20.82
05/20/2025,13:00,N,LZ_NORTH,24.38
05/20/2025,14:00,N,LZ_NORTH,34.71
05/20/2025,15:00,N,LZ_NORTH,33.24
05/20/2025,16:00,N,LZ_NORTH,37.08
05/20/2025,17:00,N,LZ_NORTH,45.42
05/20/2025,18:00,N,LZ_NORTH,50.45
05/20/2025,19:00,N,LZ_NORTH,150.46
05/20/2025,20:00,N,LZ_NORTH,538.06
05/20/2025,21:00,N,LZ_NORTH,525.5
05/20/2025,22:00,N,LZ_NORTH,183.9
05/20/2025,23:00,N,LZ_NORTH,53.69
05/20/2025,24:00,N,LZ_NORTH,24.06
05/21/2025,01:00,N,LZ_NORTH,19.11
05/21/2025,02:00,N,LZ_NORTH,17.26
05/21/2025,03:00,N,LZ_NORTH,16.01
05/21/2025,04:00,N,LZ_NORTH,14.85
05/21/2025,05:00,N,LZ_NORTH,15.44
05/21/2025,06:00,N,LZ_NORTH,17.23
05/21/2025,07:00,N,LZ_NORTH,21.55
05/21/2025,08:00,N,LZ_NORTH,19.09
05/21/2025,09:00,N,LZ_NORTH,14.25
05/21/2025,10:00,N,LZ_NORTH,9.34
05/21/2025,11:00,N,LZ_NORTH,9.67
05/21/2025,12:00,N,LZ_NORTH,13.0
05/21/2025,13:00,N,LZ_NORTH,17.27
05/21/2025,14:00,N,LZ_NORTH,21.46
05/21/2025,15:00,N,LZ_NORTH,24.38
05/21/2025,16:00,N,LZ_NORTH,26.28
05/21/2025,17:00,N,LZ_NORTH,31.59
05/21/2025,18:00,N,LZ_NORTH,42.93
05/21/2025,19:00,N,LZ_NORTH,61.5
05/21/2025,20:00,N,LZ_NORTH,100.19
05/21/2025,21:00,N,LZ_NORTH,99.89
05/21/2025,22:00,N,LZ_NORTH,42.09
05/21/2025,23:00,N,LZ_NORTH,26.29
05/21/2025,24:00,N,LZ_NORTH,22.66
05/22/2025,01:00,N,LZ_NORTH,19.21
05/22/2025,02:00,N,LZ_NORTH,17.31
05/22/2025,03:00,N,LZ_NORTH,16.09
05/22/2025,04:00,N,LZ_NORTH,16.32
05/22/2025,05:00,N,LZ_NORTH,17.93
05/22/2025,06:00,N,LZ_NORTH,20.87
05/22/2025,07:00,N,LZ_NORTH,24.96
05/22/2025,08:00,N,LZ_NORTH,22.81
05/22/2025,09:00,N,LZ_NORTH,17.94
05/22/2025,10:00,N,LZ_NORTH,15.23
05/22/2025,11:00,N,LZ_NORTH,18.23
05/22/2025,12:00,N,LZ_NORTH,22.01
05/22/2025,13:00,N,LZ_NORTH,24.65
05/22/2025,14:00,N,LZ_NORTH,27.22
05/22/2025,15:00,N,LZ_NORTH,29.08
05/22/2025,16:00,N,LZ_NORTH,32.35
05/22/2025,17:00,N,LZ_NORTH,30.1
05/22/2025,18:00,N,LZ_NORTH,31.9
05/22/2025,19:00,N,LZ_NORTH,40.28
05/22/2025,20:00,N,LZ_NORTH,57.02
05/22/2025,21:00,N,LZ_NORTH,54.72
05/22/2025,22:00,N,LZ_NORTH,39.76
05/22/2025,23:00,N,LZ_NORTH,27.36
05/22/2025,24:00,N,LZ_NORTH,24.43
05/23/2025,01:00,N,LZ_NORTH,25.63
05/23/2025,02:00,N,LZ_NORTH,23.93
05/23/2025,03:00,N,LZ_NORTH,23.12
05/23/2025,04:00,N,LZ_NORTH,22.57
05/23/2025,05:00,N,LZ_NORTH,22.85
05/23/2025,06:00,N,LZ_NORTH,26.3
05/23/2025,07:00,N,LZ_NORTH,27.91
05/23/2025,08:00,N,LZ_NORTH,22.83
05/23/2025,09:00,N,LZ_NORTH,16.0
05/23/2025,10:00,N,LZ_NORTH,11.55
05/23/2025,11:00,N,LZ_NORTH,13.4
05/23/2025,12:00,N,LZ_NORTH,14.98
05/23/2025,13:00,N,LZ_NORTH,17.76
05/23/2025,14:00,N,LZ_NORTH,17.95
05/23/2025,15:00,N,LZ_NORTH,21.49
05/23/2025,16:00,N,LZ_NORTH,23.41
05/23/2025,17:00,N,LZ_NORTH,24.96
05/23/2025,18:00,N,LZ_NORTH,27.44
05/23/2025,19:00,N,LZ_NORTH,32.09
05/23/2025,20:00,N,LZ_NORTH,56.15
05/23/2025,21:00,N,LZ_NORTH,53.32
05/23/2025,22:00,N,LZ_NORTH,38.5
05/23/2025,23:00,N,LZ_NORTH,28.26
05/23/2025,24:00,N,LZ_NORTH,24.97
05/24/2025,01:00,N,LZ_NORTH,23.72
05/24/2025,02:00,N,LZ_NORTH,21.91
05/24/2025,03:00,N,LZ_NORTH,20.79
05/24/2025,04:00,N,LZ_NORTH,19.7
05/24/2025,05:00,N,LZ_NORTH,20.0
05/24/2025,06:00,N,LZ_NORTH,20.74
05/24/2025,07:00,N,LZ_NORTH,21.91
05/24/2025,08:00,N,LZ_NORTH,18.83
05/24/2025,09:00,N,LZ_NORTH,15.77
05/24/2025,10:00,N,LZ_NORTH,14.48
05/24/2025,11:00,N,LZ_NORTH,17.72
05/24/2025,12:00,N,LZ_NORTH,21.51
05/24/2025,13:00,N,LZ_NORTH,24.19
05/24/2025,14:00,N,LZ_NORTH,25.78
05/24/2025,15:00,N,LZ_NORTH,29.51
05/24/2025,16:00,N,LZ_NORTH,30.81
05/24/2025,17:00,N,LZ_NORTH,33.52
05/24/2025,18:00,N,LZ_NORTH,34.04
05/24/2025,19:00,N,LZ_NORTH,43.32
05/24/2025,20:00,N,LZ_NORTH,70.48
05/24/2025,21:00,N,LZ_NORTH,57.12
05/24/2025,22:00,N,LZ_NORTH,41.29
05/24/2025,23:00,N,LZ_NORTH,34.71
05/24/2025,24:00,N,LZ_NORTH,25.71
05/25/2025,01:00,N,LZ_NORTH,27.94
05/25/2025,02:00,N,LZ_NORTH,26.35
05/25/2025,03:00,N,LZ_NORTH,26.0
05/25/2025,04:00,N,LZ_NORTH,23.04
05/25/2025,05:00,N,LZ_NORTH,21.68
05/25/2025,06:00,N,LZ_NORTH,21.63
05/25/2025,07:00,N,LZ_NORTH,22.68
05/25/2025,08:00,N,LZ_NORTH,21.17
05/25/2025,09:00,N,LZ_NORTH,17.36
05/25/2025,10:00,N,LZ_NORTH,17.24
05/25/2025,11:00,N,LZ_NORTH,19.38
05/25/2025,12:00,N,LZ_NORTH,23.1
05/25/2025,13:00,N,LZ_NORTH,27.06
05/25/2025,14:00,N,LZ_NORTH,30.96
05/25/2025,15:00,N,LZ_NORTH,32.9
05/25/2025,16:00,N,LZ_NORTH,34.69
05/25/2025,17:00,N,LZ_NORTH,37.35
05/25/2025,18:00,N,LZ_NORTH,42.54
05/25/2025,19:00,N,LZ_NORTH,54.69
05/25/2025,20:00,N,LZ_NORTH,64.63
05/25/2025,21:00,N,LZ_NORTH,67.76
05/25/2025,22:00,N,LZ_NORTH,45.07
05/25/2025,23:00,N,LZ_NORTH,33.06
05/25/2025,24:00,N,LZ_NORTH,26.2
05/26/2025,01:00,N,LZ_NORTH,31.82
05/26/2025,02:00,N,LZ_NORTH,30.01
05/26/2025,03:00,N,LZ_NORTH,29.11
05/26/2025,04:00,N,LZ_NORTH,29.76
05/26/2025,05:00,N,LZ_NORTH,30.02
05/26/2025,06:00,N,LZ_NORTH,30.89
05/26/2025,07:00,N,LZ_NORTH,31.39
05/26/2025,08:00,N,LZ_NORTH,29.6
05/26/2025,09:00,N,LZ_NORTH,26.73
05/26/2025,10:00,N,LZ_NORTH,24.76
05/26/2025,11:00,N,LZ_NORTH,26.85
05/26/2025,12:00,N,LZ_NORTH,28.37
05/26/2025,13:00,N,LZ_NORTH,31.03
05/26/2025,14:00,N,LZ_NORTH,32.19
05/26/2025,15:00,N,LZ_NORTH,34.49
05/26/2025,16:00,N,LZ_NORTH,32.59
05/26/2025,17:00,N,LZ_NORTH,36.14
05/26/2025,18:00,N,LZ_NORTH,37.6
05/26/2025,19:00,N,LZ_NORTH,41.83
05/26/2025,20:00,N,LZ_NORTH,58.95
05/26/2025,21:00,N,LZ_NORTH,55.84
05/26/2025,22:00,N,LZ_NORTH,47.89
05/26/2025,23:00,N,LZ_NORTH,36.21
05/26/2025,24:00,N,LZ_NORTH,30.88
05/27/2025,01:00,N,LZ_NORTH,36.24
05/27/2025,02:00,N,LZ_NORTH,30.74
05/27/2025,03:00,N,LZ_NORTH,30.19
05/27/2025,04:00,N,LZ_NORTH,29.94
05/27/2025,05:00,N,LZ_NORTH,32.04
05/27/2025,06:00,N,LZ_NORTH,33.81
05/27/2025,07:00,N,LZ_NORTH,40.82
05/27/2025,08:00,N,LZ_NORTH,32.06
05/27/2025,09:00,N,LZ_NORTH,27.7
05/27/2025,10:00,N,LZ_NORTH,25.68
05/27/2025,11:00,N,LZ_NORTH,25.43
05/27/2025,12:00,N,LZ_NORTH,25.99
05/27/2025,13:00,N,LZ_NORTH,28.7
05/27/2025,14:00,N,LZ_NORTH,30.36
05/27/2025,15:00,N,LZ_NORTH,31.54
05/27/2025,16:00,N,LZ_NORTH,34.59
05/27/2025,17:00,N,LZ_NORTH,37.78
05/27/2025,18:00,N,LZ_NORTH,42.01
05/27/2025,19:00,N,LZ_NORTH,57.25
05/27/2025,20:00,N,LZ_NORTH,79.27
05/27/2025,21:00,N,LZ_NORTH,75.39
05/27/2025,22:00,N,LZ_NORTH,65.23
05/27/2025,23:00,N,LZ_NORTH,49.52
05/27/2025,24:00,N,LZ_NORTH,37.29
05/28/2025,01:00,N,LZ_NORTH,38.33
05/28/2025,02:00,N,LZ_NORTH,31.93
05/28/2025,03:00,N,LZ_NORTH,30.0
05/28/2025,04:00,N,LZ_NORTH,30.2
05/28/2025,05:00,N,LZ_NORTH,32.27
05/28/2025,06:00,N,LZ_NORTH,36.85
05/28/2025,07:00,N,LZ_NORTH,44.01
05/28/2025,08:00,N,LZ_NORTH,40.57
05/28/2025,09:00,N,LZ_NORTH,41.85
05/28/2025,10:00,N,LZ_NORTH,33.38
05/28/2025,11:00,N,LZ_NORTH,30.47
05/28/2025,12:00,N,LZ_NORTH,29.54
05/28/2025,13:00,N,LZ_NORTH,29.01
05/28/2025,14:00,N,LZ_NORTH,30.73
05/28/2025,15:00,N,LZ_NORTH,30.82
05/28/2025,16:00,N,LZ_NORTH,31.02
05/28/2025,17:00,N,LZ_NORTH,29.9
05/28/2025,18:00,N,LZ_NORTH,33.15
05/28/2025,19:00,N,LZ_NORTH,37.16
05/28/2025,20:00,N,LZ_NORTH,43.46
05/28/2025,21:00,N,LZ_NORTH,49.71
05/28/2025,22:00,N,LZ_NORTH,41.5
05/28/2025,23:00,N,LZ_NORTH,28.7
05/28/2025,24:00,N,LZ_NORTH,25.22
05/29/2025,01:00,N,LZ_NORTH,20.35
05/29/2025,02:00,N,LZ_NORTH,20.43
05/29/2025,03:00,N,LZ_NORTH,20.95
05/29/2025,04:00,N,LZ_NORTH,21.68
05/29/2025,05:00,N,LZ_NORTH,23.11
05/29/2025,06:00,N,LZ_NORTH,26.64
05/29/2025,07:00,N,LZ_NORTH,36.23
05/29/2025,08:00,N,LZ_NORTH,32.5
05/29/2025,09:00,N,LZ_NORTH,25.52
05/29/2025,10:00,N,LZ_NORTH,25.62
05/29/2025,11:00,N,LZ_NORTH,26.01
05/29/2025,12:00,N,LZ_NORTH,27.84
05/29/2025,13:00,N,LZ_NORTH,29.11
05/29/2025,14:00,N,LZ_NORTH,31.96
05/29/2025,15:00,N,LZ_NORTH,34.28
05/29/2025,16:00,N,LZ_NORTH,36.03
05/29/2025,17:00,N,LZ_NORTH,37.13
05/29/2025,18:00,N,LZ_NORTH,35.82
05/29/2025,19:00,N,LZ_NORTH,44.43
05/29/2025,20:00,N,LZ_NORTH,70.09
05/29/2025,21:00,N,LZ_NORTH,58.34
05/29/2025,22:00,N,LZ_NORTH,44.01
05/29/2025,23:00,N,LZ_NORTH,34.96
05/29/2025,24:00,N,LZ_NORTH,33.62
05/30/2025,01:00,N,LZ_NORTH,32.31
05/30/2025,02:00,N,LZ_NORTH,30.75
05/30/2025,03:00,N,LZ_NORTH,28.66
05/30/2025,04:00,N,LZ_NORTH,27.73
05/30/2025,05:00,N,LZ_NORTH,28.86
05/30/2025,06:00,N,LZ_NORTH,31.23
05/30/2025,07:00,N,LZ_NORTH,37.21
05/30/2025,08:00,N,LZ_NORTH,34.94
05/30/2025,09:00,N,LZ_NORTH,32.93
05/30/2025,10:00,N,LZ_NORTH,29.91
05/30/2025,11:00,N,LZ_NORTH,30.21
05/30/2025,12:00,N,LZ_NORTH,32.07
05/30/2025,13:00,N,LZ_NORTH,30.71
05/30/2025,14:00,N,LZ_NORTH,31.3
05/30/2025,15:00,N,LZ_NORTH,34.73
05/30/2025,16:00,N,LZ_NORTH,38.06
05/30/2025,17:00,N,LZ_NORTH,40.01
05/30/2025,18:00,N,LZ_NORTH,52.21
05/30/2025,19:00,N,LZ_NORTH,67.12
05/30/2025,20:00,N,LZ_NORTH,90.89
05/30/2025,21:00,N,LZ_NORTH,87.94
05/30/2025,22:00,N,LZ_NORTH,73.27
05/30/2025,23:00,N,LZ_NORTH,53.5
05/30/2025,24:00,N,LZ_NORTH,39.98
05/31/2025,01:00,N,LZ_NORTH,32.61
05/31/2025,02:00,N,LZ_NORTH,29.67
05/31/2025,03:00,N,LZ_NORTH,28.88
05/31/2025,04:00,N,LZ_NORTH,27.36
05/31/2025,05:00,N,LZ_NORTH,26.25
05/31/2025,06:00,N,LZ_NORTH,24.35
05/31/2025,07:00,N,LZ_NORTH,26.69
05/31/2025,08:00,N,LZ_NORTH,22.29
05/31/2025,09:00,N,LZ_NORTH,19.33
05/31/2025,10:00,N,LZ_NORTH,18.26
05/31/2025,11:00,N,LZ_NORTH,18.13
05/31/2025,12:00,N,LZ_NORTH,18.48
05/31/2025,13:00,N,LZ_NORTH,21.32
05/31/2025,14:00,N,LZ_NORTH,23.74
05/31/2025,15:00,N,LZ_NORTH,27.25
05/31/2025,16:00,N,LZ_NORTH,31.25
05/31/2025,17:00,N,LZ_NORTH,33.15
05/31/2025,18:00,N,LZ_NORTH,37.73
05/31/2025,19:00,N,LZ_NORTH,56.18
05/31/2025,20:00,N,LZ_NORTH,87.76
05/31/2025,21:00,N,LZ_NORTH,96.01
05/31/2025,22:00,N,LZ_NORTH,57.35
05/31/2025,23:00,N,LZ_NORTH,33.21
05/31/2025,24:00,N,LZ_NORTH,26.42
06/01/2025,01:00,N,LZ_NORTH,24.36
06/01/2025,02:00,N,LZ_NORTH,22.61
06/01/2025,03:00,N,LZ_NORTH,21.38
06/01/2025,04:00,N,LZ_NORTH,21.1
06/01/2025,05:00,N,LZ_NORTH,21.15
06/01/2025,06:00,N,LZ_NORTH,21.5
06/01/2025,07:00,N,LZ_NORTH,22.89
06/01/2025,08:00,N,LZ_NORTH,19.75
06/01/2025,09:00,N,LZ_NORTH,15.79
06/01/2025,10:00,N,LZ_NORTH,15.59
06/01/2025,11:00,N,LZ_NORTH,17.53
06/01/2025,12:00,N,LZ_NORTH,21.23
06/01/2025,13:00,N,LZ_NORTH,23.71
06/01/2025,14:00,N,LZ_NORTH,26.7
06/01/2025,15:00,N,LZ_NORTH,30.89
06/01/2025,16:00,N,LZ_NORTH,33.49
06/01/2025,17:00,N,LZ_NORTH,37.15
06/01/2025,18:00,N,LZ_NORTH,42.18
06/01/2025,19:00,N,LZ_NORTH,51.49
06/01/2025,20:00,N,LZ_NORTH,90.01
06/01/2025,21:00,N,LZ_NORTH,82.32
06/01/2025,22:00,N,LZ_NORTH,47.9
06/01/2025,23:00,N,LZ_NORTH,32.58
06/01/2025,24:00,N,LZ_NORTH,26.72
06/02/2025,01:00,N,LZ_NORTH,22.94
06/02/2025,02:00,N,LZ_NORTH,20.89
06/02/2025,03:00,N,LZ_NORTH,20.88
06/02/2025,04:00,N,LZ_NORTH,20.48
06/02/2025,05:00,N,LZ_NORTH,20.65
06/02/2025,06:00,N,LZ_NORTH,22.78
06/02/2025,07:00,N,LZ_NORTH,23.21
06/02/2025,08:00,N,LZ_NORTH,20.54
06/02/2025,09:00,N,LZ_NORTH,15.97
06/02/2025,10:00,N,LZ_NORTH,14.73
06/02/2025,11:00,N,LZ_NORTH,16.1
06/02/2025,12:00,N,LZ_NORTH,16.19
06/02/2025,13:00,N,LZ_NORTH,20.55
06/02/2025,14:00,N,LZ_NORTH,21.04
06/02/2025,15:00,N,LZ_NORTH,20.61
06/02/2025,16:00,N,LZ_NORTH,21.22
06/02/2025,17:00,N,LZ_NORTH,21.39
06/02/2025,18:00,N,LZ_NORTH,23.27
06/02/2025,19:00,N,LZ_NORTH,28.95
06/02/2025,20:00,N,LZ_NORTH,52.68
06/02/2025,21:00,N,LZ_NORTH,64.33
06/02/2025,22:00,N,LZ_NORTH,47.91
06/02/2025,23:00,N,LZ_NORTH,32.54
06/02/2025,24:00,N,LZ_NORTH,25.63
06/03/2025,01:00,N,LZ_NORTH,28.86
06/03/2025,02:00,N,LZ_NORTH,27.49
06/03/2025,03:00,N,LZ_NORTH,25.39
06/03/2025,04:00,N,LZ_NORTH,25.41
06/03/2025,05:00,N,LZ_NORTH,24.33
06/03/2025,06:00,N,LZ_NORTH,26.78
06/03/2025,07:00,N,LZ_NORTH,25.96
06/03/2025,08:00,N,LZ_NORTH,21.32
06/03/2025,09:00,N,LZ_NORTH,17.84
06/03/2025,10:00,N,LZ_NORTH,15.97
06/03/2025,11:00,N,LZ_NORTH,18.29
06/03/2025,12:00,N,LZ_NORTH,20.44
06/03/2025,13:00,N,LZ_NORTH,22.87
06/03/2025,14:00,N,LZ_NORTH,25.49
06/03/2025,15:00,N,LZ_NORTH,24.52
06/03/2025,16:00,N,LZ_NORTH,26.1
06/03/2025,17:00,N,LZ_NORTH,26.48
06/03/2025,18:00,N,LZ_NORTH,28.07
06/03/2025,19:00,N,LZ_NORTH,31.93
06/03/2025,20:00,N,LZ_NORTH,58.56
06/03/2025,21:00,N,LZ_NORTH,63.72
06/03/2025,22:00,N,LZ_NORTH,44.24
06/03/2025,23:00,N,LZ_NORTH,37.34
06/03/2025,24:00,N,LZ_NORTH,32.67
06/04/2025,01:00,N,LZ_NORTH,22.93
06/04/2025,02:00,N,LZ_NORTH,20.8
06/04/2025,03:00,N,LZ_NORTH,20.32
06/04/2025,04:00,N,LZ_NORTH,21.96
06/04/2025,05:00,N,LZ_NORTH,23.33
06/04/2025,06:00,N,LZ_NORTH,25.54
06/04/2025,07:00,N,LZ_NORTH,28.58
06/04/2025,08:00,N,LZ_NORTH,29.52
06/04/2025,09:00,N,LZ_NORTH,27.95
06/04/2025,10:00,N,LZ_NORTH,26.72
06/04/2025,11:00,N,LZ_NORTH,30.91
06/04/2025,12:00,N,LZ_NORTH,33.24
06/04/2025,13:00,N,LZ_NORTH,33.98
06/04/2025,14:00,N,LZ_NORTH,34.62
06/04/2025,15:00,N,LZ_NORTH,35.96
06/04/2025,16:00,N,LZ_NORTH,40.44
06/04/2025,17:00,N,LZ_NORTH,39.8
06/04/2025,18:00,N,LZ_NORTH,49.41
06/04/2025,19:00,N,LZ_NORTH,61.73
06/04/2025,20:00,N,LZ_NORTH,70.28
06/04/2025,21:00,N,LZ_NORTH,75.84
06/04/2025,22:00,N,LZ_NORTH,57.79
06/04/2025,23:00,N,LZ_NORTH,39.59
06/04/2025,24:00,N,LZ_NORTH,30.99
06/05/2025,01:00,N,LZ_NORTH,27.06
06/05/2025,02:00,N,LZ_NORTH,25.4
06/05/2025,03:00,N,LZ_NORTH,24.59
06/05/2025,04:00,N,LZ_NORTH,24.64
06/05/2025,05:00,N,LZ_NORTH,25.5
06/05/2025,06:00,N,LZ_NORTH,27.96
06/05/2025,07:00,N,LZ_NORTH,29.93
06/05/2025,08:00,N,LZ_NORTH,24.71
06/05/2025,09:00,N,LZ_NORTH,20.37
06/05/2025,10:00,N,LZ_NORTH,18.16
06/05/2025,11:00,N,LZ_NORTH,17.42
06/05/2025,12:00,N,LZ_NORTH,16.79
06/05/2025,13:00,N,LZ_NORTH,17.24
06/05/2025,14:00,N,LZ_NORTH,19.06
06/05/2025,15:00,N,LZ_NORTH,20.85
06/05/2025,16:00,N,LZ_NORTH,23.95
06/05/2025,17:00,N,LZ_NORTH,26.01
06/05/2025,18:00,N,LZ_NORTH,29.1
06/05/2025,19:00,N,LZ_NORTH,41.43
06/05/2025,20:00,N,LZ_NORTH,57.28
06/05/2025,21:00,N,LZ_NORTH,58.47
06/05/2025,22:00,N,LZ_NORTH,46.01
06/05/2025,23:00,N,LZ_NORTH,33.4
06/05/2025,24:00,N,LZ_NORTH,25.36
06/06/2025,01:00,N,LZ_NORTH,25.52
06/06/2025,02:00,N,LZ_NORTH,24.03
06/06/2025,03:00,N,LZ_NORTH,22.54
06/06/2025,04:00,N,LZ_NORTH,22.15
06/06/2025,05:00,N,LZ_NORTH,22.93
06/06/2025,06:00,N,LZ_NORTH,26.44
06/06/2025,07:00,N,LZ_NORTH,28.07
06/06/2025,08:00,N,LZ_NORTH,24.05
06/06/2025,09:00,N,LZ_NORTH,17.67
06/06/2025,10:00,N,LZ_NORTH,15.78
06/06/2025,11:00,N,LZ_NORTH,17.59
06/06/2025,12:00,N,LZ_NORTH,20.53
06/06/2025,13:00,N,LZ_NORTH,24.23
06/06/2025,14:00,N,LZ_NORTH,27.8
06/06/2025,15:00,N,LZ_NORTH,30.09
06/06/2025,16:00,N,LZ_NORTH,30.43
06/06/2025,17:00,N,LZ_NORTH,30.87
06/06/2025,18:00,N,LZ_NORTH,32.41
06/06/2025,19:00,N,LZ_NORTH,46.26
06/06/2025,20:00,N,LZ_NORTH,83.69
06/06/2025,21:00,N,LZ_NORTH,76.31
06/06/2025,22:00,N,LZ_NORTH,54.32
06/06/2025,23:00,N,LZ_NORTH,38.46
06/06/2025,24:00,N,LZ_NORTH,29.0
06/07/2025,01:00,N,LZ_NORTH,35.34
06/07/2025,02:00,N,LZ_NORTH,28.93
06/07/2025,03:00,N,LZ_NORTH,26.78
06/07/2025,04:00,N,LZ_NORTH,25.34
06/07/2025,05:00,N,LZ_NORTH,24.79
06/07/2025,06:00,N,LZ_NORTH,23.74
06/07/2025,07:00,N,LZ_NORTH,24.23
06/07/2025,08:00,N,LZ_NORTH,21.79
06/07/2025,09:00,N,LZ_NORTH,16.73
06/07/2025,10:00,N,LZ_NORTH,16.75
06/07/2025,11:00,N,LZ_NORTH,19.94
06/07/2025,12:00,N,LZ_NORTH,24.96
06/07/2025,13:00,N,LZ_NORTH,30.38
06/07/2025,14:00,N,LZ_NORTH,37.46
06/07/2025,15:00,N,LZ_NORTH,43.27
06/07/2025,16:00,N,LZ_NORTH,46.69
06/07/2025,17:00,N,LZ_NORTH,49.86
06/07/2025,18:00,N,LZ_NORTH,52.72
06/07/2025,19:00,N,LZ_NORTH,82.73
06/07/2025,20:00,N,LZ_NORTH,175.51
06/07/2025,21:00,N,LZ_NORTH,198.0
06/07/2025,22:00,N,LZ_NORTH,119.91
06/07/2025,23:00,N,LZ_NORTH,66.86
06/07/2025,24:00,N,LZ_NORTH,49.01
06/08/2025,01:00,N,LZ_NORTH,37.65
06/08/2025,02:00,N,LZ_NORTH,32.75
06/08/2025,03:00,N,LZ_NORTH,30.01
06/08/2025,04:00,N,LZ_NORTH,28.78
06/08/2025,05:00,N,LZ_NORTH,28.3
06/08/2025,06:00,N,LZ_NORTH,27.4
06/08/2025,07:00,N,LZ_NORTH,28.86
06/08/2025,08:00,N,LZ_NORTH,23.22
06/08/2025,09:00,N,LZ_NORTH,17.8
06/08/2025,10:00,N,LZ_NORTH,18.22
06/08/2025,11:00,N,LZ_NORTH,21.39
06/08/2025,12:00,N,LZ_NORTH,24.4
06/08/2025,13:00,N,LZ_NORTH,26.9
06/08/2025,14:00,N,LZ_NORTH,30.2
06/08/2025,15:00,N,LZ_NORTH,34.35
06/08/2025,16:00,N,LZ_NORTH,31.46
06/08/2025,17:00,N,LZ_NORTH,30.55
06/08/2025,18:00,N,LZ_NORTH,30.34
06/08/2025,19:00,N,LZ_NORTH,37.57
06/08/2025,20:00,N,LZ_NORTH,82.02
06/08/2025,21:00,N,LZ_NORTH,88.49
06/08/2025,22:00,N,LZ_NORTH,60.17
06/08/2025,23:00,N,LZ_NORTH,35.4
06/08/2025,24:00,N,LZ_NORTH,28.64
06/09/2025,01:00,N,LZ_NORTH,28.75
06/09/2025,02:00,N,LZ_NORTH,26.6
06/09/2025,03:00,N,LZ_NORTH,27.44
06/09/2025,04:00,N,LZ_NORTH,26.92
06/09/2025,05:00,N,LZ_NORTH,26.51
06/09/2025,06:00,N,LZ_NORTH,28.97
06/09/2025,07:00,N,LZ_NORTH,29.67
06/09/2025,08:00,N,LZ_NORTH,25.25
06/09/2025,09:00,N,LZ_NORTH,20.95
06/09/2025,10:00,N,LZ_NORTH,21.67
06/09/2025,11:00,N,LZ_NORTH,22.45
06/09/2025,12:00,N,LZ_NORTH,23.07
06/09/2025,13:00,N,LZ_NORTH,23.99
06/09/2025,14:00,N,LZ_NORTH,26.38
06/09/2025,15:00,N,LZ_NORTH,30.66
06/09/2025,16:00,N,LZ_NORTH,33.85
06/09/2025,17:00,N,LZ_NORTH,35.62
06/09/2025,18:00,N,LZ_NORTH,42.47
06/09/2025,19:00,N,LZ_NORTH,54.84
06/09/2025,20:00,N,LZ_NORTH,102.1
06/09/2025,21:00,N,LZ_NORTH,103.49
06/09/2025,22:00,N,LZ_NORTH,106.02
06/09/2025,23:00,N,LZ_NORTH,73.91
06/09/2025,24:00,N,LZ_NORTH,56.6
06/10/2025,01:00,N,LZ_NORTH,39.41
06/10/2025,02:00,N,LZ_NORTH,33.49
06/10/2025,03:00,N,LZ_NORTH,31.0
06/10/2025,04:00,N,LZ_NORTH,30.37
06/10/2025,05:00,N,LZ_NORTH,32.37
06/10/2025,06:00,N,LZ_NORTH,38.73
06/10/2025,07:00,N,LZ_NORTH,36.25
06/10/2025,08:00,N,LZ_NORTH,29.28
06/10/2025,09:00,N,LZ_NORTH,22.38
06/10/2025,10:00,N,LZ_NORTH,21.77
06/10/2025,11:00,N,LZ_NORTH,22.67
06/10/2025,12:00,N,LZ_NORTH,23.03
06/10/2025,13:00,N,LZ_NORTH,24.7
06/10/2025,14:00,N,LZ_NORTH,26.12
06/10/2025,15:00,N,LZ_NORTH,28.3
06/10/2025,16:00,N,LZ_NORTH,30.11
06/10/2025,17:00,N,LZ_NORTH,33.53
06/10/2025,18:00,N,LZ_NORTH,38.26
06/10/2025,19:00,N,LZ_NORTH,54.02
06/10/2025,20:00,N,LZ_NORTH,77.51
06/10/2025,21:00,N,LZ_NORTH,73.21
06/10/2025,22:00,N,LZ_NORTH,54.14
06/10/2025,23:00,N,LZ_NORTH,45.97
06/10/2025,24:00,N,LZ_NORTH,34.74
06/11/2025,01:00,N,LZ_NORTH,36.18
06/11/2025,02:00,N,LZ_NORTH,32.61
06/11/2025,03:00,N,LZ_NORTH,30.02
06/11/2025,04:00,N,LZ_NORTH,30.77
06/11/2025,05:00,N,LZ_NORTH,32.53
06/11/2025,06:00,N,LZ_NORTH,37.38
06/11/2025,07:00,N,LZ_NORTH,38.89
06/11/2025,08:00,N,LZ_NORTH,34.61
06/11/2025,09:00,N,LZ_NORTH,32.41
06/11/2025,10:00,N,LZ_NORTH,30.46
06/11/2025,11:00,N,LZ_NORTH,27.22
06/11/2025,12:00,N,LZ_NORTH,25.42
06/11/2025,13:00,N,LZ_NORTH,24.45
06/11/2025,14:00,N,LZ_NORTH,25.15
06/11/2025,15:00,N,LZ_NORTH,26.66
06/11/2025,16:00,N,LZ_NORTH,27.72
06/11/2025,17:00,N,LZ_NORTH,27.22
06/11/2025,18:00,N,LZ_NORTH,31.98
06/11/2025,19:00,N,LZ_NORTH,41.6
06/11/2025,20:00,N,LZ_NORTH,49.82
06/11/2025,21:00,N,LZ_NORTH,59.4
06/11/2025,22:00,N,LZ_NORTH,48.51
06/11/2025,23:00,N,LZ_NORTH,37.06
06/11/2025,24:00,N,LZ_NORTH,29.7
06/12/2025,01:00,N,LZ_NORTH,34.27
06/12/2025,02:00,N,LZ_NORTH,34.16
06/12/2025,03:00,N,LZ_NORTH,32.37
06/12/2025,04:00,N,LZ_NORTH,33.41
06/12/2025,05:00,N,LZ_NORTH,35.03
06/12/2025,06:00,N,LZ_NORTH,39.12
06/12/2025,07:00,N,LZ_NORTH,42.72
06/12/2025,08:00,N,LZ_NORTH,39.72
06/12/2025,09:00,N,LZ_NORTH,31.55
06/12/2025,10:00,N,LZ_NORTH,28.35
06/12/2025,11:00,N,LZ_NORTH,25.21
06/12/2025,12:00,N,LZ_NORTH,24.55
06/12/2025,13:00,N,LZ_NORTH,24.98
06/12/2025,14:00,N,LZ_NORTH,24.23
06/12/2025,15:00,N,LZ_NORTH,27.03
06/12/2025,16:00,N,LZ_NORTH,28.58
06/12/2025,17:00,N,LZ_NORTH,33.7
06/12/2025,18:00,N,LZ_NORTH,34.76
06/12/2025,19:00,N,LZ_NORTH,39.33
06/12/2025,20:00,N,LZ_NORTH,62.02
06/12/2025,21:00,N,LZ_NORTH,63.79
06/12/2025,22:00,N,LZ_NORTH,43.79
06/12/2025,23:00,N,LZ_NORTH,35.38
06/12/2025,24:00,N,LZ_NORTH,29.71
06/13/2025,01:00,N,LZ_NORTH,24.03
06/13/2025,02:00,N,LZ_NORTH,22.12
06/13/2025,03:00,N,LZ_NORTH,20.74
06/13/2025,04:00,N,LZ_NORTH,20.23
06/13/2025,05:00,N,LZ_NORTH,21.7
06/13/2025,06:00,N,LZ_NORTH,24.69
06/13/2025,07:00,N,LZ_NORTH,29.54
06/13/2025,08:00,N,LZ_NORTH,26.39
06/13/2025,09:00,N,LZ_NORTH,19.85
06/13/2025,10:00,N,LZ_NORTH,19.45
06/13/2025,11:00,N,LZ_NORTH,20.33
06/13/2025,12:00,N,LZ_NORTH,21.77
06/13/2025,13:00,N,LZ_NORTH,24.59
06/13/2025,14:00,N,LZ_NORTH,25.77
06/13/2025,15:00,N,LZ_NORTH,30.47
06/13/2025,16:00,N,LZ_NORTH,30.57
06/13/2025,17:00,N,LZ_NORTH,32.66
06/13/2025,18:00,N,LZ_NORTH,36.03
06/13/2025,19:00,N,LZ_NORTH,38.89
06/13/2025,20:00,N,LZ_NORTH,63.68
06/13/2025,21:00,N,LZ_NORTH,66.59
06/13/2025,22:00,N,LZ_NORTH,49.93
06/13/2025,23:00,N,LZ_NORTH,35.16
06/13/2025,24:00,N,LZ_NORTH,27.44
06/14/2025,01:00,N,LZ_NORTH,26.68
06/14/2025,02:00,N,LZ_NORTH,25.05
06/14/2025,03:00,N,LZ_NORTH,24.27
06/14/2025,04:00,N,LZ_NORTH,22.62
06/14/2025,05:00,N,LZ_NORTH,21.31
06/14/2025,06:00,N,LZ_NORTH,22.92
06/14/2025,07:00,N,LZ_NORTH,23.95
06/14/2025,08:00,N,LZ_NORTH,21.58
06/14/2025,09:00,N,LZ_NORTH,17.45
06/14/2025,10:00,N,LZ_NORTH,16.0
06/14/2025,11:00,N,LZ_NORTH,17.26
06/14/2025,12:00,N,LZ_NORTH,19.7
06/14/2025,13:00,N,LZ_NORTH,23.97
06/14/2025,14:00,N,LZ_NORTH,25.41
06/14/2025,15:00,N,LZ_NORTH,26.11
06/14/2025,16:00,N,LZ_NORTH,24.09
06/14/2025,17:00,N,LZ_NORTH,25.89
06/14/2025,18:00,N,LZ_NORTH,27.22
06/14/2025,19:00,N,LZ_NORTH,31.6
06/14/2025,20:00,N,LZ_NORTH,50.29
06/14/2025,21:00,N,LZ_NORTH,59.18
06/14/2025,22:00,N,LZ_NORTH,46.24
06/14/2025,23:00,N,LZ_NORTH,31.63
06/14/2025,24:00,N,LZ_NORTH,23.74
06/15/2025,01:00,N,LZ_NORTH,22.61
06/15/2025,02:00,N,LZ_NORTH,20.39
06/15/2025,03:00,N,LZ_NORTH,19.69
06/15/2025,04:00,N,LZ_NORTH,19.44
06/15/2025,05:00,N,LZ_NORTH,20.56
06/15/2025,06:00,N,LZ_NORTH,21.66
06/15/2025,07:00,N,LZ_NORTH,20.63
06/15/2025,08:00,N,LZ_NORTH,19.19
06/15/2025,09:00,N,LZ_NORTH,14.86
06/15/2025,10:00,N,LZ_NORTH,13.48
06/15/2025,11:00,N,LZ_NORTH,15.43
06/15/2025,12:00,N,LZ_NORTH,17.91
06/15/2025,13:00,N,LZ_NORTH,19.27
06/15/2025,14:00,N,LZ_NORTH,23.51
06/15/2025,15:00,N,LZ_NORTH,22.15
06/15/2025,16:00,N,LZ_NORTH,23.02
06/15/2025,17:00,N,LZ_NORTH,25.28
06/15/2025,18:00,N,LZ_NORTH,30.08
06/15/2025,19:00,N,LZ_NORTH,36.6
06/15/2025,20:00,N,LZ_NORTH,61.29
06/15/2025,21:00,N,LZ_NORTH,65.76
06/15/2025,22:00,N,LZ_NORTH,43.06
06/15/2025,23:00,N,LZ_NORTH,29.31
06/15/2025,24:00,N,LZ_NORTH,23.13
06/16/2025,01:00,N,LZ_NORTH,29.83
06/16/2025,02:00,N,LZ_NORTH,27.37
06/16/2025,03:00,N,LZ_NORTH,25.46
06/16/2025,04:00,N,LZ_NORTH,24.62
06/16/2025,05:00,N,LZ_NORTH,27.9
06/16/2025,06:00,N,LZ_NORTH,34.35
06/16/2025,07:00,N,LZ_NORTH,30.97
06/16/2025,08:00,N,LZ_NORTH,26.39
06/16/2025,09:00,N,LZ_NORTH,18.95
06/16/2025,10:00,N,LZ_NORTH,17.6
06/16/2025,11:00,N,LZ_NORTH,20.98
06/16/2025,12:00,N,LZ_NORTH,24.38
06/16/2025,13:00,N,LZ_NORTH,26.74
06/16/2025,14:00,N,LZ_NORTH,29.84
06/16/2025,15:00,N,LZ_NORTH,30.85
06/16/2025,16:00,N,LZ_NORTH,30.47
06/16/2025,17:00,N,LZ_NORTH,27.95
06/16/2025,18:00,N,LZ_NORTH,27.69
06/16/2025,19:00,N,LZ_NORTH,31.01
06/16/2025,20:00,N,LZ_NORTH,55.18
06/16/2025,21:00,N,LZ_NORTH,62.67
06/16/2025,22:00,N,LZ_NORTH,41.49
06/16/2025,23:00,N,LZ_NORTH,29.5
06/16/2025,24:00,N,LZ_NORTH,21.66
06/17/2025,01:00,N,LZ_NORTH,20.35
06/17/2025,02:00,N,LZ_NORTH,18.49
06/17/2025,03:00,N,LZ_NORTH,17.29
06/17/2025,04:00,N,LZ_NORTH,16.65
06/17/2025,05:00,N,LZ_NORTH,16.52
06/17/2025,06:00,N,LZ_NORTH,18.55
06/17/2025,07:00,N,LZ_NORTH,18.57
06/17/2025,08:00,N,LZ_NORTH,18.03
06/17/2025,09:00,N,LZ_NORTH,11.77
06/17/2025,10:00,N,LZ_NORTH,11.06
06/17/2025,11:00,N,LZ_NORTH,13.84
06/17/2025,12:00,N,LZ_NORTH,16.0
06/17/2025,13:00,N,LZ_NORTH,20.94
06/17/2025,14:00,N,LZ_NORTH,20.35
06/17/2025,15:00,N,LZ_NORTH,22.04
06/17/2025,16:00,N,LZ_NORTH,21.91
06/17/2025,17:00,N,LZ_NORTH,22.12
06/17/2025,18:00,N,LZ_NORTH,23.64
06/17/2025,19:00,N,LZ_NORTH,30.72
06/17/2025,20:00,N,LZ_NORTH,40.6
06/17/2025,21:00,N,LZ_NORTH,47.75
06/17/2025,22:00,N,LZ_NORTH,39.22
06/17/2025,23:00,N,LZ_NORTH,29.6
06/17/2025,24:00,N,LZ_NORTH,23.66
06/18/2025,01:00,N,LZ_NORTH,22.47
06/18/2025,02:00,N,LZ_NORTH,20.7
06/18/2025,03:00,N,LZ_NORTH,18.44
06/18/2025,04:00,N,LZ_NORTH,19.49
06/18/2025,05:00,N,LZ_NORTH,20.75
06/18/2025,06:00,N,LZ_NORTH,23.64
06/18/2025,07:00,N,LZ_NORTH,26.75
06/18/2025,08:00,N,LZ_NORTH,23.78
06/18/2025,09:00,N,LZ_NORTH,17.83
06/18/2025,10:00,N,LZ_NORTH,17.06
06/18/2025,11:00,N,LZ_NORTH,17.98
06/18/2025,12:00,N,LZ_NORTH,20.08
06/18/2025,13:00,N,LZ_NORTH,22.18
06/18/2025,14:00,N,LZ_NORTH,26.31
06/18/2025,15:00,N,LZ_NORTH,30.67
06/18/2025,16:00,N,LZ_NORTH,31.35
06/18/2025,17:00,N,LZ_NORTH,32.72
06/18/2025,18:00,N,LZ_NORTH,34.97
06/18/2025,19:00,N,LZ_NORTH,44.14
06/18/2025,20:00,N,LZ_NORTH,112.69
06/18/2025,21:00,N,LZ_NORTH,128.2
06/18/2025,22:00,N,LZ_NORTH,80.15
06/18/2025,23:00,N,LZ_NORTH,54.11
06/18/2025,24:00,N,LZ_NORTH,34.77
06/19/2025,01:00,N,LZ_NORTH,30.97
06/19/2025,02:00,N,LZ_NORTH,26.55
06/19/2025,03:00,N,LZ_NORTH,23.97
06/19/2025,04:00,N,LZ_NORTH,23.2
06/19/2025,05:00,N,LZ_NORTH,25.34
06/19/2025,06:00,N,LZ_NORTH,28.8
06/19/2025,07:00,N,LZ_NORTH,31.59
06/19/2025,08:00,N,LZ_NORTH,26.77
06/19/2025,09:00,N,LZ_NORTH,20.24
06/19/2025,10:00,N,LZ_NORTH,20.57
06/19/2025,11:00,N,LZ_NORTH,22.75
06/19/2025,12:00,N,LZ_NORTH,26.46
06/19/2025,13:00,N,LZ_NORTH,30.87
06/19/2025,14:00,N,LZ_NORTH,35.09
06/19/2025,15:00,N,LZ_NORTH,36.05
06/19/2025,16:00,N,LZ_NORTH,33.97
06/19/2025,17:00,N,LZ_NORTH,34.17
06/19/2025,18:00,N,LZ_NORTH,34.37
06/19/2025,19:00,N,LZ_NORTH,37.46
06/19/2025,20:00,N,LZ_NORTH,68.69
06/19/2025,21:00,N,LZ_NORTH,84.37
06/19/2025,22:00,N,LZ_NORTH,61.15
06/19/2025,23:00,N,LZ_NORTH,37.02
06/19/2025,24:00,N,LZ_NORTH,27.5
06/20/2025,01:00,N,LZ_NORTH,24.33
06/20/2025,02:00,N,LZ_NORTH,23.84
06/20/2025,03:00,N,LZ_NORTH,23.39
06/20/2025,04:00,N,LZ_NORTH,22.39
06/20/2025,05:00,N,LZ_NORTH,23.17
06/20/2025,06:00,N,LZ_NORTH,24.68
06/20/2025,07:00,N,LZ_NORTH,22.81
06/20/2025,08:00,N,LZ_NORTH,21.19
06/20/2025,09:00,N,LZ_NORTH,16.27
06/20/2025,10:00,N,LZ_NORTH,14.51
06/20/2025,11:00,N,LZ_NORTH,16.13
06/20/2025,12:00,N,LZ_NORTH,19.09
06/20/2025,13:00,N,LZ_NORTH,22.56
06/20/2025,14:00,N,LZ_NORTH,24.45
06/20/2025,15:00,N,LZ_NORTH,24.24
06/20/2025,16:00,N,LZ_NORTH,24.1
06/20/2025,17:00,N,LZ_NORTH,24.03
06/20/2025,18:00,N,LZ_NORTH,25.6
06/20/2025,19:00,N,LZ_NORTH,27.16
06/20/2025,20:00,N,LZ_NORTH,44.12
06/20/2025,21:00,N,LZ_NORTH,42.16
06/20/2025,22:00,N,LZ_NORTH,37.24
06/20/2025,23:00,N,LZ_NORTH,35.38
06/20/2025,24:00,N,LZ_NORTH,26.35
06/21/2025,01:00,N,LZ_NORTH,26.05
06/21/2025,02:00,N,LZ_NORTH,24.28
06/21/2025,03:00,N,LZ_NORTH,23.38
06/21/2025,04:00,N,LZ_NORTH,22.24
06/21/2025,05:00,N,LZ_NORTH,23.19
06/21/2025,06:00,N,LZ_NORTH,23.07
06/21/2025,07:00,N,LZ_NORTH,22.06
06/21/2025,08:00,N,LZ_NORTH,19.82
06/21/2025,09:00,N,LZ_NORTH,14.65
06/21/2025,10:00,N,LZ_NORTH,13.91
06/21/2025,11:00,N,LZ_NORTH,16.38
06/21/2025,12:00,N,LZ_NORTH,21.49
06/21/2025,13:00,N,LZ_NORTH,26.27
06/21/2025,14:00,N,LZ_NORTH,27.04
06/21/2025,15:00,N,LZ_NORTH,25.12
06/21/2025,16:00,N,LZ_NORTH,25.49
06/21/2025,17:00,N,LZ_NORTH,25.17
06/21/2025,18:00,N,LZ_NORTH,25.84
06/21/2025,19:00,N,LZ_NORTH,27.61
06/21/2025,20:00,N,LZ_NORTH,39.98
06/21/2025,21:00,N,LZ_NORTH,40.86
06/21/2025,22:00,N,LZ_NORTH,39.74
06/21/2025,23:00,N,LZ_NORTH,31.98
06/21/2025,24:00,N,LZ_NORTH,26.86
06/22/2025,01:00,N,LZ_NORTH,26.97
06/22/2025,02:00,N,LZ_NORTH,24.95
06/22/2025,03:00,N,LZ_NORTH,23.34
06/22/2025,04:00,N,LZ_NORTH,22.44
06/22/2025,05:00,N,LZ_NORTH,22.44
06/22/2025,06:00,N,LZ_NORTH,21.58
06/22/2025,07:00,N,LZ_NORTH,21.54
06/22/2025,08:00,N,LZ_NORTH,17.96
06/22/2025,09:00,N,LZ_NORTH,15.48
06/22/2025,10:00,N,LZ_NORTH,14.39
06/22/2025,11:00,N,LZ_NORTH,17.71
06/22/2025,12:00,N,LZ_NORTH,22.25
06/22/2025,13:00,N,LZ_NORTH,27.97
06/22/2025,14:00,N,LZ_NORTH,27.69
06/22/2025,15:00,N,LZ_NORTH,28.28
06/22/2025,16:00,N,LZ_NORTH,28.26
06/22/2025,17:00,N,LZ_NORTH,29.17
06/22/2025,18:00,N,LZ_NORTH,26.19
06/22/2025,19:00,N,LZ_NORTH,32.37
06/22/2025,20:00,N,LZ_NORTH,51.7
06/22/2025,21:00,N,LZ_NORTH,52.94
06/22/2025,22:00,N,LZ_NORTH,44.11
06/22/2025,23:00,N,LZ_NORTH,34.83
06/22/2025,24:00,N,LZ_NORTH,25.98
06/23/2025,01:00,N,LZ_NORTH,22.37
06/23/2025,02:00,N,LZ_NORTH,22.02
06/23/2025,03:00,N,LZ_NORTH,21.18
06/23/2025,04:00,N,LZ_NORTH,20.6
06/23/2025,05:00,N,LZ_NORTH,22.24
06/23/2025,06:00,N,LZ_NORTH,24.99
06/23/2025,07:00,N,LZ_NORTH,27.13
06/23/2025,08:00,N,LZ_NORTH,22.27
06/23/2025,09:00,N,LZ_NORTH,17.39
06/23/2025,10:00,N,LZ_NORTH,16.28
06/23/2025,11:00,N,LZ_NORTH,18.32
06/23/2025,12:00,N,LZ_NORTH,21.48
06/23/2025,13:00,N,LZ_NORTH,27.26
06/23/2025,14:00,N,LZ_NORTH,29.17
06/23/2025,15:00,N,LZ_NORTH,28.99
06/23/2025,16:00,N,LZ_NORTH,26.53
06/23/2025,17:00,N,LZ_NORTH,27.71
06/23/2025,18:00,N,LZ_NORTH,26.79
06/23/2025,19:00,N,LZ_NORTH,34.71
06/23/2025,20:00,N,LZ_NORTH,58.44
06/23/2025,21:00,N,LZ_NORTH,60.23
06/23/2025,22:00,N,LZ_NORTH,54.12
06/23/2025,23:00,N,LZ_NORTH,42.97
06/23/2025,24:00,N,LZ_NORTH,34.01
06/24/2025,01:00,N,LZ_NORTH,23.99
06/24/2025,02:00,N,LZ_NORTH,21.98
06/24/2025,03:00,N,LZ_NORTH,20.98
06/24/2025,04:00,N,LZ_NORTH,21.53
06/24/2025,05:00,N,LZ_NORTH,22.58
06/24/2025,06:00,N,LZ_NORTH,27.3
06/24/2025,07:00,N,LZ_NORTH,30.32
06/24/2025,08:00,N,LZ_NORTH,24.39
06/24/2025,09:00,N,LZ_NORTH,18.76
06/24/2025,10:00,N,LZ_NORTH,16.57
06/24/2025,11:00,N,LZ_NORTH,17.22
06/24/2025,12:00,N,LZ_NORTH,19.46
06/24/2025,13:00,N,LZ_NORTH,23.32
06/24/2025,14:00,N,LZ_NORTH,26.29
06/24/2025,15:00,N,LZ_NORTH,27.81
06/24/2025,16:00,N,LZ_NORTH,28.17
06/24/2025,17:00,N,LZ_NORTH,29.15
06/24/2025,18:00,N,LZ_NORTH,29.07
06/24/2025,19:00,N,LZ_NORTH,33.23
06/24/2025,20:00,N,LZ_NORTH,57.84
06/24/2025,21:00,N,LZ_NORTH,67.82
06/24/2025,22:00,N,LZ_NORTH,57.54
06/24/2025,23:00,N,LZ_NORTH,38.12
06/24/2025,24:00,N,LZ_NORTH,28.46
06/25/2025,01:00,N,LZ_NORTH,23.48
06/25/2025,02:00,N,LZ_NORTH,21.11
06/25/2025,03:00,N,LZ_NORTH,20.82
06/25/2025,04:00,N,LZ_NORTH,21.69
06/25/2025,05:00,N,LZ_NORTH,22.6
06/25/2025,06:00,N,LZ_NORTH,26.57
06/25/2025,07:00,N,LZ_NORTH,29.12
06/25/2025,08:00,N,LZ_NORTH,24.45
06/25/2025,09:00,N,LZ_NORTH,18.3
06/25/2025,10:00,N,LZ_NORTH,15.62
06/25/2025,11:00,N,LZ_NORTH,16.3
06/25/2025,12:00,N,LZ_NORTH,19.03
06/25/2025,13:00,N,LZ_NORTH,23.5
06/25/2025,14:00,N,LZ_NORTH,27.68
06/25/2025,15:00,N,LZ_NORTH,30.14
06/25/2025,16:00,N,LZ_NORTH,31.01
06/25/2025,17:00,N,LZ_NORTH,34.24
06/25/2025,18:00,N,LZ_NORTH,31.84
06/25/2025,19:00,N,LZ_NORTH,39.37
06/25/2025,20:00,N,LZ_NORTH,57.32
06/25/2025,21:00,N,LZ_NORTH,61.73
06/25/2025,22:00,N,LZ_NORTH,51.21
06/25/2025,23:00,N,LZ_NORTH,36.29
06/25/2025,24:00,N,LZ_NORTH,28.83
06/26/2025,01:00,N,LZ_NORTH,20.58
06/26/2025,02:00,N,LZ_NORTH,20.19
06/26/2025,03:00,N,LZ_NORTH,18.91
06/26/2025,04:00,N,LZ_NORTH,19.04
06/26/2025,05:00,N,LZ_NORTH,20.26
06/26/2025,06:00,N,LZ_NORTH,22.51
06/26/2025,07:00,N,LZ_NORTH,23.1
06/26/2025,08:00,N,LZ_NORTH,22.26
06/26/2025,09:00,N,LZ_NORTH,18.04
06/26/2025,10:00,N,LZ_NORTH,17.11
06/26/2025,11:00,N,LZ_NORTH,18.3
06/26/2025,12:00,N,LZ_NORTH,20.96
06/26/2025,13:00,N,LZ_NORTH,24.82
06/26/2025,14:00,N,LZ_NORTH,30.87
06/26/2025,15:00,N,LZ_NORTH,33.15
06/26/2025,16:00,N,LZ_NORTH,35.53
06/26/2025,17:00,N,LZ_NORTH,35.5
06/26/2025,18:00,N,LZ_NORTH,34.98
06/26/2025,19:00,N,LZ_NORTH,41.05
06/26/2025,20:00,N,LZ_NORTH,53.84
06/26/2025,21:00,N,LZ_NORTH,60.99
06/26/2025,22:00,N,LZ_NORTH,53.2
06/26/2025,23:00,N,LZ_NORTH,37.54
06/26/2025,24:00,N,LZ_NORTH,30.01
06/27/2025,01:00,N,LZ_NORTH,25.12
06/27/2025,02:00,N,LZ_NORTH,22.87
06/27/2025,03:00,N,LZ_NORTH,21.68
06/27/2025,04:00,N,LZ_NORTH,21.59
06/27/2025,05:00,N,LZ_NORTH,21.95
06/27/2025,06:00,N,LZ_NORTH,22.4
06/27/2025,07:00,N,LZ_NORTH,24.96
06/27/2025,08:00,N,LZ_NORTH,21.26
06/27/2025,09:00,N,LZ_NORTH,17.05
06/27/2025,10:00,N,LZ_NORTH,15.63
06/27/2025,11:00,N,LZ_NORTH,17.86
06/27/2025,12:00,N,LZ_NORTH,21.7
06/27/2025,13:00,N,LZ_NORTH,26.44
06/27/2025,14:00,N,LZ_NORTH,31.65
06/27/2025,15:00,N,LZ_NORTH,30.98
06/27/2025,16:00,N,LZ_NORTH,32.32
06/27/2025,17:00,N,LZ_NORTH,31.75
06/27/2025,18:00,N,LZ_NORTH,31.84
06/27/2025,19:00,N,LZ_NORTH,39.5
06/27/2025,20:00,N,LZ_NORTH,60.39
06/27/2025,21:00,N,LZ_NORTH,70.81
06/27/2025,22:00,N,LZ_NORTH,53.21
06/27/2025,23:00,N,LZ_NORTH,38.12
06/27/2025,24:00,N,LZ_NORTH,29.7
06/28/2025,01:00,N,LZ_NORTH,27.36
06/28/2025,02:00,N,LZ_NORTH,24.5
06/28/2025,03:00,N,LZ_NORTH,23.09
06/28/2025,04:00,N,LZ_NORTH,21.9
06/28/2025,05:00,N,LZ_NORTH,21.41
06/28/2025,06:00,N,LZ_NORTH,21.21
06/28/2025,07:00,N,LZ_NORTH,20.79
06/28/2025,08:00,N,LZ_NORTH,18.14
06/28/2025,09:00,N,LZ_NORTH,13.31
06/28/2025,10:00,N,LZ_NORTH,11.79
06/28/2025,11:00,N,LZ_NORTH,15.77
06/28/2025,12:00,N,LZ_NORTH,20.05
06/28/2025,13:00,N,LZ_NORTH,22.2
06/28/2025,14:00,N,LZ_NORTH,25.06
06/28/2025,15:00,N,LZ_NORTH,26.45
06/28/2025,16:00,N,LZ_NORTH,27.81
06/28/2025,17:00,N,LZ_NORTH,29.08
06/28/2025,18:00,N,LZ_NORTH,29.85
06/28/2025,19:00,N,LZ_NORTH,34.07
06/28/2025,20:00,N,LZ_NORTH,58.8
06/28/2025,21:00,N,LZ_NORTH,69.01
06/28/2025,22:00,N,LZ_NORTH,46.44
06/28/2025,23:00,N,LZ_NORTH,31.45
06/28/2025,24:00,N,LZ_NORTH,27.71
06/29/2025,01:00,N,LZ_NORTH,25.07
06/29/2025,02:00,N,LZ_NORTH,22.16
06/29/2025,03:00,N,LZ_NORTH,20.85
06/29/2025,04:00,N,LZ_NORTH,20.81
06/29/2025,05:00,N,LZ_NORTH,20.73
06/29/2025,06:00,N,LZ_NORTH,20.48
06/29/2025,07:00,N,LZ_NORTH,20.58
06/29/2025,08:00,N,LZ_NORTH,18.9
06/29/2025,09:00,N,LZ_NORTH,15.14
06/29/2025,10:00,N,LZ_NORTH,14.24
06/29/2025,11:00,N,LZ_NORTH,17.75
06/29/2025,12:00,N,LZ_NORTH,20.38
06/29/2025,13:00,N,LZ_NORTH,23.09
06/29/2025,14:00,N,LZ_NORTH,24.93
06/29/2025,15:00,N,LZ_NORTH,27.6
06/29/2025,16:00,N,LZ_NORTH,28.51
06/29/2025,17:00,N,LZ_NORTH,30.7
06/29/2025,18:00,N,LZ_NORTH,32.43
06/29/2025,19:00,N,LZ_NORTH,38.22
06/29/2025,20:00,N,LZ_NORTH,57.51
06/29/2025,21:00,N,LZ_NORTH,67.55
06/29/2025,22:00,N,LZ_NORTH,51.9
06/29/2025,23:00,N,LZ_NORTH,33.19
06/29/2025,24:00,N,LZ_NORTH,27.65
06/30/2025,01:00,N,LZ_NORTH,24.33
06/30/2025,02:00,N,LZ_NORTH,22.5
06/30/2025,03:00,N,LZ_NORTH,21.33
06/30/2025,04:00,N,LZ_NORTH,21.44
06/30/2025,05:00,N,LZ_NORTH,22.36
06/30/2025,06:00,N,LZ_NORTH,25.06
06/30/2025,07:00,N,LZ_NORTH,28.22
06/30/2025,08:00,N,LZ_NORTH,24.0
06/30/2025,09:00,N,LZ_NORTH,20.08
06/30/2025,10:00,N,LZ_NORTH,19.56
06/30/2025,11:00,N,LZ_NORTH,22.11
06/30/2025,12:00,N,LZ_NORTH,25.53
06/30/2025,13:00,N,LZ_NORTH,31.47
06/30/2025,14:00,N,LZ_NORTH,39.84
06/30/2025,15:00,N,LZ_NORTH,39.19
06/30/2025,16:00,N,LZ_NORTH,40.69
06/30/2025,17:00,N,LZ_NORTH,46.59
06/30/2025,18:00,N,LZ_NORTH,46.96
06/30/2025,19:00,N,LZ_NORTH,60.32
06/30/2025,20:00,N,LZ_NORTH,121.11
06/30/2025,21:00,N,LZ_NORTH,95.12
06/30/2025,22:00,N,LZ_NORTH,78.1
06/30/2025,23:00,N,LZ_NORTH,55.85
06/30/2025,24:00,N,LZ_NORTH,45.28
07/01/2025,01:00,N,LZ_NORTH,36.21
07/01/2025,02:00,N,LZ_NORTH,36.78
07/01/2025,03:00,N,LZ_NORTH,34.15
07/01/2025,04:00,N,LZ_NORTH,30.36
07/01/2025,05:00,N,LZ_NORTH,31.66
07/01/2025,06:00,N,LZ_NORTH,34.77
07/01/2025,07:00,N,LZ_NORTH,38.54
07/01/2025,08:00,N,LZ_NORTH,30.28
07/01/2025,09:00,N,LZ_NORTH,25.41
07/01/2025,10:00,N,LZ_NORTH,25.42
07/01/2025,11:00,N,LZ_NORTH,26.23
07/01/2025,12:00,N,LZ_NORTH,29.6
07/01/2025,13:00,N,LZ_NORTH,33.75
07/01/2025,14:00,N,LZ_NORTH,40.43
07/01/2025,15:00,N,LZ_NORTH,44.64
07/01/2025,16:00,N,LZ_NORTH,46.99
07/01/2025,17:00,N,LZ_NORTH,48.14
07/01/2025,18:00,N,LZ_NORTH,48.61
07/01/2025,19:00,N,LZ_NORTH,60.99
07/01/2025,20:00,N,LZ_NORTH,119.52
07/01/2025,21:00,N,LZ_NORTH,110.77
07/01/2025,22:00,N,LZ_NORTH,90.49
07/01/2025,23:00,N,LZ_NORTH,62.19
07/01/2025,24:00,N,LZ_NORTH,47.95
07/02/2025,01:00,N,LZ_NORTH,39.54
07/02/2025,02:00,N,LZ_NORTH,35.77
07/02/2025,03:00,N,LZ_NORTH,34.77
07/02/2025,04:00,N,LZ_NORTH,32.04
07/02/2025,05:00,N,LZ_NORTH,33.66
07/02/2025,06:00,N,LZ_NORTH,34.68
07/02/2025,07:00,N,LZ_NORTH,40.0
07/02/2025,08:00,N,LZ_NORTH,34.4
07/02/2025,09:00,N,LZ_NORTH,31.63
07/02/2025,10:00,N,LZ_NORTH,29.95
07/02/2025,11:00,N,LZ_NORTH,29.47
07/02/2025,12:00,N,LZ_NORTH,31.76
07/02/2025,13:00,N,LZ_NORTH,31.97
07/02/2025,14:00,N,LZ_NORTH,38.37
07/02/2025,15:00,N,LZ_NORTH,37.54
07/02/2025,16:00,N,LZ_NORTH,41.16
07/02/2025,17:00,N,LZ_NORTH,40.57
07/02/2025,18:00,N,LZ_NORTH,42.24
07/02/2025,19:00,N,LZ_NORTH,50.83
07/02/2025,20:00,N,LZ_NORTH,65.45
07/02/2025,21:00,N,LZ_NORTH,65.72
07/02/2025,22:00,N,LZ_NORTH,60.11
07/02/2025,23:00,N,LZ_NORTH,42.7
07/02/2025,24:00,N,LZ_NORTH,35.52
07/03/2025,01:00,N,LZ_NORTH,33.97
07/03/2025,02:00,N,LZ_NORTH,30.56
07/03/2025,03:00,N,LZ_NORTH,29.35
07/03/2025,04:00,N,LZ_NORTH,28.7
07/03/2025,05:00,N,LZ_NORTH,29.32
07/03/2025,06:00,N,LZ_NORTH,30.86
07/03/2025,07:00,N,LZ_NORTH,32.4
07/03/2025,08:00,N,LZ_NORTH,29.27
07/03/2025,09:00,N,LZ_NORTH,28.34
07/03/2025,10:00,N,LZ_NORTH,29.22
07/03/2025,11:00,N,LZ_NORTH,31.11
07/03/2025,12:00,N,LZ_NORTH,30.68
07/03/2025,13:00,N,LZ_NORTH,33.36
07/03/2025,14:00,N,LZ_NORTH,34.91
07/03/2025,15:00,N,LZ_NORTH,35.77
07/03/2025,16:00,N,LZ_NORTH,35.04
07/03/2025,17:00,N,LZ_NORTH,35.28
07/03/2025,18:00,N,LZ_NORTH,37.2
07/03/2025,19:00,N,LZ_NORTH,37.7
07/03/2025,20:00,N,LZ_NORTH,43.86
07/03/2025,21:00,N,LZ_NORTH,49.67
07/03/2025,22:00,N,LZ_NORTH,42.06
07/03/2025,23:00,N,LZ_NORTH,35.81
07/03/2025,24:00,N,LZ_NORTH,31.06
07/04/2025,01:00,N,LZ_NORTH,29.64
07/04/2025,02:00,N,LZ_NORTH,27.92
07/04/2025,03:00,N,LZ_NORTH,26.7
07/04/2025,04:00,N,LZ_NORTH,26.01
07/04/2025,05:00,N,LZ_NORTH,26.27
07/04/2025,06:00,N,LZ_NORTH,26.37
07/04/2025,07:00,N,LZ_NORTH,27.61
07/04/2025,08:00,N,LZ_NORTH,25.94
07/04/2025,09:00,N,LZ_NORTH,25.88
07/04/2025,10:00,N,LZ_NORTH,25.81
07/04/2025,11:00,N,LZ_NORTH,26.73
07/04/2025,12:00,N,LZ_NORTH,26.27
07/04/2025,13:00,N,LZ_NORTH,27.42
07/04/2025,14:00,N,LZ_NORTH,26.96
07/04/2025,15:00,N,LZ_NORTH,27.6
07/04/2025,16:00,N,LZ_NORTH,25.49
07/04/2025,17:00,N,LZ_NORTH,25.98
07/04/2025,18:00,N,LZ_NORTH,25.73
07/04/2025,19:00,N,LZ_NORTH,28.73
07/04/2025,20:00,N,LZ_NORTH,37.22
07/04/2025,21:00,N,LZ_NORTH,39.56
07/04/2025,22:00,N,LZ_NORTH,36.5
07/04/2025,23:00,N,LZ_NORTH,28.91
07/04/2025,24:00,N,LZ_NORTH,24.99
07/05/2025,01:00,N,LZ_NORTH,26.29
07/05/2025,02:00,N,LZ_NORTH,24.22
07/05/2025,03:00,N,LZ_NORTH,23.5
07/05/2025,04:00,N,LZ_NORTH,22.85
07/05/2025,05:00,N,LZ_NORTH,24.02
07/05/2025,06:00,N,LZ_NORTH,24.87
07/05/2025,07:00,N,LZ_NORTH,25.85
07/05/2025,08:00,N,LZ_NORTH,23.1
07/05/2025,09:00,N,LZ_NORTH,20.56
07/05/2025,10:00,N,LZ_NORTH,22.08
07/05/2025,11:00,N,LZ_NORTH,24.41
07/05/2025,12:00,N,LZ_NORTH,24.95
07/05/2025,13:00,N,LZ_NORTH,27.46
07/05/2025,14:00,N,LZ_NORTH,27.98
07/05/2025,15:00,N,LZ_NORTH,27.5
07/05/2025,16:00,N,LZ_NORTH,27.9
07/05/2025,17:00,N,LZ_NORTH,28.16
07/05/2025,18:00,N,LZ_NORTH,26.69
07/05/2025,19:00,N,LZ_NORTH,31.59
07/05/2025,20:00,N,LZ_NORTH,46.94
07/05/2025,21:00,N,LZ_NORTH,53.77
07/05/2025,22:00,N,LZ_NORTH,45.82
07/05/2025,23:00,N,LZ_NORTH,41.5
07/05/2025,24:00,N,LZ_NORTH,39.31
07/06/2025,01:00,N,LZ_NORTH,38.55
07/06/2025,02:00,N,LZ_NORTH,36.33
07/06/2025,03:00,N,LZ_NORTH,33.68
07/06/2025,04:00,N,LZ_NORTH,30.71
07/06/2025,05:00,N,LZ_NORTH,31.57
07/06/2025,06:00,N,LZ_NORTH,32.42
07/06/2025,07:00,N,LZ_NORTH,31.26
07/06/2025,08:00,N,LZ_NORTH,27.21
07/06/2025,09:00,N,LZ_NORTH,22.06
07/06/2025,10:00,N,LZ_NORTH,21.3
07/06/2025,11:00,N,LZ_NORTH,21.57
07/06/2025,12:00,N,LZ_NORTH,22.64
07/06/2025,13:00,N,LZ_NORTH,26.25
07/06/2025,14:00,N,LZ_NORTH,26.22
07/06/2025,15:00,N,LZ_NORTH,27.67
07/06/2025,16:00,N,LZ_NORTH,27.26
07/06/2025,17:00,N,LZ_NORTH,28.37
07/06/2025,18:00,N,LZ_NORTH,32.15
07/06/2025,19:00,N,LZ_NORTH,38.18
07/06/2025,20:00,N,LZ_NORTH,59.86
07/06/2025,21:00,N,LZ_NORTH,61.49
07/06/2025,22:00,N,LZ_NORTH,50.92
07/06/2025,23:00,N,LZ_NORTH,47.31
07/06/2025,24:00,N,LZ_NORTH,36.46
07/07/2025,01:00,N,LZ_NORTH,32.42
07/07/2025,02:00,N,LZ_NORTH,28.86
07/07/2025,03:00,N,LZ_NORTH,27.67
07/07/2025,04:00,N,LZ_NORTH,28.01
07/07/2025,05:00,N,LZ_NORTH,29.4
07/07/2025,06:00,N,LZ_NORTH,31.99
07/07/2025,07:00,N,LZ_NORTH,38.08
07/07/2025,08:00,N,LZ_NORTH,31.05
07/07/2025,09:00,N,LZ_NORTH,25.95
07/07/2025,10:00,N,LZ_NORTH,24.1
07/07/2025,11:00,N,LZ_NORTH,26.06
07/07/2025,12:00,N,LZ_NORTH,29.88
07/07/2025,13:00,N,LZ_NORTH,33.89
07/07/2025,14:00,N,LZ_NORTH,35.83
07/07/2025,15:00,N,LZ_NORTH,35.31
07/07/2025,16:00,N,LZ_NORTH,32.92
07/07/2025,17:00,N,LZ_NORTH,33.2
07/07/2025,18:00,N,LZ_NORTH,34.06
07/07/2025,19:00,N,LZ_NORTH,39.99
07/07/2025,20:00,N,LZ_NORTH,58.68
07/07/2025,21:00,N,LZ_NORTH,69.16
07/07/2025,22:00,N,LZ_NORTH,49.17
07/07/2025,23:00,N,LZ_NORTH,40.11
07/07/2025,24:00,N,LZ_NORTH,32.01
07/08/2025,01:00,N,LZ_NORTH,25.6
07/08/2025,02:00,N,LZ_NORTH,23.22
07/08/2025,03:00,N,LZ_NORTH,23.62
07/08/2025,04:00,N,LZ_NORTH,23.35
07/08/2025,05:00,N,LZ_NORTH,23.99
07/08/2025,06:00,N,LZ_NORTH,26.46
07/08/2025,07:00,N,LZ_NORTH,30.87
07/08/2025,08:00,N,LZ_NORTH,25.68
07/08/2025,09:00,N,LZ_NORTH,19.87
07/08/2025,10:00,N,LZ_NORTH,18.66
07/08/2025,11:00,N,LZ_NORTH,22.4
07/08/2025,12:00,N,LZ_NORTH,25.65
07/08/2025,13:00,N,LZ_NORTH,29.61
07/08/2025,14:00,N,LZ_NORTH,32.29
07/08/2025,15:00,N,LZ_NORTH,34.66
07/08/2025,16:00,N,LZ_NORTH,34.22
07/08/2025,17:00,N,LZ_NORTH,37.25
07/08/2025,18:00,N,LZ_NORTH,36.78
07/08/2025,19:00,N,LZ_NORTH,40.16
07/08/2025,20:00,N,LZ_NORTH,60.48
07/08/2025,21:00,N,LZ_NORTH,72.5
07/08/2025,22:00,N,LZ_NORTH,47.81
07/08/2025,23:00,N,LZ_NORTH,37.6
07/08/2025,24:00,N,LZ_NORTH,28.0
07/09/2025,01:00,N,LZ_NORTH,23.88
07/09/2025,02:00,N,LZ_NORTH,25.58
07/09/2025,03:00,N,LZ_NORTH,24.13
07/09/2025,04:00,N,LZ_NORTH,24.11
07/09/2025,05:00,N,LZ_NORTH,25.13
07/09/2025,06:00,N,LZ_NORTH,28.29
07/09/2025,07:00,N,LZ_NORTH,28.8
07/09/2025,08:00,N,LZ_NORTH,25.35
07/09/2025,09:00,N,LZ_NORTH,21.41
07/09/2025,10:00,N,LZ_NORTH,21.76
07/09/2025,11:00,N,LZ_NORTH,22.76
07/09/2025,12:00,N,LZ_NORTH,25.26
07/09/2025,13:00,N,LZ_NORTH,31.03
07/09/2025,14:00,N,LZ_NORTH,34.39
07/09/2025,15:00,N,LZ_NORTH,33.94
07/09/2025,16:00,N,LZ_NORTH,36.72
07/09/2025,17:00,N,LZ_NORTH,35.72
07/09/2025,18:00,N,LZ_NORTH,35.91
07/09/2025,19:00,N,LZ_NORTH,39.98
07/09/2025,20:00,N,LZ_NORTH,54.58
07/09/2025,21:00,N,LZ_NORTH,50.58
07/09/2025,22:00,N,LZ_NORTH,38.21
07/09/2025,23:00,N,LZ_NORTH,30.2
07/09/2025,24:00,N,LZ_NORTH,24.76
07/10/2025,01:00,N,LZ_NORTH,23.97
07/10/2025,02:00,N,LZ_NORTH,21.7
07/10/2025,03:00,N,LZ_NORTH,20.92
07/10/2025,04:00,N,LZ_NORTH,20.69
07/10/2025,05:00,N,LZ_NORTH,20.55
07/10/2025,06:00,N,LZ_NORTH,22.37
07/10/2025,07:00,N,LZ_NORTH,24.71
07/10/2025,08:00,N,LZ_NORTH,21.27
07/10/2025,09:00,N,LZ_NORTH,17.0
07/10/2025,10:00,N,LZ_NORTH,16.03
07/10/2025,11:00,N,LZ_NORTH,19.46
07/10/2025,12:00,N,LZ_NORTH,23.14
07/10/2025,13:00,N,LZ_NORTH,26.6
07/10/2025,14:00,N,LZ_NORTH,29.46
07/10/2025,15:00,N,LZ_NORTH,28.14
07/10/2025,16:00,N,LZ_NORTH,28.83
07/10/2025,17:00,N,LZ_NORTH,31.26
07/10/2025,18:00,N,LZ_NORTH,30.65
07/10/2025,19:00,N,LZ_NORTH,29.92
07/10/2025,20:00,N,LZ_NORTH,49.37
07/10/2025,21:00,N,LZ_NORTH,55.15
07/10/2025,22:00,N,LZ_NORTH,41.46
07/10/2025,23:00,N,LZ_NORTH,31.03
07/10/2025,24:00,N,LZ_NORTH,24.64
07/11/2025,01:00,N,LZ_NORTH,22.23
07/11/2025,02:00,N,LZ_NORTH,20.22
07/11/2025,03:00,N,LZ_NORTH,19.19
07/11/2025,04:00,N,LZ_NORTH,18.71
07/11/2025,05:00,N,LZ_NORTH,19.02
07/11/2025,06:00,N,LZ_NORTH,21.5
07/11/2025,07:00,N,LZ_NORTH,22.45
07/11/2025,08:00,N,LZ_NORTH,20.27
07/11/2025,09:00,N,LZ_NORTH,14.29
07/11/2025,10:00,N,LZ_NORTH,13.56
07/11/2025,11:00,N,LZ_NORTH,18.19
07/11/2025,12:00,N,LZ_NORTH,19.89
07/11/2025,13:00,N,LZ_NORTH,23.15
07/11/2025,14:00,N,LZ_NORTH,26.64
07/11/2025,15:00,N,LZ_NORTH,27.12
07/11/2025,16:00,N,LZ_NORTH,29.1
07/11/2025,17:00,N,LZ_NORTH,30.08
07/11/2025,18:00,N,LZ_NORTH,31.13
07/11/2025,19:00,N,LZ_NORTH,33.19
07/11/2025,20:00,N,LZ_NORTH,51.33
07/11/2025,21:00,N,LZ_NORTH,56.86
07/11/2025,22:00,N,LZ_NORTH,42.59
07/11/2025,23:00,N,LZ_NORTH,36.16
07/11/2025,24:00,N,LZ_NORTH,26.41
07/12/2025,01:00,N,LZ_NORTH,26.86
07/12/2025,02:00,N,LZ_NORTH,25.04
07/12/2025,03:00,N,LZ_NORTH,23.93
07/12/2025,04:00,N,LZ_NORTH,23.7
07/12/2025,05:00,N,LZ_NORTH,24.77
07/12/2025,06:00,N,LZ_NORTH,26.24
07/12/2025,07:00,N,LZ_NORTH,25.61
07/12/2025,08:00,N,LZ_NORTH,23.97
07/12/2025,09:00,N,LZ_NORTH,20.76
07/12/2025,10:00,N,LZ_NORTH,19.74
07/12/2025,11:00,N,LZ_NORTH,22.29
07/12/2025,12:00,N,LZ_NORTH,25.9
07/12/2025,13:00,N,LZ_NORTH,27.9
07/12/2025,14:00,N,LZ_NORTH,33.17
07/12/2025,15:00,N,LZ_NORTH,37.75
07/12/2025,16:00,N,LZ_NORTH,38.92
07/12/2025,17:00,N,LZ_NORTH,40.52
07/12/2025,18:00,N,LZ_NORTH,44.91
07/12/2025,19:00,N,LZ_NORTH,50.13
07/12/2025,20:00,N,LZ_NORTH,68.27
07/12/2025,21:00,N,LZ_NORTH,71.11
07/12/2025,22:00,N,LZ_NORTH,60.42
07/12/2025,23:00,N,LZ_NORTH,44.27
07/12/2025,24:00,N,LZ_NORTH,40.4
07/13/2025,01:00,N,LZ_NORTH,45.28
07/13/2025,02:00,N,LZ_NORTH,38.03
07/13/2025,03:00,N,LZ_NORTH,34.5
07/13/2025,04:00,N,LZ_NORTH,31.36
07/13/2025,05:00,N,LZ_NORTH,30.33
07/13/2025,06:00,N,LZ_NORTH,30.68
07/13/2025,07:00,N,LZ_NORTH,30.62
07/13/2025,08:00,N,LZ_NORTH,28.56
07/13/2025,09:00,N,LZ_NORTH,25.69
07/13/2025,10:00,N,LZ_NORTH,25.72
07/13/2025,11:00,N,LZ_NORTH,25.53
07/13/2025,12:00,N,LZ_NORTH,26.63
07/13/2025,13:00,N,LZ_NORTH,30.32
07/13/2025,14:00,N,LZ_NORTH,33.27
07/13/2025,15:00,N,LZ_NORTH,37.65
07/13/2025,16:00,N,LZ_NORTH,40.27
07/13/2025,17:00,N,LZ_NORTH,43.18
07/13/2025,18:00,N,LZ_NORTH,46.65
07/13/2025,19:00,N,LZ_NORTH,57.17
07/13/2025,20:00,N,LZ_NORTH,84.01
07/13/2025,21:00,N,LZ_NORTH,83.19
07/13/2025,22:00,N,LZ_NORTH,70.26
07/13/2025,23:00,N,LZ_NORTH,51.7
07/13/2025,24:00,N,LZ_NORTH,42.31
07/14/2025,01:00,N,LZ_NORTH,32.25
07/14/2025,02:00,N,LZ_NORTH,32.52
07/14/2025,03:00,N,LZ_NORTH,30.18
07/14/2025,04:00,N,LZ_NORTH,31.89
07/14/2025,05:00,N,LZ_NORTH,34.13
07/14/2025,06:00,N,LZ_NORTH,37.46
07/14/2025,07:00,N,LZ_NORTH,43.03
07/14/2025,08:00,N,LZ_NORTH,38.75
07/14/2025,09:00,N,LZ_NORTH,31.3
07/14/2025,10:00,N,LZ_NORTH,29.27
07/14/2025,11:00,N,LZ_NORTH,30.37
07/14/2025,12:00,N,LZ_NORTH,34.42
07/14/2025,13:00,N,LZ_NORTH,43.06
07/14/2025,14:00,N,LZ_NORTH,44.78
07/14/2025,15:00,N,LZ_NORTH,46.33
07/14/2025,16:00,N,LZ_NORTH,50.38
07/14/2025,17:00,N,LZ_NORTH,52.26
07/14/2025,18:00,N,LZ_NORTH,58.25
07/14/2025,19:00,N,LZ_NORTH,64.64
07/14/2025,20:00,N,LZ_NORTH,82.53
07/14/2025,21:00,N,LZ_NORTH,83.81
07/14/2025,22:00,N,LZ_NORTH,57.49
07/14/2025,23:00,N,LZ_NORTH,42.3
07/14/2025,24:00,N,LZ_NORTH,29.57
07/15/2025,01:00,N,LZ_NORTH,28.06
07/15/2025,02:00,N,LZ_NORTH,25.35
07/15/2025,03:00,N,LZ_NORTH,23.85
07/15/2025,04:00,N,LZ_NORTH,23.95
07/15/2025,05:00,N,LZ_NORTH,23.42
07/15/2025,06:00,N,LZ_NORTH,24.5
07/15/2025,07:00,N,LZ_NORTH,27.48
07/15/2025,08:00,N,LZ_NORTH,24.57
07/15/2025,09:00,N,LZ_NORTH,19.27
07/15/2025,10:00,N,LZ_NORTH,18.36
07/15/2025,11:00,N,LZ_NORTH,19.72
07/15/2025,12:00,N,LZ_NORTH,23.04
07/15/2025,13:00,N,LZ_NORTH,27.06
07/15/2025,14:00,N,LZ_NORTH,29.39
07/15/2025,15:00,N,LZ_NORTH,31.74
07/15/2025,16:00,N,LZ_NORTH,33.77
07/15/2025,17:00,N,LZ_NORTH,38.31
07/15/2025,18:00,N,LZ_NORTH,41.39
07/15/2025,19:00,N,LZ_NORTH,46.59
07/15/2025,20:00,N,LZ_NORTH,57.15
07/15/2025,21:00,N,LZ_NORTH,61.3
07/15/2025,22:00,N,LZ_NORTH,51.2
07/15/2025,23:00,N,LZ_NORTH,38.41
07/15/2025,24:00,N,LZ_NORTH,29.05
07/16/2025,01:00,N,LZ_NORTH,25.53
07/16/2025,02:00,N,LZ_NORTH,24.54
07/16/2025,03:00,N,LZ_NORTH,22.93
07/16/2025,04:00,N,LZ_NORTH,21.87
07/16/2025,05:00,N,LZ_NORTH,22.65
07/16/2025,06:00,N,LZ_NORTH,24.94
07/16/2025,07:00,N,LZ_NORTH,25.45
07/16/2025,08:00,N,LZ_NORTH,22.41
07/16/2025,09:00,N,LZ_NORTH,17.28
07/16/2025,10:00,N,LZ_NORTH,15.49
07/16/2025,11:00,N,LZ_NORTH,17.93
07/16/2025,12:00,N,LZ_NORTH,21.54
07/16/2025,13:00,N,LZ_NORTH,25.75
07/16/2025,14:00,N,LZ_NORTH,29.83
07/16/2025,15:00,N,LZ_NORTH,32.57
07/16/2025,16:00,N,LZ_NORTH,35.95
07/16/2025,17:00,N,LZ_NORTH,39.16
07/16/2025,18:00,N,LZ_NORTH,36.78
07/16/2025,19:00,N,LZ_NORTH,46.38
07/16/2025,20:00,N,LZ_NORTH,63.95
07/16/2025,21:00,N,LZ_NORTH,76.86
07/16/2025,22:00,N,LZ_NORTH,56.67
07/16/2025,23:00,N,LZ_NORTH,42.28
07/16/2025,24:00,N,LZ_NORTH,35.66
07/17/2025,01:00,N,LZ_NORTH,27.32
07/17/2025,02:00,N,LZ_NORTH,25.02
07/17/2025,03:00,N,LZ_NORTH,23.6
07/17/2025,04:00,N,LZ_NORTH,23.01
07/17/2025,05:00,N,LZ_NORTH,23.83
07/17/2025,06:00,N,LZ_NORTH,26.43
07/17/2025,07:00,N,LZ_NORTH,30.47
07/17/2025,08:00,N,LZ_NORTH,23.18
07/17/2025,09:00,N,LZ_NORTH,18.57
07/17/2025,10:00,N,LZ_NORTH,18.45
07/17/2025,11:00,N,LZ_NORTH,21.42
07/17/2025,12:00,N,LZ_NORTH,25.13
07/17/2025,13:00,N,LZ_NORTH,29.21
07/17/2025,14:00,N,LZ_NORTH,34.32
07/17/2025,15:00,N,LZ_NORTH,37.68
07/17/2025,16:00,N,LZ_NORTH,38.46
07/17/2025,17:00,N,LZ_NORTH,38.33
07/17/2025,18:00,N,LZ_NORTH,40.56
07/17/2025,19:00,N,LZ_NORTH,47.12
07/17/2025,20:00,N,LZ_NORTH,75.33
07/17/2025,21:00,N,LZ_NORTH,94.01
07/17/2025,22:00,N,LZ_NORTH,67.19
07/17/2025,23:00,N,LZ_NORTH,39.13
07/17/2025,24:00,N,LZ_NORTH,31.73
07/18/2025,01:00,N,LZ_NORTH,30.54
07/18/2025,02:00,N,LZ_NORTH,26.72
07/18/2025,03:00,N,LZ_NORTH,24.31
07/18/2025,04:00,N,LZ_NORTH,23.78
07/18/2025,05:00,N,LZ_NORTH,23.44
07/18/2025,06:00,N,LZ_NORTH,24.91
07/18/2025,07:00,N,LZ_NORTH,27.08
07/18/2025,08:00,N,LZ_NORTH,23.72
07/18/2025,09:00,N,LZ_NORTH,20.0
07/18/2025,10:00,N,LZ_NORTH,19.05
07/18/2025,11:00,N,LZ_NORTH,19.95
07/18/2025,12:00,N,LZ_NORTH,21.99
07/18/2025,13:00,N,LZ_NORTH,26.54
07/18/2025,14:00,N,LZ_NORTH,30.6
07/18/2025,15:00,N,LZ_NORTH,33.72
07/18/2025,16:00,N,LZ_NORTH,36.17
07/18/2025,17:00,N,LZ_NORTH,41.85
07/18/2025,18:00,N,LZ_NORTH,41.85
07/18/2025,19:00,N,LZ_NORTH,43.05
07/18/2025,20:00,N,LZ_NORTH,60.68
07/18/2025,21:00,N,LZ_NORTH,64.65
07/18/2025,22:00,N,LZ_NORTH,45.45
07/18/2025,23:00,N,LZ_NORTH,35.98
07/18/2025,24:00,N,LZ_NORTH,29.16
07/19/2025,01:00,N,LZ_NORTH,24.09
07/19/2025,02:00,N,LZ_NORTH,22.37
07/19/2025,03:00,N,LZ_NORTH,21.54
07/19/2025,04:00,N,LZ_NORTH,20.78
07/19/2025,05:00,N,LZ_NORTH,20.21
07/19/2025,06:00,N,LZ_NORTH,20.75
07/19/2025,07:00,N,LZ_NORTH,20.55
07/19/2025,08:00,N,LZ_NORTH,18.73
07/19/2025,09:00,N,LZ_NORTH,14.95
07/19/2025,10:00,N,LZ_NORTH,14.61
07/19/2025,11:00,N,LZ_NORTH,16.81
07/19/2025,12:00,N,LZ_NORTH,21.38
07/19/2025,13:00,N,LZ_NORTH,24.78
07/19/2025,14:00,N,LZ_NORTH,30.06
07/19/2025,15:00,N,LZ_NORTH,30.23
07/19/2025,16:00,N,LZ_NORTH,35.42
07/19/2025,17:00,N,LZ_NORTH,35.92
07/19/2025,18:00,N,LZ_NORTH,38.33
07/19/2025,19:00,N,LZ_NORTH,40.64
07/19/2025,20:00,N,LZ_NORTH,54.88
07/19/2025,21:00,N,LZ_NORTH,58.69
07/19/2025,22:00,N,LZ_NORTH,48.34
07/19/2025,23:00,N,LZ_NORTH,32.47
07/19/2025,24:00,N,LZ_NORTH,26.33
07/20/2025,01:00,N,LZ_NORTH,24.52
07/20/2025,02:00,N,LZ_NORTH,23.48
07/20/2025,03:00,N,LZ_NORTH,21.86
07/20/2025,04:00,N,LZ_NORTH,21.03
07/20/2025,05:00,N,LZ_NORTH,20.82
07/20/2025,06:00,N,LZ_NORTH,19.94
07/20/2025,07:00,N,LZ_NORTH,19.97
07/20/2025,08:00,N,LZ_NORTH,17.38
07/20/2025,09:00,N,LZ_NORTH,11.9
07/20/2025,10:00,N,LZ_NORTH,11.42
07/20/2025,11:00,N,LZ_NORTH,16.13
07/20/2025,12:00,N,LZ_NORTH,20.7
07/20/2025,13:00,N,LZ_NORTH,25.46
07/20/2025,14:00,N,LZ_NORTH,28.14
07/20/2025,15:00,N,LZ_NORTH,30.09
07/20/2025,16:00,N,LZ_NORTH,33.3
07/20/2025,17:00,N,LZ_NORTH,39.48
07/20/2025,18:00,N,LZ_NORTH,43.44
07/20/2025,19:00,N,LZ_NORTH,49.68
07/20/2025,20:00,N,LZ_NORTH,63.52
07/20/2025,21:00,N,LZ_NORTH,57.26
07/20/2025,22:00,N,LZ_NORTH,48.58
07/20/2025,23:00,N,LZ_NORTH,34.01
07/20/2025,24:00,N,LZ_NORTH,26.5
07/21/2025,01:00,N,LZ_NORTH,25.95
07/21/2025,02:00,N,LZ_NORTH,23.42
07/21/2025,03:00,N,LZ_NORTH,21.4
07/21/2025,04:00,N,LZ_NORTH,21.16
07/21/2025,05:00,N,LZ_NORTH,22.01
07/21/2025,06:00,N,LZ_NORTH,24.2
07/21/2025,07:00,N,LZ_NORTH,23.74
07/21/2025,08:00,N,LZ_NORTH,22.46
07/21/2025,09:00,N,LZ_NORTH,15.86
07/21/2025,10:00,N,LZ_NORTH,13.58
07/21/2025,11:00,N,LZ_NORTH,16.82
07/21/2025,12:00,N,LZ_NORTH,20.87
07/21/2025,13:00,N,LZ_NORTH,26.79
07/21/2025,14:00,N,LZ_NORTH,30.14
07/21/2025,15:00,N,LZ_NORTH,31.52
07/21/2025,16:00,N,LZ_NORTH,32.09
07/21/2025,17:00,N,LZ_NORTH,32.3
07/21/2025,18:00,N,LZ_NORTH,34.49
07/21/2025,19:00,N,LZ_NORTH,45.76
07/21/2025,20:00,N,LZ_NORTH,72.2
07/21/2025,21:00,N,LZ_NORTH,73.59
07/21/2025,22:00,N,LZ_NORTH,53.56
07/21/2025,23:00,N,LZ_NORTH,43.71
07/21/2025,24:00,N,LZ_NORTH,30.42
07/22/2025,01:00,N,LZ_NORTH,25.78
07/22/2025,02:00,N,LZ_NORTH,23.17
07/22/2025,03:00,N,LZ_NORTH,22.93
07/22/2025,04:00,N,LZ_NORTH,21.6
07/22/2025,05:00,N,LZ_NORTH,21.6
07/22/2025,06:00,N,LZ_NORTH,23.23
07/22/2025,07:00,N,LZ_NORTH,24.74
07/22/2025,08:00,N,LZ_NORTH,21.55
07/22/2025,09:00,N,LZ_NORTH,17.9
07/22/2025,10:00,N,LZ_NORTH,15.77
07/22/2025,11:00,N,LZ_NORTH,17.43
07/22/2025,12:00,N,LZ_NORTH,20.71
07/22/2025,13:00,N,LZ_NORTH,26.96
07/22/2025,14:00,N,LZ_NORTH,29.15
07/22/2025,15:00,N,LZ_NORTH,28.94
07/22/2025,16:00,N,LZ_NORTH,32.45
07/22/2025,17:00,N,LZ_NORTH,33.72
07/22/2025,18:00,N,LZ_NORTH,34.43
07/22/2025,19:00,N,LZ_NORTH,40.05
07/22/2025,20:00,N,LZ_NORTH,67.47
07/22/2025,21:00,N,LZ_NORTH,65.08
07/22/2025,22:00,N,LZ_NORTH,56.61
07/22/2025,23:00,N,LZ_NORTH,37.91
07/22/2025,24:00,N,LZ_NORTH,30.73
07/23/2025,01:00,N,LZ_NORTH,27.83
07/23/2025,02:00,N,LZ_NORTH,26.11
07/23/2025,03:00,N,LZ_NORTH,24.08
07/23/2025,04:00,N,LZ_NORTH,22.93
07/23/2025,05:00,N,LZ_NORTH,22.65
07/23/2025,06:00,N,LZ_NORTH,24.45
07/23/2025,07:00,N,LZ_NORTH,25.19
07/23/2025,08:00,N,LZ_NORTH,22.54
07/23/2025,09:00,N,LZ_NORTH,17.4
07/23/2025,10:00,N,LZ_NORTH,15.02
07/23/2025,11:00,N,LZ_NORTH,16.5
07/23/2025,12:00,N,LZ_NORTH,20.3
07/23/2025,13:00,N,LZ_NORTH,24.56
07/23/2025,14:00,N,LZ_NORTH,26.41
07/23/2025,15:00,N,LZ_NORTH,29.5
07/23/2025,16:00,N,LZ_NORTH,30.66
07/23/2025,17:00,N,LZ_NORTH,33.48
07/23/2025,18:00,N,LZ_NORTH,34.85
07/23/2025,19:00,N,LZ_NORTH,42.49
07/23/2025,20:00,N,LZ_NORTH,76.83
07/23/2025,21:00,N,LZ_NORTH,83.37
07/23/2025,22:00,N,LZ_NORTH,53.96
07/23/2025,23:00,N,LZ_NORTH,40.24
07/23/2025,24:00,N,LZ_NORTH,29.31
07/24/2025,01:00,N,LZ_NORTH,24.04
07/24/2025,02:00,N,LZ_NORTH,21.84
07/24/2025,03:00,N,LZ_NORTH,20.9
07/24/2025,04:00,N,LZ_NORTH,20.59
07/24/2025,05:00,N,LZ_NORTH,20.35
07/24/2025,06:00,N,LZ_NORTH,20.98
07/24/2025,07:00,N,LZ_NORTH,23.44
07/24/2025,08:00,N,LZ_NORTH,21.27
07/24/2025,09:00,N,LZ_NORTH,15.79
07/24/2025,10:00,N,LZ_NORTH,15.1
07/24/2025,11:00,N,LZ_NORTH,17.45
07/24/2025,12:00,N,LZ_NORTH,23.97
07/24/2025,13:00,N,LZ_NORTH,31.21
07/24/2025,14:00,N,LZ_NORTH,38.4
07/24/2025,15:00,N,LZ_NORTH,43.39
07/24/2025,16:00,N,LZ_NORTH,43.54
07/24/2025,17:00,N,LZ_NORTH,46.79
07/24/2025,18:00,N,LZ_NORTH,50.01
07/24/2025,19:00,N,LZ_NORTH,66.83
07/24/2025,20:00,N,LZ_NORTH,124.52
07/24/2025,21:00,N,LZ_NORTH,134.15
07/24/2025,22:00,N,LZ_NORTH,84.46
07/24/2025,23:00,N,LZ_NORTH,48.03
07/24/2025,24:00,N,LZ_NORTH,35.86
07/25/2025,01:00,N,LZ_NORTH,30.23
07/25/2025,02:00,N,LZ_NORTH,28.55
07/25/2025,03:00,N,LZ_NORTH,25.78
07/25/2025,04:00,N,LZ_NORTH,26.25
07/25/2025,05:00,N,LZ_NORTH,28.74
07/25/2025,06:00,N,LZ_NORTH,32.39
07/25/2025,07:00,N,LZ_NORTH,34.45
07/25/2025,08:00,N,LZ_NORTH,29.74
07/25/2025,09:00,N,LZ_NORTH,23.77
07/25/2025,10:00,N,LZ_NORTH,22.14
07/25/2025,11:00,N,LZ_NORTH,25.7
07/25/2025,12:00,N,LZ_NORTH,31.87
07/25/2025,13:00,N,LZ_NORTH,39.73
07/25/2025,14:00,N,LZ_NORTH,42.89
07/25/2025,15:00,N,LZ_NORTH,52.78
07/25/2025,16:00,N,LZ_NORTH,57.96
07/25/2025,17:00,N,LZ_NORTH,70.59
07/25/2025,18:00,N,LZ_NORTH,78.41
07/25/2025,19:00,N,LZ_NORTH,82.74
07/25/2025,20:00,N,LZ_NORTH,134.74
07/25/2025,21:00,N,LZ_NORTH,112.61
07/25/2025,22:00,N,LZ_NORTH,66.47
07/25/2025,23:00,N,LZ_NORTH,48.38
07/25/2025,24:00,N,LZ_NORTH,36.9
07/26/2025,01:00,N,LZ_NORTH,27.98
07/26/2025,02:00,N,LZ_NORTH,25.32
07/26/2025,03:00,N,LZ_NORTH,24.33
07/26/2025,04:00,N,LZ_NORTH,24.3
07/26/2025,05:00,N,LZ_NORTH,23.99
07/26/2025,06:00,N,LZ_NORTH,24.15
07/26/2025,07:00,N,LZ_NORTH,22.32
07/26/2025,08:00,N,LZ_NORTH,20.34
07/26/2025,09:00,N,LZ_NORTH,18.75
07/26/2025,10:00,N,LZ_NORTH,18.91
07/26/2025,11:00,N,LZ_NORTH,20.5
07/26/2025,12:00,N,LZ_NORTH,25.38
07/26/2025,13:00,N,LZ_NORTH,33.03
07/26/2025,14:00,N,LZ_NORTH,39.15
07/26/2025,15:00,N,LZ_NORTH,40.79
07/26/2025,16:00,N,LZ_NORTH,45.96
07/26/2025,17:00,N,LZ_NORTH,45.19
07/26/2025,18:00,N,LZ_NORTH,44.42
07/26/2025,19:00,N,LZ_NORTH,46.1
07/26/2025,20:00,N,LZ_NORTH,52.25
07/26/2025,21:00,N,LZ_NORTH,45.47
07/26/2025,22:00,N,LZ_NORTH,34.38
07/26/2025,23:00,N,LZ_NORTH,29.83
07/26/2025,24:00,N,LZ_NORTH,23.86
07/27/2025,01:00,N,LZ_NORTH,23.77
07/27/2025,02:00,N,LZ_NORTH,22.2
07/27/2025,03:00,N,LZ_NORTH,21.55
07/27/2025,04:00,N,LZ_NORTH,20.8
07/27/2025,05:00,N,LZ_NORTH,21.68
07/27/2025,06:00,N,LZ_NORTH,21.7
07/27/2025,07:00,N,LZ_NORTH,20.69
07/27/2025,08:00,N,LZ_NORTH,19.48
07/27/2025,09:00,N,LZ_NORTH,15.44
07/27/2025,10:00,N,LZ_NORTH,13.41
07/27/2025,11:00,N,LZ_NORTH,16.17
07/27/2025,12:00,N,LZ_NORTH,18.64
07/27/2025,13:00,N,LZ_NORTH,22.93
07/27/2025,14:00,N,LZ_NORTH,24.31
07/27/2025,15:00,N,LZ_NORTH,24.79
07/27/2025,16:00,N,LZ_NORTH,28.7
07/27/2025,17:00,N,LZ_NORTH,32.6
07/27/2025,18:00,N,LZ_NORTH,35.8
07/27/2025,19:00,N,LZ_NORTH,42.78
07/27/2025,20:00,N,LZ_NORTH,55.0
07/27/2025,21:00,N,LZ_NORTH,54.08
07/27/2025,22:00,N,LZ_NORTH,42.4
07/27/2025,23:00,N,LZ_NORTH,31.4
07/27/2025,24:00,N,LZ_NORTH,25.5
07/28/2025,01:00,N,LZ_NORTH,24.55
07/28/2025,02:00,N,LZ_NORTH,22.83
07/28/2025,03:00,N,LZ_NORTH,21.25
07/28/2025,04:00,N,LZ_NORTH,20.87
07/28/2025,05:00,N,LZ_NORTH,22.13
07/28/2025,06:00,N,LZ_NORTH,24.01
07/28/2025,07:00,N,LZ_NORTH,26.26
07/28/2025,08:00,N,LZ_NORTH,24.64
07/28/2025,09:00,N,LZ_NORTH,17.63
07/28/2025,10:00,N,LZ_NORTH,15.87
07/28/2025,11:00,N,LZ_NORTH,18.12
07/28/2025,12:00,N,LZ_NORTH,22.3
07/28/2025,13:00,N,LZ_NORTH,25.23
07/28/2025,14:00,N,LZ_NORTH,29.44
07/28/2025,15:00,N,LZ_NORTH,30.42
07/28/2025,16:00,N,LZ_NORTH,32.51
07/28/2025,17:00,N,LZ_NORTH,36.89
07/28/2025,18:00,N,LZ_NORTH,37.72
07/28/2025,19:00,N,LZ_NORTH,43.74
07/28/2025,20:00,N,LZ_NORTH,78.03
07/28/2025,21:00,N,LZ_NORTH,92.9
07/28/2025,22:00,N,LZ_NORTH,56.92
07/28/2025,23:00,N,LZ_NORTH,43.19
07/28/2025,24:00,N,LZ_NORTH,32.08
07/29/2025,01:00,N,LZ_NORTH,24.15
07/29/2025,02:00,N,LZ_NORTH,22.26
07/29/2025,03:00,N,LZ_NORTH,20.75
07/29/2025,04:00,N,LZ_NORTH,20.48
07/29/2025,05:00,N,LZ_NORTH,21.06
07/29/2025,06:00,N,LZ_NORTH,22.19
07/29/2025,07:00,N,LZ_NORTH,23.07
07/29/2025,08:00,N,LZ_NORTH,20.38
07/29/2025,09:00,N,LZ_NORTH,16.07
07/29/2025,10:00,N,LZ_NORTH,13.79
07/29/2025,11:00,N,LZ_NORTH,16.27
07/29/2025,12:00,N,LZ_NORTH,21.1
07/29/2025,13:00,N,LZ_NORTH,27.16
07/29/2025,14:00,N,LZ_NORTH,33.32
07/29/2025,15:00,N,LZ_NORTH,35.44
07/29/2025,16:00,N,LZ_NORTH,37.75
07/29/2025,17:00,N,LZ_NORTH,42.04
07/29/2025,18:00,N,LZ_NORTH,46.0
07/29/2025,19:00,N,LZ_NORTH,55.09
07/29/2025,20:00,N,LZ_NORTH,101.23
07/29/2025,21:00,N,LZ_NORTH,139.83
07/29/2025,22:00,N,LZ_NORTH,85.46
07/29/2025,23:00,N,LZ_NORTH,48.86
07/29/2025,24:00,N,LZ_NORTH,36.41
07/30/2025,01:00,N,LZ_NORTH,28.52
07/30/2025,02:00,N,LZ_NORTH,25.32
07/30/2025,03:00,N,LZ_NORTH,22.95
07/30/2025,04:00,N,LZ_NORTH,21.33
07/30/2025,05:00,N,LZ_NORTH,21.71
07/30/2025,06:00,N,LZ_NORTH,24.07
07/30/2025,07:00,N,LZ_NORTH,25.23
07/30/2025,08:00,N,LZ_NORTH,23.0
07/30/2025,09:00,N,LZ_NORTH,18.82
07/30/2025,10:00,N,LZ_NORTH,19.44
07/30/2025,11:00,N,LZ_NORTH,21.21
07/30/2025,12:00,N,LZ_NORTH,25.63
07/30/2025,13:00,N,LZ_NORTH,32.6
07/30/2025,14:00,N,LZ_NORTH,41.98
07/30/2025,15:00,N,LZ_NORTH,51.5
07/30/2025,16:00,N,LZ_NORTH,66.38
07/30/2025,17:00,N,LZ_NORTH,88.17
07/30/2025,18:00,N,LZ_NORTH,84.85
07/30/2025,19:00,N,LZ_NORTH,158.53
07/30/2025,20:00,N,LZ_NORTH,507.92
07/30/2025,21:00,N,LZ_NORTH,504.76
07/30/2025,22:00,N,LZ_NORTH,397.8
07/30/2025,23:00,N,LZ_NORTH,86.77
07/30/2025,24:00,N,LZ_NORTH,45.45
07/31/2025,01:00,N,LZ_NORTH,31.29
07/31/2025,02:00,N,LZ_NORTH,26.9
07/31/2025,03:00,N,LZ_NORTH,24.08
07/31/2025,04:00,N,LZ_NORTH,23.83
07/31/2025,05:00,N,LZ_NORTH,24.01
07/31/2025,06:00,N,LZ_NORTH,26.57
07/31/2025,07:00,N,LZ_NORTH,26.09
07/31/2025,08:00,N,LZ_NORTH,25.37
07/31/2025,09:00,N,LZ_NORTH,20.79
07/31/2025,10:00,N,LZ_NORTH,19.37
07/31/2025,11:00,N,LZ_NORTH,21.97
07/31/2025,12:00,N,LZ_NORTH,25.07
07/31/2025,13:00,N,LZ_NORTH,32.16
07/31/2025,14:00,N,LZ_NORTH,39.73
07/31/2025,15:00,N,LZ_NORTH,44.94
07/31/2025,16:00,N,LZ_NORTH,52.77
07/31/2025,17:00,N,LZ_NORTH,65.72
07/31/2025,18:00,N,LZ_NORTH,65.94
07/31/2025,19:00,N,LZ_NORTH,115.31
07/31/2025,20:00,N,LZ_NORTH,214.5
07/31/2025,21:00,N,LZ_NORTH,200.0
07/31/2025,22:00,N,LZ_NORTH,99.94
07/31/2025,23:00,N,LZ_NORTH,68.2
07/31/2025,24:00,N,LZ_NORTH,44.81
08/01/2025,01:00,N,LZ_NORTH,37.79
08/01/2025,02:00,N,LZ_NORTH,35.25
08/01/2025,03:00,N,LZ_NORTH,34.58
08/01/2025,04:00,N,LZ_NORTH,30.09
08/01/2025,05:00,N,LZ_NORTH,30.51
08/01/2025,06:00,N,LZ_NORTH,34.57
08/01/2025,07:00,N,LZ_NORTH,36.99
08/01/2025,08:00,N,LZ_NORTH,30.86
08/01/2025,09:00,N,LZ_NORTH,24.22
08/01/2025,10:00,N,LZ_NORTH,22.31
08/01/2025,11:00,N,LZ_NORTH,25.09
08/01/2025,12:00,N,LZ_NORTH,28.89
08/01/2025,13:00,N,LZ_NORTH,34.95
08/01/2025,14:00,N,LZ_NORTH,40.92
08/01/2025,15:00,N,LZ_NORTH,46.76
08/01/2025,16:00,N,LZ_NORTH,50.05
08/01/2025,17:00,N,LZ_NORTH,52.84
08/01/2025,18:00,N,LZ_NORTH,60.14
08/01/2025,19:00,N,LZ_NORTH,86.27
08/01/2025,20:00,N,LZ_NORTH,117.77
08/01/2025,21:00,N,LZ_NORTH,111.65
08/01/2025,22:00,N,LZ_NORTH,76.94
08/01/2025,23:00,N,LZ_NORTH,72.7
08/01/2025,24:00,N,LZ_NORTH,55.81
08/02/2025,01:00,N,LZ_NORTH,38.4
08/02/2025,02:00,N,LZ_NORTH,36.91
08/02/2025,03:00,N,LZ_NORTH,35.86
08/02/2025,04:00,N,LZ_NORTH,35.25
08/02/2025,05:00,N,LZ_NORTH,35.44
08/02/2025,06:00,N,LZ_NORTH,35.74
08/02/2025,07:00,N,LZ_NORTH,38.29
08/02/2025,08:00,N,LZ_NORTH,34.51
08/02/2025,09:00,N,LZ_NORTH,25.7
08/02/2025,10:00,N,LZ_NORTH,24.17
08/02/2025,11:00,N,LZ_NORTH,25.49
08/02/2025,12:00,N,LZ_NORTH,28.07
08/02/2025,13:00,N,LZ_NORTH,30.26
08/02/2025,14:00,N,LZ_NORTH,32.27
08/02/2025,15:00,N,LZ_NORTH,36.48
08/02/2025,16:00,N,LZ_NORTH,38.56
08/02/2025,17:00,N,LZ_NORTH,39.81
08/02/2025,18:00,N,LZ_NORTH,42.25
08/02/2025,19:00,N,LZ_NORTH,59.42
08/02/2025,20:00,N,LZ_NORTH,80.79
08/02/2025,21:00,N,LZ_NORTH,70.37
08/02/2025,22:00,N,LZ_NORTH,57.85
08/02/2025,23:00,N,LZ_NORTH,38.48
08/02/2025,24:00,N,LZ_NORTH,29.99
08/03/2025,01:00,N,LZ_NORTH,24.72
08/03/2025,02:00,N,LZ_NORTH,23.95
08/03/2025,03:00,N,LZ_NORTH,22.79
08/03/2025,04:00,N,LZ_NORTH,22.91
08/03/2025,05:00,N,LZ_NORTH,21.25
08/03/2025,06:00,N,LZ_NORTH,22.81
08/03/2025,07:00,N,LZ_NORTH,23.62
08/03/2025,08:00,N,LZ_NORTH,21.23
08/03/2025,09:00,N,LZ_NORTH,17.39
08/03/2025,10:00,N,LZ_NORTH,16.66
08/03/2025,11:00,N,LZ_NORTH,17.52
08/03/2025,12:00,N,LZ_NORTH,20.06
08/03/2025,13:00,N,LZ_NORTH,21.65
08/03/2025,14:00,N,LZ_NORTH,23.91
08/03/2025,15:00,N,LZ_NORTH,27.54
08/03/2025,16:00,N,LZ_NORTH,30.97
08/03/2025,17:00,N,LZ_NORTH,39.78
08/03/2025,18:00,N,LZ_NORTH,41.61
08/03/2025,19:00,N,LZ_NORTH,57.62
08/03/2025,20:00,N,LZ_NORTH,87.64
08/03/2025,21:00,N,LZ_NORTH,86.55
08/03/2025,22:00,N,LZ_NORTH,45.41
08/03/2025,23:00,N,LZ_NORTH,37.89
08/03/2025,24:00,N,LZ_NORTH,31.51
08/04/2025,01:00,N,LZ_NORTH,24.0
08/04/2025,02:00,N,LZ_NORTH,23.79
08/04/2025,03:00,N,LZ_NORTH,23.18
08/04/2025,04:00,N,LZ_NORTH,24.09
08/04/2025,05:00,N,LZ_NORTH,26.11
08/04/2025,06:00,N,LZ_NORTH,29.42
08/04/2025,07:00,N,LZ_NORTH,32.58
08/04/2025,08:00,N,LZ_NORTH,30.25
08/04/2025,09:00,N,LZ_NORTH,21.77
08/04/2025,10:00,N,LZ_NORTH,19.4
08/04/2025,11:00,N,LZ_NORTH,20.07
08/04/2025,12:00,N,LZ_NORTH,21.9
08/04/2025,13:00,N,LZ_NORTH,25.01
08/04/2025,14:00,N,LZ_NORTH,25.49
08/04/2025,15:00,N,LZ_NORTH,26.25
08/04/2025,16:00,N,LZ_NORTH,27.81
08/04/2025,17:00,N,LZ_NORTH,29.85
08/04/2025,18:00,N,LZ_NORTH,34.53
08/04/2025,19:00,N,LZ_NORTH,46.53
08/04/2025,20:00,N,LZ_NORTH,60.87
08/04/2025,21:00,N,LZ_NORTH,52.19
08/04/2025,22:00,N,LZ_NORTH,39.4
08/04/2025,23:00,N,LZ_NORTH,31.23
08/04/2025,24:00,N,LZ_NORTH,22.99
08/05/2025,01:00,N,LZ_NORTH,22.14
08/05/2025,02:00,N,LZ_NORTH,20.25
08/05/2025,03:00,N,LZ_NORTH,20.15
08/05/2025,04:00,N,LZ_NORTH,20.35
08/05/2025,05:00,N,LZ_NORTH,20.87
08/05/2025,06:00,N,LZ_NORTH,23.11
08/05/2025,07:00,N,LZ_NORTH,23.24
08/05/2025,08:00,N,LZ_NORTH,20.43
08/05/2025,09:00,N,LZ_NORTH,16.7
08/05/2025,10:00,N,LZ_NORTH,13.02
08/05/2025,11:00,N,LZ_NORTH,13.77
08/05/2025,12:00,N,LZ_NORTH,15.79
08/05/2025,13:00,N,LZ_NORTH,20.18
08/05/2025,14:00,N,LZ_NORTH,22.94
08/05/2025,15:00,N,LZ_NORTH,26.27
08/05/2025,16:00,N,LZ_NORTH,27.35
08/05/2025,17:00,N,LZ_NORTH,27.39
08/05/2025,18:00,N,LZ_NORTH,27.9
08/05/2025,19:00,N,LZ_NORTH,34.07
08/05/2025,20:00,N,LZ_NORTH,54.01
08/05/2025,21:00,N,LZ_NORTH,51.26
08/05/2025,22:00,N,LZ_NORTH,35.27
08/05/2025,23:00,N,LZ_NORTH,27.46
08/05/2025,24:00,N,LZ_NORTH,21.01
08/06/2025,01:00,N,LZ_NORTH,19.32
08/06/2025,02:00,N,LZ_NORTH,17.82
08/06/2025,03:00,N,LZ_NORTH,16.72
08/06/2025,04:00,N,LZ_NORTH,16.64
08/06/2025,05:00,N,LZ_NORTH,17.38
08/06/2025,06:00,N,LZ_NORTH,19.12
08/06/2025,07:00,N,LZ_NORTH,19.93
08/06/2025,08:00,N,LZ_NORTH,18.86
08/06/2025,09:00,N,LZ_NORTH,14.95
08/06/2025,10:00,N,LZ_NORTH,9.59
08/06/2025,11:00,N,LZ_NORTH,11.17
08/06/2025,12:00,N,LZ_NORTH,15.34
08/06/2025,13:00,N,LZ_NORTH,20.58
08/06/2025,14:00,N,LZ_NORTH,22.23
08/06/2025,15:00,N,LZ_NORTH,24.21
08/06/2025,16:00,N,LZ_NORTH,24.5
08/06/2025,17:00,N,LZ_NORTH,25.11
08/06/2025,18:00,N,LZ_NORTH,27.65
08/06/2025,19:00,N,LZ_NORTH,31.85
08/06/2025,20:00,N,LZ_NORTH,50.66
08/06/2025,21:00,N,LZ_NORTH,53.61
08/06/2025,22:00,N,LZ_NORTH,37.81
08/06/2025,23:00,N,LZ_NORTH,32.1
08/06/2025,24:00,N,LZ_NORTH,21.95
08/07/2025,01:00,N,LZ_NORTH,21.91
08/07/2025,02:00,N,LZ_NORTH,19.84
08/07/2025,03:00,N,LZ_NORTH,18.35
08/07/2025,04:00,N,LZ_NORTH,18.32
08/07/2025,05:00,N,LZ_NORTH,19.14
08/07/2025,06:00,N,LZ_NORTH,21.37
08/07/2025,07:00,N,LZ_NORTH,25.14
08/07/2025,08:00,N,LZ_NORTH,22.93
08/07/2025,09:00,N,LZ_NORTH,17.57
08/07/2025,10:00,N,LZ_NORTH,14.36
08/07/2025,11:00,N,LZ_NORTH,15.43
08/07/2025,12:00,N,LZ_NORTH,20.22
08/07/2025,13:00,N,LZ_NORTH,23.26
08/07/2025,14:00,N,LZ_NORTH,26.9
08/07/2025,15:00,N,LZ_NORTH,28.48
08/07/2025,16:00,N,LZ_NORTH,27.64
08/07/2025,17:00,N,LZ_NORTH,29.54
08/07/2025,18:00,N,LZ_NORTH,31.62
08/07/2025,19:00,N,LZ_NORTH,41.99
08/07/2025,20:00,N,LZ_NORTH,81.28
08/07/2025,21:00,N,LZ_NORTH,84.52
08/07/2025,22:00,N,LZ_NORTH,65.21
08/07/2025,23:00,N,LZ_NORTH,36.79
08/07/2025,24:00,N,LZ_NORTH,26.82
08/08/2025,01:00,N,LZ_NORTH,23.99
08/08/2025,02:00,N,LZ_NORTH,22.24
08/08/2025,03:00,N,LZ_NORTH,20.52
08/08/2025,04:00,N,LZ_NORTH,19.86
08/08/2025,05:00,N,LZ_NORTH,19.92
08/08/2025,06:00,N,LZ_NORTH,20.79
08/08/2025,07:00,N,LZ_NORTH,22.42
08/08/2025,08:00,N,LZ_NORTH,21.73
08/08/2025,09:00,N,LZ_NORTH,17.03
08/08/2025,10:00,N,LZ_NORTH,14.82
08/08/2025,11:00,N,LZ_NORTH,16.69
08/08/2025,12:00,N,LZ_NORTH,21.71
08/08/2025,13:00,N,LZ_NORTH,22.62
08/08/2025,14:00,N,LZ_NORTH,23.89
08/08/2025,15:00,N,LZ_NORTH,25.09
08/08/2025,16:00,N,LZ_NORTH,29.18
08/08/2025,17:00,N,LZ_NORTH,29.84
08/08/2025,18:00,N,LZ_NORTH,31.7
08/08/2025,19:00,N,LZ_NORTH,40.04
08/08/2025,20:00,N,LZ_NORTH,71.71
08/08/2025,21:00,N,LZ_NORTH,72.78
08/08/2025,22:00,N,LZ_NORTH,49.73
08/08/2025,23:00,N,LZ_NORTH,32.54
08/08/2025,24:00,N,LZ_NORTH,25.24
08/09/2025,01:00,N,LZ_NORTH,21.3
08/09/2025,02:00,N,LZ_NORTH,21.07
08/09/2025,03:00,N,LZ_NORTH,19.47
08/09/2025,04:00,N,LZ_NORTH,19.02
08/09/2025,05:00,N,LZ_NORTH,18.96
08/09/2025,06:00,N,LZ_NORTH,19.11
08/09/2025,07:00,N,LZ_NORTH,19.58
08/09/2025,08:00,N,LZ_NORTH,18.55
08/09/2025,09:00,N,LZ_NORTH,14.09
08/09/2025,10:00,N,LZ_NORTH,10.66
08/09/2025,11:00,N,LZ_NORTH,14.67
08/09/2025,12:00,N,LZ_NORTH,17.76
08/09/2025,13:00,N,LZ_NORTH,21.23
08/09/2025,14:00,N,LZ_NORTH,23.22
08/09/2025,15:00,N,LZ_NORTH,24.1
08/09/2025,16:00,N,LZ_NORTH,24.34
08/09/2025,17:00,N,LZ_NORTH,27.16
08/09/2025,18:00,N,LZ_NORTH,28.01
08/09/2025,19:00,N,LZ_NORTH,35.28
08/09/2025,20:00,N,LZ_NORTH,49.51
08/09/2025,21:00,N,LZ_NORTH,48.98
08/09/2025,22:00,N,LZ_NORTH,36.16
08/09/2025,23:00,N,LZ_NORTH,28.95
08/09/2025,24:00,N,LZ_NORTH,23.13
08/10/2025,01:00,N,LZ_NORTH,20.71
08/10/2025,02:00,N,LZ_NORTH,20.41
08/10/2025,03:00,N,LZ_NORTH,19.72
08/10/2025,04:00,N,LZ_NORTH,19.52
08/10/2025,05:00,N,LZ_NORTH,19.5
08/10/2025,06:00,N,LZ_NORTH,20.13
08/10/2025,07:00,N,LZ_NORTH,20.16
08/10/2025,08:00,N,LZ_NORTH,19.6
08/10/2025,09:00,N,LZ_NORTH,15.5
08/10/2025,10:00,N,LZ_NORTH,13.05
08/10/2025,11:00,N,LZ_NORTH,15.93
08/10/2025,12:00,N,LZ_NORTH,19.27
08/10/2025,13:00,N,LZ_NORTH,21.11
08/10/2025,14:00,N,LZ_NORTH,23.23
08/10/2025,15:00,N,LZ_NORTH,24.72
08/10/2025,16:00,N,LZ_NORTH,26.13
08/10/2025,17:00,N,LZ_NORTH,28.17
08/10/2025,18:00,N,LZ_NORTH,31.25
08/10/2025,19:00,N,LZ_NORTH,41.4
08/10/2025,20:00,N,LZ_NORTH,63.05
08/10/2025,21:00,N,LZ_NORTH,61.0
08/10/2025,22:00,N,LZ_NORTH,42.14
08/10/2025,23:00,N,LZ_NORTH,32.98
08/10/2025,24:00,N,LZ_NORTH,24.99
08/11/2025,01:00,N,LZ_NORTH,24.84
08/11/2025,02:00,N,LZ_NORTH,25.51
08/11/2025,03:00,N,LZ_NORTH,24.26
08/11/2025,04:00,N,LZ_NORTH,23.86
08/11/2025,05:00,N,LZ_NORTH,25.08
08/11/2025,06:00,N,LZ_NORTH,28.08
08/11/2025,07:00,N,LZ_NORTH,37.05
08/11/2025,08:00,N,LZ_NORTH,32.87
08/11/2025,09:00,N,LZ_NORTH,24.17
08/11/2025,10:00,N,LZ_NORTH,21.29
08/11/2025,11:00,N,LZ_NORTH,23.49
08/11/2025,12:00,N,LZ_NORTH,29.89
08/11/2025,13:00,N,LZ_NORTH,35.53
08/11/2025,14:00,N,LZ_NORTH,40.57
08/11/2025,15:00,N,LZ_NORTH,43.11
08/11/2025,16:00,N,LZ_NORTH,47.01
08/11/2025,17:00,N,LZ_NORTH,57.04
08/11/2025,18:00,N,LZ_NORTH,73.29
08/11/2025,19:00,N,LZ_NORTH,110.74
08/11/2025,20:00,N,LZ_NORTH,162.77
08/11/2025,21:00,N,LZ_NORTH,134.42
08/11/2025,22:00,N,LZ_NORTH,98.9
08/11/2025,23:00,N,LZ_NORTH,56.8
08/11/2025,24:00,N,LZ_NORTH,41.62
08/12/2025,01:00,N,LZ_NORTH,29.03
08/12/2025,02:00,N,LZ_NORTH,26.49
08/12/2025,03:00,N,LZ_NORTH,25.06
08/12/2025,04:00,N,LZ_NORTH,25.12
08/12/2025,05:00,N,LZ_NORTH,27.5
08/12/2025,06:00,N,LZ_NORTH,33.48
08/12/2025,07:00,N,LZ_NORTH,40.91
08/12/2025,08:00,N,LZ_NORTH,34.88
08/12/2025,09:00,N,LZ_NORTH,26.96
08/12/2025,10:00,N,LZ_NORTH,24.25
08/12/2025,11:00,N,LZ_NORTH,25.74
08/12/2025,12:00,N,LZ_NORTH,28.32
08/12/2025,13:00,N,LZ_NORTH,32.75
08/12/2025,14:00,N,LZ_NORTH,37.01
08/12/2025,15:00,N,LZ_NORTH,47.74
08/12/2025,16:00,N,LZ_NORTH,56.18
08/12/2025,17:00,N,LZ_NORTH,65.34
08/12/2025,18:00,N,LZ_NORTH,100.26
08/12/2025,19:00,N,LZ_NORTH,177.81
08/12/2025,20:00,N,LZ_NORTH,272.38
08/12/2025,21:00,N,LZ_NORTH,275.49
08/12/2025,22:00,N,LZ_NORTH,181.32
08/12/2025,23:00,N,LZ_NORTH,97.33
08/12/2025,24:00,N,LZ_NORTH,55.08
08/13/2025,01:00,N,LZ_NORTH,39.88
08/13/2025,02:00,N,LZ_NORTH,38.36
08/13/2025,03:00,N,LZ_NORTH,36.7
08/13/2025,04:00,N,LZ_NORTH,35.07
08/13/2025,05:00,N,LZ_NORTH,36.96
08/13/2025,06:00,N,LZ_NORTH,38.69
08/13/2025,07:00,N,LZ_NORTH,40.08
08/13/2025,08:00,N,LZ_NORTH,37.11
08/13/2025,09:00,N,LZ_NORTH,25.8
08/13/2025,10:00,N,LZ_NORTH,24.14
08/13/2025,11:00,N,LZ_NORTH,24.89
08/13/2025,12:00,N,LZ_NORTH,28.76
08/13/2025,13:00,N,LZ_NORTH,33.02
08/13/2025,14:00,N,LZ_NORTH,31.19
08/13/2025,15:00,N,LZ_NORTH,36.05
08/13/2025,16:00,N,LZ_NORTH,42.99
08/13/2025,17:00,N,LZ_NORTH,52.45
08/13/2025,18:00,N,LZ_NORTH,69.98
08/13/2025,19:00,N,LZ_NORTH,101.44
08/13/2025,20:00,N,LZ_NORTH,154.85
08/13/2025,21:00,N,LZ_NORTH,114.84
08/13/2025,22:00,N,LZ_NORTH,70.14
08/13/2025,23:00,N,LZ_NORTH,43.56
08/13/2025,24:00,N,LZ_NORTH,32.55
08/14/2025,01:00,N,LZ_NORTH,27.72
08/14/2025,02:00,N,LZ_NORTH,24.65
08/14/2025,03:00,N,LZ_NORTH,23.66
08/14/2025,04:00,N,LZ_NORTH,23.46
08/14/2025,05:00,N,LZ_NORTH,23.67
08/14/2025,06:00,N,LZ_NORTH,25.19
08/14/2025,07:00,N,LZ_NORTH,26.26
08/14/2025,08:00,N,LZ_NORTH,24.11
08/14/2025,09:00,N,LZ_NORTH,19.27
08/14/2025,10:00,N,LZ_NORTH,17.28
08/14/2025,11:00,N,LZ_NORTH,18.65
08/14/2025,12:00,N,LZ_NORTH,20.31
08/14/2025,13:00,N,LZ_NORTH,24.83
08/14/2025,14:00,N,LZ_NORTH,29.09
08/14/2025,15:00,N,LZ_NORTH,32.0
08/14/2025,16:00,N,LZ_NORTH,34.92
08/14/2025,17:00,N,LZ_NORTH,39.35
08/14/2025,18:00,N,LZ_NORTH,42.02
08/14/2025,19:00,N,LZ_NORTH,65.21
08/14/2025,20:00,N,LZ_NORTH,91.49
08/14/2025,21:00,N,LZ_NORTH,67.38
08/14/2025,22:00,N,LZ_NORTH,39.21
08/14/2025,23:00,N,LZ_NORTH,32.78
08/14/2025,24:00,N,LZ_NORTH,25.29
08/15/2025,01:00,N,LZ_NORTH,21.79
08/15/2025,02:00,N,LZ_NORTH,19.8
08/15/2025,03:00,N,LZ_NORTH,19.72
08/15/2025,04:00,N,LZ_NORTH,19.29
08/15/2025,05:00,N,LZ_NORTH,20.1
08/15/2025,06:00,N,LZ_NORTH,21.9
08/15/2025,07:00,N,LZ_NORTH,25.57
08/15/2025,08:00,N,LZ_NORTH,24.69
08/15/2025,09:00,N,LZ_NORTH,18.7
08/15/2025,10:00,N,LZ_NORTH,16.16
08/15/2025,11:00,N,LZ_NORTH,16.5
08/15/2025,12:00,N,LZ_NORTH,18.94
08/15/2025,13:00,N,LZ_NORTH,22.16
08/15/2025,14:00,N,LZ_NORTH,23.37
08/15/2025,15:00,N,LZ_NORTH,23.93
08/15/2025,16:00,N,LZ_NORTH,26.79
08/15/2025,17:00,N,LZ_NORTH,29.35
08/15/2025,18:00,N,LZ_NORTH,30.13
08/15/2025,19:00,N,LZ_NORTH,42.82
08/15/2025,20:00,N,LZ_NORTH,54.34
08/15/2025,21:00,N,LZ_NORTH,50.36
08/15/2025,22:00,N,LZ_NORTH,40.37
08/15/2025,23:00,N,LZ_NORTH,32.18
08/15/2025,24:00,N,LZ_NORTH,25.89
08/16/2025,01:00,N,LZ_NORTH,24.85
08/16/2025,02:00,N,LZ_NORTH,22.65
08/16/2025,03:00,N,LZ_NORTH,21.45
08/16/2025,04:00,N,LZ_NORTH,21.37
08/16/2025,05:00,N,LZ_NORTH,21.67
08/16/2025,06:00,N,LZ_NORTH,22.93
08/16/2025,07:00,N,LZ_NORTH,25.18
08/16/2025,08:00,N,LZ_NORTH,23.58
08/16/2025,09:00,N,LZ_NORTH,19.24
08/16/2025,10:00,N,LZ_NORTH,18.2
08/16/2025,11:00,N,LZ_NORTH,20.01
08/16/2025,12:00,N,LZ_NORTH,24.05
08/16/2025,13:00,N,LZ_NORTH,25.89
08/16/2025,14:00,N,LZ_NORTH,27.13
08/16/2025,15:00,N,LZ_NORTH,28.54
08/16/2025,16:00,N,LZ_NORTH,29.6
08/16/2025,17:00,N,LZ_NORTH,33.12
08/16/2025,18:00,N,LZ_NORTH,34.21
08/16/2025,19:00,N,LZ_NORTH,50.44
08/16/2025,20:00,N,LZ_NORTH,71.72
08/16/2025,21:00,N,LZ_NORTH,61.38
08/16/2025,22:00,N,LZ_NORTH,47.26
08/16/2025,23:00,N,LZ_NORTH,36.36
08/16/2025,24:00,N,LZ_NORTH,30.0
08/17/2025,01:00,N,LZ_NORTH,26.63
08/17/2025,02:00,N,LZ_NORTH,24.15
08/17/2025,03:00,N,LZ_NORTH,23.69
08/17/2025,04:00,N,LZ_NORTH,23.07
08/17/2025,05:00,N,LZ_NORTH,22.81
08/17/2025,06:00,N,LZ_NORTH,22.1
08/17/2025,07:00,N,LZ_NORTH,23.35
08/17/2025,08:00,N,LZ_NORTH,21.07
08/17/2025,09:00,N,LZ_NORTH,17.6
08/17/2025,10:00,N,LZ_NORTH,16.29
08/17/2025,11:00,N,LZ_NORTH,17.21
08/17/2025,12:00,N,LZ_NORTH,19.24
08/17/2025,13:00,N,LZ_NORTH,23.49
08/17/2025,14:00,N,LZ_NORTH,27.84
08/17/2025,15:00,N,LZ_NORTH,29.82
08/17/2025,16:00,N,LZ_NORTH,29.81
08/17/2025,17:00,N,LZ_NORTH,29.97
08/17/2025,18:00,N,LZ_NORTH,33.89
08/17/2025,19:00,N,LZ_NORTH,63.09
08/17/2025,20:00,N,LZ_NORTH,86.95
08/17/2025,21:00,N,LZ_NORTH,83.57
08/17/2025,22:00,N,LZ_NORTH,59.46
08/17/2025,23:00,N,LZ_NORTH,41.56
08/17/2025,24:00,N,LZ_NORTH,34.37
08/18/2025,01:00,N,LZ_NORTH,29.87
08/18/2025,02:00,N,LZ_NORTH,27.97
08/18/2025,03:00,N,LZ_NORTH,26.89
08/18/2025,04:00,N,LZ_NORTH,25.53
08/18/2025,05:00,N,LZ_NORTH,26.7
08/18/2025,06:00,N,LZ_NORTH,28.55
08/18/2025,07:00,N,LZ_NORTH,33.44
08/18/2025,08:00,N,LZ_NORTH,31.72
08/18/2025,09:00,N,LZ_NORTH,23.14
08/18/2025,10:00,N,LZ_NORTH,20.3
08/18/2025,11:00,N,LZ_NORTH,21.7
08/18/2025,12:00,N,LZ_NORTH,25.57
08/18/2025,13:00,N,LZ_NORTH,29.21
08/18/2025,14:00,N,LZ_NORTH,34.44
08/18/2025,15:00,N,LZ_NORTH,41.09
08/18/2025,16:00,N,LZ_NORTH,45.03
08/18/2025,17:00,N,LZ_NORTH,60.14
08/18/2025,18:00,N,LZ_NORTH,79.39
08/18/2025,19:00,N,LZ_NORTH,118.18
08/18/2025,20:00,N,LZ_NORTH,235.98
08/18/2025,21:00,N,LZ_NORTH,221.36
08/18/2025,22:00,N,LZ_NORTH,136.07
08/18/2025,23:00,N,LZ_NORTH,74.13
08/18/2025,24:00,N,LZ_NORTH,44.34
08/19/2025,01:00,N,LZ_NORTH,37.8
08/19/2025,02:00,N,LZ_NORTH,34.21
08/19/2025,03:00,N,LZ_NORTH,33.26
08/19/2025,04:00,N,LZ_NORTH,31.83
08/19/2025,05:00,N,LZ_NORTH,34.76
08/19/2025,06:00,N,LZ_NORTH,40.05
08/19/2025,07:00,N,LZ_NORTH,42.4
08/19/2025,08:00,N,LZ_NORTH,41.11
08/19/2025,09:00,N,LZ_NORTH,30.21
08/19/2025,10:00,N,LZ_NORTH,26.07
08/19/2025,11:00,N,LZ_NORTH,29.85
08/19/2025,12:00,N,LZ_NORTH,32.92
08/19/2025,13:00,N,LZ_NORTH,38.64
08/19/2025,14:00,N,LZ_NORTH,47.24
08/19/2025,15:00,N,LZ_NORTH,60.58
08/19/2025,16:00,N,LZ_NORTH,74.25
08/19/2025,17:00,N,LZ_NORTH,88.03
08/19/2025,18:00,N,LZ_NORTH,110.07
08/19/2025,19:00,N,LZ_NORTH,282.22
08/19/2025,20:00,N,LZ_NORTH,298.6
08/19/2025,21:00,N,LZ_NORTH,298.99
08/19/2025,22:00,N,LZ_NORTH,229.95
08/19/2025,23:00,N,LZ_NORTH,95.65
08/19/2025,24:00,N,LZ_NORTH,74.42
08/20/2025,01:00,N,LZ_NORTH,62.47
08/20/2025,02:00,N,LZ_NORTH,43.56
08/20/2025,03:00,N,LZ_NORTH,39.44
08/20/2025,04:00,N,LZ_NORTH,38.52
08/20/2025,05:00,N,LZ_NORTH,39.25
08/20/2025,06:00,N,LZ_NORTH,42.76
08/20/2025,07:00,N,LZ_NORTH,45.0
08/20/2025,08:00,N,LZ_NORTH,39.24
08/20/2025,09:00,N,LZ_NORTH,24.69
08/20/2025,10:00,N,LZ_NORTH,23.08
08/20/2025,11:00,N,LZ_NORTH,24.13
08/20/2025,12:00,N,LZ_NORTH,26.7
08/20/2025,13:00,N,LZ_NORTH,29.44
08/20/2025,14:00,N,LZ_NORTH,35.98
08/20/2025,15:00,N,LZ_NORTH,39.0
08/20/2025,16:00,N,LZ_NORTH,47.75
08/20/2025,17:00,N,LZ_NORTH,53.67
08/20/2025,18:00,N,LZ_NORTH,65.37
08/20/2025,19:00,N,LZ_NORTH,100.84
08/20/2025,20:00,N,LZ_NORTH,111.41
08/20/2025,21:00,N,LZ_NORTH,114.0
08/20/2025,22:00,N,LZ_NORTH,107.55
08/20/2025,23:00,N,LZ_NORTH,80.04
08/20/2025,24:00,N,LZ_NORTH,54.13
08/21/2025,01:00,N,LZ_NORTH,40.22
08/21/2025,02:00,N,LZ_NORTH,36.81
08/21/2025,03:00,N,LZ_NORTH,35.36
08/21/2025,04:00,N,LZ_NORTH,33.43
08/21/2025,05:00,N,LZ_NORTH,33.93
08/21/2025,06:00,N,LZ_NORTH,36.71
08/21/2025,07:00,N,LZ_NORTH,38.52
08/21/2025,08:00,N,LZ_NORTH,35.12
08/21/2025,09:00,N,LZ_NORTH,26.01
08/21/2025,10:00,N,LZ_NORTH,24.68
08/21/2025,11:00,N,LZ_NORTH,24.85
08/21/2025,12:00,N,LZ_NORTH,26.01
08/21/2025,13:00,N,LZ_NORTH,28.52
08/21/2025,14:00,N,LZ_NORTH,29.22
08/21/2025,15:00,N,LZ_NORTH,33.94
08/21/2025,16:00,N,LZ_NORTH,36.75
08/21/2025,17:00,N,LZ_NORTH,40.03
08/21/2025,18:00,N,LZ_NORTH,45.74
08/21/2025,19:00,N,LZ_NORTH,71.13
08/21/2025,20:00,N,LZ_NORTH,75.99
08/21/2025,21:00,N,LZ_NORTH,73.48
08/21/2025,22:00,N,LZ_NORTH,56.01
08/21/2025,23:00,N,LZ_NORTH,48.98
08/21/2025,24:00,N,LZ_NORTH,36.33
08/22/2025,01:00,N,LZ_NORTH,33.6
08/22/2025,02:00,N,LZ_NORTH,31.32
08/22/2025,03:00,N,LZ_NORTH,30.67
08/22/2025,04:00,N,LZ_NORTH,30.22
08/22/2025,05:00,N,LZ_NORTH,31.07
08/22/2025,06:00,N,LZ_NORTH,35.0
08/22/2025,07:00,N,LZ_NORTH,39.54
08/22/2025,08:00,N,LZ_NORTH,35.93
08/22/2025,09:00,N,LZ_NORTH,25.03
08/22/2025,10:00,N,LZ_NORTH,24.68
08/22/2025,11:00,N,LZ_NORTH,25.09
08/22/2025,12:00,N,LZ_NORTH,25.64
08/22/2025,13:00,N,LZ_NORTH,27.29
08/22/2025,14:00,N,LZ_NORTH,29.95
08/22/2025,15:00,N,LZ_NORTH,31.99
08/22/2025,16:00,N,LZ_NORTH,34.87
08/22/2025,17:00,N,LZ_NORTH,35.96
08/22/2025,18:00,N,LZ_NORTH,39.3
08/22/2025,19:00,N,LZ_NORTH,53.33
08/22/2025,20:00,N,LZ_NORTH,64.26
08/22/2025,21:00,N,LZ_NORTH,60.32
08/22/2025,22:00,N,LZ_NORTH,47.36
08/22/2025,23:00,N,LZ_NORTH,41.78
08/22/2025,24:00,N,LZ_NORTH,34.12
08/23/2025,01:00,N,LZ_NORTH,29.79
08/23/2025,02:00,N,LZ_NORTH,28.24
08/23/2025,03:00,N,LZ_NORTH,26.97
08/23/2025,04:00,N,LZ_NORTH,25.89
08/23/2025,05:00,N,LZ_NORTH,26.44
08/23/2025,06:00,N,LZ_NORTH,28.25
08/23/2025,07:00,N,LZ_NORTH,29.87
08/23/2025,08:00,N,LZ_NORTH,25.68
08/23/2025,09:00,N,LZ_NORTH,18.79
08/23/2025,10:00,N,LZ_NORTH,18.9
08/23/2025,11:00,N,LZ_NORTH,20.59
08/23/2025,12:00,N,LZ_NORTH,23.1
08/23/2025,13:00,N,LZ_NORTH,24.99
08/23/2025,14:00,N,LZ_NORTH,26.76
08/23/2025,15:00,N,LZ_NORTH,32.6
08/23/2025,16:00,N,LZ_NORTH,33.1
08/23/2025,17:00,N,LZ_NORTH,33.27
08/23/2025,18:00,N,LZ_NORTH,34.32
08/23/2025,19:00,N,LZ_NORTH,43.24
08/23/2025,20:00,N,LZ_NORTH,62.32
08/23/2025,21:00,N,LZ_NORTH,56.81
08/23/2025,22:00,N,LZ_NORTH,47.41
08/23/2025,23:00,N,LZ_NORTH,38.8
08/23/2025,24:00,N,LZ_NORTH,34.46
08/24/2025,01:00,N,LZ_NORTH,32.54
08/24/2025,02:00,N,LZ_NORTH,30.95
08/24/2025,03:00,N,LZ_NORTH,29.79
08/24/2025,04:00,N,LZ_NORTH,28.13
08/24/2025,05:00,N,LZ_NORTH,26.51
08/24/2025,06:00,N,LZ_NORTH,28.15
08/24/2025,07:00,N,LZ_NORTH,29.6
08/24/2025,08:00,N,LZ_NORTH,26.21
08/24/2025,09:00,N,LZ_NORTH,18.13
08/24/2025,10:00,N,LZ_NORTH,17.17
08/24/2025,11:00,N,LZ_NORTH,18.48
08/24/2025,12:00,N,LZ_NORTH,21.0
08/24/2025,13:00,N,LZ_NORTH,23.64
08/24/2025,14:00,N,LZ_NORTH,29.67
08/24/2025,15:00,N,LZ_NORTH,35.35
08/24/2025,16:00,N,LZ_NORTH,39.76
08/24/2025,17:00,N,LZ_NORTH,43.38
08/24/2025,18:00,N,LZ_NORTH,48.22
08/24/2025,19:00,N,LZ_NORTH,91.01
08/24/2025,20:00,N,LZ_NORTH,86.37
08/24/2025,21:00,N,LZ_NORTH,71.39
08/24/2025,22:00,N,LZ_NORTH,54.95
08/24/2025,23:00,N,LZ_NORTH,37.64
08/24/2025,24:00,N,LZ_NORTH,30.27
08/25/2025,01:00,N,LZ_NORTH,25.3
08/25/2025,02:00,N,LZ_NORTH,22.6
08/25/2025,03:00,N,LZ_NORTH,22.14
08/25/2025,04:00,N,LZ_NORTH,20.69
08/25/2025,05:00,N,LZ_NORTH,20.7
08/25/2025,06:00,N,LZ_NORTH,22.54
08/25/2025,07:00,N,LZ_NORTH,26.68
08/25/2025,08:00,N,LZ_NORTH,23.91
08/25/2025,09:00,N,LZ_NORTH,18.97
08/25/2025,10:00,N,LZ_NORTH,18.41
08/25/2025,11:00,N,LZ_NORTH,19.96
08/25/2025,12:00,N,LZ_NORTH,21.98
08/25/2025,13:00,N,LZ_NORTH,26.39
08/25/2025,14:00,N,LZ_NORTH,31.97
08/25/2025,15:00,N,LZ_NORTH,36.47
08/25/2025,16:00,N,LZ_NORTH,40.47
08/25/2025,17:00,N,LZ_NORTH,39.1
08/25/2025,18:00,N,LZ_NORTH,40.79
08/25/2025,19:00,N,LZ_NORTH,67.06
08/25/2025,20:00,N,LZ_NORTH,79.18
08/25/2025,21:00,N,LZ_NORTH,58.22
08/25/2025,22:00,N,LZ_NORTH,40.42
08/25/2025,23:00,N,LZ_NORTH,30.41
08/25/2025,24:00,N,LZ_NORTH,24.66
08/26/2025,01:00,N,LZ_NORTH,23.44
08/26/2025,02:00,N,LZ_NORTH,22.33
08/26/2025,03:00,N,LZ_NORTH,21.02
08/26/2025,04:00,N,LZ_NORTH,21.95
08/26/2025,05:00,N,LZ_NORTH,23.53
08/26/2025,06:00,N,LZ_NORTH,27.22
08/26/2025,07:00,N,LZ_NORTH,32.8
08/26/2025,08:00,N,LZ_NORTH,29.12
08/26/2025,09:00,N,LZ_NORTH,22.25
08/26/2025,10:00,N,LZ_NORTH,20.66
08/26/2025,11:00,N,LZ_NORTH,21.98
08/26/2025,12:00,N,LZ_NORTH,25.3
08/26/2025,13:00,N,LZ_NORTH,30.0
08/26/2025,14:00,N,LZ_NORTH,32.14
08/26/2025,15:00,N,LZ_NORTH,35.86
08/26/2025,16:00,N,LZ_NORTH,36.01
08/26/2025,17:00,N,LZ_NORTH,34.43
08/26/2025,18:00,N,LZ_NORTH,32.83
08/26/2025,19:00,N,LZ_NORTH,39.55
08/26/2025,20:00,N,LZ_NORTH,49.52
08/26/2025,21:00,N,LZ_NORTH,41.83
08/26/2025,22:00,N,LZ_NORTH,35.72
08/26/2025,23:00,N,LZ_NORTH,33.62
08/26/2025,24:00,N,LZ_NORTH,29.52
08/27/2025,01:00,N,LZ_NORTH,27.54
08/27/2025,02:00,N,LZ_NORTH,25.99
08/27/2025,03:00,N,LZ_NORTH,24.9
08/27/2025,04:00,N,LZ_NORTH,24.69
08/27/2025,05:00,N,LZ_NORTH,26.54
08/27/2025,06:00,N,LZ_NORTH,29.88
08/27/2025,07:00,N,LZ_NORTH,37.08
08/27/2025,08:00,N,LZ_NORTH,35.77
08/27/2025,09:00,N,LZ_NORTH,24.64
08/27/2025,10:00,N,LZ_NORTH,20.93
08/27/2025,11:00,N,LZ_NORTH,21.09
08/27/2025,12:00,N,LZ_NORTH,21.79
08/27/2025,13:00,N,LZ_NORTH,21.82
08/27/2025,14:00,N,LZ_NORTH,24.94
08/27/2025,15:00,N,LZ_NORTH,27.76
08/27/2025,16:00,N,LZ_NORTH,29.38
08/27/2025,17:00,N,LZ_NORTH,31.63
08/27/2025,18:00,N,LZ_NORTH,33.44
08/27/2025,19:00,N,LZ_NORTH,47.38
08/27/2025,20:00,N,LZ_NORTH,56.72
08/27/2025,21:00,N,LZ_NORTH,52.29
08/27/2025,22:00,N,LZ_NORTH,37.82
08/27/2025,23:00,N,LZ_NORTH,29.46
08/27/2025,24:00,N,LZ_NORTH,23.45
08/28/2025,01:00,N,LZ_NORTH,22.11
08/28/2025,02:00,N,LZ_NORTH,20.18
08/28/2025,03:00,N,LZ_NORTH,19.24
08/28/2025,04:00,N,LZ_NORTH,18.33
08/28/2025,05:00,N,LZ_NORTH,18.83
08/28/2025,06:00,N,LZ_NORTH,19.75
08/28/2025,07:00,N,LZ_NORTH,22.07
08/28/2025,08:00,N,LZ_NORTH,21.73
08/28/2025,09:00,N,LZ_NORTH,16.34
08/28/2025,10:00,N,LZ_NORTH,13.01
08/28/2025,11:00,N,LZ_NORTH,13.31
08/28/2025,12:00,N,LZ_NORTH,17.12
08/28/2025,13:00,N,LZ_NORTH,21.92
08/28/2025,14:00,N,LZ_NORTH,30.05
08/28/2025,15:00,N,LZ_NORTH,39.14
08/28/2025,16:00,N,LZ_NORTH,43.82
08/28/2025,17:00,N,LZ_NORTH,54.5
08/28/2025,18:00,N,LZ_NORTH,85.91
08/28/2025,19:00,N,LZ_NORTH,124.22
08/28/2025,20:00,N,LZ_NORTH,152.89
08/28/2025,21:00,N,LZ_NORTH,107.18
08/28/2025,22:00,N,LZ_NORTH,70.43
08/28/2025,23:00,N,LZ_NORTH,42.16
08/28/2025,24:00,N,LZ_NORTH,34.47
08/29/2025,01:00,N,LZ_NORTH,29.36
08/29/2025,02:00,N,LZ_NORTH,28.74
08/29/2025,03:00,N,LZ_NORTH,27.63
08/29/2025,04:00,N,LZ_NORTH,27.42
08/29/2025,05:00,N,LZ_NORTH,28.41
08/29/2025,06:00,N,LZ_NORTH,31.13
08/29/2025,07:00,N,LZ_NORTH,43.5
08/29/2025,08:00,N,LZ_NORTH,41.86
08/29/2025,09:00,N,LZ_NORTH,30.46
08/29/2025,10:00,N,LZ_NORTH,25.61
08/29/2025,11:00,N,LZ_NORTH,27.35
08/29/2025,12:00,N,LZ_NORTH,31.59
08/29/2025,13:00,N,LZ_NORTH,38.28
08/29/2025,14:00,N,LZ_NORTH,39.99
08/29/2025,15:00,N,LZ_NORTH,46.64
08/29/2025,16:00,N,LZ_NORTH,51.13
08/29/2025,17:00,N,LZ_NORTH,60.1
08/29/2025,18:00,N,LZ_NORTH,64.5
08/29/2025,19:00,N,LZ_NORTH,100.32
08/29/2025,20:00,N,LZ_NORTH,121.09
08/29/2025,21:00,N,LZ_NORTH,95.68
08/29/2025,22:00,N,LZ_NORTH,64.37
08/29/2025,23:00,N,LZ_NORTH,42.88
08/29/2025,24:00,N,LZ_NORTH,36.4
08/30/2025,01:00,N,LZ_NORTH,33.63
08/30/2025,02:00,N,LZ_NORTH,31.89
08/30/2025,03:00,N,LZ_NORTH,30.27
08/30/2025,04:00,N,LZ_NORTH,28.49
08/30/2025,05:00,N,LZ_NORTH,28.04
08/30/2025,06:00,N,LZ_NORTH,27.56
08/30/2025,07:00,N,LZ_NORTH,29.19
08/30/2025,08:00,N,LZ_NORTH,30.7
08/30/2025,09:00,N,LZ_NORTH,27.22
08/30/2025,10:00,N,LZ_NORTH,26.61
08/30/2025,11:00,N,LZ_NORTH,25.86
08/30/2025,12:00,N,LZ_NORTH,26.57
08/30/2025,13:00,N,LZ_NORTH,26.83
08/30/2025,14:00,N,LZ_NORTH,26.39
08/30/2025,15:00,N,LZ_NORTH,28.71
08/30/2025,16:00,N,LZ_NORTH,32.9
08/30/2025,17:00,N,LZ_NORTH,39.55
08/30/2025,18:00,N,LZ_NORTH,38.25
08/30/2025,19:00,N,LZ_NORTH,46.52
08/30/2025,20:00,N,LZ_NORTH,55.08
08/30/2025,21:00,N,LZ_NORTH,48.42
08/30/2025,22:00,N,LZ_NORTH,44.94
08/30/2025,23:00,N,LZ_NORTH,39.33
08/30/2025,24:00,N,LZ_NORTH,34.89
08/31/2025,01:00,N,LZ_NORTH,31.93
08/31/2025,02:00,N,LZ_NORTH,29.32
08/31/2025,03:00,N,LZ_NORTH,28.03
08/31/2025,04:00,N,LZ_NORTH,27.48
08/31/2025,05:00,N,LZ_NORTH,27.13
08/31/2025,06:00,N,LZ_NORTH,26.99
08/31/2025,07:00,N,LZ_NORTH,26.73
08/31/2025,08:00,N,LZ_NORTH,27.72
08/31/2025,09:00,N,LZ_NORTH,28.15
08/31/2025,10:00,N,LZ_NORTH,27.21
08/31/2025,11:00,N,LZ_NORTH,26.88
08/31/2025,12:00,N,LZ_NORTH,27.91
08/31/2025,13:00,N,LZ_NORTH,28.06
08/31/2025,14:00,N,LZ_NORTH,26.62
08/31/2025,15:00,N,LZ_NORTH,26.59
08/31/2025,16:00,N,LZ_NORTH,30.64
08/31/2025,17:00,N,LZ_NORTH,31.95
08/31/2025,18:00,N,LZ_NORTH,32.86
08/31/2025,19:00,N,LZ_NORTH,39.35
08/31/2025,20:00,N,LZ_NORTH,47.34
08/31/2025,21:00,N,LZ_NORTH,50.69
08/31/2025,22:00,N,LZ_NORTH,49.95
08/31/2025,23:00,N,LZ_NORTH,39.04
08/31/2025,24:00,N,LZ_NORTH,35.0
09/01/2025,01:00,N,LZ_NORTH,37.86
09/01/2025,02:00,N,LZ_NORTH,35.4
09/01/2025,03:00,N,LZ_NORTH,33.92
09/01/2025,04:00,N,LZ_NORTH,32.62
09/01/2025,05:00,N,LZ_NORTH,31.84
09/01/2025,06:00,N,LZ_NORTH,29.42
09/01/2025,07:00,N,LZ_NORTH,33.09
09/01/2025,08:00,N,LZ_NORTH,31.67
09/01/2025,09:00,N,LZ_NORTH,27.9
09/01/2025,10:00,N,LZ_NORTH,24.58
09/01/2025,11:00,N,LZ_NORTH,23.75
09/01/2025,12:00,N,LZ_NORTH,23.49
09/01/2025,13:00,N,LZ_NORTH,24.3
09/01/2025,14:00,N,LZ_NORTH,25.45
09/01/2025,15:00,N,LZ_NORTH,29.62
09/01/2025,16:00,N,LZ_NORTH,30.0
09/01/2025,17:00,N,LZ_NORTH,35.14
09/01/2025,18:00,N,LZ_NORTH,40.39
09/01/2025,19:00,N,LZ_NORTH,54.76
09/01/2025,20:00,N,LZ_NORTH,72.52
09/01/2025,21:00,N,LZ_NORTH,67.86
09/01/2025,22:00,N,LZ_NORTH,64.96
09/01/2025,23:00,N,LZ_NORTH,43.09
09/01/2025,24:00,N,LZ_NORTH,36.84
09/02/2025,01:00,N,LZ_NORTH,32.61
09/02/2025,02:00,N,LZ_NORTH,28.57
09/02/2025,03:00,N,LZ_NORTH,27.31
09/02/2025,04:00,N,LZ_NORTH,26.98
09/02/2025,05:00,N,LZ_NORTH,28.52
09/02/2025,06:00,N,LZ_NORTH,31.79
09/02/2025,07:00,N,LZ_NORTH,36.41
09/02/2025,08:00,N,LZ_NORTH,35.75
09/02/2025,09:00,N,LZ_NORTH,23.86
09/02/2025,10:00,N,LZ_NORTH,20.42
09/02/2025,11:00,N,LZ_NORTH,19.66
09/02/2025,12:00,N,LZ_NORTH,20.53
09/02/2025,13:00,N,LZ_NORTH,23.3
09/02/2025,14:00,N,LZ_NORTH,24.4
09/02/2025,15:00,N,LZ_NORTH,25.28
09/02/2025,16:00,N,LZ_NORTH,27.7
09/02/2025,17:00,N,LZ_NORTH,28.6
09/02/2025,18:00,N,LZ_NORTH,31.23
09/02/2025,19:00,N,LZ_NORTH,47.69
09/02/2025,20:00,N,LZ_NORTH,74.17
09/02/2025,21:00,N,LZ_NORTH,70.09
09/02/2025,22:00,N,LZ_NORTH,53.98
09/02/2025,23:00,N,LZ_NORTH,42.76
09/02/2025,24:00,N,LZ_NORTH,35.07
09/03/2025,01:00,N,LZ_NORTH,29.92
09/03/2025,02:00,N,LZ_NORTH,28.84
09/03/2025,03:00,N,LZ_NORTH,28.11
09/03/2025,04:00,N,LZ_NORTH,26.94
09/03/2025,05:00,N,LZ_NORTH,27.89
09/03/2025,06:00,N,LZ_NORTH,29.38
09/03/2025,07:00,N,LZ_NORTH,33.98
09/03/2025,08:00,N,LZ_NORTH,30.57
09/03/2025,09:00,N,LZ_NORTH,22.44
09/03/2025,10:00,N,LZ_NORTH,18.1
09/03/2025,11:00,N,LZ_NORTH,18.83
09/03/2025,12:00,N,LZ_NORTH,19.98
09/03/2025,13:00,N,LZ_NORTH,23.02
09/03/2025,14:00,N,LZ_NORTH,25.48
09/03/2025,15:00,N,LZ_NORTH,26.38
09/03/2025,16:00,N,LZ_NORTH,28.28
09/03/2025,17:00,N,LZ_NORTH,29.77
09/03/2025,18:00,N,LZ_NORTH,33.84
09/03/2025,19:00,N,LZ_NORTH,65.9
09/03/2025,20:00,N,LZ_NORTH,105.98
09/03/2025,21:00,N,LZ_NORTH,79.17
09/03/2025,22:00,N,LZ_NORTH,49.57
09/03/2025,23:00,N,LZ_NORTH,35.32
09/03/2025,24:00,N,LZ_NORTH,26.26
09/04/2025,01:00,N,LZ_NORTH,20.23
09/04/2025,02:00,N,LZ_NORTH,18.79
09/04/2025,03:00,N,LZ_NORTH,16.63
09/04/2025,04:00,N,LZ_NORTH,16.76
09/04/2025,05:00,N,LZ_NORTH,17.02
09/04/2025,06:00,N,LZ_NORTH,18.61
09/04/2025,07:00,N,LZ_NORTH,20.12
09/04/2025,08:00,N,LZ_NORTH,20.1
09/04/2025,09:00,N,LZ_NORTH,17.6
09/04/2025,10:00,N,LZ_NORTH,16.04
09/04/2025,11:00,N,LZ_NORTH,17.8
09/04/2025,12:00,N,LZ_NORTH,19.24
09/04/2025,13:00,N,LZ_NORTH,24.02
09/04/2025,14:00,N,LZ_NORTH,31.54
09/04/2025,15:00,N,LZ_NORTH,37.73
09/04/2025,16:00,N,LZ_NORTH,38.41
09/04/2025,17:00,N,LZ_NORTH,39.89
09/04/2025,18:00,N,LZ_NORTH,43.16
09/04/2025,19:00,N,LZ_NORTH,73.08
09/04/2025,20:00,N,LZ_NORTH,96.23
09/04/2025,21:00,N,LZ_NORTH,54.82
09/04/2025,22:00,N,LZ_NORTH,39.54
09/04/2025,23:00,N,LZ_NORTH,26.69
09/04/2025,24:00,N,LZ_NORTH,22.83
09/05/2025,01:00,N,LZ_NORTH,20.31
09/05/2025,02:00,N,LZ_NORTH,17.86
09/05/2025,03:00,N,LZ_NORTH,16.32
09/05/2025,04:00,N,LZ_NORTH,15.93
09/05/2025,05:00,N,LZ_NORTH,16.93
09/05/2025,06:00,N,LZ_NORTH,19.06
09/05/2025,07:00,N,LZ_NORTH,20.84
09/05/2025,08:00,N,LZ_NORTH,21.18
09/05/2025,09:00,N,LZ_NORTH,19.97
09/05/2025,10:00,N,LZ_NORTH,19.2
09/05/2025,11:00,N,LZ_NORTH,21.23
09/05/2025,12:00,N,LZ_NORTH,22.19
09/05/2025,13:00,N,LZ_NORTH,24.31
09/05/2025,14:00,N,LZ_NORTH,29.3
09/05/2025,15:00,N,LZ_NORTH,34.18
09/05/2025,16:00,N,LZ_NORTH,43.27
09/05/2025,17:00,N,LZ_NORTH,52.6
09/05/2025,18:00,N,LZ_NORTH,59.12
09/05/2025,19:00,N,LZ_NORTH,67.04
09/05/2025,20:00,N,LZ_NORTH,60.62
09/05/2025,21:00,N,LZ_NORTH,45.19
09/05/2025,22:00,N,LZ_NORTH,39.04
09/05/2025,23:00,N,LZ_NORTH,35.72
09/05/2025,24:00,N,LZ_NORTH,32.58
09/06/2025,01:00,N,LZ_NORTH,33.37
09/06/2025,02:00,N,LZ_NORTH,31.57
09/06/2025,03:00,N,LZ_NORTH,30.63
09/06/2025,04:00,N,LZ_NORTH,28.65
09/06/2025,05:00,N,LZ_NORTH,29.4
09/06/2025,06:00,N,LZ_NORTH,28.38
09/06/2025,07:00,N,LZ_NORTH,27.48
09/06/2025,08:00,N,LZ_NORTH,27.75
09/06/2025,09:00,N,LZ_NORTH,27.76
09/06/2025,10:00,N,LZ_NORTH,26.5
09/06/2025,11:00,N,LZ_NORTH,27.01
09/06/2025,12:00,N,LZ_NORTH,26.99
09/06/2025,13:00,N,LZ_NORTH,29.71
09/06/2025,14:00,N,LZ_NORTH,29.79
09/06/2025,15:00,N,LZ_NORTH,28.98
09/06/2025,16:00,N,LZ_NORTH,30.41
09/06/2025,17:00,N,LZ_NORTH,32.78
09/06/2025,18:00,N,LZ_NORTH,36.47
09/06/2025,19:00,N,LZ_NORTH,54.55
09/06/2025,20:00,N,LZ_NORTH,56.61
09/06/2025,21:00,N,LZ_NORTH,46.65
09/06/2025,22:00,N,LZ_NORTH,44.29
09/06/2025,23:00,N,LZ_NORTH,44.15
09/06/2025,24:00,N,LZ_NORTH,37.75
09/07/2025,01:00,N,LZ_NORTH,37.54
09/07/2025,02:00,N,LZ_NORTH,33.3
09/07/2025,03:00,N,LZ_NORTH,29.92
09/07/2025,04:00,N,LZ_NORTH,29.03
09/07/2025,05:00,N,LZ_NORTH,28.04
09/07/2025,06:00,N,LZ_NORTH,27.62
09/07/2025,07:00,N,LZ_NORTH,26.43
09/07/2025,08:00,N,LZ_NORTH,25.84
09/07/2025,09:00,N,LZ_NORTH,22.78
09/07/2025,10:00,N,LZ_NORTH,20.64
09/07/2025,11:00,N,LZ_NORTH,19.81
09/07/2025,12:00,N,LZ_NORTH,18.7
09/07/2025,13:00,N,LZ_NORTH,19.9
09/07/2025,14:00,N,LZ_NORTH,22.02
09/07/2025,15:00,N,LZ_NORTH,22.35
09/07/2025,16:00,N,LZ_NORTH,24.04
09/07/2025,17:00,N,LZ_NORTH,24.96
09/07/2025,18:00,N,LZ_NORTH,29.9
09/07/2025,19:00,N,LZ_NORTH,46.75
09/07/2025,20:00,N,LZ_NORTH,49.78
09/07/2025,21:00,N,LZ_NORTH,41.58
09/07/2025,22:00,N,LZ_NORTH,33.51
09/07/2025,23:00,N,LZ_NORTH,26.4
09/07/2025,24:00,N,LZ_NORTH,23.39
09/08/2025,01:00,N,LZ_NORTH,21.9
09/08/2025,02:00,N,LZ_NORTH,21.11
09/08/2025,03:00,N,LZ_NORTH,19.41
09/08/2025,04:00,N,LZ_NORTH,20.6
09/08/2025,05:00,N,LZ_NORTH,21.29
09/08/2025,06:00,N,LZ_NORTH,23.3
09/08/2025,07:00,N,LZ_NORTH,26.49
09/08/2025,08:00,N,LZ_NORTH,23.94
09/08/2025,09:00,N,LZ_NORTH,18.49
09/08/2025,10:00,N,LZ_NORTH,16.27
09/08/2025,11:00,N,LZ_NORTH,14.56
09/08/2025,12:00,N,LZ_NORTH,13.85
09/08/2025,13:00,N,LZ_NORTH,16.23
09/08/2025,14:00,N,LZ_NORTH,17.84
09/08/2025,15:00,N,LZ_NORTH,19.54
09/08/2025,16:00,N,LZ_NORTH,19.33
09/08/2025,17:00,N,LZ_NORTH,18.96
09/08/2025,18:00,N,LZ_NORTH,20.64
09/08/2025,19:00,N,LZ_NORTH,38.14
09/08/2025,20:00,N,LZ_NORTH,47.38
09/08/2025,21:00,N,LZ_NORTH,33.59
09/08/2025,22:00,N,LZ_NORTH,24.59
09/08/2025,23:00,N,LZ_NORTH,21.94
09/08/2025,24:00,N,LZ_NORTH,19.43
09/09/2025,01:00,N,LZ_NORTH,18.07
09/09/2025,02:00,N,LZ_NORTH,16.89
09/09/2025,03:00,N,LZ_NORTH,16.13
09/09/2025,04:00,N,LZ_NORTH,16.53
09/09/2025,05:00,N,LZ_NORTH,17.96
09/09/2025,06:00,N,LZ_NORTH,20.24
09/09/2025,07:00,N,LZ_NORTH,20.99
09/09/2025,08:00,N,LZ_NORTH,19.81
09/09/2025,09:00,N,LZ_NORTH,14.33
09/09/2025,10:00,N,LZ_NORTH,6.19
09/09/2025,11:00,N,LZ_NORTH,5.26
09/09/2025,12:00,N,LZ_NORTH,5.98
09/09/2025,13:00,N,LZ_NORTH,12.67
09/09/2025,14:00,N,LZ_NORTH,15.13
09/09/2025,15:00,N,LZ_NORTH,17.95
09/09/2025,16:00,N,LZ_NORTH,17.61
09/09/2025,17:00,N,LZ_NORTH,17.52
09/09/2025,18:00,N,LZ_NORTH,18.21
09/09/2025,19:00,N,LZ_NORTH,31.72
09/09/2025,20:00,N,LZ_NORTH,42.14
09/09/2025,21:00,N,LZ_NORTH,34.39
09/09/2025,22:00,N,LZ_NORTH,26.5
09/09/2025,23:00,N,LZ_NORTH,22.21
09/09/2025,24:00,N,LZ_NORTH,19.8
09/10/2025,01:00,N,LZ_NORTH,20.38
09/10/2025,02:00,N,LZ_NORTH,18.48
09/10/2025,03:00,N,LZ_NORTH,17.56
09/10/2025,04:00,N,LZ_NORTH,17.75
09/10/2025,05:00,N,LZ_NORTH,19.65
09/10/2025,06:00,N,LZ_NORTH,21.99
09/10/2025,07:00,N,LZ_NORTH,24.51
09/10/2025,08:00,N,LZ_NORTH,23.77
09/10/2025,09:00,N,LZ_NORTH,15.7
09/10/2025,10:00,N,LZ_NORTH,12.61
09/10/2025,11:00,N,LZ_NORTH,12.54
09/10/2025,12:00,N,LZ_NORTH,13.73
09/10/2025,13:00,N,LZ_NORTH,15.88
09/10/2025,14:00,N,LZ_NORTH,18.21
09/10/2025,15:00,N,LZ_NORTH,19.29
09/10/2025,16:00,N,LZ_NORTH,19.02
09/10/2025,17:00,N,LZ_NORTH,19.79
09/10/2025,18:00,N,LZ_NORTH,20.73
09/10/2025,19:00,N,LZ_NORTH,38.66
09/10/2025,20:00,N,LZ_NORTH,53.29
09/10/2025,21:00,N,LZ_NORTH,40.72
09/10/2025,22:00,N,LZ_NORTH,31.17
09/10/2025,23:00,N,LZ_NORTH,25.67
09/10/2025,24:00,N,LZ_NORTH,22.51
09/11/2025,01:00,N,LZ_NORTH,21.95
09/11/2025,02:00,N,LZ_NORTH,19.3
09/11/2025,03:00,N,LZ_NORTH,19.15
09/11/2025,04:00,N,LZ_NORTH,19.24
09/11/2025,05:00,N,LZ_NORTH,20.14
09/11/2025,06:00,N,LZ_NORTH,23.0
09/11/2025,07:00,N,LZ_NORTH,30.68
09/11/2025,08:00,N,LZ_NORTH,29.08
09/11/2025,09:00,N,LZ_NORTH,20.27
09/11/2025,10:00,N,LZ_NORTH,15.77
09/11/2025,11:00,N,LZ_NORTH,16.76
09/11/2025,12:00,N,LZ_NORTH,18.33
09/11/2025,13:00,N,LZ_NORTH,21.0
09/11/2025,14:00,N,LZ_NORTH,22.77
09/11/2025,15:00,N,LZ_NORTH,23.43
09/11/2025,16:00,N,LZ_NORTH,22.32
09/11/2025,17:00,N,LZ_NORTH,22.69
09/11/2025,18:00,N,LZ_NORTH,23.98
09/11/2025,19:00,N,LZ_NORTH,48.08
09/11/2025,20:00,N,LZ_NORTH,59.22
09/11/2025,21:00,N,LZ_NORTH,52.25
09/11/2025,22:00,N,LZ_NORTH,35.8
09/11/2025,23:00,N,LZ_NORTH,26.54
09/11/2025,24:00,N,LZ_NORTH,23.43
09/12/2025,01:00,N,LZ_NORTH,21.73
09/12/2025,02:00,N,LZ_NORTH,21.06
09/12/2025,03:00,N,LZ_NORTH,19.81
09/12/2025,04:00,N,LZ_NORTH,20.09
09/12/2025,05:00,N,LZ_NORTH,21.24
09/12/2025,06:00,N,LZ_NORTH,23.05
09/12/2025,07:00,N,LZ_NORTH,25.88
09/12/2025,08:00,N,LZ_NORTH,26.19
09/12/2025,09:00,N,LZ_NORTH,20.15
09/12/2025,10:00,N,LZ_NORTH,15.27
09/12/2025,11:00,N,LZ_NORTH,15.51
09/12/2025,12:00,N,LZ_NORTH,16.12
09/12/2025,13:00,N,LZ_NORTH,20.19
09/12/2025,14:00,N,LZ_NORTH,21.67
09/12/2025,15:00,N,LZ_NORTH,22.35
09/12/2025,16:00,N,LZ_NORTH,23.37
09/12/2025,17:00,N,LZ_NORTH,23.84
09/12/2025,18:00,N,LZ_NORTH,26.28
09/12/2025,19:00,N,LZ_NORTH,49.9
09/12/2025,20:00,N,LZ_NORTH,56.03
09/12/2025,21:00,N,LZ_NORTH,48.25
09/12/2025,22:00,N,LZ_NORTH,35.67
09/12/2025,23:00,N,LZ_NORTH,26.74
09/12/2025,24:00,N,LZ_NORTH,22.81
09/13/2025,01:00,N,LZ_NORTH,21.81
09/13/2025,02:00,N,LZ_NORTH,21.68
09/13/2025,03:00,N,LZ_NORTH,20.94
09/13/2025,04:00,N,LZ_NORTH,20.82
09/13/2025,05:00,N,LZ_NORTH,20.5
09/13/2025,06:00,N,LZ_NORTH,20.66
09/13/2025,07:00,N,LZ_NORTH,22.49
09/13/2025,08:00,N,LZ_NORTH,22.99
09/13/2025,09:00,N,LZ_NORTH,17.54
09/13/2025,10:00,N,LZ_NORTH,14.88
09/13/2025,11:00,N,LZ_NORTH,13.57
09/13/2025,12:00,N,LZ_NORTH,15.71
09/13/2025,13:00,N,LZ_NORTH,18.69
09/13/2025,14:00,N,LZ_NORTH,21.77
09/13/2025,15:00,N,LZ_NORTH,25.63
09/13/2025,16:00,N,LZ_NORTH,25.18
09/13/2025,17:00,N,LZ_NORTH,25.44
09/13/2025,18:00,N,LZ_NORTH,27.76
09/13/2025,19:00,N,LZ_NORTH,50.33
09/13/2025,20:00,N,LZ_NORTH,51.61
09/13/2025,21:00,N,LZ_NORTH,47.18
09/13/2025,22:00,N,LZ_NORTH,35.5
09/13/2025,23:00,N,LZ_NORTH,28.77
09/13/2025,24:00,N,LZ_NORTH,24.23
09/14/2025,01:00,N,LZ_NORTH,24.6
09/14/2025,02:00,N,LZ_NORTH,24.07
09/14/2025,03:00,N,LZ_NORTH,24.65
09/14/2025,04:00,N,LZ_NORTH,24.25
09/14/2025,05:00,N,LZ_NORTH,23.51
09/14/2025,06:00,N,LZ_NORTH,22.53
09/14/2025,07:00,N,LZ_NORTH,22.03
09/14/2025,08:00,N,LZ_NORTH,22.05
09/14/2025,09:00,N,LZ_NORTH,17.07
09/14/2025,10:00,N,LZ_NORTH,14.99
09/14/2025,11:00,N,LZ_NORTH,14.14
09/14/2025,12:00,N,LZ_NORTH,18.08
09/14/2025,13:00,N,LZ_NORTH,21.71
09/14/2025,14:00,N,LZ_NORTH,24.44
09/14/2025,15:00,N,LZ_NORTH,27.94
09/14/2025,16:00,N,LZ_NORTH,33.31
09/14/2025,17:00,N,LZ_NORTH,39.68
09/14/2025,18:00,N,LZ_NORTH,47.49
09/14/2025,19:00,N,LZ_NORTH,90.38
09/14/2025,20:00,N,LZ_NORTH,74.81
09/14/2025,21:00,N,LZ_NORTH,62.2
09/14/2025,22:00,N,LZ_NORTH,55.63
09/14/2025,23:00,N,LZ_NORTH,39.99
09/14/2025,24:00,N,LZ_NORTH,31.9
09/15/2025,01:00,N,LZ_NORTH,30.6
09/15/2025,02:00,N,LZ_NORTH,29.67
09/15/2025,03:00,N,LZ_NORTH,27.69
09/15/2025,04:00,N,LZ_NORTH,27.92
09/15/2025,05:00,N,LZ_NORTH,28.04
09/15/2025,06:00,N,LZ_NORTH,27.98
09/15/2025,07:00,N,LZ_NORTH,32.31
09/15/2025,08:00,N,LZ_NORTH,31.22
09/15/2025,09:00,N,LZ_NORTH,22.37
09/15/2025,10:00,N,LZ_NORTH,17.81
09/15/2025,11:00,N,LZ_NORTH,19.45
09/15/2025,12:00,N,LZ_NORTH,21.4
09/15/2025,13:00,N,LZ_NORTH,24.54
09/15/2025,14:00,N,LZ_NORTH,31.38
09/15/2025,15:00,N,LZ_NORTH,37.5
09/15/2025,16:00,N,LZ_NORTH,41.61
09/15/2025,17:00,N,LZ_NORTH,46.19
09/15/2025,18:00,N,LZ_NORTH,57.06
09/15/2025,19:00,N,LZ_NORTH,77.79
09/15/2025,20:00,N,LZ_NORTH,73.82
09/15/2025,21:00,N,LZ_NORTH,63.2
09/15/2025,22:00,N,LZ_NORTH,41.74
09/15/2025,23:00,N,LZ_NORTH,33.29
09/15/2025,24:00,N,LZ_NORTH,25.11
09/16/2025,01:00,N,LZ_NORTH,25.97
09/16/2025,02:00,N,LZ_NORTH,23.67
09/16/2025,03:00,N,LZ_NORTH,22.65
09/16/2025,04:00,N,LZ_NORTH,22.53
09/16/2025,05:00,N,LZ_NORTH,23.12
09/16/2025,06:00,N,LZ_NORTH,26.38
09/16/2025,07:00,N,LZ_NORTH,34.46
09/16/2025,08:00,N,LZ_NORTH,32.02
09/16/2025,09:00,N,LZ_NORTH,21.63
09/16/2025,10:00,N,LZ_NORTH,18.14
09/16/2025,11:00,N,LZ_NORTH,19.51
09/16/2025,12:00,N,LZ_NORTH,20.9
09/16/2025,13:00,N,LZ_NORTH,28.4
09/16/2025,14:00,N,LZ_NORTH,33.91
09/16/2025,15:00,N,LZ_NORTH,37.97
09/16/2025,16:00,N,LZ_NORTH,40.93
09/16/2025,17:00,N,LZ_NORTH,45.17
09/16/2025,18:00,N,LZ_NORTH,56.74
09/16/2025,19:00,N,LZ_NORTH,84.49
09/16/2025,20:00,N,LZ_NORTH,80.88
09/16/2025,21:00,N,LZ_NORTH,69.0
09/16/2025,22:00,N,LZ_NORTH,51.98
09/16/2025,23:00,N,LZ_NORTH,40.71
09/16/2025,24:00,N,LZ_NORTH,30.13
09/17/2025,01:00,N,LZ_NORTH,23.84
09/17/2025,02:00,N,LZ_NORTH,21.64
09/17/2025,03:00,N,LZ_NORTH,20.59
09/17/2025,04:00,N,LZ_NORTH,20.12
09/17/2025,05:00,N,LZ_NORTH,20.38
09/17/2025,06:00,N,LZ_NORTH,22.85
09/17/2025,07:00,N,LZ_NORTH,24.31
09/17/2025,08:00,N,LZ_NORTH,24.06
09/17/2025,09:00,N,LZ_NORTH,18.1
09/17/2025,10:00,N,LZ_NORTH,16.8
09/17/2025,11:00,N,LZ_NORTH,18.14
09/17/2025,12:00,N,LZ_NORTH,18.51
09/17/2025,13:00,N,LZ_NORTH,24.0
09/17/2025,14:00,N,LZ_NORTH,29.44
09/17/2025,15:00,N,LZ_NORTH,35.03
09/17/2025,16:00,N,LZ_NORTH,40.16
09/17/2025,17:00,N,LZ_NORTH,46.95
09/17/2025,18:00,N,LZ_NORTH,58.67
09/17/2025,19:00,N,LZ_NORTH,76.91
09/17/2025,20:00,N,LZ_NORTH,65.33
09/17/2025,21:00,N,LZ_NORTH,51.84
09/17/2025,22:00,N,LZ_NORTH,38.56
09/17/2025,23:00,N,LZ_NORTH,31.37
09/17/2025,24:00,N,LZ_NORTH,26.67
09/18/2025,01:00,N,LZ_NORTH,24.95
09/18/2025,02:00,N,LZ_NORTH,22.23
09/18/2025,03:00,N,LZ_NORTH,21.61
09/18/2025,04:00,N,LZ_NORTH,21.39
09/18/2025,05:00,N,LZ_NORTH,21.6
09/18/2025,06:00,N,LZ_NORTH,24.07
09/18/2025,07:00,N,LZ_NORTH,26.51
09/18/2025,08:00,N,LZ_NORTH,28.73
09/18/2025,09:00,N,LZ_NORTH,20.77
09/18/2025,10:00,N,LZ_NORTH,18.87
09/18/2025,11:00,N,LZ_NORTH,19.04
09/18/2025,12:00,N,LZ_NORTH,20.02
09/18/2025,13:00,N,LZ_NORTH,24.46
09/18/2025,14:00,N,LZ_NORTH,28.54
09/18/2025,15:00,N,LZ_NORTH,33.75
09/18/2025,16:00,N,LZ_NORTH,39.82
09/18/2025,17:00,N,LZ_NORTH,49.94
09/18/2025,18:00,N,LZ_NORTH,60.47
09/18/2025,19:00,N,LZ_NORTH,77.19
09/18/2025,20:00,N,LZ_NORTH,73.78
09/18/2025,21:00,N,LZ_NORTH,57.83
09/18/2025,22:00,N,LZ_NORTH,46.41
09/18/2025,23:00,N,LZ_NORTH,41.03
09/18/2025,24:00,N,LZ_NORTH,34.48
09/19/2025,01:00,N,LZ_NORTH,30.52
09/19/2025,02:00,N,LZ_NORTH,29.18
09/19/2025,03:00,N,LZ_NORTH,29.02
09/19/2025,04:00,N,LZ_NORTH,28.46
09/19/2025,05:00,N,LZ_NORTH,28.87
09/19/2025,06:00,N,LZ_NORTH,30.69
09/19/2025,07:00,N,LZ_NORTH,35.95
09/19/2025,08:00,N,LZ_NORTH,34.24
09/19/2025,09:00,N,LZ_NORTH,24.19
09/19/2025,10:00,N,LZ_NORTH,19.1
09/19/2025,11:00,N,LZ_NORTH,18.95
09/19/2025,12:00,N,LZ_NORTH,20.17
09/19/2025,13:00,N,LZ_NORTH,24.9
09/19/2025,14:00,N,LZ_NORTH,28.73
09/19/2025,15:00,N,LZ_NORTH,31.13
09/19/2025,16:00,N,LZ_NORTH,33.97
09/19/2025,17:00,N,LZ_NORTH,36.79
09/19/2025,18:00,N,LZ_NORTH,43.59
09/19/2025,19:00,N,LZ_NORTH,65.0
09/19/2025,20:00,N,LZ_NORTH,59.37
09/19/2025,21:00,N,LZ_NORTH,45.97
09/19/2025,22:00,N,LZ_NORTH,37.24
09/19/2025,23:00,N,LZ_NORTH,30.95
09/19/2025,24:00,N,LZ_NORTH,24.47
09/20/2025,01:00,N,LZ_NORTH,23.14
09/20/2025,02:00,N,LZ_NORTH,22.13
09/20/2025,03:00,N,LZ_NORTH,21.38
09/20/2025,04:00,N,LZ_NORTH,19.99
09/20/2025,05:00,N,LZ_NORTH,20.86
09/20/2025,06:00,N,LZ_NORTH,22.07
09/20/2025,07:00,N,LZ_NORTH,23.02
09/20/2025,08:00,N,LZ_NORTH,24.23
09/20/2025,09:00,N,LZ_NORTH,18.83
09/20/2025,10:00,N,LZ_NORTH,17.29
09/20/2025,11:00,N,LZ_NORTH,18.07
09/20/2025,12:00,N,LZ_NORTH,18.63
09/20/2025,13:00,N,LZ_NORTH,22.35
09/20/2025,14:00,N,LZ_NORTH,25.92
09/20/2025,15:00,N,LZ_NORTH,28.42
09/20/2025,16:00,N,LZ_NORTH,30.97
09/20/2025,17:00,N,LZ_NORTH,36.61
09/20/2025,18:00,N,LZ_NORTH,39.9
09/20/2025,19:00,N,LZ_NORTH,56.02
09/20/2025,20:00,N,LZ_NORTH,58.33
09/20/2025,21:00,N,LZ_NORTH,46.51
09/20/2025,22:00,N,LZ_NORTH,35.16
09/20/2025,23:00,N,LZ_NORTH,27.21
09/20/2025,24:00,N,LZ_NORTH,23.75
09/21/2025,01:00,N,LZ_NORTH,22.84
09/21/2025,02:00,N,LZ_NORTH,21.72
09/21/2025,03:00,N,LZ_NORTH,21.13
09/21/2025,04:00,N,LZ_NORTH,20.89
09/21/2025,05:00,N,LZ_NORTH,21.53
09/21/2025,06:00,N,LZ_NORTH,21.85
09/21/2025,07:00,N,LZ_NORTH,22.48
09/21/2025,08:00,N,LZ_NORTH,21.28
09/21/2025,09:00,N,LZ_NORTH,17.59
09/21/2025,10:00,N,LZ_NORTH,14.56
09/21/2025,11:00,N,LZ_NORTH,14.43
09/21/2025,12:00,N,LZ_NORTH,15.71
09/21/2025,13:00,N,LZ_NORTH,21.05
09/21/2025,14:00,N,LZ_NORTH,25.12
09/21/2025,15:00,N,LZ_NORTH,28.51
09/21/2025,16:00,N,LZ_NORTH,32.18
09/21/2025,17:00,N,LZ_NORTH,39.76
09/21/2025,18:00,N,LZ_NORTH,49.74
09/21/2025,19:00,N,LZ_NORTH,63.27
09/21/2025,20:00,N,LZ_NORTH,60.76
09/21/2025,21:00,N,LZ_NORTH,42.47
09/21/2025,22:00,N,LZ_NORTH,32.3
09/21/2025,23:00,N,LZ_NORTH,25.89
09/21/2025,24:00,N,LZ_NORTH,23.38
09/22/2025,01:00,N,LZ_NORTH,21.3
09/22/2025,02:00,N,LZ_NORTH,19.93
09/22/2025,03:00,N,LZ_NORTH,19.71
09/22/2025,04:00,N,LZ_NORTH,18.85
09/22/2025,05:00,N,LZ_NORTH,18.8
09/22/2025,06:00,N,LZ_NORTH,20.7
09/22/2025,07:00,N,LZ_NORTH,21.37
09/22/2025,08:00,N,LZ_NORTH,22.38
09/22/2025,09:00,N,LZ_NORTH,20.04
09/22/2025,10:00,N,LZ_NORTH,17.72
09/22/2025,11:00,N,LZ_NORTH,18.31
09/22/2025,12:00,N,LZ_NORTH,23.18
09/22/2025,13:00,N,LZ_NORTH,27.96
09/22/2025,14:00,N,LZ_NORTH,32.44
09/22/2025,15:00,N,LZ_NORTH,43.46
09/22/2025,16:00,N,LZ_NORTH,47.4
09/22/2025,17:00,N,LZ_NORTH,48.11
09/22/2025,18:00,N,LZ_NORTH,55.92
09/22/2025,19:00,N,LZ_NORTH,90.05
09/22/2025,20:00,N,LZ_NORTH,75.91
09/22/2025,21:00,N,LZ_NORTH,41.72
09/22/2025,22:00,N,LZ_NORTH,27.89
09/22/2025,23:00,N,LZ_NORTH,25.17
09/22/2025,24:00,N,LZ_NORTH,22.2
09/23/2025,01:00,N,LZ_NORTH,22.16
09/23/2025,02:00,N,LZ_NORTH,21.21
09/23/2025,03:00,N,LZ_NORTH,20.49
09/23/2025,04:00,N,LZ_NORTH,19.71
09/23/2025,05:00,N,LZ_NORTH,19.51
09/23/2025,06:00,N,LZ_NORTH,21.2
09/23/2025,07:00,N,LZ_NORTH,23.76
09/23/2025,08:00,N,LZ_NORTH,24.38
09/23/2025,09:00,N,LZ_NORTH,17.68
09/23/2025,10:00,N,LZ_NORTH,14.64
09/23/2025,11:00,N,LZ_NORTH,15.74
09/23/2025,12:00,N,LZ_NORTH,19.83
09/23/2025,13:00,N,LZ_NORTH,27.04
09/23/2025,14:00,N,LZ_NORTH,32.64
09/23/2025,15:00,N,LZ_NORTH,43.36
09/23/2025,16:00,N,LZ_NORTH,49.44
09/23/2025,17:00,N,LZ_NORTH,55.01
09/23/2025,18:00,N,LZ_NORTH,66.61
09/23/2025,19:00,N,LZ_NORTH,95.88
09/23/2025,20:00,N,LZ_NORTH,98.72
09/23/2025,21:00,N,LZ_NORTH,80.6
09/23/2025,22:00,N,LZ_NORTH,50.95
09/23/2025,23:00,N,LZ_NORTH,44.34
09/23/2025,24:00,N,LZ_NORTH,36.83
09/24/2025,01:00,N,LZ_NORTH,29.97
09/24/2025,02:00,N,LZ_NORTH,26.6
09/24/2025,03:00,N,LZ_NORTH,23.62
09/24/2025,04:00,N,LZ_NORTH,22.79
09/24/2025,05:00,N,LZ_NORTH,23.37
09/24/2025,06:00,N,LZ_NORTH,24.95
09/24/2025,07:00,N,LZ_NORTH,28.39
09/24/2025,08:00,N,LZ_NORTH,28.81
09/24/2025,09:00,N,LZ_NORTH,23.62
09/24/2025,10:00,N,LZ_NORTH,22.61
09/24/2025,11:00,N,LZ_NORTH,23.08
09/24/2025,12:00,N,LZ_NORTH,24.66
09/24/2025,13:00,N,LZ_NORTH,25.17
09/24/2025,14:00,N,LZ_NORTH,25.99
09/24/2025,15:00,N,LZ_NORTH,29.62
09/24/2025,16:00,N,LZ_NORTH,31.81
09/24/2025,17:00,N,LZ_NORTH,29.89
09/24/2025,18:00,N,LZ_NORTH,30.98
09/24/2025,19:00,N,LZ_NORTH,43.44
09/24/2025,20:00,N,LZ_NORTH,45.8
09/24/2025,21:00,N,LZ_NORTH,46.22
09/24/2025,22:00,N,LZ_NORTH,39.44
09/24/2025,23:00,N,LZ_NORTH,33.11
09/24/2025,24:00,N,LZ_NORTH,28.3
09/25/2025,01:00,N,LZ_NORTH,29.89
09/25/2025,02:00,N,LZ_NORTH,30.01
09/25/2025,03:00,N,LZ_NORTH,29.02
09/25/2025,04:00,N,LZ_NORTH,28.71
09/25/2025,05:00,N,LZ_NORTH,29.8
09/25/2025,06:00,N,LZ_NORTH,32.4
09/25/2025,07:00,N,LZ_NORTH,35.1
09/25/2025,08:00,N,LZ_NORTH,34.0
09/25/2025,09:00,N,LZ_NORTH,25.23
09/25/2025,10:00,N,LZ_NORTH,20.41
09/25/2025,11:00,N,LZ_NORTH,19.84
09/25/2025,12:00,N,LZ_NORTH,20.01
09/25/2025,13:00,N,LZ_NORTH,21.13
09/25/2025,14:00,N,LZ_NORTH,23.25
09/25/2025,15:00,N,LZ_NORTH,25.09
09/25/2025,16:00,N,LZ_NORTH,29.17
09/25/2025,17:00,N,LZ_NORTH,30.06
09/25/2025,18:00,N,LZ_NORTH,35.75
09/25/2025,19:00,N,LZ_NORTH,70.96
09/25/2025,20:00,N,LZ_NORTH,86.96
09/25/2025,21:00,N,LZ_NORTH,76.8
09/25/2025,22:00,N,LZ_NORTH,50.71
09/25/2025,23:00,N,LZ_NORTH,42.52
09/25/2025,24:00,N,LZ_NORTH,33.26
09/26/2025,01:00,N,LZ_NORTH,32.6
09/26/2025,02:00,N,LZ_NORTH,27.01
09/26/2025,03:00,N,LZ_NORTH,24.53
09/26/2025,04:00,N,LZ_NORTH,23.86
09/26/2025,05:00,N,LZ_NORTH,23.85
09/26/2025,06:00,N,LZ_NORTH,25.44
09/26/2025,07:00,N,LZ_NORTH,28.09
09/26/2025,08:00,N,LZ_NORTH,27.39
09/26/2025,09:00,N,LZ_NORTH,19.37
09/26/2025,10:00,N,LZ_NORTH,14.5
09/26/2025,11:00,N,LZ_NORTH,14.7
09/26/2025,12:00,N,LZ_NORTH,15.48
09/26/2025,13:00,N,LZ_NORTH,18.49
09/26/2025,14:00,N,LZ_NORTH,23.19
09/26/2025,15:00,N,LZ_NORTH,26.86
09/26/2025,16:00,N,LZ_NORTH,30.12
09/26/2025,17:00,N,LZ_NORTH,29.03
09/26/2025,18:00,N,LZ_NORTH,37.82
09/26/2025,19:00,N,LZ_NORTH,69.15
09/26/2025,20:00,N,LZ_NORTH,66.1
09/26/2025,21:00,N,LZ_NORTH,42.18
09/26/2025,22:00,N,LZ_NORTH,29.95
09/26/2025,23:00,N,LZ_NORTH,22.91
09/26/2025,24:00,N,LZ_NORTH,19.92
09/27/2025,01:00,N,LZ_NORTH,21.76
09/27/2025,02:00,N,LZ_NORTH,20.05
09/27/2025,03:00,N,LZ_NORTH,18.77
09/27/2025,04:00,N,LZ_NORTH,18.51
09/27/2025,05:00,N,LZ_NORTH,19.45
09/27/2025,06:00,N,LZ_NORTH,21.32
09/27/2025,07:00,N,LZ_NORTH,21.98
09/27/2025,08:00,N,LZ_NORTH,21.63
09/27/2025,09:00,N,LZ_NORTH,14.63
09/27/2025,10:00,N,LZ_NORTH,13.18
09/27/2025,11:00,N,LZ_NORTH,15.36
09/27/2025,12:00,N,LZ_NORTH,17.51
09/27/2025,13:00,N,LZ_NORTH,22.1
09/27/2025,14:00,N,LZ_NORTH,24.58
09/27/2025,15:00,N,LZ_NORTH,27.65
09/27/2025,16:00,N,LZ_NORTH,30.41
09/27/2025,17:00,N,LZ_NORTH,30.73
09/27/2025,18:00,N,LZ_NORTH,39.33
09/27/2025,19:00,N,LZ_NORTH,62.64
09/27/2025,20:00,N,LZ_NORTH,59.09
09/27/2025,21:00,N,LZ_NORTH,42.02
09/27/2025,22:00,N,LZ_NORTH,32.49
09/27/2025,23:00,N,LZ_NORTH,27.25
09/27/2025,24:00,N,LZ_NORTH,24.26
09/28/2025,01:00,N,LZ_NORTH,22.44
09/28/2025,02:00,N,LZ_NORTH,21.56
09/28/2025,03:00,N,LZ_NORTH,20.76
09/28/2025,04:00,N,LZ_NORTH,20.21
09/28/2025,05:00,N,LZ_NORTH,20.9
09/28/2025,06:00,N,LZ_NORTH,20.97
09/28/2025,07:00,N,LZ_NORTH,20.0
09/28/2025,08:00,N,LZ_NORTH,21.14
09/28/2025,09:00,N,LZ_NORTH,15.7
09/28/2025,10:00,N,LZ_NORTH,14.71
09/28/2025,11:00,N,LZ_NORTH,15.31
09/28/2025,12:00,N,LZ_NORTH,17.49
09/28/2025,13:00,N,LZ_NORTH,20.05
09/28/2025,14:00,N,LZ_NORTH,23.2
09/28/2025,15:00,N,LZ_NORTH,25.6
09/28/2025,16:00,N,LZ_NORTH,29.56
09/28/2025,17:00,N,LZ_NORTH,31.84
09/28/2025,18:00,N,LZ_NORTH,42.3
09/28/2025,19:00,N,LZ_NORTH,68.68
09/28/2025,20:00,N,LZ_NORTH,67.78
09/28/2025,21:00,N,LZ_NORTH,52.45
09/28/2025,22:00,N,LZ_NORTH,36.74
09/28/2025,23:00,N,LZ_NORTH,27.95
09/28/2025,24:00,N,LZ_NORTH,24.66
09/29/2025,01:00,N,LZ_NORTH,20.13
09/29/2025,02:00,N,LZ_NORTH,19.55
09/29/2025,03:00,N,LZ_NORTH,19.99
09/29/2025,04:00,N,LZ_NORTH,20.01
09/29/2025,05:00,N,LZ_NORTH,20.57
09/29/2025,06:00,N,LZ_NORTH,24.42
09/29/2025,07:00,N,LZ_NORTH,26.97
09/29/2025,08:00,N,LZ_NORTH,30.2
09/29/2025,09:00,N,LZ_NORTH,21.85
09/29/2025,10:00,N,LZ_NORTH,18.7
09/29/2025,11:00,N,LZ_NORTH,19.33
09/29/2025,12:00,N,LZ_NORTH,20.69
09/29/2025,13:00,N,LZ_NORTH,23.78
09/29/2025,14:00,N,LZ_NORTH,26.18
09/29/2025,15:00,N,LZ_NORTH,31.65
09/29/2025,16:00,N,LZ_NORTH,38.06
09/29/2025,17:00,N,LZ_NORTH,45.2
09/29/2025,18:00,N,LZ_NORTH,58.39
09/29/2025,19:00,N,LZ_NORTH,85.03
09/29/2025,20:00,N,LZ_NORTH,73.24
09/29/2025,21:00,N,LZ_NORTH,62.58
09/29/2025,22:00,N,LZ_NORTH,43.45
09/29/2025,23:00,N,LZ_NORTH,37.32
09/29/2025,24:00,N,LZ_NORTH,29.54
09/30/2025,01:00,N,LZ_NORTH,29.1
09/30/2025,02:00,N,LZ_NORTH,26.28
09/30/2025,03:00,N,LZ_NORTH,25.49
09/30/2025,04:00,N,LZ_NORTH,25.23
09/30/2025,05:00,N,LZ_NORTH,25.95
09/30/2025,06:00,N,LZ_NORTH,28.19
09/30/2025,07:00,N,LZ_NORTH,33.45
09/30/2025,08:00,N,LZ_NORTH,32.6
09/30/2025,09:00,N,LZ_NORTH,25.16
09/30/2025,10:00,N,LZ_NORTH,19.56
09/30/2025,11:00,N,LZ_NORTH,18.84
09/30/2025,12:00,N,LZ_NORTH,19.55
09/30/2025,13:00,N,LZ_NORTH,22.31
09/30/2025,14:00,N,LZ_NORTH,26.25
09/30/2025,15:00,N,LZ_NORTH,30.58
09/30/2025,16:00,N,LZ_NORTH,31.45
09/30/2025,17:00,N,LZ_NORTH,35.08
09/30/2025,18:00,N,LZ_NORTH,42.63
09/30/2025,19:00,N,LZ_NORTH,88.12
09/30/2025,20:00,N,LZ_NORTH,79.98
09/30/2025,21:00,N,LZ_NORTH,58.37
09/30/2025,22:00,N,LZ_NORTH,39.83
09/30/2025,23:00,N,LZ_NORTH,26.76
09/30/2025,24:00,N,LZ_NORTH,22.1
10/01/2025,01:00,N,LZ_NORTH,21.1
10/01/2025,02:00,N,LZ_NORTH,19.36
10/01/2025,03:00,N,LZ_NORTH,17.78
10/01/2025,04:00,N,LZ_NORTH,16.86
10/01/2025,05:00,N,LZ_NORTH,17.89
10/01/2025,06:00,N,LZ_NORTH,20.59
10/01/2025,07:00,N,LZ_NORTH,26.16
10/01/2025,08:00,N,LZ_NORTH,27.14
10/01/2025,09:00,N,LZ_NORTH,17.73
10/01/2025,10:00,N,LZ_NORTH,13.01
10/01/2025,11:00,N,LZ_NORTH,15.2
10/01/2025,12:00,N,LZ_NORTH,17.14
10/01/2025,13:00,N,LZ_NORTH,22.88
10/01/2025,14:00,N,LZ_NORTH,28.55
10/01/2025,15:00,N,LZ_NORTH,33.52
10/01/2025,16:00,N,LZ_NORTH,36.84
10/01/2025,17:00,N,LZ_NORTH,43.12
10/01/2025,18:00,N,LZ_NORTH,64.74
10/01/2025,19:00,N,LZ_NORTH,97.12
10/01/2025,20:00,N,LZ_NORTH,86.1
10/01/2025,21:00,N,LZ_NORTH,51.25
10/01/2025,22:00,N,LZ_NORTH,34.7
10/01/2025,23:00,N,LZ_NORTH,24.17
10/01/2025,24:00,N,LZ_NORTH,21.54
10/02/2025,01:00,N,LZ_NORTH,20.89
10/02/2025,02:00,N,LZ_NORTH,18.59
10/02/2025,03:00,N,LZ_NORTH,17.53
10/02/2025,04:00,N,LZ_NORTH,17.92
10/02/2025,05:00,N,LZ_NORTH,18.95
10/02/2025,06:00,N,LZ_NORTH,21.26
10/02/2025,07:00,N,LZ_NORTH,27.27
10/02/2025,08:00,N,LZ_NORTH,30.29
10/02/2025,09:00,N,LZ_NORTH,18.38
10/02/2025,10:00,N,LZ_NORTH,14.98
10/02/2025,11:00,N,LZ_NORTH,17.87
10/02/2025,12:00,N,LZ_NORTH,20.28
10/02/2025,13:00,N,LZ_NORTH,24.95
10/02/2025,14:00,N,LZ_NORTH,28.87
10/02/2025,15:00,N,LZ_NORTH,35.54
10/02/2025,16:00,N,LZ_NORTH,38.73
10/02/2025,17:00,N,LZ_NORTH,41.73
10/02/2025,18:00,N,LZ_NORTH,56.24
10/02/2025,19:00,N,LZ_NORTH,85.81
10/02/2025,20:00,N,LZ_NORTH,75.6
10/02/2025,21:00,N,LZ_NORTH,40.95
10/02/2025,22:00,N,LZ_NORTH,32.59
10/02/2025,23:00,N,LZ_NORTH,25.86
10/02/2025,24:00,N,LZ_NORTH,22.57
10/03/2025,01:00,N,LZ_NORTH,22.72
10/03/2025,02:00,N,LZ_NORTH,21.51
10/03/2025,03:00,N,LZ_NORTH,20.74
10/03/2025,04:00,N,LZ_NORTH,22.01
10/03/2025,05:00,N,LZ_NORTH,22.19
10/03/2025,06:00,N,LZ_NORTH,27.43
10/03/2025,07:00,N,LZ_NORTH,29.95
10/03/2025,08:00,N,LZ_NORTH,34.05
10/03/2025,09:00,N,LZ_NORTH,22.99
10/03/2025,10:00,N,LZ_NORTH,17.93
10/03/2025,11:00,N,LZ_NORTH,18.63
10/03/2025,12:00,N,LZ_NORTH,20.68
10/03/2025,13:00,N,LZ_NORTH,24.25
10/03/2025,14:00,N,LZ_NORTH,28.62
10/03/2025,15:00,N,LZ_NORTH,33.68
10/03/2025,16:00,N,LZ_NORTH,33.41
10/03/2025,17:00,N,LZ_NORTH,32.67
10/03/2025,18:00,N,LZ_NORTH,43.87
10/03/2025,19:00,N,LZ_NORTH,64.42
10/03/2025,20:00,N,LZ_NORTH,59.4
10/03/2025,21:00,N,LZ_NORTH,37.9
10/03/2025,22:00,N,LZ_NORTH,30.03
10/03/2025,23:00,N,LZ_NORTH,24.68
10/03/2025,24:00,N,LZ_NORTH,21.62
10/04/2025,01:00,N,LZ_NORTH,27.29
10/04/2025,02:00,N,LZ_NORTH,24.33
10/04/2025,03:00,N,LZ_NORTH,22.66
10/04/2025,04:00,N,LZ_NORTH,21.27
10/04/2025,05:00,N,LZ_NORTH,21.77
10/04/2025,06:00,N,LZ_NORTH,22.16
10/04/2025,07:00,N,LZ_NORTH,23.42
10/04/2025,08:00,N,LZ_NORTH,25.01
10/04/2025,09:00,N,LZ_NORTH,17.42
10/04/2025,10:00,N,LZ_NORTH,9.18
10/04/2025,11:00,N,LZ_NORTH,7.54
10/04/2025,12:00,N,LZ_NORTH,10.31
10/04/2025,13:00,N,LZ_NORTH,15.0
10/04/2025,14:00,N,LZ_NORTH,18.87
10/04/2025,15:00,N,LZ_NORTH,20.66
10/04/2025,16:00,N,LZ_NORTH,19.8
10/04/2025,17:00,N,LZ_NORTH,21.16
10/04/2025,18:00,N,LZ_NORTH,22.78
10/04/2025,19:00,N,LZ_NORTH,44.02
10/04/2025,20:00,N,LZ_NORTH,43.99
10/04/2025,21:00,N,LZ_NORTH,36.55
10/04/2025,22:00,N,LZ_NORTH,28.93
10/04/2025,23:00,N,LZ_NORTH,22.44
10/04/2025,24:00,N,LZ_NORTH,21.78
10/05/2025,01:00,N,LZ_NORTH,20.16
10/05/2025,02:00,N,LZ_NORTH,18.83
10/05/2025,03:00,N,LZ_NORTH,17.56
10/05/2025,04:00,N,LZ_NORTH,17.32
10/05/2025,05:00,N,LZ_NORTH,17.02
10/05/2025,06:00,N,LZ_NORTH,17.48
10/05/2025,07:00,N,LZ_NORTH,18.04
10/05/2025,08:00,N,LZ_NORTH,17.71
10/05/2025,09:00,N,LZ_NORTH,11.43
10/05/2025,10:00,N,LZ_NORTH,3.01
10/05/2025,11:00,N,LZ_NORTH,6.06
10/05/2025,12:00,N,LZ_NORTH,6.87
10/05/2025,13:00,N,LZ_NORTH,14.94
10/05/2025,14:00,N,LZ_NORTH,18.75
10/05/2025,15:00,N,LZ_NORTH,24.35
10/05/2025,16:00,N,LZ_NORTH,22.75
10/05/2025,17:00,N,LZ_NORTH,21.66
10/05/2025,18:00,N,LZ_NORTH,26.84
10/05/2025,19:00,N,LZ_NORTH,64.53
10/05/2025,20:00,N,LZ_NORTH,60.84
10/05/2025,21:00,N,LZ_NORTH,46.16
10/05/2025,22:00,N,LZ_NORTH,32.44
10/05/2025,23:00,N,LZ_NORTH,25.65
10/05/2025,24:00,N,LZ_NORTH,21.02
10/06/2025,01:00,N,LZ_NORTH,17.24
10/06/2025,02:00,N,LZ_NORTH,16.88
10/06/2025,03:00,N,LZ_NORTH,16.66
10/06/2025,04:00,N,LZ_NORTH,18.14
10/06/2025,05:00,N,LZ_NORTH,20.37
10/06/2025,06:00,N,LZ_NORTH,24.48
10/06/2025,07:00,N,LZ_NORTH,35.27
10/06/2025,08:00,N,LZ_NORTH,39.45
10/06/2025,09:00,N,LZ_NORTH,28.11
10/06/2025,10:00,N,LZ_NORTH,19.13
10/06/2025,11:00,N,LZ_NORTH,20.08
10/06/2025,12:00,N,LZ_NORTH,22.18
10/06/2025,13:00,N,LZ_NORTH,29.62
10/06/2025,14:00,N,LZ_NORTH,34.55
10/06/2025,15:00,N,LZ_NORTH,39.18
10/06/2025,16:00,N,LZ_NORTH,41.79
10/06/2025,17:00,N,LZ_NORTH,48.43
10/06/2025,18:00,N,LZ_NORTH,65.02
10/06/2025,19:00,N,LZ_NORTH,93.5
10/06/2025,20:00,N,LZ_NORTH,84.75
10/06/2025,21:00,N,LZ_NORTH,60.66
10/06/2025,22:00,N,LZ_NORTH,47.83
10/06/2025,23:00,N,LZ_NORTH,35.99
10/06/2025,24:00,N,LZ_NORTH,30.45
10/07/2025,01:00,N,LZ_NORTH,27.92
10/07/2025,02:00,N,LZ_NORTH,27.26
10/07/2025,03:00,N,LZ_NORTH,26.82
10/07/2025,04:00,N,LZ_NORTH,27.17
10/07/2025,05:00,N,LZ_NORTH,28.38
10/07/2025,06:00,N,LZ_NORTH,33.4
10/07/2025,07:00,N,LZ_NORTH,39.36
10/07/2025,08:00,N,LZ_NORTH,41.12
10/07/2025,09:00,N,LZ_NORTH,27.08
10/07/2025,10:00,N,LZ_NORTH,21.44
10/07/2025,11:00,N,LZ_NORTH,23.38
10/07/2025,12:00,N,LZ_NORTH,26.97
10/07/2025,13:00,N,LZ_NORTH,36.0
10/07/2025,14:00,N,LZ_NORTH,41.58
10/07/2025,15:00,N,LZ_NORTH,45.81
10/07/2025,16:00,N,LZ_NORTH,46.4
10/07/2025,17:00,N,LZ_NORTH,48.14
10/07/2025,18:00,N,LZ_NORTH,64.93
10/07/2025,19:00,N,LZ_NORTH,94.9
10/07/2025,20:00,N,LZ_NORTH,80.71
10/07/2025,21:00,N,LZ_NORTH,66.67
10/07/2025,22:00,N,LZ_NORTH,45.66
10/07/2025,23:00,N,LZ_NORTH,36.27
10/07/2025,24:00,N,LZ_NORTH,32.49
10/08/2025,01:00,N,LZ_NORTH,27.48
10/08/2025,02:00,N,LZ_NORTH,26.19
10/08/2025,03:00,N,LZ_NORTH,25.21
10/08/2025,04:00,N,LZ_NORTH,24.97
10/08/2025,05:00,N,LZ_NORTH,25.18
10/08/2025,06:00,N,LZ_NORTH,26.71
10/08/2025,07:00,N,LZ_NORTH,30.87
10/08/2025,08:00,N,LZ_NORTH,33.33
10/08/2025,09:00,N,LZ_NORTH,25.0
10/08/2025,10:00,N,LZ_NORTH,21.52
10/08/2025,11:00,N,LZ_NORTH,21.98
10/08/2025,12:00,N,LZ_NORTH,24.77
10/08/2025,13:00,N,LZ_NORTH,31.66
10/08/2025,14:00,N,LZ_NORTH,36.01
10/08/2025,15:00,N,LZ_NORTH,40.15
10/08/2025,16:00,N,LZ_NORTH,44.18
10/08/2025,17:00,N,LZ_NORTH,53.02
10/08/2025,18:00,N,LZ_NORTH,73.04
10/08/2025,19:00,N,LZ_NORTH,101.21
10/08/2025,20:00,N,LZ_NORTH,82.55
10/08/2025,21:00,N,LZ_NORTH,76.12
10/08/2025,22:00,N,LZ_NORTH,48.21
10/08/2025,23:00,N,LZ_NORTH,37.37
10/08/2025,24:00,N,LZ_NORTH,30.96
10/09/2025,01:00,N,LZ_NORTH,30.42
10/09/2025,02:00,N,LZ_NORTH,27.1
10/09/2025,03:00,N,LZ_NORTH,25.97
10/09/2025,04:00,N,LZ_NORTH,24.54
10/09/2025,05:00,N,LZ_NORTH,24.0
10/09/2025,06:00,N,LZ_NORTH,26.08
10/09/2025,07:00,N,LZ_NORTH,30.02
10/09/2025,08:00,N,LZ_NORTH,33.04
10/09/2025,09:00,N,LZ_NORTH,23.41
10/09/2025,10:00,N,LZ_NORTH,18.73
10/09/2025,11:00,N,LZ_NORTH,17.71
10/09/2025,12:00,N,LZ_NORTH,19.91
10/09/2025,13:00,N,LZ_NORTH,27.72
10/09/2025,14:00,N,LZ_NORTH,34.92
10/09/2025,15:00,N,LZ_NORTH,37.66
10/09/2025,16:00,N,LZ_NORTH,39.3
10/09/2025,17:00,N,LZ_NORTH,37.59
10/09/2025,18:00,N,LZ_NORTH,46.94
10/09/2025,19:00,N,LZ_NORTH,85.74
10/09/2025,20:00,N,LZ_NORTH,78.9
10/09/2025,21:00,N,LZ_NORTH,53.38
10/09/2025,22:00,N,LZ_NORTH,38.15
10/09/2025,23:00,N,LZ_NORTH,28.27
10/09/2025,24:00,N,LZ_NORTH,25.13
10/10/2025,01:00,N,LZ_NORTH,24.52
10/10/2025,02:00,N,LZ_NORTH,22.72
10/10/2025,03:00,N,LZ_NORTH,21.45
10/10/2025,04:00,N,LZ_NORTH,20.59
10/10/2025,05:00,N,LZ_NORTH,20.6
10/10/2025,06:00,N,LZ_NORTH,22.66
10/10/2025,07:00,N,LZ_NORTH,26.48
10/10/2025,08:00,N,LZ_NORTH,29.56
10/10/2025,09:00,N,LZ_NORTH,20.32
10/10/2025,10:00,N,LZ_NORTH,15.41
10/10/2025,11:00,N,LZ_NORTH,14.98
10/10/2025,12:00,N,LZ_NORTH,16.93
10/10/2025,13:00,N,LZ_NORTH,20.87
10/10/2025,14:00,N,LZ_NORTH,29.7
10/10/2025,15:00,N,LZ_NORTH,33.05
10/10/2025,16:00,N,LZ_NORTH,34.74
10/10/2025,17:00,N,LZ_NORTH,34.71
10/10/2025,18:00,N,LZ_NORTH,41.59
10/10/2025,19:00,N,LZ_NORTH,83.27
10/10/2025,20:00,N,LZ_NORTH,77.36
10/10/2025,21:00,N,LZ_NORTH,50.19
10/10/2025,22:00,N,LZ_NORTH,36.67
10/10/2025,23:00,N,LZ_NORTH,27.3
10/10/2025,24:00,N,LZ_NORTH,24.31
10/11/2025,01:00,N,LZ_NORTH,26.27
10/11/2025,02:00,N,LZ_NORTH,23.92
10/11/2025,03:00,N,LZ_NORTH,22.55
10/11/2025,04:00,N,LZ_NORTH,21.91
10/11/2025,05:00,N,LZ_NORTH,21.26
10/11/2025,06:00,N,LZ_NORTH,22.06
10/11/2025,07:00,N,LZ_NORTH,23.26
10/11/2025,08:00,N,LZ_NORTH,25.35
10/11/2025,09:00,N,LZ_NORTH,17.09
10/11/2025,10:00,N,LZ_NORTH,12.89
10/11/2025,11:00,N,LZ_NORTH,12.39
10/11/2025,12:00,N,LZ_NORTH,11.38
10/11/2025,13:00,N,LZ_NORTH,13.16
10/11/2025,14:00,N,LZ_NORTH,14.76
10/11/2025,15:00,N,LZ_NORTH,19.68
10/11/2025,16:00,N,LZ_NORTH,22.95
10/11/2025,17:00,N,LZ_NORTH,20.61
10/11/2025,18:00,N,LZ_NORTH,29.05
10/11/2025,19:00,N,LZ_NORTH,50.81
10/11/2025,20:00,N,LZ_NORTH,43.39
10/11/2025,21:00,N,LZ_NORTH,32.3
10/11/2025,22:00,N,LZ_NORTH,23.69
10/11/2025,23:00,N,LZ_NORTH,21.61
10/11/2025,24:00,N,LZ_NORTH,21.16
10/12/2025,01:00,N,LZ_NORTH,20.94
10/12/2025,02:00,N,LZ_NORTH,18.91
10/12/2025,03:00,N,LZ_NORTH,16.43
10/12/2025,04:00,N,LZ_NORTH,16.22
10/12/2025,05:00,N,LZ_NORTH,14.47
10/12/2025,06:00,N,LZ_NORTH,13.86
10/12/2025,07:00,N,LZ_NORTH,16.35
10/12/2025,08:00,N,LZ_NORTH,15.74
10/12/2025,09:00,N,LZ_NORTH,7.83
10/12/2025,10:00,N,LZ_NORTH,1.06
10/12/2025,11:00,N,LZ_NORTH,1.13
10/12/2025,12:00,N,LZ_NORTH,3.78
10/12/2025,13:00,N,LZ_NORTH,10.42
10/12/2025,14:00,N,LZ_NORTH,15.41
10/12/2025,15:00,N,LZ_NORTH,21.16
10/12/2025,16:00,N,LZ_NORTH,24.14
10/12/2025,17:00,N,LZ_NORTH,25.66
10/12/2025,18:00,N,LZ_NORTH,40.02
10/12/2025,19:00,N,LZ_NORTH,67.16
10/12/2025,20:00,N,LZ_NORTH,65.07
10/12/2025,21:00,N,LZ_NORTH,38.07
10/12/2025,22:00,N,LZ_NORTH,34.44
10/12/2025,23:00,N,LZ_NORTH,28.0
10/12/2025,24:00,N,LZ_NORTH,25.32
10/13/2025,01:00,N,LZ_NORTH,20.92
10/13/2025,02:00,N,LZ_NORTH,19.51
10/13/2025,03:00,N,LZ_NORTH,18.94
10/13/2025,04:00,N,LZ_NORTH,20.59
10/13/2025,05:00,N,LZ_NORTH,21.96
10/13/2025,06:00,N,LZ_NORTH,25.74
10/13/2025,07:00,N,LZ_NORTH,35.19
10/13/2025,08:00,N,LZ_NORTH,38.84
10/13/2025,09:00,N,LZ_NORTH,31.12
10/13/2025,10:00,N,LZ_NORTH,23.88
10/13/2025,11:00,N,LZ_NORTH,25.48
10/13/2025,12:00,N,LZ_NORTH,28.42
10/13/2025,13:00,N,LZ_NORTH,40.18
10/13/2025,14:00,N,LZ_NORTH,45.6
10/13/2025,15:00,N,LZ_NORTH,51.61
10/13/2025,16:00,N,LZ_NORTH,48.94
10/13/2025,17:00,N,LZ_NORTH,41.1
10/13/2025,18:00,N,LZ_NORTH,63.52
10/13/2025,19:00,N,LZ_NORTH,104.58
10/13/2025,20:00,N,LZ_NORTH,78.87
10/13/2025,21:00,N,LZ_NORTH,55.69
10/13/2025,22:00,N,LZ_NORTH,43.67
10/13/2025,23:00,N,LZ_NORTH,32.75
10/13/2025,24:00,N,LZ_NORTH,25.6
10/14/2025,01:00,N,LZ_NORTH,23.47
10/14/2025,02:00,N,LZ_NORTH,22.07
10/14/2025,03:00,N,LZ_NORTH,21.67
10/14/2025,04:00,N,LZ_NORTH,21.97
10/14/2025,05:00,N,LZ_NORTH,23.15
10/14/2025,06:00,N,LZ_NORTH,26.0
10/14/2025,07:00,N,LZ_NORTH,34.07
10/14/2025,08:00,N,LZ_NORTH,37.09
10/14/2025,09:00,N,LZ_NORTH,25.18
10/14/2025,10:00,N,LZ_NORTH,19.89
10/14/2025,11:00,N,LZ_NORTH,18.5
10/14/2025,12:00,N,LZ_NORTH,20.44
10/14/2025,13:00,N,LZ_NORTH,23.48
10/14/2025,14:00,N,LZ_NORTH,29.34
10/14/2025,15:00,N,LZ_NORTH,34.45
10/14/2025,16:00,N,LZ_NORTH,36.15
10/14/2025,17:00,N,LZ_NORTH,34.98
10/14/2025,18:00,N,LZ_NORTH,53.79
10/14/2025,19:00,N,LZ_NORTH,105.77
10/14/2025,20:00,N,LZ_NORTH,95.21
10/14/2025,21:00,N,LZ_NORTH,61.73
10/14/2025,22:00,N,LZ_NORTH,38.16
10/14/2025,23:00,N,LZ_NORTH,27.06
10/14/2025,24:00,N,LZ_NORTH,23.31
10/15/2025,01:00,N,LZ_NORTH,22.71
10/15/2025,02:00,N,LZ_NORTH,21.62
10/15/2025,03:00,N,LZ_NORTH,21.51
10/15/2025,04:00,N,LZ_NORTH,21.93
10/15/2025,05:00,N,LZ_NORTH,23.71
10/15/2025,06:00,N,LZ_NORTH,25.7
10/15/2025,07:00,N,LZ_NORTH,37.11
10/15/2025,08:00,N,LZ_NORTH,44.27
10/15/2025,09:00,N,LZ_NORTH,24.66
10/15/2025,10:00,N,LZ_NORTH,17.35
10/15/2025,11:00,N,LZ_NORTH,17.36
10/15/2025,12:00,N,LZ_NORTH,18.5
10/15/2025,13:00,N,LZ_NORTH,22.07
10/15/2025,14:00,N,LZ_NORTH,29.76
10/15/2025,15:00,N,LZ_NORTH,32.43
10/15/2025,16:00,N,LZ_NORTH,33.97
10/15/2025,17:00,N,LZ_NORTH,31.02
10/15/2025,18:00,N,LZ_NORTH,45.0
10/15/2025,19:00,N,LZ_NORTH,90.12
10/15/2025,20:00,N,LZ_NORTH,73.64
10/15/2025,21:00,N,LZ_NORTH,44.15
10/15/2025,22:00,N,LZ_NORTH,29.22
10/15/2025,23:00,N,LZ_NORTH,23.51
10/15/2025,24:00,N,LZ_NORTH,20.78
10/16/2025,01:00,N,LZ_NORTH,19.31
10/16/2025,02:00,N,LZ_NORTH,17.51
10/16/2025,03:00,N,LZ_NORTH,17.2
10/16/2025,04:00,N,LZ_NORTH,16.49
10/16/2025,05:00,N,LZ_NORTH,17.2
10/16/2025,06:00,N,LZ_NORTH,19.2
10/16/2025,07:00,N,LZ_NORTH,23.58
10/16/2025,08:00,N,LZ_NORTH,26.01
10/16/2025,09:00,N,LZ_NORTH,19.28
10/16/2025,10:00,N,LZ_NORTH,14.09
10/16/2025,11:00,N,LZ_NORTH,14.04
10/16/2025,12:00,N,LZ_NORTH,13.16
10/16/2025,13:00,N,LZ_NORTH,15.93
10/16/2025,14:00,N,LZ_NORTH,20.19
10/16/2025,15:00,N,LZ_NORTH,22.29
10/16/2025,16:00,N,LZ_NORTH,25.29
10/16/2025,17:00,N,LZ_NORTH,28.27
10/16/2025,18:00,N,LZ_NORTH,37.19
10/16/2025,19:00,N,LZ_NORTH,48.99
10/16/2025,20:00,N,LZ_NORTH,44.85
10/16/2025,21:00,N,LZ_NORTH,31.56
10/16/2025,22:00,N,LZ_NORTH,24.31
10/16/2025,23:00,N,LZ_NORTH,21.16
10/16/2025,24:00,N,LZ_NORTH,18.99
10/17/2025,01:00,N,LZ_NORTH,15.88
10/17/2025,02:00,N,LZ_NORTH,15.0
10/17/2025,03:00,N,LZ_NORTH,14.85
10/17/2025,04:00,N,LZ_NORTH,14.78
10/17/2025,05:00,N,LZ_NORTH,15.01
10/17/2025,06:00,N,LZ_NORTH,17.62
10/17/2025,07:00,N,LZ_NORTH,22.08
10/17/2025,08:00,N,LZ_NORTH,25.2
10/17/2025,09:00,N,LZ_NORTH,22.11
10/17/2025,10:00,N,LZ_NORTH,17.5
10/17/2025,11:00,N,LZ_NORTH,17.69
10/17/2025,12:00,N,LZ_NORTH,22.08
10/17/2025,13:00,N,LZ_NORTH,29.92
10/17/2025,14:00,N,LZ_NORTH,37.04
10/17/2025,15:00,N,LZ_NORTH,37.86
10/17/2025,16:00,N,LZ_NORTH,41.55
10/17/2025,17:00,N,LZ_NORTH,39.79
10/17/2025,18:00,N,LZ_NORTH,56.49
10/17/2025,19:00,N,LZ_NORTH,86.63
10/17/2025,20:00,N,LZ_NORTH,72.69
10/17/2025,21:00,N,LZ_NORTH,39.76
10/17/2025,22:00,N,LZ_NORTH,29.14
10/17/2025,23:00,N,LZ_NORTH,25.77
10/17/2025,24:00,N,LZ_NORTH,22.52
10/18/2025,01:00,N,LZ_NORTH,23.68
10/18/2025,02:00,N,LZ_NORTH,22.7
10/18/2025,03:00,N,LZ_NORTH,21.5
10/18/2025,04:00,N,LZ_NORTH,21.06
10/18/2025,05:00,N,LZ_NORTH,20.05
10/18/2025,06:00,N,LZ_NORTH,20.94
10/18/2025,07:00,N,LZ_NORTH,22.2
10/18/2025,08:00,N,LZ_NORTH,23.47
10/18/2025,09:00,N,LZ_NORTH,24.23
10/18/2025,10:00,N,LZ_NORTH,28.34
10/18/2025,11:00,N,LZ_NORTH,29.19
10/18/2025,12:00,N,LZ_NORTH,30.12
10/18/2025,13:00,N,LZ_NORTH,26.94
10/18/2025,14:00,N,LZ_NORTH,27.66
10/18/2025,15:00,N,LZ_NORTH,29.13
10/18/2025,16:00,N,LZ_NORTH,28.8
10/18/2025,17:00,N,LZ_NORTH,26.64
10/18/2025,18:00,N,LZ_NORTH,34.61
10/18/2025,19:00,N,LZ_NORTH,69.85
10/18/2025,20:00,N,LZ_NORTH,70.9
10/18/2025,21:00,N,LZ_NORTH,53.32
10/18/2025,22:00,N,LZ_NORTH,35.64
10/18/2025,23:00,N,LZ_NORTH,27.5
10/18/2025,24:00,N,LZ_NORTH,21.95
10/19/2025,01:00,N,LZ_NORTH,19.89
10/19/2025,02:00,N,LZ_NORTH,18.54
10/19/2025,03:00,N,LZ_NORTH,16.68
10/19/2025,04:00,N,LZ_NORTH,16.56
10/19/2025,05:00,N,LZ_NORTH,18.89
10/19/2025,06:00,N,LZ_NORTH,21.13
10/19/2025,07:00,N,LZ_NORTH,25.57
10/19/2025,08:00,N,LZ_NORTH,30.07
10/19/2025,09:00,N,LZ_NORTH,20.16
10/19/2025,10:00,N,LZ_NORTH,10.89
10/19/2025,11:00,N,LZ_NORTH,9.97
10/19/2025,12:00,N,LZ_NORTH,13.54
10/19/2025,13:00,N,LZ_NORTH,15.07
10/19/2025,14:00,N,LZ_NORTH,16.08
10/19/2025,15:00,N,LZ_NORTH,15.72
10/19/2025,16:00,N,LZ_NORTH,15.13
10/19/2025,17:00,N,LZ_NORTH,14.9
10/19/2025,18:00,N,LZ_NORTH,20.43
10/19/2025,19:00,N,LZ_NORTH,47.97
10/19/2025,20:00,N,LZ_NORTH,39.29
10/19/2025,21:00,N,LZ_NORTH,26.0
10/19/2025,22:00,N,LZ_NORTH,17.55
10/19/2025,23:00,N,LZ_NORTH,13.53
10/19/2025,24:00,N,LZ_NORTH,14.09
10/20/2025,01:00,N,LZ_NORTH,14.78
10/20/2025,02:00,N,LZ_NORTH,13.25
10/20/2025,03:00,N,LZ_NORTH,12.35
10/20/2025,04:00,N,LZ_NORTH,11.62
10/20/2025,05:00,N,LZ_NORTH,12.26
10/20/2025,06:00,N,LZ_NORTH,13.87
10/20/2025,07:00,N,LZ_NORTH,16.93
10/20/2025,08:00,N,LZ_NORTH,18.64
10/20/2025,09:00,N,LZ_NORTH,11.6
10/20/2025,10:00,N,LZ_NORTH,0.33
10/20/2025,11:00,N,LZ_NORTH,0.85
10/20/2025,12:00,N,LZ_NORTH,3.04
10/20/2025,13:00,N,LZ_NORTH,7.57
10/20/2025,14:00,N,LZ_NORTH,15.56
10/20/2025,15:00,N,LZ_NORTH,20.06
10/20/2025,16:00,N,LZ_NORTH,22.28
10/20/2025,17:00,N,LZ_NORTH,21.38
10/20/2025,18:00,N,LZ_NORTH,35.7
10/20/2025,19:00,N,LZ_NORTH,74.51
10/20/2025,20:00,N,LZ_NORTH,70.34
10/20/2025,21:00,N,LZ_NORTH,47.32
10/20/2025,22:00,N,LZ_NORTH,29.9
10/20/2025,23:00,N,LZ_NORTH,27.6
10/20/2025,24:00,N,LZ_NORTH,19.86
10/21/2025,01:00,N,LZ_NORTH,19.63
10/21/2025,02:00,N,LZ_NORTH,17.95
10/21/2025,03:00,N,LZ_NORTH,16.9
10/21/2025,04:00,N,LZ_NORTH,16.54
10/21/2025,05:00,N,LZ_NORTH,17.36
10/21/2025,06:00,N,LZ_NORTH,19.21
10/21/2025,07:00,N,LZ_NORTH,25.5
10/21/2025,08:00,N,LZ_NORTH,30.15
10/21/2025,09:00,N,LZ_NORTH,21.65
10/21/2025,10:00,N,LZ_NORTH,16.25
10/21/2025,11:00,N,LZ_NORTH,15.11
10/21/2025,12:00,N,LZ_NORTH,16.97
10/21/2025,13:00,N,LZ_NORTH,22.36
10/21/2025,14:00,N,LZ_NORTH,27.84
10/21/2025,15:00,N,LZ_NORTH,29.31
10/21/2025,16:00,N,LZ_NORTH,27.09
10/21/2025,17:00,N,LZ_NORTH,30.77
10/21/2025,18:00,N,LZ_NORTH,94.03
10/21/2025,19:00,N,LZ_NORTH,118.23
10/21/2025,20:00,N,LZ_NORTH,106.14
10/21/2025,21:00,N,LZ_NORTH,97.3
10/21/2025,22:00,N,LZ_NORTH,61.49
10/21/2025,23:00,N,LZ_NORTH,41.32
10/21/2025,24:00,N,LZ_NORTH,31.25
10/22/2025,01:00,N,LZ_NORTH,29.81
10/22/2025,02:00,N,LZ_NORTH,25.58
10/22/2025,03:00,N,LZ_NORTH,24.15
10/22/2025,04:00,N,LZ_NORTH,23.54
10/22/2025,05:00,N,LZ_NORTH,21.92
10/22/2025,06:00,N,LZ_NORTH,22.49
10/22/2025,07:00,N,LZ_NORTH,25.22
10/22/2025,08:00,N,LZ_NORTH,24.99
10/22/2025,09:00,N,LZ_NORTH,18.4
10/22/2025,10:00,N,LZ_NORTH,10.28
10/22/2025,11:00,N,LZ_NORTH,8.44
10/22/2025,12:00,N,LZ_NORTH,8.09
10/22/2025,13:00,N,LZ_NORTH,11.25
10/22/2025,14:00,N,LZ_NORTH,16.18
10/22/2025,15:00,N,LZ_NORTH,22.31
10/22/2025,16:00,N,LZ_NORTH,23.01
10/22/2025,17:00,N,LZ_NORTH,24.11
10/22/2025,18:00,N,LZ_NORTH,37.25
10/22/2025,19:00,N,LZ_NORTH,66.5
10/22/2025,20:00,N,LZ_NORTH,54.58
10/22/2025,21:00,N,LZ_NORTH,34.51
10/22/2025,22:00,N,LZ_NORTH,27.7
10/22/2025,23:00,N,LZ_NORTH,24.88
10/22/2025,24:00,N,LZ_NORTH,22.15
10/23/2025,01:00,N,LZ_NORTH,21.52
10/23/2025,02:00,N,LZ_NORTH,20.86
10/23/2025,03:00,N,LZ_NORTH,20.81
10/23/2025,04:00,N,LZ_NORTH,21.63
10/23/2025,05:00,N,LZ_NORTH,22.59
10/23/2025,06:00,N,LZ_NORTH,23.3
10/23/2025,07:00,N,LZ_NORTH,26.71
10/23/2025,08:00,N,LZ_NORTH,30.39
10/23/2025,09:00,N,LZ_NORTH,26.67
10/23/2025,10:00,N,LZ_NORTH,23.48
10/23/2025,11:00,N,LZ_NORTH,20.5
10/23/2025,12:00,N,LZ_NORTH,21.46
10/23/2025,13:00,N,LZ_NORTH,24.93
10/23/2025,14:00,N,LZ_NORTH,27.17
10/23/2025,15:00,N,LZ_NORTH,28.89
10/23/2025,16:00,N,LZ_NORTH,31.36
10/23/2025,17:00,N,LZ_NORTH,37.65
10/23/2025,18:00,N,LZ_NORTH,56.23
10/23/2025,19:00,N,LZ_NORTH,68.72
10/23/2025,20:00,N,LZ_NORTH,52.25
10/23/2025,21:00,N,LZ_NORTH,40.57
10/23/2025,22:00,N,LZ_NORTH,32.6
10/23/2025,23:00,N,LZ_NORTH,29.89
10/23/2025,24:00,N,LZ_NORTH,26.46
10/24/2025,01:00,N,LZ_NORTH,26.45
10/24/2025,02:00,N,LZ_NORTH,26.87
10/24/2025,03:00,N,LZ_NORTH,25.43
10/24/2025,04:00,N,LZ_NORTH,23.7
10/24/2025,05:00,N,LZ_NORTH,23.46
10/24/2025,06:00,N,LZ_NORTH,23.0
10/24/2025,07:00,N,LZ_NORTH,23.09
10/24/2025,08:00,N,LZ_NORTH,23.92
10/24/2025,09:00,N,LZ_NORTH,22.7
10/24/2025,10:00,N,LZ_NORTH,23.9
10/24/2025,11:00,N,LZ_NORTH,22.74
10/24/2025,12:00,N,LZ_NORTH,24.84
10/24/2025,13:00,N,LZ_NORTH,24.47
10/24/2025,14:00,N,LZ_NORTH,24.74
10/24/2025,15:00,N,LZ_NORTH,27.82
10/24/2025,16:00,N,LZ_NORTH,37.43
10/24/2025,17:00,N,LZ_NORTH,43.92
10/24/2025,18:00,N,LZ_NORTH,55.55
10/24/2025,19:00,N,LZ_NORTH,61.5
10/24/2025,20:00,N,LZ_NORTH,55.47
10/24/2025,21:00,N,LZ_NORTH,46.57
10/24/2025,22:00,N,LZ_NORTH,40.34
10/24/2025,23:00,N,LZ_NORTH,40.74
10/24/2025,24:00,N,LZ_NORTH,38.61
10/25/2025,01:00,N,LZ_NORTH,39.96
10/25/2025,02:00,N,LZ_NORTH,37.49
10/25/2025,03:00,N,LZ_NORTH,37.53
10/25/2025,04:00,N,LZ_NORTH,38.03
10/25/2025,05:00,N,LZ_NORTH,38.78
10/25/2025,06:00,N,LZ_NORTH,39.4
10/25/2025,07:00,N,LZ_NORTH,39.96
10/25/2025,08:00,N,LZ_NORTH,41.64
10/25/2025,09:00,N,LZ_NORTH,38.08
10/25/2025,10:00,N,LZ_NORTH,34.85
10/25/2025,11:00,N,LZ_NORTH,33.75
10/25/2025,12:00,N,LZ_NORTH,30.31
10/25/2025,13:00,N,LZ_NORTH,31.82
10/25/2025,14:00,N,LZ_NORTH,32.06
10/25/2025,15:00,N,LZ_NORTH,33.47
10/25/2025,16:00,N,LZ_NORTH,40.04
10/25/2025,17:00,N,LZ_NORTH,41.36
10/25/2025,18:00,N,LZ_NORTH,49.96
10/25/2025,19:00,N,LZ_NORTH,73.45
10/25/2025,20:00,N,LZ_NORTH,77.78
10/25/2025,21:00,N,LZ_NORTH,75.9
10/25/2025,22:00,N,LZ_NORTH,70.48
10/25/2025,23:00,N,LZ_NORTH,70.12
10/25/2025,24:00,N,LZ_NORTH,48.62
10/26/2025,01:00,N,LZ_NORTH,80.34
10/26/2025,02:00,N,LZ_NORTH,71.62
10/26/2025,03:00,N,LZ_NORTH,64.87
10/26/2025,04:00,N,LZ_NORTH,58.27
10/26/2025,05:00,N,LZ_NORTH,54.14
10/26/2025,06:00,N,LZ_NORTH,48.45
10/26/2025,07:00,N,LZ_NORTH,49.56
10/26/2025,08:00,N,LZ_NORTH,44.84
10/26/2025,09:00,N,LZ_NORTH,38.18
10/26/2025,10:00,N,LZ_NORTH,30.04
10/26/2025,11:00,N,LZ_NORTH,28.67
10/26/2025,12:00,N,LZ_NORTH,27.15
10/26/2025,13:00,N,LZ_NORTH,27.79
10/26/2025,14:00,N,LZ_NORTH,28.86
10/26/2025,15:00,N,LZ_NORTH,32.8
10/26/2025,16:00,N,LZ_NORTH,30.1
10/26/2025,17:00,N,LZ_NORTH,28.85
10/26/2025,18:00,N,LZ_NORTH,57.25
10/26/2025,19:00,N,LZ_NORTH,91.94
10/26/2025,20:00,N,LZ_NORTH,88.37
10/26/2025,21:00,N,LZ_NORTH,66.38
10/26/2025,22:00,N,LZ_NORTH,46.25
10/26/2025,23:00,N,LZ_NORTH,39.2
10/26/2025,24:00,N,LZ_NORTH,30.73
10/27/2025,01:00,N,LZ_NORTH,32.55
10/27/2025,02:00,N,LZ_NORTH,29.99
10/27/2025,03:00,N,LZ_NORTH,29.96
10/27/2025,04:00,N,LZ_NORTH,30.81
10/27/2025,05:00,N,LZ_NORTH,30.89
10/27/2025,06:00,N,LZ_NORTH,37.74
10/27/2025,07:00,N,LZ_NORTH,37.86
10/27/2025,08:00,N,LZ_NORTH,43.78
10/27/2025,09:00,N,LZ_NORTH,32.25
10/27/2025,10:00,N,LZ_NORTH,21.21
10/27/2025,11:00,N,LZ_NORTH,19.02
10/27/2025,12:00,N,LZ_NORTH,20.64
10/27/2025,13:00,N,LZ_NORTH,24.41
10/27/2025,14:00,N,LZ_NORTH,25.42
10/27/2025,15:00,N,LZ_NORTH,27.96
10/27/2025,16:00,N,LZ_NORTH,27.97
10/27/2025,17:00,N,LZ_NORTH,29.62
10/27/2025,18:00,N,LZ_NORTH,60.77
10/27/2025,19:00,N,LZ_NORTH,103.51
10/27/2025,20:00,N,LZ_NORTH,79.01
10/27/2025,21:00,N,LZ_NORTH,54.67
10/27/2025,22:00,N,LZ_NORTH,43.34
10/27/2025,23:00,N,LZ_NORTH,34.25
10/27/2025,24:00,N,LZ_NORTH,26.9
10/28/2025,01:00,N,LZ_NORTH,30.62
10/28/2025,02:00,N,LZ_NORTH,29.15
10/28/2025,03:00,N,LZ_NORTH,31.02
10/28/2025,04:00,N,LZ_NORTH,29.72
10/28/2025,05:00,N,LZ_NORTH,27.79
10/28/2025,06:00,N,LZ_NORTH,28.02
10/28/2025,07:00,N,LZ_NORTH,26.2
10/28/2025,08:00,N,LZ_NORTH,22.84
10/28/2025,09:00,N,LZ_NORTH,21.44
10/28/2025,10:00,N,LZ_NORTH,17.35
10/28/2025,11:00,N,LZ_NORTH,19.52
10/28/2025,12:00,N,LZ_NORTH,21.49
10/28/2025,13:00,N,LZ_NORTH,21.66
10/28/2025,14:00,N,LZ_NORTH,25.08
10/28/2025,15:00,N,LZ_NORTH,22.4
10/28/2025,16:00,N,LZ_NORTH,20.66
10/28/2025,17:00,N,LZ_NORTH,20.26
10/28/2025,18:00,N,LZ_NORTH,26.61
10/28/2025,19:00,N,LZ_NORTH,37.47
10/28/2025,20:00,N,LZ_NORTH,37.9
10/28/2025,21:00,N,LZ_NORTH,28.2
10/28/2025,22:00,N,LZ_NORTH,22.48
10/28/2025,23:00,N,LZ_NORTH,20.7
10/28/2025,24:00,N,LZ_NORTH,19.09
10/29/2025,01:00,N,LZ_NORTH,18.05
10/29/2025,02:00,N,LZ_NORTH,15.21
10/29/2025,03:00,N,LZ_NORTH,13.77
10/29/2025,04:00,N,LZ_NORTH,13.62
10/29/2025,05:00,N,LZ_NORTH,13.82
10/29/2025,06:00,N,LZ_NORTH,17.35
10/29/2025,07:00,N,LZ_NORTH,22.28
10/29/2025,08:00,N,LZ_NORTH,23.98
10/29/2025,09:00,N,LZ_NORTH,15.48
10/29/2025,10:00,N,LZ_NORTH,5.19
10/29/2025,11:00,N,LZ_NORTH,6.56
10/29/2025,12:00,N,LZ_NORTH,7.63
10/29/2025,13:00,N,LZ_NORTH,7.28
10/29/2025,14:00,N,LZ_NORTH,5.91
10/29/2025,15:00,N,LZ_NORTH,4.27
10/29/2025,16:00,N,LZ_NORTH,4.9
10/29/2025,17:00,N,LZ_NORTH,7.16
10/29/2025,18:00,N,LZ_NORTH,17.9
10/29/2025,19:00,N,LZ_NORTH,40.44
10/29/2025,20:00,N,LZ_NORTH,44.81
10/29/2025,21:00,N,LZ_NORTH,43.41
10/29/2025,22:00,N,LZ_NORTH,43.62
10/29/2025,23:00,N,LZ_NORTH,45.0
10/29/2025,24:00,N,LZ_NORTH,39.98
10/30/2025,01:00,N,LZ_NORTH,36.63
10/30/2025,02:00,N,LZ_NORTH,34.95
10/30/2025,03:00,N,LZ_NORTH,33.95
10/30/2025,04:00,N,LZ_NORTH,38.54
10/30/2025,05:00,N,LZ_NORTH,40.06
10/30/2025,06:00,N,LZ_NORTH,53.6
10/30/2025,07:00,N,LZ_NORTH,64.49
10/30/2025,08:00,N,LZ_NORTH,86.97
10/30/2025,09:00,N,LZ_NORTH,42.29
10/30/2025,10:00,N,LZ_NORTH,20.17
10/30/2025,11:00,N,LZ_NORTH,14.84
10/30/2025,12:00,N,LZ_NORTH,14.34
10/30/2025,13:00,N,LZ_NORTH,13.02
10/30/2025,14:00,N,LZ_NORTH,14.41
10/30/2025,15:00,N,LZ_NORTH,14.1
10/30/2025,16:00,N,LZ_NORTH,13.02
10/30/2025,17:00,N,LZ_NORTH,16.11
10/30/2025,18:00,N,LZ_NORTH,30.49
10/30/2025,19:00,N,LZ_NORTH,70.73
10/30/2025,20:00,N,LZ_NORTH,67.51
10/30/2025,21:00,N,LZ_NORTH,51.3
10/30/2025,22:00,N,LZ_NORTH,37.82
10/30/2025,23:00,N,LZ_NORTH,32.57
10/30/2025,24:00,N,LZ_NORTH,27.42
10/31/2025,01:00,N,LZ_NORTH,30.4
10/31/2025,02:00,N,LZ_NORTH,29.86
10/31/2025,03:00,N,LZ_NORTH,30.02
10/31/2025,04:00,N,LZ_NORTH,32.2
10/31/2025,05:00,N,LZ_NORTH,37.1
10/31/2025,06:00,N,LZ_NORTH,44.96
10/31/2025,07:00,N,LZ_NORTH,53.01
10/31/2025,08:00,N,LZ_NORTH,59.51
10/31/2025,09:00,N,LZ_NORTH,38.47
10/31/2025,10:00,N,LZ_NORTH,18.51
10/31/2025,11:00,N,LZ_NORTH,14.13
10/31/2025,12:00,N,LZ_NORTH,13.58
10/31/2025,13:00,N,LZ_NORTH,13.52
10/31/2025,14:00,N,LZ_NORTH,13.62
10/31/2025,15:00,N,LZ_NORTH,12.71
10/31/2025,16:00,N,LZ_NORTH,11.23
10/31/2025,17:00,N,LZ_NORTH,14.37
10/31/2025,18:00,N,LZ_NORTH,28.45
10/31/2025,19:00,N,LZ_NORTH,52.15
10/31/2025,20:00,N,LZ_NORTH,43.25
10/31/2025,21:00,N,LZ_NORTH,28.44
10/31/2025,22:00,N,LZ_NORTH,23.26
10/31/2025,23:00,N,LZ_NORTH,22.79
10/31/2025,24:00,N,LZ_NORTH,23.2
11/01/2025,01:00,N,LZ_NORTH,23.72
11/01/2025,02:00,N,LZ_NORTH,23.39
11/01/2025,03:00,N,LZ_NORTH,25.59
11/01/2025,04:00,N,LZ_NORTH,26.48
11/01/2025,05:00,N,LZ_NORTH,29.97
11/01/2025,06:00,N,LZ_NORTH,32.69
11/01/2025,07:00,N,LZ_NORTH,31.99
11/01/2025,08:00,N,LZ_NORTH,35.98
11/01/2025,09:00,N,LZ_NORTH,29.7
11/01/2025,10:00,N,LZ_NORTH,19.88
11/01/2025,11:00,N,LZ_NORTH,15.56
11/01/2025,12:00,N,LZ_NORTH,15.58
11/01/2025,13:00,N,LZ_NORTH,15.52
11/01/2025,14:00,N,LZ_NORTH,16.25
11/01/2025,15:00,N,LZ_NORTH,17.48
11/01/2025,16:00,N,LZ_NORTH,20.3
11/01/2025,17:00,N,LZ_NORTH,24.24
11/01/2025,18:00,N,LZ_NORTH,47.11
11/01/2025,19:00,N,LZ_NORTH,70.07
11/01/2025,20:00,N,LZ_NORTH,72.35
11/01/2025,21:00,N,LZ_NORTH,67.66
11/01/2025,22:00,N,LZ_NORTH,68.14
11/01/2025,23:00,N,LZ_NORTH,75.91
11/01/2025,24:00,N,LZ_NORTH,50.77
11/02/2025,01:00,N,LZ_NORTH,54.44
11/02/2025,02:00,N,LZ_NORTH,44.76
11/02/2025,02:00,Y,LZ_NORTH,46.17
11/02/2025,03:00,N,LZ_NORTH,50.08
11/02/2025,04:00,N,LZ_NORTH,49.03
11/02/2025,05:00,N,LZ_NORTH,47.47
11/02/2025,06:00,N,LZ_NORTH,43.29
11/02/2025,07:00,N,LZ_NORTH,35.1
11/02/2025,08:00,N,LZ_NORTH,25.18
11/02/2025,09:00,N,LZ_NORTH,13.89
11/02/2025,10:00,N,LZ_NORTH,6.45
11/02/2025,11:00,N,LZ_NORTH,6.42
11/02/2025,12:00,N,LZ_NORTH,8.0
11/02/2025,13:00,N,LZ_NORTH,9.12
11/02/2025,14:00,N,LZ_NORTH,9.1
11/02/2025,15:00,N,LZ_NORTH,9.61
11/02/2025,16:00,N,LZ_NORTH,12.21
11/02/2025,17:00,N,LZ_NORTH,26.79
11/02/2025,18:00,N,LZ_NORTH,74.69
11/02/2025,19:00,N,LZ_NORTH,64.17
11/02/2025,20:00,N,LZ_NORTH,45.68
11/02/2025,21:00,N,LZ_NORTH,29.84
11/02/2025,22:00,N,LZ_NORTH,22.46
11/02/2025,23:00,N,LZ_NORTH,25.57
11/02/2025,24:00,N,LZ_NORTH,22.24
11/03/2025,01:00,N,LZ_NORTH,19.58
11/03/2025,02:00,N,LZ_NORTH,19.19
11/03/2025,03:00,N,LZ_NORTH,19.07
11/03/2025,04:00,N,LZ_NORTH,20.53
11/03/2025,05:00,N,LZ_NORTH,23.26
11/03/2025,06:00,N,LZ_NORTH,30.75
11/03/2025,07:00,N,LZ_NORTH,36.93
11/03/2025,08:00,N,LZ_NORTH,25.7
11/03/2025,09:00,N,LZ_NORTH,12.4
11/03/2025,10:00,N,LZ_NORTH,13.34
11/03/2025,11:00,N,LZ_NORTH,13.64
11/03/2025,12:00,N,LZ_NORTH,16.0
11/03/2025,13:00,N,LZ_NORTH,19.85
11/03/2025,14:00,N,LZ_NORTH,19.82
11/03/2025,15:00,N,LZ_NORTH,17.65
11/03/2025,16:00,N,LZ_NORTH,17.88
11/03/2025,17:00,N,LZ_NORTH,29.52
11/03/2025,18:00,N,LZ_NORTH,70.46
11/03/2025,19:00,N,LZ_NORTH,43.15
11/03/2025,20:00,N,LZ_NORTH,30.06
11/03/2025,21:00,N,LZ_NORTH,25.61
11/03/2025,22:00,N,LZ_NORTH,25.42
11/03/2025,23:00,N,LZ_NORTH,25.63
11/03/2025,24:00,N,LZ_NORTH,22.46
11/04/2025,01:00,N,LZ_NORTH,18.9
11/04/2025,02:00,N,LZ_NORTH,17.76
11/04/2025,03:00,N,LZ_NORTH,16.97
11/04/2025,04:00,N,LZ_NORTH,16.66
11/04/2025,05:00,N,LZ_NORTH,18.69
11/04/2025,06:00,N,LZ_NORTH,24.36
11/04/2025,07:00,N,LZ_NORTH,28.94
11/04/2025,08:00,N,LZ_NORTH,20.68
11/04/2025,09:00,N,LZ_NORTH,3.85
11/04/2025,10:00,N,LZ_NORTH,1.28
11/04/2025,11:00,N,LZ_NORTH,1.96
11/04/2025,12:00,N,LZ_NORTH,3.04
11/04/2025,13:00,N,LZ_NORTH,6.59
11/04/2025,14:00,N,LZ_NORTH,9.68
11/04/2025,15:00,N,LZ_NORTH,10.36
11/04/2025,16:00,N,LZ_NORTH,14.85
11/04/2025,17:00,N,LZ_NORTH,27.9
11/04/2025,18:00,N,LZ_NORTH,56.46
11/04/2025,19:00,N,LZ_NORTH,40.66
11/04/2025,20:00,N,LZ_NORTH,32.73
11/04/2025,21:00,N,LZ_NORTH,25.97
11/04/2025,22:00,N,LZ_NORTH,22.69
11/04/2025,23:00,N,LZ_NORTH,21.5
11/04/2025,24:00,N,LZ_NORTH,21.93
11/05/2025,01:00,N,LZ_NORTH,15.93
11/05/2025,02:00,N,LZ_NORTH,15.42
11/05/2025,03:00,N,LZ_NORTH,15.03
11/05/2025,04:00,N,LZ_NORTH,15.64
11/05/2025,05:00,N,LZ_NORTH,17.37
11/05/2025,06:00,N,LZ_NORTH,22.17
11/05/2025,07:00,N,LZ_NORTH,23.88
11/05/2025,08:00,N,LZ_NORTH,21.32
11/05/2025,09:00,N,LZ_NORTH,8.37
11/05/2025,10:00,N,LZ_NORTH,10.45
11/05/2025,11:00,N,LZ_NORTH,13.54
11/05/2025,12:00,N,LZ_NORTH,19.43
11/05/2025,13:00,N,LZ_NORTH,23.86
11/05/2025,14:00,N,LZ_NORTH,24.03
11/05/2025,15:00,N,LZ_NORTH,25.26
11/05/2025,16:00,N,LZ_NORTH,32.54
11/05/2025,17:00,N,LZ_NORTH,62.1
11/05/2025,18:00,N,LZ_NORTH,150.0
11/05/2025,19:00,N,LZ_NORTH,89.24
11/05/2025,20:00,N,LZ_NORTH,68.72
11/05/2025,21:00,N,LZ_NORTH,44.23
11/05/2025,22:00,N,LZ_NORTH,36.96
11/05/2025,23:00,N,LZ_NORTH,36.09
11/05/2025,24:00,N,LZ_NORTH,33.78
11/06/2025,01:00,N,LZ_NORTH,32.05
11/06/2025,02:00,N,LZ_NORTH,31.72
11/06/2025,03:00,N,LZ_NORTH,35.11
11/06/2025,04:00,N,LZ_NORTH,35.08
11/06/2025,05:00,N,LZ_NORTH,35.09
11/06/2025,06:00,N,LZ_NORTH,41.63
11/06/2025,07:00,N,LZ_NORTH,53.9
11/06/2025,08:00,N,LZ_NORTH,36.02
11/06/2025,09:00,N,LZ_NORTH,21.96
11/06/2025,10:00,N,LZ_NORTH,19.48
11/06/2025,11:00,N,LZ_NORTH,19.81
11/06/2025,12:00,N,LZ_NORTH,19.32
11/06/2025,13:00,N,LZ_NORTH,18.52
11/06/2025,14:00,N,LZ_NORTH,16.81
11/06/2025,15:00,N,LZ_NORTH,17.32
11/06/2025,16:00,N,LZ_NORTH,17.65
11/06/2025,17:00,N,LZ_NORTH,35.14
11/06/2025,18:00,N,LZ_NORTH,64.99
11/06/2025,19:00,N,LZ_NORTH,42.55
11/06/2025,20:00,N,LZ_NORTH,30.86
11/06/2025,21:00,N,LZ_NORTH,24.33
11/06/2025,22:00,N,LZ_NORTH,22.9
11/06/2025,23:00,N,LZ_NORTH,20.75
11/06/2025,24:00,N,LZ_NORTH,18.48
11/07/2025,01:00,N,LZ_NORTH,20.52
11/07/2025,02:00,N,LZ_NORTH,20.61
11/07/2025,03:00,N,LZ_NORTH,19.63
11/07/2025,04:00,N,LZ_NORTH,20.21
11/07/2025,05:00,N,LZ_NORTH,22.74
11/07/2025,06:00,N,LZ_NORTH,26.67
11/07/2025,07:00,N,LZ_NORTH,26.72
11/07/2025,08:00,N,LZ_NORTH,24.51
11/07/2025,09:00,N,LZ_NORTH,7.98
11/07/2025,10:00,N,LZ_NORTH,5.92
11/07/2025,11:00,N,LZ_NORTH,7.33
11/07/2025,12:00,N,LZ_NORTH,14.7
11/07/2025,13:00,N,LZ_NORTH,19.46
11/07/2025,14:00,N,LZ_NORTH,21.99
11/07/2025,15:00,N,LZ_NORTH,24.03
11/07/2025,16:00,N,LZ_NORTH,25.67
11/07/2025,17:00,N,LZ_NORTH,68.96
11/07/2025,18:00,N,LZ_NORTH,169.02
11/07/2025,19:00,N,LZ_NORTH,133.25
11/07/2025,20:00,N,LZ_NORTH,97.48
11/07/2025,21:00,N,LZ_NORTH,68.68
11/07/2025,22:00,N,LZ_NORTH,56.79
11/07/2025,23:00,N,LZ_NORTH,50.07
11/07/2025,24:00,N,LZ_NORTH,42.85
11/08/2025,01:00,N,LZ_NORTH,47.82
11/08/2025,02:00,N,LZ_NORTH,38.77
11/08/2025,03:00,N,LZ_NORTH,34.54
11/08/2025,04:00,N,LZ_NORTH,35.65
11/08/2025,05:00,N,LZ_NORTH,34.95
11/08/2025,06:00,N,LZ_NORTH,33.85
11/08/2025,07:00,N,LZ_NORTH,30.57
11/08/2025,08:00,N,LZ_NORTH,26.25
11/08/2025,09:00,N,LZ_NORTH,17.85
11/08/2025,10:00,N,LZ_NORTH,15.77
11/08/2025,11:00,N,LZ_NORTH,19.24
11/08/2025,12:00,N,LZ_NORTH,22.09
11/08/2025,13:00,N,LZ_NORTH,22.84
11/08/2025,14:00,N,LZ_NORTH,26.22
11/08/2025,15:00,N,LZ_NORTH,23.41
11/08/2025,16:00,N,LZ_NORTH,25.02
11/08/2025,17:00,N,LZ_NORTH,44.63
11/08/2025,18:00,N,LZ_NORTH,46.11
11/08/2025,19:00,N,LZ_NORTH,33.32
11/08/2025,20:00,N,LZ_NORTH,28.76
11/08/2025,21:00,N,LZ_NORTH,24.31
11/08/2025,22:00,N,LZ_NORTH,21.71
11/08/2025,23:00,N,LZ_NORTH,23.79
11/08/2025,24:00,N,LZ_NORTH,22.77
11/09/2025,01:00,N,LZ_NORTH,23.03
11/09/2025,02:00,N,LZ_NORTH,22.32
11/09/2025,03:00,N,LZ_NORTH,21.23
11/09/2025,04:00,N,LZ_NORTH,20.41
11/09/2025,05:00,N,LZ_NORTH,19.87
11/09/2025,06:00,N,LZ_NORTH,19.87
11/09/2025,07:00,N,LZ_NORTH,16.81
11/09/2025,08:00,N,LZ_NORTH,10.22
11/09/2025,09:00,N,LZ_NORTH,0.96
11/09/2025,10:00,N,LZ_NORTH,0.13
11/09/2025,11:00,N,LZ_NORTH,-0.03
11/09/2025,12:00,N,LZ_NORTH,0.21
11/09/2025,13:00,N,LZ_NORTH,0.61
11/09/2025,14:00,N,LZ_NORTH,0.98
11/09/2025,15:00,N,LZ_NORTH,0.6
11/09/2025,16:00,N,LZ_NORTH,2.84
11/09/2025,17:00,N,LZ_NORTH,21.04
11/09/2025,18:00,N,LZ_NORTH,43.84
11/09/2025,19:00,N,LZ_NORTH,50.4
11/09/2025,20:00,N,LZ_NORTH,50.97
11/09/2025,21:00,N,LZ_NORTH,47.91
11/09/2025,22:00,N,LZ_NORTH,50.39
11/09/2025,23:00,N,LZ_NORTH,51.98
11/09/2025,24:00,N,LZ_NORTH,52.02
11/10/2025,01:00,N,LZ_NORTH,52.48
11/10/2025,02:00,N,LZ_NORTH,51.71
11/10/2025,03:00,N,LZ_NORTH,54.34
11/10/2025,04:00,N,LZ_NORTH,61.78
11/10/2025,05:00,N,LZ_NORTH,73.5
11/10/2025,06:00,N,LZ_NORTH,111.73
11/10/2025,07:00,N,LZ_NORTH,117.8
11/10/2025,08:00,N,LZ_NORTH,96.79
11/10/2025,09:00,N,LZ_NORTH,31.66
11/10/2025,10:00,N,LZ_NORTH,24.25
11/10/2025,11:00,N,LZ_NORTH,20.99
11/10/2025,12:00,N,LZ_NORTH,19.28
11/10/2025,13:00,N,LZ_NORTH,15.89
11/10/2025,14:00,N,LZ_NORTH,13.3
11/10/2025,15:00,N,LZ_NORTH,11.16
11/10/2025,16:00,N,LZ_NORTH,11.23
11/10/2025,17:00,N,LZ_NORTH,29.83
11/10/2025,18:00,N,LZ_NORTH,61.21
11/10/2025,19:00,N,LZ_NORTH,47.41
11/10/2025,20:00,N,LZ_NORTH,35.9
11/10/2025,21:00,N,LZ_NORTH,26.09
11/10/2025,22:00,N,LZ_NORTH,21.15
11/10/2025,23:00,N,LZ_NORTH,25.16
11/10/2025,24:00,N,LZ_NORTH,22.91
11/11/2025,01:00,N,LZ_NORTH,24.72
11/11/2025,02:00,N,LZ_NORTH,23.82
11/11/2025,03:00,N,LZ_NORTH,22.57
11/11/2025,04:00,N,LZ_NORTH,23.36
11/11/2025,05:00,N,LZ_NORTH,24.51
11/11/2025,06:00,N,LZ_NORTH,29.45
11/11/2025,07:00,N,LZ_NORTH,34.83
11/11/2025,08:00,N,LZ_NORTH,29.83
11/11/2025,09:00,N,LZ_NORTH,17.93
11/11/2025,10:00,N,LZ_NORTH,11.88
11/11/2025,11:00,N,LZ_NORTH,7.39
11/11/2025,12:00,N,LZ_NORTH,2.08
11/11/2025,13:00,N,LZ_NORTH,1.6
11/11/2025,14:00,N,LZ_NORTH,0.89
11/11/2025,15:00,N,LZ_NORTH,0.81
11/11/2025,16:00,N,LZ_NORTH,1.37
11/11/2025,17:00,N,LZ_NORTH,21.52
11/11/2025,18:00,N,LZ_NORTH,34.68
11/11/2025,19:00,N,LZ_NORTH,32.15
11/11/2025,20:00,N,LZ_NORTH,30.24
11/11/2025,21:00,N,LZ_NORTH,25.87
11/11/2025,22:00,N,LZ_NORTH,22.93
11/11/2025,23:00,N,LZ_NORTH,22.57
11/11/2025,24:00,N,LZ_NORTH,22.36
11/12/2025,01:00,N,LZ_NORTH,23.29
11/12/2025,02:00,N,LZ_NORTH,22.68
11/12/2025,03:00,N,LZ_NORTH,24.25
11/12/2025,04:00,N,LZ_NORTH,24.86
11/12/2025,05:00,N,LZ_NORTH,27.3
11/12/2025,06:00,N,LZ_NORTH,34.18
11/12/2025,07:00,N,LZ_NORTH,42.43
11/12/2025,08:00,N,LZ_NORTH,40.44
11/12/2025,09:00,N,LZ_NORTH,24.85
11/12/2025,10:00,N,LZ_NORTH,20.03
11/12/2025,11:00,N,LZ_NORTH,19.52
11/12/2025,12:00,N,LZ_NORTH,19.6
11/12/2025,13:00,N,LZ_NORTH,20.79
11/12/2025,14:00,N,LZ_NORTH,23.3
11/12/2025,15:00,N,LZ_NORTH,24.12
11/12/2025,16:00,N,LZ_NORTH,25.34
11/12/2025,17:00,N,LZ_NORTH,65.28
11/12/2025,18:00,N,LZ_NORTH,101.63
11/12/2025,19:00,N,LZ_NORTH,79.19
11/12/2025,20:00,N,LZ_NORTH,64.8
11/12/2025,21:00,N,LZ_NORTH,45.32
11/12/2025,22:00,N,LZ_NORTH,34.99
11/12/2025,23:00,N,LZ_NORTH,31.69
11/12/2025,24:00,N,LZ_NORTH,27.56
11/13/2025,01:00,N,LZ_NORTH,23.6
11/13/2025,02:00,N,LZ_NORTH,22.64
11/13/2025,03:00,N,LZ_NORTH,22.23
11/13/2025,04:00,N,LZ_NORTH,22.31
11/13/2025,05:00,N,LZ_NORTH,24.01
11/13/2025,06:00,N,LZ_NORTH,28.33
11/13/2025,07:00,N,LZ_NORTH,30.03
11/13/2025,08:00,N,LZ_NORTH,27.7
11/13/2025,09:00,N,LZ_NORTH,16.56
11/13/2025,10:00,N,LZ_NORTH,13.92
11/13/2025,11:00,N,LZ_NORTH,15.35
11/13/2025,12:00,N,LZ_NORTH,17.38
11/13/2025,13:00,N,LZ_NORTH,20.1
11/13/2025,14:00,N,LZ_NORTH,21.87
11/13/2025,15:00,N,LZ_NORTH,22.45
11/13/2025,16:00,N,LZ_NORTH,23.8
11/13/2025,17:00,N,LZ_NORTH,49.85
11/13/2025,18:00,N,LZ_NORTH,66.51
11/13/2025,19:00,N,LZ_NORTH,47.01
11/13/2025,20:00,N,LZ_NORTH,37.44
11/13/2025,21:00,N,LZ_NORTH,28.33
11/13/2025,22:00,N,LZ_NORTH,23.28
11/13/2025,23:00,N,LZ_NORTH,23.66
11/13/2025,24:00,N,LZ_NORTH,21.58
11/14/2025,01:00,N,LZ_NORTH,23.32
11/14/2025,02:00,N,LZ_NORTH,21.59
11/14/2025,03:00,N,LZ_NORTH,21.13
11/14/2025,04:00,N,LZ_NORTH,21.21
11/14/2025,05:00,N,LZ_NORTH,22.88
11/14/2025,06:00,N,LZ_NORTH,26.56
11/14/2025,07:00,N,LZ_NORTH,27.59
11/14/2025,08:00,N,LZ_NORTH,25.13
11/14/2025,09:00,N,LZ_NORTH,19.78
11/14/2025,10:00,N,LZ_NORTH,14.71
11/14/2025,11:00,N,LZ_NORTH,18.33
11/14/2025,12:00,N,LZ_NORTH,23.96
11/14/2025,13:00,N,LZ_NORTH,26.14
11/14/2025,14:00,N,LZ_NORTH,27.24
11/14/2025,15:00,N,LZ_NORTH,30.01
11/14/2025,16:00,N,LZ_NORTH,29.2
11/14/2025,17:00,N,LZ_NORTH,65.77
11/14/2025,18:00,N,LZ_NORTH,74.2
11/14/2025,19:00,N,LZ_NORTH,47.56
11/14/2025,20:00,N,LZ_NORTH,35.01
11/14/2025,21:00,N,LZ_NORTH,26.97
11/14/2025,22:00,N,LZ_NORTH,22.66
11/14/2025,23:00,N,LZ_NORTH,24.52
11/14/2025,24:00,N,LZ_NORTH,21.85
11/15/2025,01:00,N,LZ_NORTH,22.04
11/15/2025,02:00,N,LZ_NORTH,20.41
11/15/2025,03:00,N,LZ_NORTH,18.86
11/15/2025,04:00,N,LZ_NORTH,18.38
11/15/2025,05:00,N,LZ_NORTH,17.88
11/15/2025,06:00,N,LZ_NORTH,18.52
11/15/2025,07:00,N,LZ_NORTH,19.31
11/15/2025,08:00,N,LZ_NORTH,18.42
11/15/2025,09:00,N,LZ_NORTH,9.12
11/15/2025,10:00,N,LZ_NORTH,4.2
11/15/2025,11:00,N,LZ_NORTH,6.83
11/15/2025,12:00,N,LZ_NORTH,13.41
11/15/2025,13:00,N,LZ_NORTH,18.23
11/15/2025,14:00,N,LZ_NORTH,22.01
11/15/2025,15:00,N,LZ_NORTH,23.15
11/15/2025,16:00,N,LZ_NORTH,27.05
11/15/2025,17:00,N,LZ_NORTH,70.77
11/15/2025,18:00,N,LZ_NORTH,81.73
11/15/2025,19:00,N,LZ_NORTH,63.73
11/15/2025,20:00,N,LZ_NORTH,45.09
11/15/2025,21:00,N,LZ_NORTH,37.53
11/15/2025,22:00,N,LZ_NORTH,31.06
11/15/2025,23:00,N,LZ_NORTH,30.51
11/15/2025,24:00,N,LZ_NORTH,28.42
11/16/2025,01:00,N,LZ_NORTH,27.46
11/16/2025,02:00,N,LZ_NORTH,28.25
11/16/2025,03:00,N,LZ_NORTH,27.92
11/16/2025,04:00,N,LZ_NORTH,28.99
11/16/2025,05:00,N,LZ_NORTH,28.87
11/16/2025,06:00,N,LZ_NORTH,29.92
11/16/2025,07:00,N,LZ_NORTH,28.8
11/16/2025,08:00,N,LZ_NORTH,27.23
11/16/2025,09:00,N,LZ_NORTH,19.44
11/16/2025,10:00,N,LZ_NORTH,18.33
11/16/2025,11:00,N,LZ_NORTH,20.05
11/16/2025,12:00,N,LZ_NORTH,23.0
11/16/2025,13:00,N,LZ_NORTH,28.9
11/16/2025,14:00,N,LZ_NORTH,35.56
11/16/2025,15:00,N,LZ_NORTH,34.86
11/16/2025,16:00,N,LZ_NORTH,38.33
11/16/2025,17:00,N,LZ_NORTH,103.82
11/16/2025,18:00,N,LZ_NORTH,146.39
11/16/2025,19:00,N,LZ_NORTH,121.99
11/16/2025,20:00,N,LZ_NORTH,98.91
11/16/2025,21:00,N,LZ_NORTH,73.44
11/16/2025,22:00,N,LZ_NORTH,47.19
11/16/2025,23:00,N,LZ_NORTH,34.99
11/16/2025,24:00,N,LZ_NORTH,26.78
11/17/2025,01:00,N,LZ_NORTH,29.02
11/17/2025,02:00,N,LZ_NORTH,25.3
11/17/2025,03:00,N,LZ_NORTH,23.31
11/17/2025,04:00,N,LZ_NORTH,23.15
11/17/2025,05:00,N,LZ_NORTH,22.81
11/17/2025,06:00,N,LZ_NORTH,25.1
11/17/2025,07:00,N,LZ_NORTH,25.19
11/17/2025,08:00,N,LZ_NORTH,26.46
11/17/2025,09:00,N,LZ_NORTH,22.15
11/17/2025,10:00,N,LZ_NORTH,18.63
11/17/2025,11:00,N,LZ_NORTH,19.11
11/17/2025,12:00,N,LZ_NORTH,20.09
11/17/2025,13:00,N,LZ_NORTH,22.68
11/17/2025,14:00,N,LZ_NORTH,25.06
11/17/2025,15:00,N,LZ_NORTH,26.21
11/17/2025,16:00,N,LZ_NORTH,26.68
11/17/2025,17:00,N,LZ_NORTH,52.25
11/17/2025,18:00,N,LZ_NORTH,76.18
11/17/2025,19:00,N,LZ_NORTH,61.76
11/17/2025,20:00,N,LZ_NORTH,47.95
11/17/2025,21:00,N,LZ_NORTH,39.27
11/17/2025,22:00,N,LZ_NORTH,31.89
11/17/2025,23:00,N,LZ_NORTH,28.91
11/17/2025,24:00,N,LZ_NORTH,25.44
11/18/2025,01:00,N,LZ_NORTH,23.94
11/18/2025,02:00,N,LZ_NORTH,23.27
11/18/2025,03:00,N,LZ_NORTH,23.18
11/18/2025,04:00,N,LZ_NORTH,23.07
11/18/2025,05:00,N,LZ_NORTH,25.27
11/18/2025,06:00,N,LZ_NORTH,32.58
11/18/2025,07:00,N,LZ_NORTH,34.65
11/18/2025,08:00,N,LZ_NORTH,38.84
11/18/2025,09:00,N,LZ_NORTH,30.0
11/18/2025,10:00,N,LZ_NORTH,29.42
11/18/2025,11:00,N,LZ_NORTH,32.91
11/18/2025,12:00,N,LZ_NORTH,34.99
11/18/2025,13:00,N,LZ_NORTH,43.0
11/18/2025,14:00,N,LZ_NORTH,47.71
11/18/2025,15:00,N,LZ_NORTH,51.51
11/18/2025,16:00,N,LZ_NORTH,63.84
11/18/2025,17:00,N,LZ_NORTH,127.56
11/18/2025,18:00,N,LZ_NORTH,150.82
11/18/2025,19:00,N,LZ_NORTH,127.6
11/18/2025,20:00,N,LZ_NORTH,97.15
11/18/2025,21:00,N,LZ_NORTH,66.51
11/18/2025,22:00,N,LZ_NORTH,50.17
11/18/2025,23:00,N,LZ_NORTH,43.61
11/18/2025,24:00,N,LZ_NORTH,34.49
11/19/2025,01:00,N,LZ_NORTH,32.62
11/19/2025,02:00,N,LZ_NORTH,30.81
11/19/2025,03:00,N,LZ_NORTH,31.7
11/19/2025,04:00,N,LZ_NORTH,35.05
11/19/2025,05:00,N,LZ_NORTH,38.13
11/19/2025,06:00,N,LZ_NORTH,43.78
11/19/2025,07:00,N,LZ_NORTH,44.99
11/19/2025,08:00,N,LZ_NORTH,47.8
11/19/2025,09:00,N,LZ_NORTH,42.16
11/19/2025,10:00,N,LZ_NORTH,38.34
11/19/2025,11:00,N,LZ_NORTH,36.06
11/19/2025,12:00,N,LZ_NORTH,35.98
11/19/2025,13:00,N,LZ_NORTH,39.34
11/19/2025,14:00,N,LZ_NORTH,51.87
11/19/2025,15:00,N,LZ_NORTH,67.8
11/19/2025,16:00,N,LZ_NORTH,87.54
11/19/2025,17:00,N,LZ_NORTH,113.5
11/19/2025,18:00,N,LZ_NORTH,101.07
11/19/2025,19:00,N,LZ_NORTH,87.29
11/19/2025,20:00,N,LZ_NORTH,79.06
11/19/2025,21:00,N,LZ_NORTH,58.99
11/19/2025,22:00,N,LZ_NORTH,50.67
11/19/2025,23:00,N,LZ_NORTH,46.44
11/19/2025,24:00,N,LZ_NORTH,38.79
11/20/2025,01:00,N,LZ_NORTH,39.35
11/20/2025,02:00,N,LZ_NORTH,35.93
11/20/2025,03:00,N,LZ_NORTH,35.39
11/20/2025,04:00,N,LZ_NORTH,30.58
11/20/2025,05:00,N,LZ_NORTH,30.19
11/20/2025,06:00,N,LZ_NORTH,32.62
11/20/2025,07:00,N,LZ_NORTH,34.5
11/20/2025,08:00,N,LZ_NORTH,36.53
11/20/2025,09:00,N,LZ_NORTH,31.83
11/20/2025,10:00,N,LZ_NORTH,31.2
11/20/2025,11:00,N,LZ_NORTH,30.25
11/20/2025,12:00,N,LZ_NORTH,28.81
11/20/2025,13:00,N,LZ_NORTH,28.17
11/20/2025,14:00,N,LZ_NORTH,32.74
11/20/2025,15:00,N,LZ_NORTH,38.84
11/20/2025,16:00,N,LZ_NORTH,45.8
11/20/2025,17:00,N,LZ_NORTH,54.07
11/20/2025,18:00,N,LZ_NORTH,63.31
11/20/2025,19:00,N,LZ_NORTH,63.02
11/20/2025,20:00,N,LZ_NORTH,89.1
11/20/2025,21:00,N,LZ_NORTH,48.15
11/20/2025,22:00,N,LZ_NORTH,45.72
11/20/2025,23:00,N,LZ_NORTH,37.73
11/20/2025,24:00,N,LZ_NORTH,32.17
11/21/2025,01:00,N,LZ_NORTH,33.45
11/21/2025,02:00,N,LZ_NORTH,30.32
11/21/2025,03:00,N,LZ_NORTH,27.99
11/21/2025,04:00,N,LZ_NORTH,27.45
11/21/2025,05:00,N,LZ_NORTH,28.27
11/21/2025,06:00,N,LZ_NORTH,32.7
11/21/2025,07:00,N,LZ_NORTH,32.97
11/21/2025,08:00,N,LZ_NORTH,32.0
11/21/2025,09:00,N,LZ_NORTH,24.28
11/21/2025,10:00,N,LZ_NORTH,21.46
11/21/2025,11:00,N,LZ_NORTH,22.9
11/21/2025,12:00,N,LZ_NORTH,24.98
11/21/2025,13:00,N,LZ_NORTH,26.97
11/21/2025,14:00,N,LZ_NORTH,28.4
11/21/2025,15:00,N,LZ_NORTH,26.71
11/21/2025,16:00,N,LZ_NORTH,31.64
11/21/2025,17:00,N,LZ_NORTH,67.86
11/21/2025,18:00,N,LZ_NORTH,93.34
11/21/2025,19:00,N,LZ_NORTH,82.9
11/21/2025,20:00,N,LZ_NORTH,79.53
11/21/2025,21:00,N,LZ_NORTH,62.07
11/21/2025,22:00,N,LZ_NORTH,52.37
11/21/2025,23:00,N,LZ_NORTH,49.84
11/21/2025,24:00,N,LZ_NORTH,40.7
11/22/2025,01:00,N,LZ_NORTH,42.65
11/22/2025,02:00,N,LZ_NORTH,40.4
11/22/2025,03:00,N,LZ_NORTH,37.49
11/22/2025,04:00,N,LZ_NORTH,34.98
11/22/2025,05:00,N,LZ_NORTH,35.15
11/22/2025,06:00,N,LZ_NORTH,40.02
11/22/2025,07:00,N,LZ_NORTH,38.1
11/22/2025,08:00,N,LZ_NORTH,34.06
11/22/2025,09:00,N,LZ_NORTH,24.68
11/22/2025,10:00,N,LZ_NORTH,21.72
11/22/2025,11:00,N,LZ_NORTH,21.96
11/22/2025,12:00,N,LZ_NORTH,23.37
11/22/2025,13:00,N,LZ_NORTH,24.35
11/22/2025,14:00,N,LZ_NORTH,22.47
11/22/2025,15:00,N,LZ_NORTH,23.24
11/22/2025,16:00,N,LZ_NORTH,28.54
11/22/2025,17:00,N,LZ_NORTH,54.98
11/22/2025,18:00,N,LZ_NORTH,76.39
11/22/2025,19:00,N,LZ_NORTH,58.65
11/22/2025,20:00,N,LZ_NORTH,51.0
11/22/2025,21:00,N,LZ_NORTH,46.41
11/22/2025,22:00,N,LZ_NORTH,37.09
11/22/2025,23:00,N,LZ_NORTH,41.44
11/22/2025,24:00,N,LZ_NORTH,37.5
11/23/2025,01:00,N,LZ_NORTH,46.4
11/23/2025,02:00,N,LZ_NORTH,40.82
11/23/2025,03:00,N,LZ_NORTH,39.24
11/23/2025,04:00,N,LZ_NORTH,37.18
11/23/2025,05:00,N,LZ_NORTH,36.76
11/23/2025,06:00,N,LZ_NORTH,35.82
11/23/2025,07:00,N,LZ_NORTH,33.26
11/23/2025,08:00,N,LZ_NORTH,29.7
11/23/2025,09:00,N,LZ_NORTH,25.67
11/23/2025,10:00,N,LZ_NORTH,24.93
11/23/2025,11:00,N,LZ_NORTH,22.65
11/23/2025,12:00,N,LZ_NORTH,20.42
11/23/2025,13:00,N,LZ_NORTH,20.5
11/23/2025,14:00,N,LZ_NORTH,21.24
11/23/2025,15:00,N,LZ_NORTH,23.61
11/23/2025,16:00,N,LZ_NORTH,29.36
11/23/2025,17:00,N,LZ_NORTH,43.25
11/23/2025,18:00,N,LZ_NORTH,51.77
11/23/2025,19:00,N,LZ_NORTH,50.93
11/23/2025,20:00,N,LZ_NORTH,50.52
11/23/2025,21:00,N,LZ_NORTH,47.37
11/23/2025,22:00,N,LZ_NORTH,42.86
11/23/2025,23:00,N,LZ_NORTH,43.38
11/23/2025,24:00,N,LZ_NORTH,36.7
11/24/2025,01:00,N,LZ_NORTH,31.44
11/24/2025,02:00,N,LZ_NORTH,30.0
11/24/2025,03:00,N,LZ_NORTH,29.53
11/24/2025,04:00,N,LZ_NORTH,29.34
11/24/2025,05:00,N,LZ_NORTH,30.23
11/24/2025,06:00,N,LZ_NORTH,34.36
11/24/2025,07:00,N,LZ_NORTH,35.58
11/24/2025,08:00,N,LZ_NORTH,36.66
11/24/2025,09:00,N,LZ_NORTH,29.83
11/24/2025,10:00,N,LZ_NORTH,27.62
11/24/2025,11:00,N,LZ_NORTH,26.9
11/24/2025,12:00,N,LZ_NORTH,26.25
11/24/2025,13:00,N,LZ_NORTH,24.35
11/24/2025,14:00,N,LZ_NORTH,21.48
11/24/2025,15:00,N,LZ_NORTH,20.53
11/24/2025,16:00,N,LZ_NORTH,26.24
11/24/2025,17:00,N,LZ_NORTH,43.87
11/24/2025,18:00,N,LZ_NORTH,63.82
11/24/2025,19:00,N,LZ_NORTH,68.2
11/24/2025,20:00,N,LZ_NORTH,66.99
11/24/2025,21:00,N,LZ_NORTH,64.59
11/24/2025,22:00,N,LZ_NORTH,65.53
11/24/2025,23:00,N,LZ_NORTH,70.27
11/24/2025,24:00,N,LZ_NORTH,50.53
11/25/2025,01:00,N,LZ_NORTH,53.8
11/25/2025,02:00,N,LZ_NORTH,52.1
11/25/2025,03:00,N,LZ_NORTH,49.32
11/25/2025,04:00,N,LZ_NORTH,48.79
11/25/2025,05:00,N,LZ_NORTH,47.65
11/25/2025,06:00,N,LZ_NORTH,59.38
11/25/2025,07:00,N,LZ_NORTH,78.32
11/25/2025,08:00,N,LZ_NORTH,72.18
11/25/2025,09:00,N,LZ_NORTH,34.76
11/25/2025,10:00,N,LZ_NORTH,27.9
11/25/2025,11:00,N,LZ_NORTH,22.98
11/25/2025,12:00,N,LZ_NORTH,22.2
11/25/2025,13:00,N,LZ_NORTH,21.0
11/25/2025,14:00,N,LZ_NORTH,19.83
11/25/2025,15:00,N,LZ_NORTH,15.91
11/25/2025,16:00,N,LZ_NORTH,17.22
11/25/2025,17:00,N,LZ_NORTH,42.8
11/25/2025,18:00,N,LZ_NORTH,55.26
11/25/2025,19:00,N,LZ_NORTH,42.89
11/25/2025,20:00,N,LZ_NORTH,32.13
11/25/2025,21:00,N,LZ_NORTH,24.37
11/25/2025,22:00,N,LZ_NORTH,21.98
11/25/2025,23:00,N,LZ_NORTH,22.44
11/25/2025,24:00,N,LZ_NORTH,21.44
11/26/2025,01:00,N,LZ_NORTH,19.72
11/26/2025,02:00,N,LZ_NORTH,20.44
11/26/2025,03:00,N,LZ_NORTH,21.44
11/26/2025,04:00,N,LZ_NORTH,21.85
11/26/2025,05:00,N,LZ_NORTH,24.83
11/26/2025,06:00,N,LZ_NORTH,32.33
11/26/2025,07:00,N,LZ_NORTH,41.52
11/26/2025,08:00,N,LZ_NORTH,47.04
11/26/2025,09:00,N,LZ_NORTH,27.73
11/26/2025,10:00,N,LZ_NORTH,20.38
11/26/2025,11:00,N,LZ_NORTH,18.42
11/26/2025,12:00,N,LZ_NORTH,17.61
11/26/2025,13:00,N,LZ_NORTH,17.76
11/26/2025,14:00,N,LZ_NORTH,15.62
11/26/2025,15:00,N,LZ_NORTH,13.55
11/26/2025,16:00,N,LZ_NORTH,17.92
11/26/2025,17:00,N,LZ_NORTH,39.98
11/26/2025,18:00,N,LZ_NORTH,70.7
11/26/2025,19:00,N,LZ_NORTH,60.07
11/26/2025,20:00,N,LZ_NORTH,52.56
11/26/2025,21:00,N,LZ_NORTH,42.08
11/26/2025,22:00,N,LZ_NORTH,35.23
11/26/2025,23:00,N,LZ_NORTH,34.97
11/26/2025,24:00,N,LZ_NORTH,31.99
11/27/2025,01:00,N,LZ_NORTH,30.88
11/27/2025,02:00,N,LZ_NORTH,30.88
11/27/2025,03:00,N,LZ_NORTH,34.74
11/27/2025,04:00,N,LZ_NORTH,39.96
11/27/2025,05:00,N,LZ_NORTH,46.12
11/27/2025,06:00,N,LZ_NORTH,51.51
11/27/2025,07:00,N,LZ_NORTH,49.51
11/27/2025,08:00,N,LZ_NORTH,45.7
11/27/2025,09:00,N,LZ_NORTH,28.29
11/27/2025,10:00,N,LZ_NORTH,26.41
11/27/2025,11:00,N,LZ_NORTH,22.3
11/27/2025,12:00,N,LZ_NORTH,20.35
11/27/2025,13:00,N,LZ_NORTH,16.82
11/27/2025,14:00,N,LZ_NORTH,14.91
11/27/2025,15:00,N,LZ_NORTH,12.32
11/27/2025,16:00,N,LZ_NORTH,15.29
11/27/2025,17:00,N,LZ_NORTH,32.26
11/27/2025,18:00,N,LZ_NORTH,48.79
11/27/2025,19:00,N,LZ_NORTH,40.71
11/27/2025,20:00,N,LZ_NORTH,34.16
11/27/2025,21:00,N,LZ_NORTH,28.19
11/27/2025,22:00,N,LZ_NORTH,25.06
11/27/2025,23:00,N,LZ_NORTH,28.47
11/27/2025,24:00,N,LZ_NORTH,27.99
11/28/2025,01:00,N,LZ_NORTH,28.3
11/28/2025,02:00,N,LZ_NORTH,27.89
11/28/2025,03:00,N,LZ_NORTH,26.92
11/28/2025,04:00,N,LZ_NORTH,26.2
11/28/2025,05:00,N,LZ_NORTH,26.62
11/28/2025,06:00,N,LZ_NORTH,28.17
11/28/2025,07:00,N,LZ_NORTH,26.7
11/28/2025,08:00,N,LZ_NORTH,26.11
11/28/2025,09:00,N,LZ_NORTH,20.67
11/28/2025,10:00,N,LZ_NORTH,16.76
11/28/2025,11:00,N,LZ_NORTH,10.86
11/28/2025,12:00,N,LZ_NORTH,4.81
11/28/2025,13:00,N,LZ_NORTH,3.67
11/28/2025,14:00,N,LZ_NORTH,5.36
11/28/2025,15:00,N,LZ_NORTH,7.35
11/28/2025,16:00,N,LZ_NORTH,14.73
11/28/2025,17:00,N,LZ_NORTH,22.78
11/28/2025,18:00,N,LZ_NORTH,22.33
11/28/2025,19:00,N,LZ_NORTH,22.37
11/28/2025,20:00,N,LZ_NORTH,22.38
11/28/2025,21:00,N,LZ_NORTH,20.65
11/28/2025,22:00,N,LZ_NORTH,18.81
11/28/2025,23:00,N,LZ_NORTH,18.78
11/28/2025,24:00,N,LZ_NORTH,18.08
11/29/2025,01:00,N,LZ_NORTH,16.4
11/29/2025,02:00,N,LZ_NORTH,15.07
11/29/2025,03:00,N,LZ_NORTH,15.0
11/29/2025,04:00,N,LZ_NORTH,16.82
11/29/2025,05:00,N,LZ_NORTH,16.94
11/29/2025,06:00,N,LZ_NORTH,16.99
11/29/2025,07:00,N,LZ_NORTH,16.73
11/29/2025,08:00,N,LZ_NORTH,18.57
11/29/2025,09:00,N,LZ_NORTH,18.74
11/29/2025,10:00,N,LZ_NORTH,18.84
11/29/2025,11:00,N,LZ_NORTH,21.14
11/29/2025,12:00,N,LZ_NORTH,23.75
11/29/2025,13:00,N,LZ_NORTH,25.04
11/29/2025,14:00,N,LZ_NORTH,23.89
11/29/2025,15:00,N,LZ_NORTH,23.04
11/29/2025,16:00,N,LZ_NORTH,17.44
11/29/2025,17:00,N,LZ_NORTH,25.26
11/29/2025,18:00,N,LZ_NORTH,24.52
11/29/2025,19:00,N,LZ_NORTH,24.68
11/29/2025,20:00,N,LZ_NORTH,23.02
11/29/2025,21:00,N,LZ_NORTH,22.03
11/29/2025,22:00,N,LZ_NORTH,20.99
11/29/2025,23:00,N,LZ_NORTH,24.18
11/29/2025,24:00,N,LZ_NORTH,23.57
11/30/2025,01:00,N,LZ_NORTH,22.21
11/30/2025,02:00,N,LZ_NORTH,21.55
11/30/2025,03:00,N,LZ_NORTH,23.61
11/30/2025,04:00,N,LZ_NORTH,25.92
11/30/2025,05:00,N,LZ_NORTH,27.8
11/30/2025,06:00,N,LZ_NORTH,28.36
11/30/2025,07:00,N,LZ_NORTH,30.11
11/30/2025,08:00,N,LZ_NORTH,31.77
11/30/2025,09:00,N,LZ_NORTH,30.67
11/30/2025,10:00,N,LZ_NORTH,30.69
11/30/2025,11:00,N,LZ_NORTH,36.01
11/30/2025,12:00,N,LZ_NORTH,36.29
11/30/2025,13:00,N,LZ_NORTH,37.57
11/30/2025,14:00,N,LZ_NORTH,38.56
11/30/2025,15:00,N,LZ_NORTH,41.68
11/30/2025,16:00,N,LZ_NORTH,42.85
11/30/2025,17:00,N,LZ_NORTH,55.41
11/30/2025,18:00,N,LZ_NORTH,68.26
11/30/2025,19:00,N,LZ_NORTH,65.0
11/30/2025,20:00,N,LZ_NORTH,72.75
11/30/2025,21:00,N,LZ_NORTH,70.92
11/30/2025,22:00,N,LZ_NORTH,73.35
11/30/2025,23:00,N,LZ_NORTH,71.12
11/30/2025,24:00,N,LZ_NORTH,65.28
12/01/2025,01:00,N,LZ_NORTH,55.65
12/01/2025,02:00,N,LZ_NORTH,55.89
12/01/2025,03:00,N,LZ_NORTH,59.25
12/01/2025,04:00,N,LZ_NORTH,59.82
12/01/2025,05:00,N,LZ_NORTH,64.99
12/01/2025,06:00,N,LZ_NORTH,80.88
12/01/2025,07:00,N,LZ_NORTH,100.0
12/01/2025,08:00,N,LZ_NORTH,106.32
12/01/2025,09:00,N,LZ_NORTH,113.21
12/01/2025,10:00,N,LZ_NORTH,84.27
12/01/2025,11:00,N,LZ_NORTH,77.1
12/01/2025,12:00,N,LZ_NORTH,71.97
12/01/2025,13:00,N,LZ_NORTH,64.32
12/01/2025,14:00,N,LZ_NORTH,58.19
12/01/2025,15:00,N,LZ_NORTH,56.01
12/01/2025,16:00,N,LZ_NORTH,64.05
12/01/2025,17:00,N,LZ_NORTH,76.15
12/01/2025,18:00,N,LZ_NORTH,106.46
12/01/2025,19:00,N,LZ_NORTH,100.15
12/01/2025,20:00,N,LZ_NORTH,93.37
12/01/2025,21:00,N,LZ_NORTH,99.13
12/01/2025,22:00,N,LZ_NORTH,91.52
12/01/2025,23:00,N,LZ_NORTH,84.02
12/01/2025,24:00,N,LZ_NORTH,69.7
12/02/2025,01:00,N,LZ_NORTH,97.93
12/02/2025,02:00,N,LZ_NORTH,98.7
12/02/2025,03:00,N,LZ_NORTH,89.63
12/02/2025,04:00,N,LZ_NORTH,89.47
12/02/2025,05:00,N,LZ_NORTH,106.75
12/02/2025,06:00,N,LZ_NORTH,127.47
12/02/2025,07:00,N,LZ_NORTH,159.19
12/02/2025,08:00,N,LZ_NORTH,134.02
12/02/2025,09:00,N,LZ_NORTH,60.7
12/02/2025,10:00,N,LZ_NORTH,36.02
12/02/2025,11:00,N,LZ_NORTH,33.09
12/02/2025,12:00,N,LZ_NORTH,27.07
12/02/2025,13:00,N,LZ_NORTH,20.72
12/02/2025,14:00,N,LZ_NORTH,13.3
12/02/2025,15:00,N,LZ_NORTH,8.49
12/02/2025,16:00,N,LZ_NORTH,8.31
12/02/2025,17:00,N,LZ_NORTH,23.26
12/02/2025,18:00,N,LZ_NORTH,34.22
12/02/2025,19:00,N,LZ_NORTH,36.08
12/02/2025,20:00,N,LZ_NORTH,33.48
12/02/2025,21:00,N,LZ_NORTH,28.94
12/02/2025,22:00,N,LZ_NORTH,26.88
12/02/2025,23:00,N,LZ_NORTH,26.02
12/02/2025,24:00,N,LZ_NORTH,23.02
12/03/2025,01:00,N,LZ_NORTH,22.05
12/03/2025,02:00,N,LZ_NORTH,20.87
12/03/2025,03:00,N,LZ_NORTH,21.79
12/03/2025,04:00,N,LZ_NORTH,24.13
12/03/2025,05:00,N,LZ_NORTH,24.6
12/03/2025,06:00,N,LZ_NORTH,33.54
12/03/2025,07:00,N,LZ_NORTH,43.71
12/03/2025,08:00,N,LZ_NORTH,42.4
12/03/2025,09:00,N,LZ_NORTH,28.81
12/03/2025,10:00,N,LZ_NORTH,25.5
12/03/2025,11:00,N,LZ_NORTH,23.39
12/03/2025,12:00,N,LZ_NORTH,24.63
12/03/2025,13:00,N,LZ_NORTH,25.07
12/03/2025,14:00,N,LZ_NORTH,25.4
12/03/2025,15:00,N,LZ_NORTH,25.14
12/03/2025,16:00,N,LZ_NORTH,29.22
12/03/2025,17:00,N,LZ_NORTH,41.11
12/03/2025,18:00,N,LZ_NORTH,45.08
12/03/2025,19:00,N,LZ_NORTH,41.92
12/03/2025,20:00,N,LZ_NORTH,34.44
12/03/2025,21:00,N,LZ_NORTH,30.62
12/03/2025,22:00,N,LZ_NORTH,26.89
12/03/2025,23:00,N,LZ_NORTH,28.93
12/03/2025,24:00,N,LZ_NORTH,26.62
12/04/2025,01:00,N,LZ_NORTH,20.95
12/04/2025,02:00,N,LZ_NORTH,21.49
12/04/2025,03:00,N,LZ_NORTH,22.42
12/04/2025,04:00,N,LZ_NORTH,23.13
12/04/2025,05:00,N,LZ_NORTH,23.09
12/04/2025,06:00,N,LZ_NORTH,28.66
12/04/2025,07:00,N,LZ_NORTH,31.99
12/04/2025,08:00,N,LZ_NORTH,37.58
12/04/2025,09:00,N,LZ_NORTH,43.7
12/04/2025,10:00,N,LZ_NORTH,53.99
12/04/2025,11:00,N,LZ_NORTH,51.39
12/04/2025,12:00,N,LZ_NORTH,56.11
12/04/2025,13:00,N,LZ_NORTH,57.0
12/04/2025,14:00,N,LZ_NORTH,58.28
12/04/2025,15:00,N,LZ_NORTH,58.97
12/04/2025,16:00,N,LZ_NORTH,69.51
12/04/2025,17:00,N,LZ_NORTH,79.03
12/04/2025,18:00,N,LZ_NORTH,105.51
12/04/2025,19:00,N,LZ_NORTH,104.49
12/04/2025,20:00,N,LZ_NORTH,110.14
12/04/2025,21:00,N,LZ_NORTH,106.55
12/04/2025,22:00,N,LZ_NORTH,101.62
12/04/2025,23:00,N,LZ_NORTH,99.66
12/04/2025,24:00,N,LZ_NORTH,80.38
12/05/2025,01:00,N,LZ_NORTH,62.5
12/05/2025,02:00,N,LZ_NORTH,47.91
12/05/2025,03:00,N,LZ_NORTH,46.29
12/05/2025,04:00,N,LZ_NORTH,45.01
12/05/2025,05:00,N,LZ_NORTH,46.47
12/05/2025,06:00,N,LZ_NORTH,58.0
12/05/2025,07:00,N,LZ_NORTH,69.26
12/05/2025,08:00,N,LZ_NORTH,72.09
12/05/2025,09:00,N,LZ_NORTH,59.16
12/05/2025,10:00,N,LZ_NORTH,59.01
12/05/2025,11:00,N,LZ_NORTH,53.49
12/05/2025,12:00,N,LZ_NORTH,41.46
12/05/2025,13:00,N,LZ_NORTH,35.21
12/05/2025,14:00,N,LZ_NORTH,33.41
12/05/2025,15:00,N,LZ_NORTH,30.17
12/05/2025,16:00,N,LZ_NORTH,34.88
12/05/2025,17:00,N,LZ_NORTH,57.13
12/05/2025,18:00,N,LZ_NORTH,77.75
12/05/2025,19:00,N,LZ_NORTH,75.54
12/05/2025,20:00,N,LZ_NORTH,63.75
12/05/2025,21:00,N,LZ_NORTH,59.32
12/05/2025,22:00,N,LZ_NORTH,49.71
12/05/2025,23:00,N,LZ_NORTH,45.54
12/05/2025,24:00,N,LZ_NORTH,44.06
12/06/2025,01:00,N,LZ_NORTH,45.17
12/06/2025,02:00,N,LZ_NORTH,48.1
12/06/2025,03:00,N,LZ_NORTH,46.9
12/06/2025,04:00,N,LZ_NORTH,50.9
12/06/2025,05:00,N,LZ_NORTH,53.44
12/06/2025,06:00,N,LZ_NORTH,56.26
12/06/2025,07:00,N,LZ_NORTH,49.36
12/06/2025,08:00,N,LZ_NORTH,48.67
12/06/2025,09:00,N,LZ_NORTH,35.01
12/06/2025,10:00,N,LZ_NORTH,32.59
12/06/2025,11:00,N,LZ_NORTH,27.73
12/06/2025,12:00,N,LZ_NORTH,19.07
12/06/2025,13:00,N,LZ_NORTH,15.18
12/06/2025,14:00,N,LZ_NORTH,5.46
12/06/2025,15:00,N,LZ_NORTH,2.47
12/06/2025,16:00,N,LZ_NORTH,2.12
12/06/2025,17:00,N,LZ_NORTH,24.0
12/06/2025,18:00,N,LZ_NORTH,36.02
12/06/2025,19:00,N,LZ_NORTH,37.66
12/06/2025,20:00,N,LZ_NORTH,36.98
12/06/2025,21:00,N,LZ_NORTH,33.66
12/06/2025,22:00,N,LZ_NORTH,30.88
12/06/2025,23:00,N,LZ_NORTH,34.64
12/06/2025,24:00,N,LZ_NORTH,31.02
12/07/2025,01:00,N,LZ_NORTH,30.52
12/07/2025,02:00,N,LZ_NORTH,31.35
12/07/2025,03:00,N,LZ_NORTH,31.18
12/07/2025,04:00,N,LZ_NORTH,32.04
12/07/2025,05:00,N,LZ_NORTH,33.01
12/07/2025,06:00,N,LZ_NORTH,35.78
12/07/2025,07:00,N,LZ_NORTH,33.31
12/07/2025,08:00,N,LZ_NORTH,34.49
12/07/2025,09:00,N,LZ_NORTH,22.71
12/07/2025,10:00,N,LZ_NORTH,10.57
12/07/2025,11:00,N,LZ_NORTH,7.18
12/07/2025,12:00,N,LZ_NORTH,7.21
12/07/2025,13:00,N,LZ_NORTH,6.87
12/07/2025,14:00,N,LZ_NORTH,7.19
12/07/2025,15:00,N,LZ_NORTH,7.2
12/07/2025,16:00,N,LZ_NORTH,12.38
12/07/2025,17:00,N,LZ_NORTH,34.96
12/07/2025,18:00,N,LZ_NORTH,48.12
12/07/2025,19:00,N,LZ_NORTH,50.04
12/07/2025,20:00,N,LZ_NORTH,54.05
12/07/2025,21:00,N,LZ_NORTH,52.52
12/07/2025,22:00,N,LZ_NORTH,50.88
12/07/2025,23:00,N,LZ_NORTH,52.02
12/07/2025,24:00,N,LZ_NORTH,47.42
12/08/2025,01:00,N,LZ_NORTH,47.1
12/08/2025,02:00,N,LZ_NORTH,49.87
12/08/2025,03:00,N,LZ_NORTH,49.14
12/08/2025,04:00,N,LZ_NORTH,50.64
12/08/2025,05:00,N,LZ_NORTH,57.02
12/08/2025,06:00,N,LZ_NORTH,74.67
12/08/2025,07:00,N,LZ_NORTH,76.11
12/08/2025,08:00,N,LZ_NORTH,76.73
12/08/2025,09:00,N,LZ_NORTH,37.81
12/08/2025,10:00,N,LZ_NORTH,32.88
12/08/2025,11:00,N,LZ_NORTH,30.92
12/08/2025,12:00,N,LZ_NORTH,24.67
12/08/2025,13:00,N,LZ_NORTH,20.36
12/08/2025,14:00,N,LZ_NORTH,15.28
12/08/2025,15:00,N,LZ_NORTH,10.9
12/08/2025,16:00,N,LZ_NORTH,8.4
12/08/2025,17:00,N,LZ_NORTH,32.23
12/08/2025,18:00,N,LZ_NORTH,48.26
12/08/2025,19:00,N,LZ_NORTH,47.56
12/08/2025,20:00,N,LZ_NORTH,41.63
12/08/2025,21:00,N,LZ_NORTH,37.44
12/08/2025,22:00,N,LZ_NORTH,32.73
12/08/2025,23:00,N,LZ_NORTH,36.51
12/08/2025,24:00,N,LZ_NORTH,34.22
12/09/2025,01:00,N,LZ_NORTH,32.07
12/09/2025,02:00,N,LZ_NORTH,32.84
12/09/2025,03:00,N,LZ_NORTH,31.93
12/09/2025,04:00,N,LZ_NORTH,32.92
12/09/2025,05:00,N,LZ_NORTH,35.08
12/09/2025,06:00,N,LZ_NORTH,39.93
12/09/2025,07:00,N,LZ_NORTH,56.86
12/09/2025,08:00,N,LZ_NORTH,54.97
12/09/2025,09:00,N,LZ_NORTH,32.28
12/09/2025,10:00,N,LZ_NORTH,22.14
12/09/2025,11:00,N,LZ_NORTH,18.45
12/09/2025,12:00,N,LZ_NORTH,15.86
12/09/2025,13:00,N,LZ_NORTH,13.13
12/09/2025,14:00,N,LZ_NORTH,9.73
12/09/2025,15:00,N,LZ_NORTH,4.4
12/09/2025,16:00,N,LZ_NORTH,5.0
12/09/2025,17:00,N,LZ_NORTH,25.13
12/09/2025,18:00,N,LZ_NORTH,44.87
12/09/2025,19:00,N,LZ_NORTH,39.25
12/09/2025,20:00,N,LZ_NORTH,34.08
12/09/2025,21:00,N,LZ_NORTH,31.36
12/09/2025,22:00,N,LZ_NORTH,30.6
12/09/2025,23:00,N,LZ_NORTH,25.1
12/09/2025,24:00,N,LZ_NORTH,23.89
12/10/2025,01:00,N,LZ_NORTH,24.83
12/10/2025,02:00,N,LZ_NORTH,25.12
12/10/2025,03:00,N,LZ_NORTH,26.66
12/10/2025,04:00,N,LZ_NORTH,28.3
12/10/2025,05:00,N,LZ_NORTH,31.72
12/10/2025,06:00,N,LZ_NORTH,40.27
12/10/2025,07:00,N,LZ_NORTH,38.18
12/10/2025,08:00,N,LZ_NORTH,34.67
12/10/2025,09:00,N,LZ_NORTH,25.78
12/10/2025,10:00,N,LZ_NORTH,9.97
12/10/2025,11:00,N,LZ_NORTH,6.86
12/10/2025,12:00,N,LZ_NORTH,5.65
12/10/2025,13:00,N,LZ_NORTH,4.54
12/10/2025,14:00,N,LZ_NORTH,6.98
12/10/2025,15:00,N,LZ_NORTH,9.42
12/10/2025,16:00,N,LZ_NORTH,20.1
12/10/2025,17:00,N,LZ_NORTH,36.84
12/10/2025,18:00,N,LZ_NORTH,64.12
12/10/2025,19:00,N,LZ_NORTH,68.3
12/10/2025,20:00,N,LZ_NORTH,60.94
12/10/2025,21:00,N,LZ_NORTH,64.34
12/10/2025,22:00,N,LZ_NORTH,58.2
12/10/2025,23:00,N,LZ_NORTH,50.68
12/10/2025,24:00,N,LZ_NORTH,41.34
12/11/2025,01:00,N,LZ_NORTH,39.17
12/11/2025,02:00,N,LZ_NORTH,36.65
12/11/2025,03:00,N,LZ_NORTH,34.36
12/11/2025,04:00,N,LZ_NORTH,29.63
12/11/2025,05:00,N,LZ_NORTH,30.07
12/11/2025,06:00,N,LZ_NORTH,32.95
12/11/2025,07:00,N,LZ_NORTH,42.02
12/11/2025,08:00,N,LZ_NORTH,46.26
12/11/2025,09:00,N,LZ_NORTH,32.32
12/11/2025,10:00,N,LZ_NORTH,19.16
12/11/2025,11:00,N,LZ_NORTH,12.79
12/11/2025,12:00,N,LZ_NORTH,11.94
12/11/2025,13:00,N,LZ_NORTH,11.16
12/11/2025,14:00,N,LZ_NORTH,10.7
12/11/2025,15:00,N,LZ_NORTH,8.11
12/11/2025,16:00,N,LZ_NORTH,9.64
12/11/2025,17:00,N,LZ_NORTH,29.35
12/11/2025,18:00,N,LZ_NORTH,43.8
12/11/2025,19:00,N,LZ_NORTH,37.58
12/11/2025,20:00,N,LZ_NORTH,31.98
12/11/2025,21:00,N,LZ_NORTH,29.56
12/11/2025,22:00,N,LZ_NORTH,27.39
12/11/2025,23:00,N,LZ_NORTH,27.26
12/11/2025,24:00,N,LZ_NORTH,25.64
12/12/2025,01:00,N,LZ_NORTH,26.51
12/12/2025,02:00,N,LZ_NORTH,26.94
12/12/2025,03:00,N,LZ_NORTH,27.47
12/12/2025,04:00,N,LZ_NORTH,29.88
12/12/2025,05:00,N,LZ_NORTH,34.01
12/12/2025,06:00,N,LZ_NORTH,44.97
12/12/2025,07:00,N,LZ_NORTH,48.28
12/12/2025,08:00,N,LZ_NORTH,57.81
12/12/2025,09:00,N,LZ_NORTH,33.51
12/12/2025,10:00,N,LZ_NORTH,25.64
12/12/2025,11:00,N,LZ_NORTH,20.52
12/12/2025,12:00,N,LZ_NORTH,16.56
12/12/2025,13:00,N,LZ_NORTH,17.35
12/12/2025,14:00,N,LZ_NORTH,18.95
12/12/2025,15:00,N,LZ_NORTH,19.51
12/12/2025,16:00,N,LZ_NORTH,22.07
12/12/2025,17:00,N,LZ_NORTH,37.21
12/12/2025,18:00,N,LZ_NORTH,53.7
12/12/2025,19:00,N,LZ_NORTH,47.54
12/12/2025,20:00,N,LZ_NORTH,46.53
12/12/2025,21:00,N,LZ_NORTH,45.5
12/12/2025,22:00,N,LZ_NORTH,47.4
12/12/2025,23:00,N,LZ_NORTH,52.57
12/12/2025,24:00,N,LZ_NORTH,52.19
12/13/2025,01:00,N,LZ_NORTH,50.05
12/13/2025,02:00,N,LZ_NORTH,50.72
12/13/2025,03:00,N,LZ_NORTH,50.49
12/13/2025,04:00,N,LZ_NORTH,50.07
12/13/2025,05:00,N,LZ_NORTH,50.04
12/13/2025,06:00,N,LZ_NORTH,54.5
12/13/2025,07:00,N,LZ_NORTH,51.25
12/13/2025,08:00,N,LZ_NORTH,53.31
12/13/2025,09:00,N,LZ_NORTH,45.83
12/13/2025,10:00,N,LZ_NORTH,34.71
12/13/2025,11:00,N,LZ_NORTH,35.17
12/13/2025,12:00,N,LZ_NORTH,31.31
12/13/2025,13:00,N,LZ_NORTH,29.37
12/13/2025,14:00,N,LZ_NORTH,30.38
12/13/2025,15:00,N,LZ_NORTH,29.42
12/13/2025,16:00,N,LZ_NORTH,30.42
12/13/2025,17:00,N,LZ_NORTH,43.38
12/13/2025,18:00,N,LZ_NORTH,50.2
12/13/2025,19:00,N,LZ_NORTH,48.32
12/13/2025,20:00,N,LZ_NORTH,42.5
12/13/2025,21:00,N,LZ_NORTH,30.27
12/13/2025,22:00,N,LZ_NORTH,26.84
12/13/2025,23:00,N,LZ_NORTH,23.7
12/13/2025,24:00,N,LZ_NORTH,21.35
12/14/2025,01:00,N,LZ_NORTH,17.52
12/14/2025,02:00,N,LZ_NORTH,17.14
12/14/2025,03:00,N,LZ_NORTH,17.74
12/14/2025,04:00,N,LZ_NORTH,18.52
12/14/2025,05:00,N,LZ_NORTH,19.77
12/14/2025,06:00,N,LZ_NORTH,21.88
12/14/2025,07:00,N,LZ_NORTH,23.27
12/14/2025,08:00,N,LZ_NORTH,26.27
12/14/2025,09:00,N,LZ_NORTH,27.55
12/14/2025,10:00,N,LZ_NORTH,27.39
12/14/2025,11:00,N,LZ_NORTH,29.22
12/14/2025,12:00,N,LZ_NORTH,31.04
12/14/2025,13:00,N,LZ_NORTH,30.98
12/14/2025,14:00,N,LZ_NORTH,29.85
12/14/2025,15:00,N,LZ_NORTH,28.47
12/14/2025,16:00,N,LZ_NORTH,28.97
12/14/2025,17:00,N,LZ_NORTH,50.04
12/14/2025,18:00,N,LZ_NORTH,71.08
12/14/2025,19:00,N,LZ_NORTH,81.02
12/14/2025,20:00,N,LZ_NORTH,82.06
12/14/2025,21:00,N,LZ_NORTH,75.04
12/14/2025,22:00,N,LZ_NORTH,66.38
12/14/2025,23:00,N,LZ_NORTH,58.13
12/14/2025,24:00,N,LZ_NORTH,45.96
12/15/2025,01:00,N,LZ_NORTH,46.92
12/15/2025,02:00,N,LZ_NORTH,55.6
12/15/2025,03:00,N,LZ_NORTH,52.07
12/15/2025,04:00,N,LZ_NORTH,52.57
12/15/2025,05:00,N,LZ_NORTH,54.84
12/15/2025,06:00,N,LZ_NORTH,82.47
12/15/2025,07:00,N,LZ_NORTH,108.11
12/15/2025,08:00,N,LZ_NORTH,105.99
12/15/2025,09:00,N,LZ_NORTH,51.54
12/15/2025,10:00,N,LZ_NORTH,34.59
12/15/2025,11:00,N,LZ_NORTH,27.07
12/15/2025,12:00,N,LZ_NORTH,25.02
12/15/2025,13:00,N,LZ_NORTH,22.58
12/15/2025,14:00,N,LZ_NORTH,20.13
12/15/2025,15:00,N,LZ_NORTH,18.94
12/15/2025,16:00,N,LZ_NORTH,20.27
12/15/2025,17:00,N,LZ_NORTH,32.42
12/15/2025,18:00,N,LZ_NORTH,47.24
12/15/2025,19:00,N,LZ_NORTH,43.94
12/15/2025,20:00,N,LZ_NORTH,38.14
12/15/2025,21:00,N,LZ_NORTH,32.07
12/15/2025,22:00,N,LZ_NORTH,28.87
12/15/2025,23:00,N,LZ_NORTH,27.38
12/15/2025,24:00,N,LZ_NORTH,25.72
12/16/2025,01:00,N,LZ_NORTH,27.24
12/16/2025,02:00,N,LZ_NORTH,26.57
12/16/2025,03:00,N,LZ_NORTH,27.18
12/16/2025,04:00,N,LZ_NORTH,26.96
12/16/2025,05:00,N,LZ_NORTH,29.2
12/16/2025,06:00,N,LZ_NORTH,33.28
12/16/2025,07:00,N,LZ_NORTH,51.81
12/16/2025,08:00,N,LZ_NORTH,51.31
12/16/2025,09:00,N,LZ_NORTH,43.4
12/16/2025,10:00,N,LZ_NORTH,39.14
12/16/2025,11:00,N,LZ_NORTH,33.52
12/16/2025,12:00,N,LZ_NORTH,26.02
12/16/2025,13:00,N,LZ_NORTH,23.95
12/16/2025,14:00,N,LZ_NORTH,24.15
12/16/2025,15:00,N,LZ_NORTH,22.39
12/16/2025,16:00,N,LZ_NORTH,24.93
12/16/2025,17:00,N,LZ_NORTH,35.55
12/16/2025,18:00,N,LZ_NORTH,46.09
12/16/2025,19:00,N,LZ_NORTH,43.29
12/16/2025,20:00,N,LZ_NORTH,36.71
12/16/2025,21:00,N,LZ_NORTH,33.61
12/16/2025,22:00,N,LZ_NORTH,28.83
12/16/2025,23:00,N,LZ_NORTH,30.05
12/16/2025,24:00,N,LZ_NORTH,30.82
12/17/2025,01:00,N,LZ_NORTH,25.31
12/17/2025,02:00,N,LZ_NORTH,26.22
12/17/2025,03:00,N,LZ_NORTH,26.54
12/17/2025,04:00,N,LZ_NORTH,27.38
12/17/2025,05:00,N,LZ_NORTH,29.49
12/17/2025,06:00,N,LZ_NORTH,35.06
12/17/2025,07:00,N,LZ_NORTH,51.03
12/17/2025,08:00,N,LZ_NORTH,58.42
12/17/2025,09:00,N,LZ_NORTH,51.52
12/17/2025,10:00,N,LZ_NORTH,44.64
12/17/2025,11:00,N,LZ_NORTH,42.98
12/17/2025,12:00,N,LZ_NORTH,41.36
12/17/2025,13:00,N,LZ_NORTH,38.59
12/17/2025,14:00,N,LZ_NORTH,34.11
12/17/2025,15:00,N,LZ_NORTH,34.14
12/17/2025,16:00,N,LZ_NORTH,30.85
12/17/2025,17:00,N,LZ_NORTH,40.17
12/17/2025,18:00,N,LZ_NORTH,49.34
12/17/2025,19:00,N,LZ_NORTH,43.17
12/17/2025,20:00,N,LZ_NORTH,29.29
12/17/2025,21:00,N,LZ_NORTH,24.21
12/17/2025,22:00,N,LZ_NORTH,21.61
12/17/2025,23:00,N,LZ_NORTH,22.52
12/17/2025,24:00,N,LZ_NORTH,20.56
12/18/2025,01:00,N,LZ_NORTH,20.64
12/18/2025,02:00,N,LZ_NORTH,19.03
12/18/2025,03:00,N,LZ_NORTH,17.56
12/18/2025,04:00,N,LZ_NORTH,17.21
12/18/2025,05:00,N,LZ_NORTH,18.73
12/18/2025,06:00,N,LZ_NORTH,24.91
12/18/2025,07:00,N,LZ_NORTH,25.97
12/18/2025,08:00,N,LZ_NORTH,27.29
12/18/2025,09:00,N,LZ_NORTH,21.72
12/18/2025,10:00,N,LZ_NORTH,13.94
12/18/2025,11:00,N,LZ_NORTH,7.87
12/18/2025,12:00,N,LZ_NORTH,4.22
12/18/2025,13:00,N,LZ_NORTH,2.15
12/18/2025,14:00,N,LZ_NORTH,2.11
12/18/2025,15:00,N,LZ_NORTH,2.56
12/18/2025,16:00,N,LZ_NORTH,5.53
12/18/2025,17:00,N,LZ_NORTH,24.72
12/18/2025,18:00,N,LZ_NORTH,51.86
12/18/2025,19:00,N,LZ_NORTH,49.75
12/18/2025,20:00,N,LZ_NORTH,50.6
12/18/2025,21:00,N,LZ_NORTH,48.07
12/18/2025,22:00,N,LZ_NORTH,52.56
12/18/2025,23:00,N,LZ_NORTH,45.43
12/18/2025,24:00,N,LZ_NORTH,36.32
12/19/2025,01:00,N,LZ_NORTH,36.25
12/19/2025,02:00,N,LZ_NORTH,33.52
12/19/2025,03:00,N,LZ_NORTH,29.85
12/19/2025,04:00,N,LZ_NORTH,28.25
12/19/2025,05:00,N,LZ_NORTH,26.8
12/19/2025,06:00,N,LZ_NORTH,28.69
12/19/2025,07:00,N,LZ_NORTH,29.36
12/19/2025,08:00,N,LZ_NORTH,29.11
12/19/2025,09:00,N,LZ_NORTH,26.36
12/19/2025,10:00,N,LZ_NORTH,17.77
12/19/2025,11:00,N,LZ_NORTH,10.36
12/19/2025,12:00,N,LZ_NORTH,8.03
12/19/2025,13:00,N,LZ_NORTH,6.4
12/19/2025,14:00,N,LZ_NORTH,5.49
12/19/2025,15:00,N,LZ_NORTH,6.12
12/19/2025,16:00,N,LZ_NORTH,6.09
12/19/2025,17:00,N,LZ_NORTH,20.81
12/19/2025,18:00,N,LZ_NORTH,26.43
12/19/2025,19:00,N,LZ_NORTH,28.53
12/19/2025,20:00,N,LZ_NORTH,30.07
12/19/2025,21:00,N,LZ_NORTH,28.78
12/19/2025,22:00,N,LZ_NORTH,24.22
12/19/2025,23:00,N,LZ_NORTH,23.18
12/19/2025,24:00,N,LZ_NORTH,22.53
12/20/2025,01:00,N,LZ_NORTH,21.13
12/20/2025,02:00,N,LZ_NORTH,18.68
12/20/2025,03:00,N,LZ_NORTH,17.42
12/20/2025,04:00,N,LZ_NORTH,17.51
12/20/2025,05:00,N,LZ_NORTH,19.16
12/20/2025,06:00,N,LZ_NORTH,21.66
12/20/2025,07:00,N,LZ_NORTH,21.97
12/20/2025,08:00,N,LZ_NORTH,21.36
12/20/2025,09:00,N,LZ_NORTH,18.03
12/20/2025,10:00,N,LZ_NORTH,11.4
12/20/2025,11:00,N,LZ_NORTH,10.3
12/20/2025,12:00,N,LZ_NORTH,10.15
12/20/2025,13:00,N,LZ_NORTH,9.65
12/20/2025,14:00,N,LZ_NORTH,8.51
12/20/2025,15:00,N,LZ_NORTH,8.42
12/20/2025,16:00,N,LZ_NORTH,11.46
12/20/2025,17:00,N,LZ_NORTH,26.75
12/20/2025,18:00,N,LZ_NORTH,36.79
12/20/2025,19:00,N,LZ_NORTH,30.58
12/20/2025,20:00,N,LZ_NORTH,25.58
12/20/2025,21:00,N,LZ_NORTH,23.84
12/20/2025,22:00,N,LZ_NORTH,24.38
12/20/2025,23:00,N,LZ_NORTH,23.5
12/20/2025,24:00,N,LZ_NORTH,22.11
12/21/2025,01:00,N,LZ_NORTH,22.73
12/21/2025,02:00,N,LZ_NORTH,26.4
12/21/2025,03:00,N,LZ_NORTH,26.05
12/21/2025,04:00,N,LZ_NORTH,25.72
12/21/2025,05:00,N,LZ_NORTH,23.87
12/21/2025,06:00,N,LZ_NORTH,24.72
12/21/2025,07:00,N,LZ_NORTH,25.15
12/21/2025,08:00,N,LZ_NORTH,30.04
12/21/2025,09:00,N,LZ_NORTH,28.16
12/21/2025,10:00,N,LZ_NORTH,24.48
12/21/2025,11:00,N,LZ_NORTH,27.03
12/21/2025,12:00,N,LZ_NORTH,26.98
12/21/2025,13:00,N,LZ_NORTH,26.68
12/21/2025,14:00,N,LZ_NORTH,26.57
12/21/2025,15:00,N,LZ_NORTH,26.28
12/21/2025,16:00,N,LZ_NORTH,26.53
12/21/2025,17:00,N,LZ_NORTH,37.41
12/21/2025,18:00,N,LZ_NORTH,53.67
12/21/2025,19:00,N,LZ_NORTH,50.06
12/21/2025,20:00,N,LZ_NORTH,46.89
12/21/2025,21:00,N,LZ_NORTH,37.95
12/21/2025,22:00,N,LZ_NORTH,34.1
12/21/2025,23:00,N,LZ_NORTH,28.88
12/21/2025,24:00,N,LZ_NORTH,27.1
12/22/2025,01:00,N,LZ_NORTH,23.8
12/22/2025,02:00,N,LZ_NORTH,22.97
12/22/2025,03:00,N,LZ_NORTH,22.94
12/22/2025,04:00,N,LZ_NORTH,21.43
12/22/2025,05:00,N,LZ_NORTH,21.6
12/22/2025,06:00,N,LZ_NORTH,23.38
12/22/2025,07:00,N,LZ_NORTH,23.26
12/22/2025,08:00,N,LZ_NORTH,23.87
12/22/2025,09:00,N,LZ_NORTH,22.11
12/22/2025,10:00,N,LZ_NORTH,19.9
12/22/2025,11:00,N,LZ_NORTH,20.28
12/22/2025,12:00,N,LZ_NORTH,18.34
12/22/2025,13:00,N,LZ_NORTH,15.45
12/22/2025,14:00,N,LZ_NORTH,13.86
12/22/2025,15:00,N,LZ_NORTH,13.57
12/22/2025,16:00,N,LZ_NORTH,12.05
12/22/2025,17:00,N,LZ_NORTH,21.01
12/22/2025,18:00,N,LZ_NORTH,26.96
12/22/2025,19:00,N,LZ_NORTH,25.81
12/22/2025,20:00,N,LZ_NORTH,24.07
12/22/2025,21:00,N,LZ_NORTH,23.0
12/22/2025,22:00,N,LZ_NORTH,21.2
12/22/2025,23:00,N,LZ_NORTH,21.04
12/22/2025,24:00,N,LZ_NORTH,17.72
12/23/2025,01:00,N,LZ_NORTH,17.57
12/23/2025,02:00,N,LZ_NORTH,16.06
12/23/2025,03:00,N,LZ_NORTH,15.19
12/23/2025,04:00,N,LZ_NORTH,15.9
12/23/2025,05:00,N,LZ_NORTH,16.91
12/23/2025,06:00,N,LZ_NORTH,20.26
12/23/2025,07:00,N,LZ_NORTH,21.31
12/23/2025,08:00,N,LZ_NORTH,22.98
12/23/2025,09:00,N,LZ_NORTH,22.26
12/23/2025,10:00,N,LZ_NORTH,19.42
12/23/2025,11:00,N,LZ_NORTH,17.97
12/23/2025,12:00,N,LZ_NORTH,16.89
12/23/2025,13:00,N,LZ_NORTH,17.89
12/23/2025,14:00,N,LZ_NORTH,16.6
12/23/2025,15:00,N,LZ_NORTH,17.12
12/23/2025,16:00,N,LZ_NORTH,18.45
12/23/2025,17:00,N,LZ_NORTH,29.64
12/23/2025,18:00,N,LZ_NORTH,39.83
12/23/2025,19:00,N,LZ_NORTH,31.2
12/23/2025,20:00,N,LZ_NORTH,25.04
12/23/2025,21:00,N,LZ_NORTH,21.79
12/23/2025,22:00,N,LZ_NORTH,20.1
12/23/2025,23:00,N,LZ_NORTH,21.8
12/23/2025,24:00,N,LZ_NORTH,18.04
12/24/2025,01:00,N,LZ_NORTH,18.37
12/24/2025,02:00,N,LZ_NORTH,16.81
12/24/2025,03:00,N,LZ_NORTH,16.96
12/24/2025,04:00,N,LZ_NORTH,17.79
12/24/2025,05:00,N,LZ_NORTH,18.74
12/24/2025,06:00,N,LZ_NORTH,22.0
12/24/2025,07:00,N,LZ_NORTH,23.53
12/24/2025,08:00,N,LZ_NORTH,26.41
12/24/2025,09:00,N,LZ_NORTH,23.35
12/24/2025,10:00,N,LZ_NORTH,21.69
12/24/2025,11:00,N,LZ_NORTH,19.06
12/24/2025,12:00,N,LZ_NORTH,17.86
12/24/2025,13:00,N,LZ_NORTH,16.43
12/24/2025,14:00,N,LZ_NORTH,17.21
12/24/2025,15:00,N,LZ_NORTH,17.75
12/24/2025,16:00,N,LZ_NORTH,19.84
12/24/2025,17:00,N,LZ_NORTH,31.94
12/24/2025,18:00,N,LZ_NORTH,38.09
12/24/2025,19:00,N,LZ_NORTH,27.65
12/24/2025,20:00,N,LZ_NORTH,24.29
12/24/2025,21:00,N,LZ_NORTH,22.04
12/24/2025,22:00,N,LZ_NORTH,20.19
12/24/2025,23:00,N,LZ_NORTH,20.5
12/24/2025,24:00,N,LZ_NORTH,18.6
12/25/2025,01:00,N,LZ_NORTH,17.55
12/25/2025,02:00,N,LZ_NORTH,17.19
12/25/2025,03:00,N,LZ_NORTH,17.31
12/25/2025,04:00,N,LZ_NORTH,17.52
12/25/2025,05:00,N,LZ_NORTH,16.91
12/25/2025,06:00,N,LZ_NORTH,17.57
12/25/2025,07:00,N,LZ_NORTH,15.59
12/25/2025,08:00,N,LZ_NORTH,18.11
12/25/2025,09:00,N,LZ_NORTH,17.23
12/25/2025,10:00,N,LZ_NORTH,14.72
12/25/2025,11:00,N,LZ_NORTH,15.57
12/25/2025,12:00,N,LZ_NORTH,15.94
12/25/2025,13:00,N,LZ_NORTH,16.12
12/25/2025,14:00,N,LZ_NORTH,16.52
12/25/2025,15:00,N,LZ_NORTH,17.2
12/25/2025,16:00,N,LZ_NORTH,18.26
12/25/2025,17:00,N,LZ_NORTH,23.8
12/25/2025,18:00,N,LZ_NORTH,35.82
12/25/2025,19:00,N,LZ_NORTH,27.37
12/25/2025,20:00,N,LZ_NORTH,21.04
12/25/2025,21:00,N,LZ_NORTH,19.06
12/25/2025,22:00,N,LZ_NORTH,17.94
12/25/2025,23:00,N,LZ_NORTH,17.31
12/25/2025,24:00,N,LZ_NORTH,15.89
12/26/2025,01:00,N,LZ_NORTH,14.98
12/26/2025,02:00,N,LZ_NORTH,14.99
12/26/2025,03:00,N,LZ_NORTH,14.56
12/26/2025,04:00,N,LZ_NORTH,14.05
12/26/2025,05:00,N,LZ_NORTH,14.1
12/26/2025,06:00,N,LZ_NORTH,15.51
12/26/2025,07:00,N,LZ_NORTH,17.68
12/26/2025,08:00,N,LZ_NORTH,19.64
12/26/2025,09:00,N,LZ_NORTH,19.4
12/26/2025,10:00,N,LZ_NORTH,18.38
12/26/2025,11:00,N,LZ_NORTH,20.52
12/26/2025,12:00,N,LZ_NORTH,22.05
12/26/2025,13:00,N,LZ_NORTH,24.22
12/26/2025,14:00,N,LZ_NORTH,24.59
12/26/2025,15:00,N,LZ_NORTH,25.25
12/26/2025,16:00,N,LZ_NORTH,22.76
12/26/2025,17:00,N,LZ_NORTH,44.1
12/26/2025,18:00,N,LZ_NORTH,60.5
12/26/2025,19:00,N,LZ_NORTH,40.38
12/26/2025,20:00,N,LZ_NORTH,26.13
12/26/2025,21:00,N,LZ_NORTH,24.08
12/26/2025,22:00,N,LZ_NORTH,22.13
12/26/2025,23:00,N,LZ_NORTH,18.95
12/26/2025,24:00,N,LZ_NORTH,16.46
12/27/2025,01:00,N,LZ_NORTH,16.88
12/27/2025,02:00,N,LZ_NORTH,15.13
12/27/2025,03:00,N,LZ_NORTH,14.43
12/27/2025,04:00,N,LZ_NORTH,13.03
12/27/2025,05:00,N,LZ_NORTH,13.09
12/27/2025,06:00,N,LZ_NORTH,14.1
12/27/2025,07:00,N,LZ_NORTH,12.78
12/27/2025,08:00,N,LZ_NORTH,12.86
12/27/2025,09:00,N,LZ_NORTH,11.9
12/27/2025,10:00,N,LZ_NORTH,10.19
12/27/2025,11:00,N,LZ_NORTH,10.72
12/27/2025,12:00,N,LZ_NORTH,10.56
12/27/2025,13:00,N,LZ_NORTH,9.52
12/27/2025,14:00,N,LZ_NORTH,10.16
12/27/2025,15:00,N,LZ_NORTH,9.79
12/27/2025,16:00,N,LZ_NORTH,9.87
12/27/2025,17:00,N,LZ_NORTH,17.01
12/27/2025,18:00,N,LZ_NORTH,25.19
12/27/2025,19:00,N,LZ_NORTH,21.57
12/27/2025,20:00,N,LZ_NORTH,19.32
12/27/2025,21:00,N,LZ_NORTH,16.74
12/27/2025,22:00,N,LZ_NORTH,15.07
12/27/2025,23:00,N,LZ_NORTH,16.73
12/27/2025,24:00,N,LZ_NORTH,15.32
12/28/2025,01:00,N,LZ_NORTH,13.08
12/28/2025,02:00,N,LZ_NORTH,10.38
12/28/2025,03:00,N,LZ_NORTH,8.85
12/28/2025,04:00,N,LZ_NORTH,8.99
12/28/2025,05:00,N,LZ_NORTH,10.86
12/28/2025,06:00,N,LZ_NORTH,13.3
12/28/2025,07:00,N,LZ_NORTH,12.85
12/28/2025,08:00,N,LZ_NORTH,14.01
12/28/2025,09:00,N,LZ_NORTH,14.71
12/28/2025,10:00,N,LZ_NORTH,13.24
12/28/2025,11:00,N,LZ_NORTH,11.2
12/28/2025,12:00,N,LZ_NORTH,10.34
12/28/2025,13:00,N,LZ_NORTH,9.45
12/28/2025,14:00,N,LZ_NORTH,9.21
12/28/2025,15:00,N,LZ_NORTH,10.61
12/28/2025,16:00,N,LZ_NORTH,9.97
12/28/2025,17:00,N,LZ_NORTH,15.68
12/28/2025,18:00,N,LZ_NORTH,20.12
12/28/2025,19:00,N,LZ_NORTH,19.46
12/28/2025,20:00,N,LZ_NORTH,17.64
12/28/2025,21:00,N,LZ_NORTH,15.31
12/28/2025,22:00,N,LZ_NORTH,14.68
12/28/2025,23:00,N,LZ_NORTH,16.69
12/28/2025,24:00,N,LZ_NORTH,15.12
12/29/2025,01:00,N,LZ_NORTH,18.28
12/29/2025,02:00,N,LZ_NORTH,19.46
12/29/2025,03:00,N,LZ_NORTH,18.94
12/29/2025,04:00,N,LZ_NORTH,20.09
12/29/2025,05:00,N,LZ_NORTH,21.01
12/29/2025,06:00,N,LZ_NORTH,24.0
12/29/2025,07:00,N,LZ_NORTH,25.61
12/29/2025,08:00,N,LZ_NORTH,31.09
12/29/2025,09:00,N,LZ_NORTH,27.53
12/29/2025,10:00,N,LZ_NORTH,21.86
12/29/2025,11:00,N,LZ_NORTH,18.95
12/29/2025,12:00,N,LZ_NORTH,17.49
12/29/2025,13:00,N,LZ_NORTH,16.56
12/29/2025,14:00,N,LZ_NORTH,19.02
12/29/2025,15:00,N,LZ_NORTH,22.24
12/29/2025,16:00,N,LZ_NORTH,26.27
12/29/2025,17:00,N,LZ_NORTH,34.51
12/29/2025,18:00,N,LZ_NORTH,48.51
12/29/2025,19:00,N,LZ_NORTH,59.6
12/29/2025,20:00,N,LZ_NORTH,70.37
12/29/2025,21:00,N,LZ_NORTH,68.42
12/29/2025,22:00,N,LZ_NORTH,61.48
12/29/2025,23:00,N,LZ_NORTH,51.72
12/29/2025,24:00,N,LZ_NORTH,45.91
12/30/2025,01:00,N,LZ_NORTH,49.16
12/30/2025,02:00,N,LZ_NORTH,47.59
12/30/2025,03:00,N,LZ_NORTH,50.52
12/30/2025,04:00,N,LZ_NORTH,50.48
12/30/2025,05:00,N,LZ_NORTH,49.28
12/30/2025,06:00,N,LZ_NORTH,72.95
12/30/2025,07:00,N,LZ_NORTH,81.9
12/30/2025,08:00,N,LZ_NORTH,86.78
12/30/2025,09:00,N,LZ_NORTH,42.69
12/30/2025,10:00,N,LZ_NORTH,25.33
12/30/2025,11:00,N,LZ_NORTH,24.15
12/30/2025,12:00,N,LZ_NORTH,20.14
12/30/2025,13:00,N,LZ_NORTH,17.01
12/30/2025,14:00,N,LZ_NORTH,14.58
12/30/2025,15:00,N,LZ_NORTH,10.22
12/30/2025,16:00,N,LZ_NORTH,10.39
12/30/2025,17:00,N,LZ_NORTH,23.59
12/30/2025,18:00,N,LZ_NORTH,42.09
12/30/2025,19:00,N,LZ_NORTH,42.47
12/30/2025,20:00,N,LZ_NORTH,37.53
12/30/2025,21:00,N,LZ_NORTH,35.1
12/30/2025,22:00,N,LZ_NORTH,30.55
12/30/2025,23:00,N,LZ_NORTH,28.54
12/30/2025,24:00,N,LZ_NORTH,26.68
12/31/2025,01:00,N,LZ_NORTH,27.9
12/31/2025,02:00,N,LZ_NORTH,28.46
12/31/2025,03:00,N,LZ_NORTH,28.1
12/31/2025,04:00,N,LZ_NORTH,29.87
12/31/2025,05:00,N,LZ_NORTH,36.59
12/31/2025,06:00,N,LZ_NORTH,44.76
12/31/2025,07:00,N,LZ_NORTH,48.93
12/31/2025,08:00,N,LZ_NORTH,45.77
12/31/2025,09:00,N,LZ_NORTH,27.38
12/31/2025,10:00,N,LZ_NORTH,22.63
12/31/2025,11:00,N,LZ_NORTH,21.7
12/31/2025,12:00,N,LZ_NORTH,18.65
12/31/2025,13:00,N,LZ_NORTH,17.13
12/31/2025,14:00,N,LZ_NORTH,14.4
12/31/2025,15:00,N,LZ_NORTH,11.47
12/31/2025,16:00,N,LZ_NORTH,10.36
12/31/2025,17:00,N,LZ_NORTH,23.56
12/31/2025,18:00,N,LZ_NORTH,47.88
12/31/2025,19:00,N,LZ_NORTH,44.03
12/31/2025,20:00,N,LZ_NORTH,33.58
12/31/2025,21:00,N,LZ_NORTH,26.45
12/31/2025,22:00,N,LZ_NORTH,22.42
12/31/2025,23:00,N,LZ_NORTH,24.04
12/31/2025,24:00,N,LZ_NORTH,22.66
01/01/2026,01:00,N,LZ_NORTH,20.75
01/01/2026,02:00,N,LZ_NORTH,20.98
01/01/2026,03:00,N,LZ_NORTH,21.25
01/01/2026,04:00,N,LZ_NORTH,22.03
01/01/2026,05:00,N,LZ_NORTH,24.0
01/01/2026,06:00,N,LZ_NORTH,28.98
01/01/2026,07:00,N,LZ_NORTH,32.89
01/01/2026,08:00,N,LZ_NORTH,32.71
01/01/2026,09:00,N,LZ_NORTH,22.51
01/01/2026,10:00,N,LZ_NORTH,18.0
01/01/2026,11:00,N,LZ_NORTH,18.95
01/01/2026,12:00,N,LZ_NORTH,16.88
01/01/2026,13:00,N,LZ_NORTH,16.57
01/01/2026,14:00,N,LZ_NORTH,14.3
01/01/2026,15:00,N,LZ_NORTH,10.41
01/01/2026,16:00,N,LZ_NORTH,13.65
01/01/2026,17:00,N,LZ_NORTH,20.99
01/01/2026,18:00,N,LZ_NORTH,25.71
01/01/2026,19:00,N,LZ_NORTH,25.31
01/01/2026,20:00,N,LZ_NORTH,20.54
01/01/2026,21:00,N,LZ_NORTH,16.57
01/01/2026,22:00,N,LZ_NORTH,14.12
01/01/2026,23:00,N,LZ_NORTH,16.23
01/01/2026,24:00,N,LZ_NORTH,14.31
01/02/2026,01:00,N,LZ_NORTH,16.29
01/02/2026,02:00,N,LZ_NORTH,13.0
01/02/2026,03:00,N,LZ_NORTH,10.89
01/02/2026,04:00,N,LZ_NORTH,11.27
01/02/2026,05:00,N,LZ_NORTH,14.29
01/02/2026,06:00,N,LZ_NORTH,17.35
01/02/2026,07:00,N,LZ_NORTH,19.54
01/02/2026,08:00,N,LZ_NORTH,20.31
01/02/2026,09:00,N,LZ_NORTH,15.79
01/02/2026,10:00,N,LZ_NORTH,4.3
01/02/2026,11:00,N,LZ_NORTH,4.64
01/02/2026,12:00,N,LZ_NORTH,4.92
01/02/2026,13:00,N,LZ_NORTH,5.61
01/02/2026,14:00,N,LZ_NORTH,9.55
01/02/2026,15:00,N,LZ_NORTH,9.75
01/02/2026,16:00,N,LZ_NORTH,8.74
01/02/2026,17:00,N,LZ_NORTH,19.95
01/02/2026,18:00,N,LZ_NORTH,41.81
01/02/2026,19:00,N,LZ_NORTH,31.18
01/02/2026,20:00,N,LZ_NORTH,24.06
01/02/2026,21:00,N,LZ_NORTH,22.07
01/02/2026,22:00,N,LZ_NORTH,20.09
01/02/2026,23:00,N,LZ_NORTH,20.65
01/02/2026,24:00,N,LZ_NORTH,19.33
01/03/2026,01:00,N,LZ_NORTH,15.71
01/03/2026,02:00,N,LZ_NORTH,15.84
01/03/2026,03:00,N,LZ_NORTH,16.18
01/03/2026,04:00,N,LZ_NORTH,17.57
01/03/2026,05:00,N,LZ_NORTH,16.64
01/03/2026,06:00,N,LZ_NORTH,20.26
01/03/2026,07:00,N,LZ_NORTH,22.89
01/03/2026,08:00,N,LZ_NORTH,25.15
01/03/2026,09:00,N,LZ_NORTH,18.47
01/03/2026,10:00,N,LZ_NORTH,15.11
01/03/2026,11:00,N,LZ_NORTH,15.56
01/03/2026,12:00,N,LZ_NORTH,15.89
01/03/2026,13:00,N,LZ_NORTH,16.06
01/03/2026,14:00,N,LZ_NORTH,16.76
01/03/2026,15:00,N,LZ_NORTH,15.82
01/03/2026,16:00,N,LZ_NORTH,14.69
01/03/2026,17:00,N,LZ_NORTH,24.44
01/03/2026,18:00,N,LZ_NORTH,49.94
01/03/2026,19:00,N,LZ_NORTH,44.81
01/03/2026,20:00,N,LZ_NORTH,40.23
01/03/2026,21:00,N,LZ_NORTH,32.94
01/03/2026,22:00,N,LZ_NORTH,27.83
01/03/2026,23:00,N,LZ_NORTH,26.41
01/03/2026,24:00,N,LZ_NORTH,25.48
01/04/2026,01:00,N,LZ_NORTH,22.24
01/04/2026,02:00,N,LZ_NORTH,21.18
01/04/2026,03:00,N,LZ_NORTH,20.0
01/04/2026,04:00,N,LZ_NORTH,20.85
01/04/2026,05:00,N,LZ_NORTH,20.7
01/04/2026,06:00,N,LZ_NORTH,21.14
01/04/2026,07:00,N,LZ_NORTH,19.78
01/04/2026,08:00,N,LZ_NORTH,19.85
01/04/2026,09:00,N,LZ_NORTH,16.01
01/04/2026,10:00,N,LZ_NORTH,7.48
01/04/2026,11:00,N,LZ_NORTH,7.47
01/04/2026,12:00,N,LZ_NORTH,3.29
01/04/2026,13:00,N,LZ_NORTH,1.79
01/04/2026,14:00,N,LZ_NORTH,1.08
01/04/2026,15:00,N,LZ_NORTH,0.82
01/04/2026,16:00,N,LZ_NORTH,0.24
01/04/2026,17:00,N,LZ_NORTH,9.9
01/04/2026,18:00,N,LZ_NORTH,22.83
01/04/2026,19:00,N,LZ_NORTH,22.84
01/04/2026,20:00,N,LZ_NORTH,19.5
01/04/2026,21:00,N,LZ_NORTH,16.37
01/04/2026,22:00,N,LZ_NORTH,14.92
01/04/2026,23:00,N,LZ_NORTH,16.15
01/04/2026,24:00,N,LZ_NORTH,14.49
01/05/2026,01:00,N,LZ_NORTH,10.66
01/05/2026,02:00,N,LZ_NORTH,10.21
01/05/2026,03:00,N,LZ_NORTH,10.26
01/05/2026,04:00,N,LZ_NORTH,12.63
01/05/2026,05:00,N,LZ_NORTH,13.97
01/05/2026,06:00,N,LZ_NORTH,17.3
01/05/2026,07:00,N,LZ_NORTH,21.57
01/05/2026,08:00,N,LZ_NORTH,22.29
01/05/2026,09:00,N,LZ_NORTH,20.95
01/05/2026,10:00,N,LZ_NORTH,16.4
01/05/2026,11:00,N,LZ_NORTH,13.01
01/05/2026,12:00,N,LZ_NORTH,11.52
01/05/2026,13:00,N,LZ_NORTH,9.23
01/05/2026,14:00,N,LZ_NORTH,8.59
01/05/2026,15:00,N,LZ_NORTH,7.46
01/05/2026,16:00,N,LZ_NORTH,6.25
01/05/2026,17:00,N,LZ_NORTH,17.11
01/05/2026,18:00,N,LZ_NORTH,30.95
01/05/2026,19:00,N,LZ_NORTH,25.64
01/05/2026,20:00,N,LZ_NORTH,22.02
01/05/2026,21:00,N,LZ_NORTH,20.48
01/05/2026,22:00,N,LZ_NORTH,16.62
01/05/2026,23:00,N,LZ_NORTH,15.91
01/05/2026,24:00,N,LZ_NORTH,14.72
01/06/2026,01:00,N,LZ_NORTH,14.86
01/06/2026,02:00,N,LZ_NORTH,14.67
01/06/2026,03:00,N,LZ_NORTH,14.27
01/06/2026,04:00,N,LZ_NORTH,13.56
01/06/2026,05:00,N,LZ_NORTH,13.82
01/06/2026,06:00,N,LZ_NORTH,17.17
01/06/2026,07:00,N,LZ_NORTH,23.32
01/06/2026,08:00,N,LZ_NORTH,26.38
01/06/2026,09:00,N,LZ_NORTH,20.82
01/06/2026,10:00,N,LZ_NORTH,17.83
01/06/2026,11:00,N,LZ_NORTH,18.88
01/06/2026,12:00,N,LZ_NORTH,18.98
01/06/2026,13:00,N,LZ_NORTH,18.85
01/06/2026,14:00,N,LZ_NORTH,20.93
01/06/2026,15:00,N,LZ_NORTH,20.3
01/06/2026,16:00,N,LZ_NORTH,18.79
01/06/2026,17:00,N,LZ_NORTH,27.99
01/06/2026,18:00,N,LZ_NORTH,52.39
01/06/2026,19:00,N,LZ_NORTH,47.18
01/06/2026,20:00,N,LZ_NORTH,46.43
01/06/2026,21:00,N,LZ_NORTH,40.17
01/06/2026,22:00,N,LZ_NORTH,33.17
01/06/2026,23:00,N,LZ_NORTH,27.57
01/06/2026,24:00,N,LZ_NORTH,21.89
01/07/2026,01:00,N,LZ_NORTH,22.01
01/07/2026,02:00,N,LZ_NORTH,21.33
01/07/2026,03:00,N,LZ_NORTH,20.14
01/07/2026,04:00,N,LZ_NORTH,19.26
01/07/2026,05:00,N,LZ_NORTH,19.35
01/07/2026,06:00,N,LZ_NORTH,20.75
01/07/2026,07:00,N,LZ_NORTH,24.96
01/07/2026,08:00,N,LZ_NORTH,26.27
01/07/2026,09:00,N,LZ_NORTH,16.62
01/07/2026,10:00,N,LZ_NORTH,15.59
01/07/2026,11:00,N,LZ_NORTH,13.93
01/07/2026,12:00,N,LZ_NORTH,12.98
01/07/2026,13:00,N,LZ_NORTH,11.64
01/07/2026,14:00,N,LZ_NORTH,9.06
01/07/2026,15:00,N,LZ_NORTH,8.7
01/07/2026,16:00,N,LZ_NORTH,10.57
01/07/2026,17:00,N,LZ_NORTH,19.31
01/07/2026,18:00,N,LZ_NORTH,31.45
01/07/2026,19:00,N,LZ_NORTH,26.62
01/07/2026,20:00,N,LZ_NORTH,22.16
01/07/2026,21:00,N,LZ_NORTH,19.35
01/07/2026,22:00,N,LZ_NORTH,16.84
01/07/2026,23:00,N,LZ_NORTH,15.52
01/07/2026,24:00,N,LZ_NORTH,12.74
01/08/2026,01:00,N,LZ_NORTH,12.08
01/08/2026,02:00,N,LZ_NORTH,11.46
01/08/2026,03:00,N,LZ_NORTH,11.36
01/08/2026,04:00,N,LZ_NORTH,12.09
01/08/2026,05:00,N,LZ_NORTH,12.36
01/08/2026,06:00,N,LZ_NORTH,14.12
01/08/2026,07:00,N,LZ_NORTH,15.52
01/08/2026,08:00,N,LZ_NORTH,15.97
01/08/2026,09:00,N,LZ_NORTH,15.72
01/08/2026,10:00,N,LZ_NORTH,13.59
01/08/2026,11:00,N,LZ_NORTH,9.51
01/08/2026,12:00,N,LZ_NORTH,7.71
01/08/2026,13:00,N,LZ_NORTH,7.31
01/08/2026,14:00,N,LZ_NORTH,8.68
01/08/2026,15:00,N,LZ_NORTH,10.06
01/08/2026,16:00,N,LZ_NORTH,11.28
01/08/2026,17:00,N,LZ_NORTH,17.01
01/08/2026,18:00,N,LZ_NORTH,32.83
01/08/2026,19:00,N,LZ_NORTH,29.75
01/08/2026,20:00,N,LZ_NORTH,28.09
01/08/2026,21:00,N,LZ_NORTH,25.61
01/08/2026,22:00,N,LZ_NORTH,23.6
01/08/2026,23:00,N,LZ_NORTH,24.92
01/08/2026,24:00,N,LZ_NORTH,22.09
01/09/2026,01:00,N,LZ_NORTH,25.13
01/09/2026,02:00,N,LZ_NORTH,26.94
01/09/2026,03:00,N,LZ_NORTH,28.69
01/09/2026,04:00,N,LZ_NORTH,28.37
01/09/2026,05:00,N,LZ_NORTH,29.07
01/09/2026,06:00,N,LZ_NORTH,33.57
01/09/2026,07:00,N,LZ_NORTH,35.55
01/09/2026,08:00,N,LZ_NORTH,39.14
01/09/2026,09:00,N,LZ_NORTH,30.88
01/09/2026,10:00,N,LZ_NORTH,23.49
01/09/2026,11:00,N,LZ_NORTH,20.14
01/09/2026,12:00,N,LZ_NORTH,16.87
01/09/2026,13:00,N,LZ_NORTH,16.65
01/09/2026,14:00,N,LZ_NORTH,17.5
01/09/2026,15:00,N,LZ_NORTH,17.06
01/09/2026,16:00,N,LZ_NORTH,18.77
01/09/2026,17:00,N,LZ_NORTH,23.68
01/09/2026,18:00,N,LZ_NORTH,34.17
01/09/2026,19:00,N,LZ_NORTH,31.01
01/09/2026,20:00,N,LZ_NORTH,25.79
01/09/2026,21:00,N,LZ_NORTH,22.21
01/09/2026,22:00,N,LZ_NORTH,19.91
01/09/2026,23:00,N,LZ_NORTH,18.36
01/09/2026,24:00,N,LZ_NORTH,17.86
01/10/2026,01:00,N,LZ_NORTH,15.77
01/10/2026,02:00,N,LZ_NORTH,14.64
01/10/2026,03:00,N,LZ_NORTH,13.95
01/10/2026,04:00,N,LZ_NORTH,12.1
01/10/2026,05:00,N,LZ_NORTH,11.56
01/10/2026,06:00,N,LZ_NORTH,13.46
01/10/2026,07:00,N,LZ_NORTH,15.79
01/10/2026,08:00,N,LZ_NORTH,18.85
01/10/2026,09:00,N,LZ_NORTH,18.27
01/10/2026,10:00,N,LZ_NORTH,9.07
01/10/2026,11:00,N,LZ_NORTH,7.55
01/10/2026,12:00,N,LZ_NORTH,5.51
01/10/2026,13:00,N,LZ_NORTH,5.43
01/10/2026,14:00,N,LZ_NORTH,4.8
01/10/2026,15:00,N,LZ_NORTH,4.73
01/10/2026,16:00,N,LZ_NORTH,5.79
01/10/2026,17:00,N,LZ_NORTH,16.97
01/10/2026,18:00,N,LZ_NORTH,30.04
01/10/2026,19:00,N,LZ_NORTH,40.13
01/10/2026,20:00,N,LZ_NORTH,45.62
01/10/2026,21:00,N,LZ_NORTH,48.9
01/10/2026,22:00,N,LZ_NORTH,50.12
01/10/2026,23:00,N,LZ_NORTH,49.06
01/10/2026,24:00,N,LZ_NORTH,45.02
01/11/2026,01:00,N,LZ_NORTH,29.65
01/11/2026,02:00,N,LZ_NORTH,25.58
01/11/2026,03:00,N,LZ_NORTH,23.28
01/11/2026,04:00,N,LZ_NORTH,22.47
01/11/2026,05:00,N,LZ_NORTH,22.56
01/11/2026,06:00,N,LZ_NORTH,21.11
01/11/2026,07:00,N,LZ_NORTH,21.83
01/11/2026,08:00,N,LZ_NORTH,26.48
01/11/2026,09:00,N,LZ_NORTH,19.86
01/11/2026,10:00,N,LZ_NORTH,15.84
01/11/2026,11:00,N,LZ_NORTH,15.12
01/11/2026,12:00,N,LZ_NORTH,14.69
01/11/2026,13:00,N,LZ_NORTH,13.95
01/11/2026,14:00,N,LZ_NORTH,13.09
01/11/2026,15:00,N,LZ_NORTH,11.08
01/11/2026,16:00,N,LZ_NORTH,13.97
01/11/2026,17:00,N,LZ_NORTH,20.43
01/11/2026,18:00,N,LZ_NORTH,41.85
01/11/2026,19:00,N,LZ_NORTH,46.81
01/11/2026,20:00,N,LZ_NORTH,46.97
01/11/2026,21:00,N,LZ_NORTH,43.64
01/11/2026,22:00,N,LZ_NORTH,39.94
01/11/2026,23:00,N,LZ_NORTH,35.72
01/11/2026,24:00,N,LZ_NORTH,30.97
01/12/2026,01:00,N,LZ_NORTH,29.88
01/12/2026,02:00,N,LZ_NORTH,27.46
01/12/2026,03:00,N,LZ_NORTH,26.32
01/12/2026,04:00,N,LZ_NORTH,26.59
01/12/2026,05:00,N,LZ_NORTH,28.48
01/12/2026,06:00,N,LZ_NORTH,33.29
01/12/2026,07:00,N,LZ_NORTH,45.44
01/12/2026,08:00,N,LZ_NORTH,45.02
01/12/2026,09:00,N,LZ_NORTH,31.95
01/12/2026,10:00,N,LZ_NORTH,23.23
01/12/2026,11:00,N,LZ_NORTH,20.58
01/12/2026,12:00,N,LZ_NORTH,18.08
01/12/2026,13:00,N,LZ_NORTH,15.54
01/12/2026,14:00,N,LZ_NORTH,14.93
01/12/2026,15:00,N,LZ_NORTH,14.77
01/12/2026,16:00,N,LZ_NORTH,15.6
01/12/2026,17:00,N,LZ_NORTH,24.53
01/12/2026,18:00,N,LZ_NORTH,40.14
01/12/2026,19:00,N,LZ_NORTH,39.38
01/12/2026,20:00,N,LZ_NORTH,37.26
01/12/2026,21:00,N,LZ_NORTH,33.48
01/12/2026,22:00,N,LZ_NORTH,28.85
01/12/2026,23:00,N,LZ_NORTH,24.39
01/12/2026,24:00,N,LZ_NORTH,22.63
01/13/2026,01:00,N,LZ_NORTH,18.77
01/13/2026,02:00,N,LZ_NORTH,18.52
01/13/2026,03:00,N,LZ_NORTH,18.1
01/13/2026,04:00,N,LZ_NORTH,18.12
01/13/2026,05:00,N,LZ_NORTH,18.55
01/13/2026,06:00,N,LZ_NORTH,21.65
01/13/2026,07:00,N,LZ_NORTH,26.29
01/13/2026,08:00,N,LZ_NORTH,29.89
01/13/2026,09:00,N,LZ_NORTH,25.8
01/13/2026,10:00,N,LZ_NORTH,24.5
01/13/2026,11:00,N,LZ_NORTH,23.1
01/13/2026,12:00,N,LZ_NORTH,19.55
01/13/2026,13:00,N,LZ_NORTH,16.59
01/13/2026,14:00,N,LZ_NORTH,16.1
01/13/2026,15:00,N,LZ_NORTH,16.28
01/13/2026,16:00,N,LZ_NORTH,15.85
01/13/2026,17:00,N,LZ_NORTH,23.75
01/13/2026,18:00,N,LZ_NORTH,38.7
01/13/2026,19:00,N,LZ_NORTH,36.08
01/13/2026,20:00,N,LZ_NORTH,30.14
01/13/2026,21:00,N,LZ_NORTH,27.55
01/13/2026,22:00,N,LZ_NORTH,24.09
01/13/2026,23:00,N,LZ_NORTH,22.0
01/13/2026,24:00,N,LZ_NORTH,20.43
01/14/2026,01:00,N,LZ_NORTH,19.08
01/14/2026,02:00,N,LZ_NORTH,18.71
01/14/2026,03:00,N,LZ_NORTH,17.54
01/14/2026,04:00,N,LZ_NORTH,17.01
01/14/2026,05:00,N,LZ_NORTH,17.61
01/14/2026,06:00,N,LZ_NORTH,20.51
01/14/2026,07:00,N,LZ_NORTH,23.44
01/14/2026,08:00,N,LZ_NORTH,21.91
01/14/2026,09:00,N,LZ_NORTH,15.83
01/14/2026,10:00,N,LZ_NORTH,9.11
01/14/2026,11:00,N,LZ_NORTH,2.38
01/14/2026,12:00,N,LZ_NORTH,0.41
01/14/2026,13:00,N,LZ_NORTH,0.54
01/14/2026,14:00,N,LZ_NORTH,0.19
01/14/2026,15:00,N,LZ_NORTH,-0.02
01/14/2026,16:00,N,LZ_NORTH,-0.31
01/14/2026,17:00,N,LZ_NORTH,4.38
01/14/2026,18:00,N,LZ_NORTH,17.77
01/14/2026,19:00,N,LZ_NORTH,20.97
01/14/2026,20:00,N,LZ_NORTH,25.33
01/14/2026,21:00,N,LZ_NORTH,28.95
01/14/2026,22:00,N,LZ_NORTH,31.02
01/14/2026,23:00,N,LZ_NORTH,35.51
01/14/2026,24:00,N,LZ_NORTH,35.08
01/15/2026,01:00,N,LZ_NORTH,40.9
01/15/2026,02:00,N,LZ_NORTH,42.76
01/15/2026,03:00,N,LZ_NORTH,44.35
01/15/2026,04:00,N,LZ_NORTH,44.99
01/15/2026,05:00,N,LZ_NORTH,46.45
01/15/2026,06:00,N,LZ_NORTH,54.3
01/15/2026,07:00,N,LZ_NORTH,48.27
01/15/2026,08:00,N,LZ_NORTH,41.53
01/15/2026,09:00,N,LZ_NORTH,21.91
01/15/2026,10:00,N,LZ_NORTH,15.55
01/15/2026,11:00,N,LZ_NORTH,10.0
01/15/2026,12:00,N,LZ_NORTH,7.12
01/15/2026,13:00,N,LZ_NORTH,4.81
01/15/2026,14:00,N,LZ_NORTH,3.73
01/15/2026,15:00,N,LZ_NORTH,0.68
01/15/2026,16:00,N,LZ_NORTH,1.15
01/15/2026,17:00,N,LZ_NORTH,9.33
01/15/2026,18:00,N,LZ_NORTH,27.56
01/15/2026,19:00,N,LZ_NORTH,26.43
01/15/2026,20:00,N,LZ_NORTH,24.11
01/15/2026,21:00,N,LZ_NORTH,21.08
01/15/2026,22:00,N,LZ_NORTH,19.63
01/15/2026,23:00,N,LZ_NORTH,19.87
01/15/2026,24:00,N,LZ_NORTH,18.43
01/16/2026,01:00,N,LZ_NORTH,15.82
01/16/2026,02:00,N,LZ_NORTH,15.67
01/16/2026,03:00,N,LZ_NORTH,16.4
01/16/2026,04:00,N,LZ_NORTH,16.29
01/16/2026,05:00,N,LZ_NORTH,18.76
01/16/2026,06:00,N,LZ_NORTH,22.67
01/16/2026,07:00,N,LZ_NORTH,23.94
01/16/2026,08:00,N,LZ_NORTH,22.74
01/16/2026,09:00,N,LZ_NORTH,10.92
01/16/2026,10:00,N,LZ_NORTH,2.97
01/16/2026,11:00,N,LZ_NORTH,0.14
01/16/2026,12:00,N,LZ_NORTH,-0.11
01/16/2026,13:00,N,LZ_NORTH,-0.2
01/16/2026,14:00,N,LZ_NORTH,-0.87
01/16/2026,15:00,N,LZ_NORTH,-0.21
01/16/2026,16:00,N,LZ_NORTH,0.59
01/16/2026,17:00,N,LZ_NORTH,6.8
01/16/2026,18:00,N,LZ_NORTH,23.91
01/16/2026,19:00,N,LZ_NORTH,29.83
01/16/2026,20:00,N,LZ_NORTH,30.01
01/16/2026,21:00,N,LZ_NORTH,31.41
01/16/2026,22:00,N,LZ_NORTH,32.32
01/16/2026,23:00,N,LZ_NORTH,31.12
01/16/2026,24:00,N,LZ_NORTH,27.48
01/17/2026,01:00,N,LZ_NORTH,21.78
01/17/2026,02:00,N,LZ_NORTH,20.27
01/17/2026,03:00,N,LZ_NORTH,19.22
01/17/2026,04:00,N,LZ_NORTH,20.41
01/17/2026,05:00,N,LZ_NORTH,21.71
01/17/2026,06:00,N,LZ_NORTH,26.77
01/17/2026,07:00,N,LZ_NORTH,25.59
01/17/2026,08:00,N,LZ_NORTH,27.39
01/17/2026,09:00,N,LZ_NORTH,21.4
01/17/2026,10:00,N,LZ_NORTH,17.68
01/17/2026,11:00,N,LZ_NORTH,13.93
01/17/2026,12:00,N,LZ_NORTH,8.04
01/17/2026,13:00,N,LZ_NORTH,5.58
01/17/2026,14:00,N,LZ_NORTH,3.98
01/17/2026,15:00,N,LZ_NORTH,3.27
01/17/2026,16:00,N,LZ_NORTH,3.8
01/17/2026,17:00,N,LZ_NORTH,14.14
01/17/2026,18:00,N,LZ_NORTH,29.91
01/17/2026,19:00,N,LZ_NORTH,40.4
01/17/2026,20:00,N,LZ_NORTH,43.95
01/17/2026,21:00,N,LZ_NORTH,47.54
01/17/2026,22:00,N,LZ_NORTH,53.22
01/17/2026,23:00,N,LZ_NORTH,53.92
01/17/2026,24:00,N,LZ_NORTH,41.79
01/18/2026,01:00,N,LZ_NORTH,51.67
01/18/2026,02:00,N,LZ_NORTH,45.92
01/18/2026,03:00,N,LZ_NORTH,45.3
01/18/2026,04:00,N,LZ_NORTH,44.01
01/18/2026,05:00,N,LZ_NORTH,45.22
01/18/2026,06:00,N,LZ_NORTH,47.44
01/18/2026,07:00,N,LZ_NORTH,43.77
01/18/2026,08:00,N,LZ_NORTH,41.19
01/18/2026,09:00,N,LZ_NORTH,26.95
01/18/2026,10:00,N,LZ_NORTH,18.56
01/18/2026,11:00,N,LZ_NORTH,13.02
01/18/2026,12:00,N,LZ_NORTH,6.17
01/18/2026,13:00,N,LZ_NORTH,2.77
01/18/2026,14:00,N,LZ_NORTH,2.02
01/18/2026,15:00,N,LZ_NORTH,1.15
01/18/2026,16:00,N,LZ_NORTH,1.03
01/18/2026,17:00,N,LZ_NORTH,12.81
01/18/2026,18:00,N,LZ_NORTH,33.17
01/18/2026,19:00,N,LZ_NORTH,34.01
01/18/2026,20:00,N,LZ_NORTH,29.98
01/18/2026,21:00,N,LZ_NORTH,25.24
01/18/2026,22:00,N,LZ_NORTH,22.92
01/18/2026,23:00,N,LZ_NORTH,20.88
01/18/2026,24:00,N,LZ_NORTH,20.54
01/19/2026,01:00,N,LZ_NORTH,23.91
01/19/2026,02:00,N,LZ_NORTH,23.83
01/19/2026,03:00,N,LZ_NORTH,24.79
01/19/2026,04:00,N,LZ_NORTH,28.19
01/19/2026,05:00,N,LZ_NORTH,29.84
01/19/2026,06:00,N,LZ_NORTH,35.66
01/19/2026,07:00,N,LZ_NORTH,41.55
01/19/2026,08:00,N,LZ_NORTH,42.2
01/19/2026,09:00,N,LZ_NORTH,26.61
01/19/2026,10:00,N,LZ_NORTH,20.43
01/19/2026,11:00,N,LZ_NORTH,17.17
01/19/2026,12:00,N,LZ_NORTH,13.69
01/19/2026,13:00,N,LZ_NORTH,11.03
01/19/2026,14:00,N,LZ_NORTH,8.56
01/19/2026,15:00,N,LZ_NORTH,6.32
01/19/2026,16:00,N,LZ_NORTH,6.5
01/19/2026,17:00,N,LZ_NORTH,14.71
01/19/2026,18:00,N,LZ_NORTH,24.46
01/19/2026,19:00,N,LZ_NORTH,31.19
01/19/2026,20:00,N,LZ_NORTH,31.16
01/19/2026,21:00,N,LZ_NORTH,32.82
01/19/2026,22:00,N,LZ_NORTH,34.66
01/19/2026,23:00,N,LZ_NORTH,37.0
01/19/2026,24:00,N,LZ_NORTH,36.57
01/20/2026,01:00,N,LZ_NORTH,37.65
01/20/2026,02:00,N,LZ_NORTH,39.97
01/20/2026,03:00,N,LZ_NORTH,42.98
01/20/2026,04:00,N,LZ_NORTH,46.58
01/20/2026,05:00,N,LZ_NORTH,53.12
01/20/2026,06:00,N,LZ_NORTH,65.76
01/20/2026,07:00,N,LZ_NORTH,80.61
01/20/2026,08:00,N,LZ_NORTH,81.74
01/20/2026,09:00,N,LZ_NORTH,46.23
01/20/2026,10:00,N,LZ_NORTH,41.67
01/20/2026,11:00,N,LZ_NORTH,24.12
01/20/2026,12:00,N,LZ_NORTH,22.45
01/20/2026,13:00,N,LZ_NORTH,19.51
01/20/2026,14:00,N,LZ_NORTH,17.59
01/20/2026,15:00,N,LZ_NORTH,16.46
01/20/2026,16:00,N,LZ_NORTH,16.89
01/20/2026,17:00,N,LZ_NORTH,20.02
01/20/2026,18:00,N,LZ_NORTH,29.82
01/20/2026,19:00,N,LZ_NORTH,26.24
01/20/2026,20:00,N,LZ_NORTH,24.83
01/20/2026,21:00,N,LZ_NORTH,21.39
01/20/2026,22:00,N,LZ_NORTH,20.59
01/20/2026,23:00,N,LZ_NORTH,19.06
01/20/2026,24:00,N,LZ_NORTH,17.6
01/21/2026,01:00,N,LZ_NORTH,14.77
01/21/2026,02:00,N,LZ_NORTH,15.41
01/21/2026,03:00,N,LZ_NORTH,15.84
01/21/2026,04:00,N,LZ_NORTH,16.83
01/21/2026,05:00,N,LZ_NORTH,18.42
01/21/2026,06:00,N,LZ_NORTH,22.15
01/21/2026,07:00,N,LZ_NORTH,27.6
01/21/2026,08:00,N,LZ_NORTH,31.24
01/21/2026,09:00,N,LZ_NORTH,28.89
01/21/2026,10:00,N,LZ_NORTH,22.61
01/21/2026,11:00,N,LZ_NORTH,21.94
01/21/2026,12:00,N,LZ_NORTH,21.23
01/21/2026,13:00,N,LZ_NORTH,21.2
01/21/2026,14:00,N,LZ_NORTH,21.91
01/21/2026,15:00,N,LZ_NORTH,20.82
01/21/2026,16:00,N,LZ_NORTH,20.36
01/21/2026,17:00,N,LZ_NORTH,26.05
01/21/2026,18:00,N,LZ_NORTH,44.76
01/21/2026,19:00,N,LZ_NORTH,46.96
01/21/2026,20:00,N,LZ_NORTH,45.72
01/21/2026,21:00,N,LZ_NORTH,42.35
01/21/2026,22:00,N,LZ_NORTH,35.85
01/21/2026,23:00,N,LZ_NORTH,31.18
01/21/2026,24:00,N,LZ_NORTH,28.63
01/22/2026,01:00,N,LZ_NORTH,29.72
01/22/2026,02:00,N,LZ_NORTH,29.67
01/22/2026,03:00,N,LZ_NORTH,29.6
01/22/2026,04:00,N,LZ_NORTH,30.76
01/22/2026,05:00,N,LZ_NORTH,31.39
01/22/2026,06:00,N,LZ_NORTH,37.53
01/22/2026,07:00,N,LZ_NORTH,45.72
01/22/2026,08:00,N,LZ_NORTH,51.38
01/22/2026,09:00,N,LZ_NORTH,44.46
01/22/2026,10:00,N,LZ_NORTH,30.08
01/22/2026,11:00,N,LZ_NORTH,27.55
01/22/2026,12:00,N,LZ_NORTH,26.18
01/22/2026,13:00,N,LZ_NORTH,24.24
01/22/2026,14:00,N,LZ_NORTH,23.55
01/22/2026,15:00,N,LZ_NORTH,22.86
01/22/2026,16:00,N,LZ_NORTH,24.34
01/22/2026,17:00,N,LZ_NORTH,29.08
01/22/2026,18:00,N,LZ_NORTH,39.33
01/22/2026,19:00,N,LZ_NORTH,35.5
01/22/2026,20:00,N,LZ_NORTH,32.6
01/22/2026,21:00,N,LZ_NORTH,29.95
01/22/2026,22:00,N,LZ_NORTH,28.17
01/22/2026,23:00,N,LZ_NORTH,27.21
01/22/2026,24:00,N,LZ_NORTH,25.21
01/23/2026,01:00,N,LZ_NORTH,34.25
01/23/2026,02:00,N,LZ_NORTH,33.02
01/23/2026,03:00,N,LZ_NORTH,34.38
01/23/2026,04:00,N,LZ_NORTH,29.93
01/23/2026,05:00,N,LZ_NORTH,31.72
01/23/2026,06:00,N,LZ_NORTH,34.45
01/23/2026,07:00,N,LZ_NORTH,40.12
01/23/2026,08:00,N,LZ_NORTH,39.62
01/23/2026,09:00,N,LZ_NORTH,43.08
01/23/2026,10:00,N,LZ_NORTH,53.45
01/23/2026,11:00,N,LZ_NORTH,41.84
01/23/2026,12:00,N,LZ_NORTH,39.51
01/23/2026,13:00,N,LZ_NORTH,33.48
01/23/2026,14:00,N,LZ_NORTH,38.76
01/23/2026,15:00,N,LZ_NORTH,38.15
01/23/2026,16:00,N,LZ_NORTH,36.36
01/23/2026,17:00,N,LZ_NORTH,37.91
01/23/2026,18:00,N,LZ_NORTH,31.58
01/23/2026,19:00,N,LZ_NORTH,34.22
01/23/2026,20:00,N,LZ_NORTH,41.42
01/23/2026,21:00,N,LZ_NORTH,43.52
01/23/2026,22:00,N,LZ_NORTH,46.9
01/23/2026,23:00,N,LZ_NORTH,47.35
01/23/2026,24:00,N,LZ_NORTH,47.77
01/24/2026,01:00,N,LZ_NORTH,51.96
01/24/2026,02:00,N,LZ_NORTH,55.16
01/24/2026,03:00,N,LZ_NORTH,56.09
01/24/2026,04:00,N,LZ_NORTH,58.67
01/24/2026,05:00,N,LZ_NORTH,65.3
01/24/2026,06:00,N,LZ_NORTH,76.67
01/24/2026,07:00,N,LZ_NORTH,89.0
01/24/2026,08:00,N,LZ_NORTH,101.63
01/24/2026,09:00,N,LZ_NORTH,137.11
01/24/2026,10:00,N,LZ_NORTH,163.85
01/24/2026,11:00,N,LZ_NORTH,171.4
01/24/2026,12:00,N,LZ_NORTH,176.34
01/24/2026,13:00,N,LZ_NORTH,185.0
01/24/2026,14:00,N,LZ_NORTH,182.6
01/24/2026,15:00,N,LZ_NORTH,188.37
01/24/2026,16:00,N,LZ_NORTH,201.69
01/24/2026,17:00,N,LZ_NORTH,235.82
01/24/2026,18:00,N,LZ_NORTH,294.25
01/24/2026,19:00,N,LZ_NORTH,365.85
01/24/2026,20:00,N,LZ_NORTH,297.0
01/24/2026,21:00,N,LZ_NORTH,317.82
01/24/2026,22:00,N,LZ_NORTH,334.85
01/24/2026,23:00,N,LZ_NORTH,434.69
01/24/2026,24:00,N,LZ_NORTH,345.08
01/25/2026,01:00,N,LZ_NORTH,444.8
01/25/2026,02:00,N,LZ_NORTH,453.29
01/25/2026,03:00,N,LZ_NORTH,433.84
01/25/2026,04:00,N,LZ_NORTH,472.73
01/25/2026,05:00,N,LZ_NORTH,477.87
01/25/2026,06:00,N,LZ_NORTH,636.84
01/25/2026,07:00,N,LZ_NORTH,414.92
01/25/2026,08:00,N,LZ_NORTH,451.69
01/25/2026,09:00,N,LZ_NORTH,491.83
01/25/2026,10:00,N,LZ_NORTH,543.41
01/25/2026,11:00,N,LZ_NORTH,780.82
01/25/2026,12:00,N,LZ_NORTH,545.8
01/25/2026,13:00,N,LZ_NORTH,478.12
01/25/2026,14:00,N,LZ_NORTH,483.61
01/25/2026,15:00,N,LZ_NORTH,448.03
01/25/2026,16:00,N,LZ_NORTH,343.26
01/25/2026,17:00,N,LZ_NORTH,377.78
01/25/2026,18:00,N,LZ_NORTH,681.56
01/25/2026,19:00,N,LZ_NORTH,1183.59
01/25/2026,20:00,N,LZ_NORTH,1232.8
01/25/2026,21:00,N,LZ_NORTH,1383.36
01/25/2026,22:00,N,LZ_NORTH,1250.18
01/25/2026,23:00,N,LZ_NORTH,1574.13
01/25/2026,24:00,N,LZ_NORTH,1535.47
01/26/2026,01:00,N,LZ_NORTH,1211.66
01/26/2026,02:00,N,LZ_NORTH,922.5
01/26/2026,03:00,N,LZ_NORTH,1119.9
01/26/2026,04:00,N,LZ_NORTH,1176.63
01/26/2026,05:00,N,LZ_NORTH,1388.8
01/26/2026,06:00,N,LZ_NORTH,1937.0
01/26/2026,07:00,N,LZ_NORTH,1718.02
01/26/2026,08:00,N,LZ_NORTH,1835.13
01/26/2026,09:00,N,LZ_NORTH,1618.01
01/26/2026,10:00,N,LZ_NORTH,494.79
01/26/2026,11:00,N,LZ_NORTH,232.1
01/26/2026,12:00,N,LZ_NORTH,172.3
01/26/2026,13:00,N,LZ_NORTH,173.84
01/26/2026,14:00,N,LZ_NORTH,150.39
01/26/2026,15:00,N,LZ_NORTH,118.65
01/26/2026,16:00,N,LZ_NORTH,116.7
01/26/2026,17:00,N,LZ_NORTH,92.81
01/26/2026,18:00,N,LZ_NORTH,272.26
01/26/2026,19:00,N,LZ_NORTH,357.15
01/26/2026,20:00,N,LZ_NORTH,334.62
01/26/2026,21:00,N,LZ_NORTH,400.05
01/26/2026,22:00,N,LZ_NORTH,457.79
01/26/2026,23:00,N,LZ_NORTH,500.0
01/26/2026,24:00,N,LZ_NORTH,302.38
01/27/2026,01:00,N,LZ_NORTH,154.96
01/27/2026,02:00,N,LZ_NORTH,156.98
01/27/2026,03:00,N,LZ_NORTH,166.46
01/27/2026,04:00,N,LZ_NORTH,175.14
01/27/2026,05:00,N,LZ_NORTH,188.89
01/27/2026,06:00,N,LZ_NORTH,274.75
01/27/2026,07:00,N,LZ_NORTH,222.02
01/27/2026,08:00,N,LZ_NORTH,264.7
01/27/2026,09:00,N,LZ_NORTH,164.93
01/27/2026,10:00,N,LZ_NORTH,107.36
01/27/2026,11:00,N,LZ_NORTH,86.44
01/27/2026,12:00,N,LZ_NORTH,81.98
01/27/2026,13:00,N,LZ_NORTH,54.89
01/27/2026,14:00,N,LZ_NORTH,47.87
01/27/2026,15:00,N,LZ_NORTH,44.05
01/27/2026,16:00,N,LZ_NORTH,39.93
01/27/2026,17:00,N,LZ_NORTH,71.8
01/27/2026,18:00,N,LZ_NORTH,127.14
01/27/2026,19:00,N,LZ_NORTH,144.78
01/27/2026,20:00,N,LZ_NORTH,140.0
01/27/2026,21:00,N,LZ_NORTH,140.0
01/27/2026,22:00,N,LZ_NORTH,138.76
01/27/2026,23:00,N,LZ_NORTH,152.51
01/27/2026,24:00,N,LZ_NORTH,142.63
01/28/2026,01:00,N,LZ_NORTH,93.98
01/28/2026,02:00,N,LZ_NORTH,100.87
01/28/2026,03:00,N,LZ_NORTH,93.55
01/28/2026,04:00,N,LZ_NORTH,100.93
01/28/2026,05:00,N,LZ_NORTH,126.0
01/28/2026,06:00,N,LZ_NORTH,175.38
01/28/2026,07:00,N,LZ_NORTH,139.84
01/28/2026,08:00,N,LZ_NORTH,150.53
01/28/2026,09:00,N,LZ_NORTH,94.86
01/28/2026,10:00,N,LZ_NORTH,75.97
01/28/2026,11:00,N,LZ_NORTH,49.27
01/28/2026,12:00,N,LZ_NORTH,40.33
01/28/2026,13:00,N,LZ_NORTH,31.08
01/28/2026,14:00,N,LZ_NORTH,24.4
01/28/2026,15:00,N,LZ_NORTH,23.15
01/28/2026,16:00,N,LZ_NORTH,20.2
01/28/2026,17:00,N,LZ_NORTH,37.22
01/28/2026,18:00,N,LZ_NORTH,101.25
01/28/2026,19:00,N,LZ_NORTH,70.68
01/28/2026,20:00,N,LZ_NORTH,66.6
01/28/2026,21:00,N,LZ_NORTH,60.87
01/28/2026,22:00,N,LZ_NORTH,51.3
01/28/2026,23:00,N,LZ_NORTH,60.37
01/28/2026,24:00,N,LZ_NORTH,59.83
01/29/2026,01:00,N,LZ_NORTH,36.49
01/29/2026,02:00,N,LZ_NORTH,37.81
01/29/2026,03:00,N,LZ_NORTH,38.56
01/29/2026,04:00,N,LZ_NORTH,39.37
01/29/2026,05:00,N,LZ_NORTH,45.0
01/29/2026,06:00,N,LZ_NORTH,65.05
01/29/2026,07:00,N,LZ_NORTH,75.77
01/29/2026,08:00,N,LZ_NORTH,89.02
01/29/2026,09:00,N,LZ_NORTH,50.19
01/29/2026,10:00,N,LZ_NORTH,37.09
01/29/2026,11:00,N,LZ_NORTH,27.69
01/29/2026,12:00,N,LZ_NORTH,17.47
01/29/2026,13:00,N,LZ_NORTH,12.41
01/29/2026,14:00,N,LZ_NORTH,12.7
01/29/2026,15:00,N,LZ_NORTH,10.62
01/29/2026,16:00,N,LZ_NORTH,11.72
01/29/2026,17:00,N,LZ_NORTH,19.07
01/29/2026,18:00,N,LZ_NORTH,36.92
01/29/2026,19:00,N,LZ_NORTH,40.3
01/29/2026,20:00,N,LZ_NORTH,52.02
01/29/2026,21:00,N,LZ_NORTH,56.83
01/29/2026,22:00,N,LZ_NORTH,64.04
01/29/2026,23:00,N,LZ_NORTH,84.96
01/29/2026,24:00,N,LZ_NORTH,88.16
01/30/2026,01:00,N,LZ_NORTH,60.81
01/30/2026,02:00,N,LZ_NORTH,76.36
01/30/2026,03:00,N,LZ_NORTH,81.63
01/30/2026,04:00,N,LZ_NORTH,86.18
01/30/2026,05:00,N,LZ_NORTH,102.31
01/30/2026,06:00,N,LZ_NORTH,110.98
01/30/2026,07:00,N,LZ_NORTH,127.85
01/30/2026,08:00,N,LZ_NORTH,148.19
01/30/2026,09:00,N,LZ_NORTH,81.03
01/30/2026,10:00,N,LZ_NORTH,44.04
01/30/2026,11:00,N,LZ_NORTH,38.62
01/30/2026,12:00,N,LZ_NORTH,33.88
01/30/2026,13:00,N,LZ_NORTH,30.63
01/30/2026,14:00,N,LZ_NORTH,25.94
01/30/2026,15:00,N,LZ_NORTH,23.21
01/30/2026,16:00,N,LZ_NORTH,16.97
01/30/2026,17:00,N,LZ_NORTH,24.77
01/30/2026,18:00,N,LZ_NORTH,48.23
01/30/2026,19:00,N,LZ_NORTH,70.22
01/30/2026,20:00,N,LZ_NORTH,69.36
01/30/2026,21:00,N,LZ_NORTH,64.23
01/30/2026,22:00,N,LZ_NORTH,50.86
01/30/2026,23:00,N,LZ_NORTH,54.06
01/30/2026,24:00,N,LZ_NORTH,45.05
01/31/2026,01:00,N,LZ_NORTH,57.41
01/31/2026,02:00,N,LZ_NORTH,58.7
01/31/2026,03:00,N,LZ_NORTH,62.9
01/31/2026,04:00,N,LZ_NORTH,64.75
01/31/2026,05:00,N,LZ_NORTH,71.7
01/31/2026,06:00,N,LZ_NORTH,114.81
01/31/2026,07:00,N,LZ_NORTH,95.69
01/31/2026,08:00,N,LZ_NORTH,122.3
01/31/2026,09:00,N,LZ_NORTH,91.19
01/31/2026,10:00,N,LZ_NORTH,56.29
01/31/2026,11:00,N,LZ_NORTH,52.28
01/31/2026,12:00,N,LZ_NORTH,48.77
01/31/2026,13:00,N,LZ_NORTH,40.47
01/31/2026,14:00,N,LZ_NORTH,35.04
01/31/2026,15:00,N,LZ_NORTH,28.63
01/31/2026,16:00,N,LZ_NORTH,26.27
01/31/2026,17:00,N,LZ_NORTH,30.1
01/31/2026,18:00,N,LZ_NORTH,65.99
01/31/2026,19:00,N,LZ_NORTH,76.26
01/31/2026,20:00,N,LZ_NORTH,73.97
01/31/2026,21:00,N,LZ_NORTH,70.23
01/31/2026,22:00,N,LZ_NORTH,67.27
01/31/2026,23:00,N,LZ_NORTH,93.08
01/31/2026,24:00,N,LZ_NORTH,73.19
02/01/2026,01:00,N,LZ_NORTH,60.25
02/01/2026,02:00,N,LZ_NORTH,63.89
02/01/2026,03:00,N,LZ_NORTH,63.31
02/01/2026,04:00,N,LZ_NORTH,64.66
02/01/2026,05:00,N,LZ_NORTH,74.59
02/01/2026,06:00,N,LZ_NORTH,75.55
02/01/2026,07:00,N,LZ_NORTH,81.97
02/01/2026,08:00,N,LZ_NORTH,69.72
02/01/2026,09:00,N,LZ_NORTH,43.84
02/01/2026,10:00,N,LZ_NORTH,29.35
02/01/2026,11:00,N,LZ_NORTH,25.87
02/01/2026,12:00,N,LZ_NORTH,26.0
02/01/2026,13:00,N,LZ_NORTH,23.54
02/01/2026,14:00,N,LZ_NORTH,20.25
02/01/2026,15:00,N,LZ_NORTH,12.62
02/01/2026,16:00,N,LZ_NORTH,8.78
02/01/2026,17:00,N,LZ_NORTH,12.21
02/01/2026,18:00,N,LZ_NORTH,37.91
02/01/2026,19:00,N,LZ_NORTH,44.14
02/01/2026,20:00,N,LZ_NORTH,36.37
02/01/2026,21:00,N,LZ_NORTH,27.42
02/01/2026,22:00,N,LZ_NORTH,24.44
02/01/2026,23:00,N,LZ_NORTH,22.72
02/01/2026,24:00,N,LZ_NORTH,23.89
02/02/2026,01:00,N,LZ_NORTH,23.26
02/02/2026,02:00,N,LZ_NORTH,23.93
02/02/2026,03:00,N,LZ_NORTH,23.79
02/02/2026,04:00,N,LZ_NORTH,24.96
02/02/2026,05:00,N,LZ_NORTH,25.93
02/02/2026,06:00,N,LZ_NORTH,33.13
02/02/2026,07:00,N,LZ_NORTH,32.24
02/02/2026,08:00,N,LZ_NORTH,33.47
02/02/2026,09:00,N,LZ_NORTH,22.31
02/02/2026,10:00,N,LZ_NORTH,14.35
02/02/2026,11:00,N,LZ_NORTH,3.24
02/02/2026,12:00,N,LZ_NORTH,1.68
02/02/2026,13:00,N,LZ_NORTH,1.29
02/02/2026,14:00,N,LZ_NORTH,1.0
02/02/2026,15:00,N,LZ_NORTH,0.39
02/02/2026,16:00,N,LZ_NORTH,0.17
02/02/2026,17:00,N,LZ_NORTH,3.61
02/02/2026,18:00,N,LZ_NORTH,20.61
02/02/2026,19:00,N,LZ_NORTH,23.95
02/02/2026,20:00,N,LZ_NORTH,24.07
02/02/2026,21:00,N,LZ_NORTH,24.38
02/02/2026,22:00,N,LZ_NORTH,22.2
02/02/2026,23:00,N,LZ_NORTH,20.34
02/02/2026,24:00,N,LZ_NORTH,16.26
02/03/2026,01:00,N,LZ_NORTH,17.12
02/03/2026,02:00,N,LZ_NORTH,16.11
02/03/2026,03:00,N,LZ_NORTH,16.39
02/03/2026,04:00,N,LZ_NORTH,16.77
02/03/2026,05:00,N,LZ_NORTH,18.39
02/03/2026,06:00,N,LZ_NORTH,22.9
02/03/2026,07:00,N,LZ_NORTH,23.1
02/03/2026,08:00,N,LZ_NORTH,27.23
02/03/2026,09:00,N,LZ_NORTH,23.17
02/03/2026,10:00,N,LZ_NORTH,19.14
02/03/2026,11:00,N,LZ_NORTH,15.09
02/03/2026,12:00,N,LZ_NORTH,11.87
02/03/2026,13:00,N,LZ_NORTH,9.23
02/03/2026,14:00,N,LZ_NORTH,10.24
02/03/2026,15:00,N,LZ_NORTH,11.94
02/03/2026,16:00,N,LZ_NORTH,14.42
02/03/2026,17:00,N,LZ_NORTH,19.91
02/03/2026,18:00,N,LZ_NORTH,35.75
02/03/2026,19:00,N,LZ_NORTH,47.5
02/03/2026,20:00,N,LZ_NORTH,51.48
02/03/2026,21:00,N,LZ_NORTH,55.69
02/03/2026,22:00,N,LZ_NORTH,51.3
02/03/2026,23:00,N,LZ_NORTH,47.45
02/03/2026,24:00,N,LZ_NORTH,41.51
02/04/2026,01:00,N,LZ_NORTH,28.93
02/04/2026,02:00,N,LZ_NORTH,29.24
02/04/2026,03:00,N,LZ_NORTH,29.6
02/04/2026,04:00,N,LZ_NORTH,31.2
02/04/2026,05:00,N,LZ_NORTH,33.0
02/04/2026,06:00,N,LZ_NORTH,45.73
02/04/2026,07:00,N,LZ_NORTH,53.02
02/04/2026,08:00,N,LZ_NORTH,57.13
02/04/2026,09:00,N,LZ_NORTH,27.63
02/04/2026,10:00,N,LZ_NORTH,13.8
02/04/2026,11:00,N,LZ_NORTH,8.48
02/04/2026,12:00,N,LZ_NORTH,4.15
02/04/2026,13:00,N,LZ_NORTH,1.94
02/04/2026,14:00,N,LZ_NORTH,1.27
02/04/2026,15:00,N,LZ_NORTH,0.19
02/04/2026,16:00,N,LZ_NORTH,0.01
02/04/2026,17:00,N,LZ_NORTH,5.04
02/04/2026,18:00,N,LZ_NORTH,25.04
02/04/2026,19:00,N,LZ_NORTH,39.43
02/04/2026,20:00,N,LZ_NORTH,48.43
02/04/2026,21:00,N,LZ_NORTH,54.99
02/04/2026,22:00,N,LZ_NORTH,60.05
02/04/2026,23:00,N,LZ_NORTH,56.08
02/04/2026,24:00,N,LZ_NORTH,51.25
02/05/2026,01:00,N,LZ_NORTH,53.97
02/05/2026,02:00,N,LZ_NORTH,45.58
02/05/2026,03:00,N,LZ_NORTH,38.29
02/05/2026,04:00,N,LZ_NORTH,30.04
02/05/2026,05:00,N,LZ_NORTH,29.67
02/05/2026,06:00,N,LZ_NORTH,31.31
02/05/2026,07:00,N,LZ_NORTH,38.73
02/05/2026,08:00,N,LZ_NORTH,33.93
02/05/2026,09:00,N,LZ_NORTH,19.91
02/05/2026,10:00,N,LZ_NORTH,6.89
02/05/2026,11:00,N,LZ_NORTH,1.9
02/05/2026,12:00,N,LZ_NORTH,0.86
02/05/2026,13:00,N,LZ_NORTH,0.66
02/05/2026,14:00,N,LZ_NORTH,0.5
02/05/2026,15:00,N,LZ_NORTH,0.24
02/05/2026,16:00,N,LZ_NORTH,0.06
02/05/2026,17:00,N,LZ_NORTH,3.91
02/05/2026,18:00,N,LZ_NORTH,26.31
02/05/2026,19:00,N,LZ_NORTH,42.1
02/05/2026,20:00,N,LZ_NORTH,43.04
02/05/2026,21:00,N,LZ_NORTH,36.77
02/05/2026,22:00,N,LZ_NORTH,32.05
02/05/2026,23:00,N,LZ_NORTH,23.92
02/05/2026,24:00,N,LZ_NORTH,24.13
02/06/2026,01:00,N,LZ_NORTH,21.55
02/06/2026,02:00,N,LZ_NORTH,20.49
02/06/2026,03:00,N,LZ_NORTH,20.26
02/06/2026,04:00,N,LZ_NORTH,20.43
02/06/2026,05:00,N,LZ_NORTH,21.62
02/06/2026,06:00,N,LZ_NORTH,26.02
02/06/2026,07:00,N,LZ_NORTH,29.63
02/06/2026,08:00,N,LZ_NORTH,29.04
02/06/2026,09:00,N,LZ_NORTH,16.83
02/06/2026,10:00,N,LZ_NORTH,5.24
02/06/2026,11:00,N,LZ_NORTH,5.77
02/06/2026,12:00,N,LZ_NORTH,7.37
02/06/2026,13:00,N,LZ_NORTH,10.62
02/06/2026,14:00,N,LZ_NORTH,12.08
02/06/2026,15:00,N,LZ_NORTH,11.43
02/06/2026,16:00,N,LZ_NORTH,9.9
02/06/2026,17:00,N,LZ_NORTH,15.86
02/06/2026,18:00,N,LZ_NORTH,40.81
02/06/2026,19:00,N,LZ_NORTH,42.64
02/06/2026,20:00,N,LZ_NORTH,41.98
02/06/2026,21:00,N,LZ_NORTH,34.49
02/06/2026,22:00,N,LZ_NORTH,27.7
02/06/2026,23:00,N,LZ_NORTH,21.05
02/06/2026,24:00,N,LZ_NORTH,22.81
02/07/2026,01:00,N,LZ_NORTH,24.07
02/07/2026,02:00,N,LZ_NORTH,21.6
02/07/2026,03:00,N,LZ_NORTH,21.32
02/07/2026,04:00,N,LZ_NORTH,19.93
02/07/2026,05:00,N,LZ_NORTH,22.46
02/07/2026,06:00,N,LZ_NORTH,26.39
02/07/2026,07:00,N,LZ_NORTH,30.91
02/07/2026,08:00,N,LZ_NORTH,29.64
02/07/2026,09:00,N,LZ_NORTH,19.18
02/07/2026,10:00,N,LZ_NORTH,5.44
02/07/2026,11:00,N,LZ_NORTH,5.12
02/07/2026,12:00,N,LZ_NORTH,3.35
02/07/2026,13:00,N,LZ_NORTH,2.7
02/07/2026,14:00,N,LZ_NORTH,1.62
02/07/2026,15:00,N,LZ_NORTH,1.25
02/07/2026,16:00,N,LZ_NORTH,0.36
02/07/2026,17:00,N,LZ_NORTH,2.69
02/07/2026,18:00,N,LZ_NORTH,30.0
02/07/2026,19:00,N,LZ_NORTH,28.5
02/07/2026,20:00,N,LZ_NORTH,24.75
02/07/2026,21:00,N,LZ_NORTH,19.55
02/07/2026,22:00,N,LZ_NORTH,17.58
02/07/2026,23:00,N,LZ_NORTH,15.27
02/07/2026,24:00,N,LZ_NORTH,15.11
02/08/2026,01:00,N,LZ_NORTH,13.06
02/08/2026,02:00,N,LZ_NORTH,13.83
02/08/2026,03:00,N,LZ_NORTH,13.86
02/08/2026,04:00,N,LZ_NORTH,15.01
02/08/2026,05:00,N,LZ_NORTH,17.74
02/08/2026,06:00,N,LZ_NORTH,22.56
02/08/2026,07:00,N,LZ_NORTH,22.81
02/08/2026,08:00,N,LZ_NORTH,27.29
02/08/2026,09:00,N,LZ_NORTH,19.04
02/08/2026,10:00,N,LZ_NORTH,15.3
02/08/2026,11:00,N,LZ_NORTH,15.21
02/08/2026,12:00,N,LZ_NORTH,14.58
02/08/2026,13:00,N,LZ_NORTH,14.6
02/08/2026,14:00,N,LZ_NORTH,15.13
02/08/2026,15:00,N,LZ_NORTH,16.28
02/08/2026,16:00,N,LZ_NORTH,16.51
02/08/2026,17:00,N,LZ_NORTH,26.53
02/08/2026,18:00,N,LZ_NORTH,42.24
02/08/2026,19:00,N,LZ_NORTH,43.08
02/08/2026,20:00,N,LZ_NORTH,41.41
02/08/2026,21:00,N,LZ_NORTH,32.37
02/08/2026,22:00,N,LZ_NORTH,27.76
02/08/2026,23:00,N,LZ_NORTH,28.27
02/08/2026,24:00,N,LZ_NORTH,24.74
02/09/2026,01:00,N,LZ_NORTH,27.98
02/09/2026,02:00,N,LZ_NORTH,28.62
02/09/2026,03:00,N,LZ_NORTH,29.56
02/09/2026,04:00,N,LZ_NORTH,29.98
02/09/2026,05:00,N,LZ_NORTH,33.04
02/09/2026,06:00,N,LZ_NORTH,40.01
02/09/2026,07:00,N,LZ_NORTH,43.96
02/09/2026,08:00,N,LZ_NORTH,42.16
02/09/2026,09:00,N,LZ_NORTH,29.19
02/09/2026,10:00,N,LZ_NORTH,17.42
02/09/2026,11:00,N,LZ_NORTH,16.59
02/09/2026,12:00,N,LZ_NORTH,15.44
02/09/2026,13:00,N,LZ_NORTH,14.76
02/09/2026,14:00,N,LZ_NORTH,14.18
02/09/2026,15:00,N,LZ_NORTH,15.03
02/09/2026,16:00,N,LZ_NORTH,14.16
02/09/2026,17:00,N,LZ_NORTH,18.99
02/09/2026,18:00,N,LZ_NORTH,33.84
02/09/2026,19:00,N,LZ_NORTH,31.72
02/09/2026,20:00,N,LZ_NORTH,25.71
02/09/2026,21:00,N,LZ_NORTH,19.69
02/09/2026,22:00,N,LZ_NORTH,18.29
02/09/2026,23:00,N,LZ_NORTH,16.81
02/09/2026,24:00,N,LZ_NORTH,14.94
02/10/2026,01:00,N,LZ_NORTH,13.56
02/10/2026,02:00,N,LZ_NORTH,11.69
02/10/2026,03:00,N,LZ_NORTH,9.17
02/10/2026,04:00,N,LZ_NORTH,9.73
02/10/2026,05:00,N,LZ_NORTH,12.09
02/10/2026,06:00,N,LZ_NORTH,16.74
02/10/2026,07:00,N,LZ_NORTH,22.19
02/10/2026,08:00,N,LZ_NORTH,22.1
02/10/2026,09:00,N,LZ_NORTH,23.25
02/10/2026,10:00,N,LZ_NORTH,19.67
02/10/2026,11:00,N,LZ_NORTH,22.35
02/10/2026,12:00,N,LZ_NORTH,22.4
02/10/2026,13:00,N,LZ_NORTH,22.31
02/10/2026,14:00,N,LZ_NORTH,25.93
02/10/2026,15:00,N,LZ_NORTH,21.09
02/10/2026,16:00,N,LZ_NORTH,26.49
02/10/2026,17:00,N,LZ_NORTH,29.28
02/10/2026,18:00,N,LZ_NORTH,31.96
02/10/2026,19:00,N,LZ_NORTH,33.89
02/10/2026,20:00,N,LZ_NORTH,33.43
02/10/2026,21:00,N,LZ_NORTH,35.97
02/10/2026,22:00,N,LZ_NORTH,32.62
02/10/2026,23:00,N,LZ_NORTH,29.18
02/10/2026,24:00,N,LZ_NORTH,26.36
02/11/2026,01:00,N,LZ_NORTH,22.35
02/11/2026,02:00,N,LZ_NORTH,21.24
02/11/2026,03:00,N,LZ_NORTH,20.27
02/11/2026,04:00,N,LZ_NORTH,19.77
02/11/2026,05:00,N,LZ_NORTH,20.55
02/11/2026,06:00,N,LZ_NORTH,24.8
02/11/2026,07:00,N,LZ_NORTH,32.5
02/11/2026,08:00,N,LZ_NORTH,33.69
02/11/2026,09:00,N,LZ_NORTH,22.12
02/11/2026,10:00,N,LZ_NORTH,20.97
02/11/2026,11:00,N,LZ_NORTH,19.83
02/11/2026,12:00,N,LZ_NORTH,18.46
02/11/2026,13:00,N,LZ_NORTH,17.85
02/11/2026,14:00,N,LZ_NORTH,17.8
02/11/2026,15:00,N,LZ_NORTH,17.89
02/11/2026,16:00,N,LZ_NORTH,15.21
02/11/2026,17:00,N,LZ_NORTH,17.91
02/11/2026,18:00,N,LZ_NORTH,39.5
02/11/2026,19:00,N,LZ_NORTH,43.47
02/11/2026,20:00,N,LZ_NORTH,41.01
02/11/2026,21:00,N,LZ_NORTH,37.49
02/11/2026,22:00,N,LZ_NORTH,33.79
02/11/2026,23:00,N,LZ_NORTH,25.39
02/11/2026,24:00,N,LZ_NORTH,23.03
02/12/2026,01:00,N,LZ_NORTH,20.99
02/12/2026,02:00,N,LZ_NORTH,19.08
02/12/2026,03:00,N,LZ_NORTH,19.1
02/12/2026,04:00,N,LZ_NORTH,18.68
02/12/2026,05:00,N,LZ_NORTH,18.4
02/12/2026,06:00,N,LZ_NORTH,21.22
02/12/2026,07:00,N,LZ_NORTH,22.49
02/12/2026,08:00,N,LZ_NORTH,22.31
02/12/2026,09:00,N,LZ_NORTH,16.41
02/12/2026,10:00,N,LZ_NORTH,13.81
02/12/2026,11:00,N,LZ_NORTH,11.83
02/12/2026,12:00,N,LZ_NORTH,8.44
02/12/2026,13:00,N,LZ_NORTH,6.41
02/12/2026,14:00,N,LZ_NORTH,10.58
02/12/2026,15:00,N,LZ_NORTH,11.62
02/12/2026,16:00,N,LZ_NORTH,11.79
02/12/2026,17:00,N,LZ_NORTH,16.78
02/12/2026,18:00,N,LZ_NORTH,37.29
02/12/2026,19:00,N,LZ_NORTH,36.22
02/12/2026,20:00,N,LZ_NORTH,29.04
02/12/2026,21:00,N,LZ_NORTH,22.78
02/12/2026,22:00,N,LZ_NORTH,18.74
02/12/2026,23:00,N,LZ_NORTH,17.04
02/12/2026,24:00,N,LZ_NORTH,16.83
02/13/2026,01:00,N,LZ_NORTH,17.93
02/13/2026,02:00,N,LZ_NORTH,16.99
02/13/2026,03:00,N,LZ_NORTH,17.85
02/13/2026,04:00,N,LZ_NORTH,18.88
02/13/2026,05:00,N,LZ_NORTH,19.96
02/13/2026,06:00,N,LZ_NORTH,22.65
02/13/2026,07:00,N,LZ_NORTH,26.05
02/13/2026,08:00,N,LZ_NORTH,26.9
02/13/2026,09:00,N,LZ_NORTH,22.12
02/13/2026,10:00,N,LZ_NORTH,20.7
02/13/2026,11:00,N,LZ_NORTH,16.94
02/13/2026,12:00,N,LZ_NORTH,16.23
02/13/2026,13:00,N,LZ_NORTH,16.32
02/13/2026,14:00,N,LZ_NORTH,16.26
02/13/2026,15:00,N,LZ_NORTH,16.66
02/13/2026,16:00,N,LZ_NORTH,17.42
02/13/2026,17:00,N,LZ_NORTH,22.5
02/13/2026,18:00,N,LZ_NORTH,23.11
02/13/2026,19:00,N,LZ_NORTH,23.79
02/13/2026,20:00,N,LZ_NORTH,24.88
02/13/2026,21:00,N,LZ_NORTH,22.82
02/13/2026,22:00,N,LZ_NORTH,22.09
02/13/2026,23:00,N,LZ_NORTH,20.12
02/13/2026,24:00,N,LZ_NORTH,18.6
02/14/2026,01:00,N,LZ_NORTH,20.64
02/14/2026,02:00,N,LZ_NORTH,20.49
02/14/2026,03:00,N,LZ_NORTH,20.13
02/14/2026,04:00,N,LZ_NORTH,19.62
02/14/2026,05:00,N,LZ_NORTH,19.98
02/14/2026,06:00,N,LZ_NORTH,18.71
02/14/2026,07:00,N,LZ_NORTH,21.29
02/14/2026,08:00,N,LZ_NORTH,22.76
02/14/2026,09:00,N,LZ_NORTH,24.16
02/14/2026,10:00,N,LZ_NORTH,21.02
02/14/2026,11:00,N,LZ_NORTH,19.69
02/14/2026,12:00,N,LZ_NORTH,15.89
02/14/2026,13:00,N,LZ_NORTH,15.55
02/14/2026,14:00,N,LZ_NORTH,15.2
02/14/2026,15:00,N,LZ_NORTH,14.38
02/14/2026,16:00,N,LZ_NORTH,15.32
02/14/2026,17:00,N,LZ_NORTH,14.7
02/14/2026,18:00,N,LZ_NORTH,19.98
02/14/2026,19:00,N,LZ_NORTH,23.21
02/14/2026,20:00,N,LZ_NORTH,20.98
02/14/2026,21:00,N,LZ_NORTH,20.08
02/14/2026,22:00,N,LZ_NORTH,17.77
02/14/2026,23:00,N,LZ_NORTH,17.07
02/14/2026,24:00,N,LZ_NORTH,15.8
02/15/2026,01:00,N,LZ_NORTH,17.7
02/15/2026,02:00,N,LZ_NORTH,16.36
02/15/2026,03:00,N,LZ_NORTH,15.68
02/15/2026,04:00,N,LZ_NORTH,14.86
02/15/2026,05:00,N,LZ_NORTH,13.56
02/15/2026,06:00,N,LZ_NORTH,14.36
02/15/2026,07:00,N,LZ_NORTH,17.56
02/15/2026,08:00,N,LZ_NORTH,16.99
02/15/2026,09:00,N,LZ_NORTH,8.36
02/15/2026,10:00,N,LZ_NORTH,2.57
02/15/2026,11:00,N,LZ_NORTH,2.45
02/15/2026,12:00,N,LZ_NORTH,5.28
02/15/2026,13:00,N,LZ_NORTH,6.86
02/15/2026,14:00,N,LZ_NORTH,7.16
02/15/2026,15:00,N,LZ_NORTH,8.09
02/15/2026,16:00,N,LZ_NORTH,7.19
02/15/2026,17:00,N,LZ_NORTH,11.58
02/15/2026,18:00,N,LZ_NORTH,31.41
02/15/2026,19:00,N,LZ_NORTH,41.8
02/15/2026,20:00,N,LZ_NORTH,40.14
02/15/2026,21:00,N,LZ_NORTH,37.22
02/15/2026,22:00,N,LZ_NORTH,28.07
02/15/2026,23:00,N,LZ_NORTH,22.72
02/15/2026,24:00,N,LZ_NORTH,19.93
02/16/2026,01:00,N,LZ_NORTH,19.98
02/16/2026,02:00,N,LZ_NORTH,19.11
02/16/2026,03:00,N,LZ_NORTH,19.02
02/16/2026,04:00,N,LZ_NORTH,18.29
02/16/2026,05:00,N,LZ_NORTH,17.42
02/16/2026,06:00,N,LZ_NORTH,18.7
02/16/2026,07:00,N,LZ_NORTH,20.1
02/16/2026,08:00,N,LZ_NORTH,19.44
02/16/2026,09:00,N,LZ_NORTH,10.13
02/16/2026,10:00,N,LZ_NORTH,0.33
02/16/2026,11:00,N,LZ_NORTH,0.23
02/16/2026,12:00,N,LZ_NORTH,0.01
02/16/2026,13:00,N,LZ_NORTH,-0.51
02/16/2026,14:00,N,LZ_NORTH,-0.36
02/16/2026,15:00,N,LZ_NORTH,-0.52
02/16/2026,16:00,N,LZ_NORTH,-0.11
02/16/2026,17:00,N,LZ_NORTH,0.17
02/16/2026,18:00,N,LZ_NORTH,24.7
02/16/2026,19:00,N,LZ_NORTH,24.07
02/16/2026,20:00,N,LZ_NORTH,22.92
02/16/2026,21:00,N,LZ_NORTH,20.42
02/16/2026,22:00,N,LZ_NORTH,18.25
02/16/2026,23:00,N,LZ_NORTH,16.62
02/16/2026,24:00,N,LZ_NORTH,16.46
02/17/2026,01:00,N,LZ_NORTH,12.78
02/17/2026,02:00,N,LZ_NORTH,11.27
02/17/2026,03:00,N,LZ_NORTH,10.88
02/17/2026,04:00,N,LZ_NORTH,11.17
02/17/2026,05:00,N,LZ_NORTH,12.6
02/17/2026,06:00,N,LZ_NORTH,16.83
02/17/2026,07:00,N,LZ_NORTH,18.33
02/17/2026,08:00,N,LZ_NORTH,18.18
02/17/2026,09:00,N,LZ_NORTH,10.58
02/17/2026,10:00,N,LZ_NORTH,2.23
02/17/2026,11:00,N,LZ_NORTH,2.58
02/17/2026,12:00,N,LZ_NORTH,-1.59
02/17/2026,13:00,N,LZ_NORTH,-1.97
02/17/2026,14:00,N,LZ_NORTH,-2.16
02/17/2026,15:00,N,LZ_NORTH,-2.25
02/17/2026,16:00,N,LZ_NORTH,-1.26
02/17/2026,17:00,N,LZ_NORTH,-0.38
02/17/2026,18:00,N,LZ_NORTH,17.35
02/17/2026,19:00,N,LZ_NORTH,22.24
02/17/2026,20:00,N,LZ_NORTH,24.53
02/17/2026,21:00,N,LZ_NORTH,22.94
02/17/2026,22:00,N,LZ_NORTH,22.82
02/17/2026,23:00,N,LZ_NORTH,21.63
02/17/2026,24:00,N,LZ_NORTH,18.42
02/18/2026,01:00,N,LZ_NORTH,17.3
02/18/2026,02:00,N,LZ_NORTH,17.59
02/18/2026,03:00,N,LZ_NORTH,17.13
02/18/2026,04:00,N,LZ_NORTH,16.19
02/18/2026,05:00,N,LZ_NORTH,18.24
02/18/2026,06:00,N,LZ_NORTH,22.13
02/18/2026,07:00,N,LZ_NORTH,27.0
02/18/2026,08:00,N,LZ_NORTH,28.73
02/18/2026,09:00,N,LZ_NORTH,19.61
02/18/2026,10:00,N,LZ_NORTH,17.61
02/18/2026,11:00,N,LZ_NORTH,15.16
02/18/2026,12:00,N,LZ_NORTH,11.0
02/18/2026,13:00,N,LZ_NORTH,5.0
02/18/2026,14:00,N,LZ_NORTH,4.22
02/18/2026,15:00,N,LZ_NORTH,3.96
02/18/2026,16:00,N,LZ_NORTH,5.73
02/18/2026,17:00,N,LZ_NORTH,12.26
02/18/2026,18:00,N,LZ_NORTH,21.55
02/18/2026,19:00,N,LZ_NORTH,21.6
02/18/2026,20:00,N,LZ_NORTH,21.53
02/18/2026,21:00,N,LZ_NORTH,20.32
02/18/2026,22:00,N,LZ_NORTH,17.19
02/18/2026,23:00,N,LZ_NORTH,15.47
02/18/2026,24:00,N,LZ_NORTH,13.67
02/19/2026,01:00,N,LZ_NORTH,14.13
02/19/2026,02:00,N,LZ_NORTH,13.18
02/19/2026,03:00,N,LZ_NORTH,12.01
02/19/2026,04:00,N,LZ_NORTH,13.02
02/19/2026,05:00,N,LZ_NORTH,14.38
02/19/2026,06:00,N,LZ_NORTH,15.56
02/19/2026,07:00,N,LZ_NORTH,19.49
02/19/2026,08:00,N,LZ_NORTH,19.8
02/19/2026,09:00,N,LZ_NORTH,11.85
02/19/2026,10:00,N,LZ_NORTH,1.53
02/19/2026,11:00,N,LZ_NORTH,0.92
02/19/2026,12:00,N,LZ_NORTH,0.3
02/19/2026,13:00,N,LZ_NORTH,0.84
02/19/2026,14:00,N,LZ_NORTH,0.75
02/19/2026,15:00,N,LZ_NORTH,0.65
02/19/2026,16:00,N,LZ_NORTH,2.28
02/19/2026,17:00,N,LZ_NORTH,5.0
02/19/2026,18:00,N,LZ_NORTH,25.62
02/19/2026,19:00,N,LZ_NORTH,38.47
02/19/2026,20:00,N,LZ_NORTH,36.27
02/19/2026,21:00,N,LZ_NORTH,32.54
02/19/2026,22:00,N,LZ_NORTH,29.89
02/19/2026,23:00,N,LZ_NORTH,25.32
02/19/2026,24:00,N,LZ_NORTH,21.16
02/20/2026,01:00,N,LZ_NORTH,17.85
02/20/2026,02:00,N,LZ_NORTH,17.64
02/20/2026,03:00,N,LZ_NORTH,17.05
02/20/2026,04:00,N,LZ_NORTH,16.96
02/20/2026,05:00,N,LZ_NORTH,17.04
02/20/2026,06:00,N,LZ_NORTH,21.49
02/20/2026,07:00,N,LZ_NORTH,26.79
02/20/2026,08:00,N,LZ_NORTH,27.46
02/20/2026,09:00,N,LZ_NORTH,20.26
02/20/2026,10:00,N,LZ_NORTH,17.55
02/20/2026,11:00,N,LZ_NORTH,15.35
02/20/2026,12:00,N,LZ_NORTH,14.32
02/20/2026,13:00,N,LZ_NORTH,14.0
02/20/2026,14:00,N,LZ_NORTH,10.84
02/20/2026,15:00,N,LZ_NORTH,8.17
02/20/2026,16:00,N,LZ_NORTH,7.26
02/20/2026,17:00,N,LZ_NORTH,9.32
02/20/2026,18:00,N,LZ_NORTH,20.21
02/20/2026,19:00,N,LZ_NORTH,28.15
02/20/2026,20:00,N,LZ_NORTH,24.82
02/20/2026,21:00,N,LZ_NORTH,22.88
02/20/2026,22:00,N,LZ_NORTH,21.18
02/20/2026,23:00,N,LZ_NORTH,18.95
02/20/2026,24:00,N,LZ_NORTH,19.6
02/21/2026,01:00,N,LZ_NORTH,19.97
02/21/2026,02:00,N,LZ_NORTH,19.67
02/21/2026,03:00,N,LZ_NORTH,17.87
02/21/2026,04:00,N,LZ_NORTH,18.0
02/21/2026,05:00,N,LZ_NORTH,18.28
02/21/2026,06:00,N,LZ_NORTH,18.02
02/21/2026,07:00,N,LZ_NORTH,16.44
02/21/2026,08:00,N,LZ_NORTH,14.62
02/21/2026,09:00,N,LZ_NORTH,9.71
02/21/2026,10:00,N,LZ_NORTH,-1.26
02/21/2026,11:00,N,LZ_NORTH,-2.36
02/21/2026,12:00,N,LZ_NORTH,-4.11
02/21/2026,13:00,N,LZ_NORTH,-3.82
02/21/2026,14:00,N,LZ_NORTH,-4.12
02/21/2026,15:00,N,LZ_NORTH,-3.73
02/21/2026,16:00,N,LZ_NORTH,-3.12
02/21/2026,17:00,N,LZ_NORTH,-2.05
02/21/2026,18:00,N,LZ_NORTH,10.9
02/21/2026,19:00,N,LZ_NORTH,21.93
02/21/2026,20:00,N,LZ_NORTH,22.49
02/21/2026,21:00,N,LZ_NORTH,22.7
02/21/2026,22:00,N,LZ_NORTH,25.48
02/21/2026,23:00,N,LZ_NORTH,25.49
02/21/2026,24:00,N,LZ_NORTH,25.71
02/22/2026,01:00,N,LZ_NORTH,26.98
02/22/2026,02:00,N,LZ_NORTH,30.28
02/22/2026,03:00,N,LZ_NORTH,32.42
02/22/2026,04:00,N,LZ_NORTH,34.75
02/22/2026,05:00,N,LZ_NORTH,36.17
02/22/2026,06:00,N,LZ_NORTH,39.3
02/22/2026,07:00,N,LZ_NORTH,37.23
02/22/2026,08:00,N,LZ_NORTH,33.63
02/22/2026,09:00,N,LZ_NORTH,18.08
02/22/2026,10:00,N,LZ_NORTH,10.57
02/22/2026,11:00,N,LZ_NORTH,6.21
02/22/2026,12:00,N,LZ_NORTH,4.81
02/22/2026,13:00,N,LZ_NORTH,2.99
02/22/2026,14:00,N,LZ_NORTH,2.04
02/22/2026,15:00,N,LZ_NORTH,1.76
02/22/2026,16:00,N,LZ_NORTH,1.69
02/22/2026,17:00,N,LZ_NORTH,4.73
02/22/2026,18:00,N,LZ_NORTH,24.69
02/22/2026,19:00,N,LZ_NORTH,37.4
02/22/2026,20:00,N,LZ_NORTH,37.99
02/22/2026,21:00,N,LZ_NORTH,37.29
02/22/2026,22:00,N,LZ_NORTH,29.45
02/22/2026,23:00,N,LZ_NORTH,25.85
02/22/2026,24:00,N,LZ_NORTH,22.46
02/23/2026,01:00,N,LZ_NORTH,24.02
02/23/2026,02:00,N,LZ_NORTH,22.45
02/23/2026,03:00,N,LZ_NORTH,22.55
02/23/2026,04:00,N,LZ_NORTH,24.33
02/23/2026,05:00,N,LZ_NORTH,27.06
02/23/2026,06:00,N,LZ_NORTH,39.62
02/23/2026,07:00,N,LZ_NORTH,40.3
02/23/2026,08:00,N,LZ_NORTH,30.64
02/23/2026,09:00,N,LZ_NORTH,19.27
02/23/2026,10:00,N,LZ_NORTH,6.47
02/23/2026,11:00,N,LZ_NORTH,1.56
02/23/2026,12:00,N,LZ_NORTH,0.31
02/23/2026,13:00,N,LZ_NORTH,0.01
02/23/2026,14:00,N,LZ_NORTH,-0.17
02/23/2026,15:00,N,LZ_NORTH,-0.25
02/23/2026,16:00,N,LZ_NORTH,-1.53
02/23/2026,17:00,N,LZ_NORTH,-0.36
02/23/2026,18:00,N,LZ_NORTH,15.21
02/23/2026,19:00,N,LZ_NORTH,30.04
02/23/2026,20:00,N,LZ_NORTH,28.35
02/23/2026,21:00,N,LZ_NORTH,21.81
02/23/2026,22:00,N,LZ_NORTH,20.35
02/23/2026,23:00,N,LZ_NORTH,17.97
02/23/2026,24:00,N,LZ_NORTH,16.82
02/24/2026,01:00,N,LZ_NORTH,16.65
02/24/2026,02:00,N,LZ_NORTH,16.15
02/24/2026,03:00,N,LZ_NORTH,16.12
02/24/2026,04:00,N,LZ_NORTH,16.48
02/24/2026,05:00,N,LZ_NORTH,18.97
02/24/2026,06:00,N,LZ_NORTH,25.48
02/24/2026,07:00,N,LZ_NORTH,28.31
02/24/2026,08:00,N,LZ_NORTH,23.64
02/24/2026,09:00,N,LZ_NORTH,6.56
02/24/2026,10:00,N,LZ_NORTH,-2.98
02/24/2026,11:00,N,LZ_NORTH,-4.93
02/24/2026,12:00,N,LZ_NORTH,-5.44
02/24/2026,13:00,N,LZ_NORTH,-6.09
02/24/2026,14:00,N,LZ_NORTH,-6.03
02/24/2026,15:00,N,LZ_NORTH,-5.65
02/24/2026,16:00,N,LZ_NORTH,-5.59
02/24/2026,17:00,N,LZ_NORTH,-3.33
02/24/2026,18:00,N,LZ_NORTH,10.18
02/24/2026,19:00,N,LZ_NORTH,21.14
02/24/2026,20:00,N,LZ_NORTH,20.78
02/24/2026,21:00,N,LZ_NORTH,20.79
02/24/2026,22:00,N,LZ_NORTH,17.6
02/24/2026,23:00,N,LZ_NORTH,17.02
02/24/2026,24:00,N,LZ_NORTH,13.97
02/25/2026,01:00,N,LZ_NORTH,12.15
02/25/2026,02:00,N,LZ_NORTH,9.66
02/25/2026,03:00,N,LZ_NORTH,8.04
02/25/2026,04:00,N,LZ_NORTH,8.36
02/25/2026,05:00,N,LZ_NORTH,9.97
02/25/2026,06:00,N,LZ_NORTH,15.27
02/25/2026,07:00,N,LZ_NORTH,20.32
02/25/2026,08:00,N,LZ_NORTH,17.49
02/25/2026,09:00,N,LZ_NORTH,1.98
02/25/2026,10:00,N,LZ_NORTH,1.12
02/25/2026,11:00,N,LZ_NORTH,1.38
02/25/2026,12:00,N,LZ_NORTH,1.19
02/25/2026,13:00,N,LZ_NORTH,1.81
02/25/2026,14:00,N,LZ_NORTH,3.1
02/25/2026,15:00,N,LZ_NORTH,5.86
02/25/2026,16:00,N,LZ_NORTH,7.82
02/25/2026,17:00,N,LZ_NORTH,15.0
02/25/2026,18:00,N,LZ_NORTH,35.14
02/25/2026,19:00,N,LZ_NORTH,48.72
02/25/2026,20:00,N,LZ_NORTH,41.92
02/25/2026,21:00,N,LZ_NORTH,35.1
02/25/2026,22:00,N,LZ_NORTH,32.22
02/25/2026,23:00,N,LZ_NORTH,28.79
02/25/2026,24:00,N,LZ_NORTH,24.01
02/26/2026,01:00,N,LZ_NORTH,23.79
02/26/2026,02:00,N,LZ_NORTH,22.32
02/26/2026,03:00,N,LZ_NORTH,19.99
02/26/2026,04:00,N,LZ_NORTH,18.3
02/26/2026,05:00,N,LZ_NORTH,17.47
02/26/2026,06:00,N,LZ_NORTH,18.09
02/26/2026,07:00,N,LZ_NORTH,21.36
02/26/2026,08:00,N,LZ_NORTH,18.71
02/26/2026,09:00,N,LZ_NORTH,9.29
02/26/2026,10:00,N,LZ_NORTH,3.87
02/26/2026,11:00,N,LZ_NORTH,3.79
02/26/2026,12:00,N,LZ_NORTH,4.73
02/26/2026,13:00,N,LZ_NORTH,7.53
02/26/2026,14:00,N,LZ_NORTH,8.67
02/26/2026,15:00,N,LZ_NORTH,12.88
02/26/2026,16:00,N,LZ_NORTH,13.05
02/26/2026,17:00,N,LZ_NORTH,14.44
02/26/2026,18:00,N,LZ_NORTH,40.43
02/26/2026,19:00,N,LZ_NORTH,47.42
02/26/2026,20:00,N,LZ_NORTH,33.18
02/26/2026,21:00,N,LZ_NORTH,26.63
02/26/2026,22:00,N,LZ_NORTH,23.76
02/26/2026,23:00,N,LZ_NORTH,21.24
02/26/2026,24:00,N,LZ_NORTH,20.06
02/27/2026,01:00,N,LZ_NORTH,18.79
02/27/2026,02:00,N,LZ_NORTH,18.92
02/27/2026,03:00,N,LZ_NORTH,19.49
02/27/2026,04:00,N,LZ_NORTH,20.03
02/27/2026,05:00,N,LZ_NORTH,21.51
02/27/2026,06:00,N,LZ_NORTH,26.95
02/27/2026,07:00,N,LZ_NORTH,31.47
02/27/2026,08:00,N,LZ_NORTH,27.58
02/27/2026,09:00,N,LZ_NORTH,16.21
02/27/2026,10:00,N,LZ_NORTH,7.23
02/27/2026,11:00,N,LZ_NORTH,5.53
02/27/2026,12:00,N,LZ_NORTH,4.86
02/27/2026,13:00,N,LZ_NORTH,5.0
02/27/2026,14:00,N,LZ_NORTH,5.1
02/27/2026,15:00,N,LZ_NORTH,8.61
02/27/2026,16:00,N,LZ_NORTH,10.21
02/27/2026,17:00,N,LZ_NORTH,14.7
02/27/2026,18:00,N,LZ_NORTH,36.37
02/27/2026,19:00,N,LZ_NORTH,50.63
02/27/2026,20:00,N,LZ_NORTH,39.53
02/27/2026,21:00,N,LZ_NORTH,28.27
02/27/2026,22:00,N,LZ_NORTH,22.52
02/27/2026,23:00,N,LZ_NORTH,18.24
02/27/2026,24:00,N,LZ_NORTH,17.51
02/28/2026,01:00,N,LZ_NORTH,15.12
02/28/2026,02:00,N,LZ_NORTH,14.34
02/28/2026,03:00,N,LZ_NORTH,13.63
02/28/2026,04:00,N,LZ_NORTH,13.47
02/28/2026,05:00,N,LZ_NORTH,13.38
02/28/2026,06:00,N,LZ_NORTH,14.19
02/28/2026,07:00,N,LZ_NORTH,14.0
02/28/2026,08:00,N,LZ_NORTH,10.66
02/28/2026,09:00,N,LZ_NORTH,0.04
02/28/2026,10:00,N,LZ_NORTH,-3.13
02/28/2026,11:00,N,LZ_NORTH,-3.95
02/28/2026,12:00,N,LZ_NORTH,-3.73
02/28/2026,13:00,N,LZ_NORTH,-2.63
02/28/2026,14:00,N,LZ_NORTH,0.01
02/28/2026,15:00,N,LZ_NORTH,0.23
02/28/2026,16:00,N,LZ_NORTH,1.22
02/28/2026,17:00,N,LZ_NORTH,7.31
02/28/2026,18:00,N,LZ_NORTH,27.49
02/28/2026,19:00,N,LZ_NORTH,37.61
02/28/2026,20:00,N,LZ_NORTH,29.35
02/28/2026,21:00,N,LZ_NORTH,21.87
02/28/2026,22:00,N,LZ_NORTH,16.87
02/28/2026,23:00,N,LZ_NORTH,16.13
02/28/2026,24:00,N,LZ_NORTH,17.32
03/01/2026,01:00,N,LZ_NORTH,20.39
03/01/2026,02:00,N,LZ_NORTH,21.04
03/01/2026,03:00,N,LZ_NORTH,20.48
03/01/2026,04:00,N,LZ_NORTH,21.35
03/01/2026,05:00,N,LZ_NORTH,21.35
03/01/2026,06:00,N,LZ_NORTH,23.32
03/01/2026,07:00,N,LZ_NORTH,21.48
03/01/2026,08:00,N,LZ_NORTH,20.05
03/01/2026,09:00,N,LZ_NORTH,12.84
03/01/2026,10:00,N,LZ_NORTH,2.54
03/01/2026,11:00,N,LZ_NORTH,0.08
03/01/2026,12:00,N,LZ_NORTH,-0.52
03/01/2026,13:00,N,LZ_NORTH,-0.7
03/01/2026,14:00,N,LZ_NORTH,-0.82
03/01/2026,15:00,N,LZ_NORTH,0.01
03/01/2026,16:00,N,LZ_NORTH,-0.15
03/01/2026,17:00,N,LZ_NORTH,0.52
03/01/2026,18:00,N,LZ_NORTH,21.09
03/01/2026,19:00,N,LZ_NORTH,29.99
03/01/2026,20:00,N,LZ_NORTH,25.36
03/01/2026,21:00,N,LZ_NORTH,22.05
03/01/2026,22:00,N,LZ_NORTH,20.72
03/01/2026,23:00,N,LZ_NORTH,19.4
03/01/2026,24:00,N,LZ_NORTH,17.69
03/02/2026,01:00,N,LZ_NORTH,19.7
03/02/2026,02:00,N,LZ_NORTH,19.92
03/02/2026,03:00,N,LZ_NORTH,20.61
03/02/2026,04:00,N,LZ_NORTH,21.11
03/02/2026,05:00,N,LZ_NORTH,22.88
03/02/2026,06:00,N,LZ_NORTH,27.52
03/02/2026,07:00,N,LZ_NORTH,31.0
03/02/2026,08:00,N,LZ_NORTH,32.88
03/02/2026,09:00,N,LZ_NORTH,20.93
03/02/2026,10:00,N,LZ_NORTH,16.45
03/02/2026,11:00,N,LZ_NORTH,15.47
03/02/2026,12:00,N,LZ_NORTH,13.98
03/02/2026,13:00,N,LZ_NORTH,12.62
03/02/2026,14:00,N,LZ_NORTH,12.53
03/02/2026,15:00,N,LZ_NORTH,12.61
03/02/2026,16:00,N,LZ_NORTH,10.85
03/02/2026,17:00,N,LZ_NORTH,13.36
03/02/2026,18:00,N,LZ_NORTH,29.53
03/02/2026,19:00,N,LZ_NORTH,35.73
03/02/2026,20:00,N,LZ_NORTH,30.54
03/02/2026,21:00,N,LZ_NORTH,25.29
03/02/2026,22:00,N,LZ_NORTH,20.7
03/02/2026,23:00,N,LZ_NORTH,18.64
03/02/2026,24:00,N,LZ_NORTH,16.36
03/03/2026,01:00,N,LZ_NORTH,17.99
03/03/2026,02:00,N,LZ_NORTH,15.89
03/03/2026,03:00,N,LZ_NORTH,14.97
03/03/2026,04:00,N,LZ_NORTH,15.07
03/03/2026,05:00,N,LZ_NORTH,15.44
03/03/2026,06:00,N,LZ_NORTH,17.93
03/03/2026,07:00,N,LZ_NORTH,19.99
03/03/2026,08:00,N,LZ_NORTH,19.65
03/03/2026,09:00,N,LZ_NORTH,13.74
03/03/2026,10:00,N,LZ_NORTH,9.56
03/03/2026,11:00,N,LZ_NORTH,4.76
03/03/2026,12:00,N,LZ_NORTH,3.07
03/03/2026,13:00,N,LZ_NORTH,2.53
03/03/2026,14:00,N,LZ_NORTH,4.81
03/03/2026,15:00,N,LZ_NORTH,9.94
03/03/2026,16:00,N,LZ_NORTH,13.85
03/03/2026,17:00,N,LZ_NORTH,20.53
03/03/2026,18:00,N,LZ_NORTH,45.95
03/03/2026,19:00,N,LZ_NORTH,42.8
03/03/2026,20:00,N,LZ_NORTH,36.4
03/03/2026,21:00,N,LZ_NORTH,35.05
03/03/2026,22:00,N,LZ_NORTH,27.73
03/03/2026,23:00,N,LZ_NORTH,22.92
03/03/2026,24:00,N,LZ_NORTH,20.58
03/04/2026,01:00,N,LZ_NORTH,18.04
03/04/2026,02:00,N,LZ_NORTH,17.44
03/04/2026,03:00,N,LZ_NORTH,17.95
03/04/2026,04:00,N,LZ_NORTH,19.68
03/04/2026,05:00,N,LZ_NORTH,21.7
03/04/2026,06:00,N,LZ_NORTH,25.33
03/04/2026,07:00,N,LZ_NORTH,29.95
03/04/2026,08:00,N,LZ_NORTH,29.95
03/04/2026,09:00,N,LZ_NORTH,25.69
03/04/2026,10:00,N,LZ_NORTH,22.92
03/04/2026,11:00,N,LZ_NORTH,23.9
03/04/2026,12:00,N,LZ_NORTH,25.86
03/04/2026,13:00,N,LZ_NORTH,26.34
03/04/2026,14:00,N,LZ_NORTH,28.97
03/04/2026,15:00,N,LZ_NORTH,29.51
03/04/2026,16:00,N,LZ_NORTH,33.8
03/04/2026,17:00,N,LZ_NORTH,36.93
03/04/2026,18:00,N,LZ_NORTH,51.35
03/04/2026,19:00,N,LZ_NORTH,61.51
03/04/2026,20:00,N,LZ_NORTH,64.2
03/04/2026,21:00,N,LZ_NORTH,55.03
03/04/2026,22:00,N,LZ_NORTH,43.42
03/04/2026,23:00,N,LZ_NORTH,35.53
03/04/2026,24:00,N,LZ_NORTH,28.13
03/05/2026,01:00,N,LZ_NORTH,25.69
03/05/2026,02:00,N,LZ_NORTH,23.45
03/05/2026,03:00,N,LZ_NORTH,22.03
03/05/2026,04:00,N,LZ_NORTH,21.54
03/05/2026,05:00,N,LZ_NORTH,20.48
03/05/2026,06:00,N,LZ_NORTH,22.51
03/05/2026,07:00,N,LZ_NORTH,22.32
03/05/2026,08:00,N,LZ_NORTH,21.64
03/05/2026,09:00,N,LZ_NORTH,21.47
03/05/2026,10:00,N,LZ_NORTH,18.47
03/05/2026,11:00,N,LZ_NORTH,14.73
03/05/2026,12:00,N,LZ_NORTH,13.52
03/05/2026,13:00,N,LZ_NORTH,13.62
03/05/2026,14:00,N,LZ_NORTH,13.31
03/05/2026,15:00,N,LZ_NORTH,15.8
03/05/2026,16:00,N,LZ_NORTH,12.65
03/05/2026,17:00,N,LZ_NORTH,17.61
03/05/2026,18:00,N,LZ_NORTH,29.51
03/05/2026,19:00,N,LZ_NORTH,31.89
03/05/2026,20:00,N,LZ_NORTH,29.38
03/05/2026,21:00,N,LZ_NORTH,26.05
03/05/2026,22:00,N,LZ_NORTH,24.0
03/05/2026,23:00,N,LZ_NORTH,23.79
03/05/2026,24:00,N,LZ_NORTH,19.48
03/06/2026,01:00,N,LZ_NORTH,17.29
03/06/2026,02:00,N,LZ_NORTH,15.72
03/06/2026,03:00,N,LZ_NORTH,15.29
03/06/2026,04:00,N,LZ_NORTH,14.51
03/06/2026,05:00,N,LZ_NORTH,15.89
03/06/2026,06:00,N,LZ_NORTH,18.51
03/06/2026,07:00,N,LZ_NORTH,18.71
03/06/2026,08:00,N,LZ_NORTH,19.47
03/06/2026,09:00,N,LZ_NORTH,17.02
03/06/2026,10:00,N,LZ_NORTH,12.24
03/06/2026,11:00,N,LZ_NORTH,12.58
03/06/2026,12:00,N,LZ_NORTH,12.81
03/06/2026,13:00,N,LZ_NORTH,15.09
03/06/2026,14:00,N,LZ_NORTH,13.94
03/06/2026,15:00,N,LZ_NORTH,16.76
03/06/2026,16:00,N,LZ_NORTH,17.62
03/06/2026,17:00,N,LZ_NORTH,20.79
03/06/2026,18:00,N,LZ_NORTH,27.47
03/06/2026,19:00,N,LZ_NORTH,33.86
03/06/2026,20:00,N,LZ_NORTH,34.42
03/06/2026,21:00,N,LZ_NORTH,34.43
03/06/2026,22:00,N,LZ_NORTH,32.0
03/06/2026,23:00,N,LZ_NORTH,34.09
03/06/2026,24:00,N,LZ_NORTH,26.68
03/07/2026,01:00,N,LZ_NORTH,24.78
03/07/2026,02:00,N,LZ_NORTH,23.01
03/07/2026,03:00,N,LZ_NORTH,21.53
03/07/2026,04:00,N,LZ_NORTH,19.26
03/07/2026,05:00,N,LZ_NORTH,17.98
03/07/2026,06:00,N,LZ_NORTH,18.3
03/07/2026,07:00,N,LZ_NORTH,16.3
03/07/2026,08:00,N,LZ_NORTH,15.17
03/07/2026,09:00,N,LZ_NORTH,9.03
03/07/2026,10:00,N,LZ_NORTH,7.75
03/07/2026,11:00,N,LZ_NORTH,9.29
03/07/2026,12:00,N,LZ_NORTH,7.38
03/07/2026,13:00,N,LZ_NORTH,11.1
03/07/2026,14:00,N,LZ_NORTH,11.8
03/07/2026,15:00,N,LZ_NORTH,11.99
03/07/2026,16:00,N,LZ_NORTH,15.21
03/07/2026,17:00,N,LZ_NORTH,17.77
03/07/2026,18:00,N,LZ_NORTH,29.08
03/07/2026,19:00,N,LZ_NORTH,42.12
03/07/2026,20:00,N,LZ_NORTH,38.45
03/07/2026,21:00,N,LZ_NORTH,39.96
03/07/2026,22:00,N,LZ_NORTH,39.67
03/07/2026,23:00,N,LZ_NORTH,39.81
03/07/2026,24:00,N,LZ_NORTH,34.28
03/08/2026,01:00,N,LZ_NORTH,41.87
03/08/2026,02:00,N,LZ_NORTH,35.48
03/08/2026,04:00,N,LZ_NORTH,33.29
03/08/2026,05:00,N,LZ_NORTH,32.51
03/08/2026,06:00,N,LZ_NORTH,34.54
03/08/2026,07:00,N,LZ_NORTH,30.93
03/08/2026,08:00,N,LZ_NORTH,35.25
03/08/2026,09:00,N,LZ_NORTH,28.9
03/08/2026,10:00,N,LZ_NORTH,21.78
03/08/2026,11:00,N,LZ_NORTH,19.08
03/08/2026,12:00,N,LZ_NORTH,17.79
03/08/2026,13:00,N,LZ_NORTH,16.3
03/08/2026,14:00,N,LZ_NORTH,15.74
03/08/2026,15:00,N,LZ_NORTH,15.71
03/08/2026,16:00,N,LZ_NORTH,16.04
03/08/2026,17:00,N,LZ_NORTH,17.1
03/08/2026,18:00,N,LZ_NORTH,21.29
03/08/2026,19:00,N,LZ_NORTH,32.51
03/08/2026,20:00,N,LZ_NORTH,44.23
03/08/2026,21:00,N,LZ_NORTH,36.02
03/08/2026,22:00,N,LZ_NORTH,24.68
03/08/2026,23:00,N,LZ_NORTH,22.94
03/08/2026,24:00,N,LZ_NORTH,20.81
03/09/2026,01:00,N,LZ_NORTH,19.04
03/09/2026,02:00,N,LZ_NORTH,17.48
03/09/2026,03:00,N,LZ_NORTH,16.31
03/09/2026,04:00,N,LZ_NORTH,16.26
03/09/2026,05:00,N,LZ_NORTH,16.74
03/09/2026,06:00,N,LZ_NORTH,20.48
03/09/2026,07:00,N,LZ_NORTH,19.65
03/09/2026,08:00,N,LZ_NORTH,18.76
03/09/2026,09:00,N,LZ_NORTH,22.3
03/09/2026,10:00,N,LZ_NORTH,16.89
03/09/2026,11:00,N,LZ_NORTH,14.61
03/09/2026,12:00,N,LZ_NORTH,14.67
03/09/2026,13:00,N,LZ_NORTH,14.84
03/09/2026,14:00,N,LZ_NORTH,14.89
03/09/2026,15:00,N,LZ_NORTH,15.17
03/09/2026,16:00,N,LZ_NORTH,18.67
03/09/2026,17:00,N,LZ_NORTH,21.01
03/09/2026,18:00,N,LZ_NORTH,26.67
03/09/2026,19:00,N,LZ_NORTH,38.73
03/09/2026,20:00,N,LZ_NORTH,41.2
03/09/2026,21:00,N,LZ_NORTH,41.57
03/09/2026,22:00,N,LZ_NORTH,28.96
03/09/2026,23:00,N,LZ_NORTH,27.26
03/09/2026,24:00,N,LZ_NORTH,22.28
03/10/2026,01:00,N,LZ_NORTH,19.81
03/10/2026,02:00,N,LZ_NORTH,17.62
03/10/2026,03:00,N,LZ_NORTH,17.01
03/10/2026,04:00,N,LZ_NORTH,16.68
03/10/2026,05:00,N,LZ_NORTH,16.73
03/10/2026,06:00,N,LZ_NORTH,19.91
03/10/2026,07:00,N,LZ_NORTH,22.5
03/10/2026,08:00,N,LZ_NORTH,26.23
03/10/2026,09:00,N,LZ_NORTH,27.75
03/10/2026,10:00,N,LZ_NORTH,20.56
03/10/2026,11:00,N,LZ_NORTH,20.11
03/10/2026,12:00,N,LZ_NORTH,20.36
03/10/2026,13:00,N,LZ_NORTH,20.65
03/10/2026,14:00,N,LZ_NORTH,21.02
03/10/2026,15:00,N,LZ_NORTH,20.29
03/10/2026,16:00,N,LZ_NORTH,22.47
03/10/2026,17:00,N,LZ_NORTH,23.64
03/10/2026,18:00,N,LZ_NORTH,24.04
03/10/2026,19:00,N,LZ_NORTH,32.25
03/10/2026,20:00,N,LZ_NORTH,40.11
03/10/2026,21:00,N,LZ_NORTH,41.22
03/10/2026,22:00,N,LZ_NORTH,41.35
03/10/2026,23:00,N,LZ_NORTH,33.36
03/10/2026,24:00,N,LZ_NORTH,27.38
03/11/2026,01:00,N,LZ_NORTH,23.33
03/11/2026,02:00,N,LZ_NORTH,22.3
03/11/2026,03:00,N,LZ_NORTH,20.94
03/11/2026,04:00,N,LZ_NORTH,21.44
03/11/2026,05:00,N,LZ_NORTH,21.95
03/11/2026,06:00,N,LZ_NORTH,22.48
03/11/2026,07:00,N,LZ_NORTH,25.3
03/11/2026,08:00,N,LZ_NORTH,28.73
03/11/2026,09:00,N,LZ_NORTH,25.45
03/11/2026,10:00,N,LZ_NORTH,20.37
03/11/2026,11:00,N,LZ_NORTH,16.44
03/11/2026,12:00,N,LZ_NORTH,17.0
03/11/2026,13:00,N,LZ_NORTH,15.22
03/11/2026,14:00,N,LZ_NORTH,14.17
03/11/2026,15:00,N,LZ_NORTH,13.19
03/11/2026,16:00,N,LZ_NORTH,11.71
03/11/2026,17:00,N,LZ_NORTH,11.81
03/11/2026,18:00,N,LZ_NORTH,16.02
03/11/2026,19:00,N,LZ_NORTH,24.64
03/11/2026,20:00,N,LZ_NORTH,29.95
03/11/2026,21:00,N,LZ_NORTH,29.38
03/11/2026,22:00,N,LZ_NORTH,25.76
03/11/2026,23:00,N,LZ_NORTH,23.15
03/11/2026,24:00,N,LZ_NORTH,21.16
03/12/2026,01:00,N,LZ_NORTH,19.05
03/12/2026,02:00,N,LZ_NORTH,18.97
03/12/2026,03:00,N,LZ_NORTH,19.6
03/12/2026,04:00,N,LZ_NORTH,22.35
03/12/2026,05:00,N,LZ_NORTH,29.62
03/12/2026,06:00,N,LZ_NORTH,41.72
03/12/2026,07:00,N,LZ_NORTH,49.49
03/12/2026,08:00,N,LZ_NORTH,53.73
03/12/2026,09:00,N,LZ_NORTH,37.38
03/12/2026,10:00,N,LZ_NORTH,20.84
03/12/2026,11:00,N,LZ_NORTH,8.39
03/12/2026,12:00,N,LZ_NORTH,5.66
03/12/2026,13:00,N,LZ_NORTH,4.63
03/12/2026,14:00,N,LZ_NORTH,1.59
03/12/2026,15:00,N,LZ_NORTH,0.36
03/12/2026,16:00,N,LZ_NORTH,0.08
03/12/2026,17:00,N,LZ_NORTH,0.0
03/12/2026,18:00,N,LZ_NORTH,0.97
03/12/2026,19:00,N,LZ_NORTH,19.96
03/12/2026,20:00,N,LZ_NORTH,31.85
03/12/2026,21:00,N,LZ_NORTH,30.12
03/12/2026,22:00,N,LZ_NORTH,26.0
03/12/2026,23:00,N,LZ_NORTH,23.9
03/12/2026,24:00,N,LZ_NORTH,20.73
03/13/2026,01:00,N,LZ_NORTH,19.21
03/13/2026,02:00,N,LZ_NORTH,17.27
03/13/2026,03:00,N,LZ_NORTH,16.85
03/13/2026,04:00,N,LZ_NORTH,16.26
03/13/2026,05:00,N,LZ_NORTH,17.97
03/13/2026,06:00,N,LZ_NORTH,22.33
03/13/2026,07:00,N,LZ_NORTH,23.4
03/13/2026,08:00,N,LZ_NORTH,25.47
03/13/2026,09:00,N,LZ_NORTH,17.04
03/13/2026,10:00,N,LZ_NORTH,3.32
03/13/2026,11:00,N,LZ_NORTH,1.3
03/13/2026,12:00,N,LZ_NORTH,1.62
03/13/2026,13:00,N,LZ_NORTH,3.14
03/13/2026,14:00,N,LZ_NORTH,5.47
03/13/2026,15:00,N,LZ_NORTH,6.29
03/13/2026,16:00,N,LZ_NORTH,6.55
03/13/2026,17:00,N,LZ_NORTH,9.55
03/13/2026,18:00,N,LZ_NORTH,13.71
03/13/2026,19:00,N,LZ_NORTH,34.39
03/13/2026,20:00,N,LZ_NORTH,58.3
03/13/2026,21:00,N,LZ_NORTH,45.0
03/13/2026,22:00,N,LZ_NORTH,33.52
03/13/2026,23:00,N,LZ_NORTH,28.91
03/13/2026,24:00,N,LZ_NORTH,24.2
03/14/2026,01:00,N,LZ_NORTH,28.77
03/14/2026,02:00,N,LZ_NORTH,25.81
03/14/2026,03:00,N,LZ_NORTH,24.94
03/14/2026,04:00,N,LZ_NORTH,23.17
03/14/2026,05:00,N,LZ_NORTH,22.3
03/14/2026,06:00,N,LZ_NORTH,24.06
03/14/2026,07:00,N,LZ_NORTH,21.57
03/14/2026,08:00,N,LZ_NORTH,22.33
03/14/2026,09:00,N,LZ_NORTH,19.11
03/14/2026,10:00,N,LZ_NORTH,5.05
03/14/2026,11:00,N,LZ_NORTH,1.66
03/14/2026,12:00,N,LZ_NORTH,3.22
03/14/2026,13:00,N,LZ_NORTH,3.86
03/14/2026,14:00,N,LZ_NORTH,4.51
03/14/2026,15:00,N,LZ_NORTH,2.43
03/14/2026,16:00,N,LZ_NORTH,1.3
03/14/2026,17:00,N,LZ_NORTH,2.79
03/14/2026,18:00,N,LZ_NORTH,5.06
03/14/2026,19:00,N,LZ_NORTH,28.71
03/14/2026,20:00,N,LZ_NORTH,39.54
03/14/2026,21:00,N,LZ_NORTH,32.44
03/14/2026,22:00,N,LZ_NORTH,26.82
03/14/2026,23:00,N,LZ_NORTH,23.32
03/14/2026,24:00,N,LZ_NORTH,19.02
03/15/2026,01:00,N,LZ_NORTH,19.06
03/15/2026,02:00,N,LZ_NORTH,18.84
03/15/2026,03:00,N,LZ_NORTH,16.68
03/15/2026,04:00,N,LZ_NORTH,16.91
03/15/2026,05:00,N,LZ_NORTH,17.76
03/15/2026,06:00,N,LZ_NORTH,17.88
03/15/2026,07:00,N,LZ_NORTH,16.63
03/15/2026,08:00,N,LZ_NORTH,17.97
03/15/2026,09:00,N,LZ_NORTH,17.16
03/15/2026,10:00,N,LZ_NORTH,11.87
03/15/2026,11:00,N,LZ_NORTH,4.01
03/15/2026,12:00,N,LZ_NORTH,1.44
03/15/2026,13:00,N,LZ_NORTH,0.64
03/15/2026,14:00,N,LZ_NORTH,-0.2
03/15/2026,15:00,N,LZ_NORTH,2.67
03/15/2026,16:00,N,LZ_NORTH,3.0
03/15/2026,17:00,N,LZ_NORTH,3.65
03/15/2026,18:00,N,LZ_NORTH,7.33
03/15/2026,19:00,N,LZ_NORTH,28.78
03/15/2026,20:00,N,LZ_NORTH,35.38
03/15/2026,21:00,N,LZ_NORTH,33.62
03/15/2026,22:00,N,LZ_NORTH,29.37
03/15/2026,23:00,N,LZ_NORTH,24.94
03/15/2026,24:00,N,LZ_NORTH,19.68
03/16/2026,01:00,N,LZ_NORTH,14.4
03/16/2026,02:00,N,LZ_NORTH,13.68
03/16/2026,03:00,N,LZ_NORTH,14.86
03/16/2026,04:00,N,LZ_NORTH,17.76
03/16/2026,05:00,N,LZ_NORTH,19.15
03/16/2026,06:00,N,LZ_NORTH,34.01
03/16/2026,07:00,N,LZ_NORTH,48.75
03/16/2026,08:00,N,LZ_NORTH,73.27
03/16/2026,09:00,N,LZ_NORTH,51.54
03/16/2026,10:00,N,LZ_NORTH,23.59
03/16/2026,11:00,N,LZ_NORTH,17.9
03/16/2026,12:00,N,LZ_NORTH,17.11
03/16/2026,13:00,N,LZ_NORTH,15.23
03/16/2026,14:00,N,LZ_NORTH,15.79
03/16/2026,15:00,N,LZ_NORTH,15.46
03/16/2026,16:00,N,LZ_NORTH,15.36
03/16/2026,17:00,N,LZ_NORTH,19.97
03/16/2026,18:00,N,LZ_NORTH,28.69
03/16/2026,19:00,N,LZ_NORTH,82.13
03/16/2026,20:00,N,LZ_NORTH,116.76
03/16/2026,21:00,N,LZ_NORTH,125.0
03/16/2026,22:00,N,LZ_NORTH,123.07
03/16/2026,23:00,N,LZ_NORTH,69.88
03/16/2026,24:00,N,LZ_NORTH,41.99
03/17/2026,01:00,N,LZ_NORTH,40.99
03/17/2026,02:00,N,LZ_NORTH,32.2
03/17/2026,03:00,N,LZ_NORTH,30.07
03/17/2026,04:00,N,LZ_NORTH,31.33
03/17/2026,05:00,N,LZ_NORTH,34.94
03/17/2026,06:00,N,LZ_NORTH,39.38
03/17/2026,07:00,N,LZ_NORTH,52.03
03/17/2026,08:00,N,LZ_NORTH,56.23
03/17/2026,09:00,N,LZ_NORTH,31.04
03/17/2026,10:00,N,LZ_NORTH,19.28
03/17/2026,11:00,N,LZ_NORTH,5.55
03/17/2026,12:00,N,LZ_NORTH,2.82
03/17/2026,13:00,N,LZ_NORTH,0.99
03/17/2026,14:00,N,LZ_NORTH,-2.61
03/17/2026,15:00,N,LZ_NORTH,-2.95
03/17/2026,16:00,N,LZ_NORTH,-4.07
03/17/2026,17:00,N,LZ_NORTH,-5.35
03/17/2026,18:00,N,LZ_NORTH,-3.04
03/17/2026,19:00,N,LZ_NORTH,15.82
03/17/2026,20:00,N,LZ_NORTH,29.94
03/17/2026,21:00,N,LZ_NORTH,30.96
03/17/2026,22:00,N,LZ_NORTH,28.72
03/17/2026,23:00,N,LZ_NORTH,23.79
03/17/2026,24:00,N,LZ_NORTH,18.2
03/18/2026,01:00,N,LZ_NORTH,16.88
03/18/2026,02:00,N,LZ_NORTH,16.55
03/18/2026,03:00,N,LZ_NORTH,15.34
03/18/2026,04:00,N,LZ_NORTH,15.16
03/18/2026,05:00,N,LZ_NORTH,17.02
03/18/2026,06:00,N,LZ_NORTH,22.61
03/18/2026,07:00,N,LZ_NORTH,30.5
03/18/2026,08:00,N,LZ_NORTH,36.2
03/18/2026,09:00,N,LZ_NORTH,23.59
03/18/2026,10:00,N,LZ_NORTH,3.83
03/18/2026,11:00,N,LZ_NORTH,2.5
03/18/2026,12:00,N,LZ_NORTH,4.31
03/18/2026,13:00,N,LZ_NORTH,7.25
03/18/2026,14:00,N,LZ_NORTH,9.77
03/18/2026,15:00,N,LZ_NORTH,10.01
03/18/2026,16:00,N,LZ_NORTH,9.8
03/18/2026,17:00,N,LZ_NORTH,10.4
03/18/2026,18:00,N,LZ_NORTH,16.51
03/18/2026,19:00,N,LZ_NORTH,43.21
03/18/2026,20:00,N,LZ_NORTH,78.89
03/18/2026,21:00,N,LZ_NORTH,55.3
03/18/2026,22:00,N,LZ_NORTH,34.21
03/18/2026,23:00,N,LZ_NORTH,23.8
03/18/2026,24:00,N,LZ_NORTH,18.57
03/19/2026,01:00,N,LZ_NORTH,15.1
03/19/2026,02:00,N,LZ_NORTH,13.92
03/19/2026,03:00,N,LZ_NORTH,13.91
03/19/2026,04:00,N,LZ_NORTH,14.23
03/19/2026,05:00,N,LZ_NORTH,15.38
03/19/2026,06:00,N,LZ_NORTH,19.58
03/19/2026,07:00,N,LZ_NORTH,26.17
03/19/2026,08:00,N,LZ_NORTH,27.63
03/19/2026,09:00,N,LZ_NORTH,20.35
03/19/2026,10:00,N,LZ_NORTH,3.8
03/19/2026,11:00,N,LZ_NORTH,2.93
03/19/2026,12:00,N,LZ_NORTH,6.78
03/19/2026,13:00,N,LZ_NORTH,12.15
03/19/2026,14:00,N,LZ_NORTH,16.42
03/19/2026,15:00,N,LZ_NORTH,19.66
03/19/2026,16:00,N,LZ_NORTH,21.01
03/19/2026,17:00,N,LZ_NORTH,24.22
03/19/2026,18:00,N,LZ_NORTH,22.25
03/19/2026,19:00,N,LZ_NORTH,56.59
03/19/2026,20:00,N,LZ_NORTH,103.9
03/19/2026,21:00,N,LZ_NORTH,65.49
03/19/2026,22:00,N,LZ_NORTH,39.08
03/19/2026,23:00,N,LZ_NORTH,27.3
03/19/2026,24:00,N,LZ_NORTH,21.36
03/20/2026,01:00,N,LZ_NORTH,15.93
03/20/2026,02:00,N,LZ_NORTH,16.14
03/20/2026,03:00,N,LZ_NORTH,16.24
03/20/2026,04:00,N,LZ_NORTH,15.73
03/20/2026,05:00,N,LZ_NORTH,17.21
03/20/2026,06:00,N,LZ_NORTH,22.46
03/20/2026,07:00,N,LZ_NORTH,27.69
03/20/2026,08:00,N,LZ_NORTH,32.29
03/20/2026,09:00,N,LZ_NORTH,21.75
03/20/2026,10:00,N,LZ_NORTH,8.66
03/20/2026,11:00,N,LZ_NORTH,9.41
03/20/2026,12:00,N,LZ_NORTH,11.54
03/20/2026,13:00,N,LZ_NORTH,14.92
03/20/2026,14:00,N,LZ_NORTH,18.17
03/20/2026,15:00,N,LZ_NORTH,22.55
03/20/2026,16:00,N,LZ_NORTH,24.07
03/20/2026,17:00,N,LZ_NORTH,24.69
03/20/2026,18:00,N,LZ_NORTH,27.21
03/20/2026,19:00,N,LZ_NORTH,78.08
03/20/2026,20:00,N,LZ_NORTH,104.85
03/20/2026,21:00,N,LZ_NORTH,74.44
03/20/2026,22:00,N,LZ_NORTH,46.33
03/20/2026,23:00,N,LZ_NORTH,30.67
03/20/2026,24:00,N,LZ_NORTH,24.94
03/21/2026,01:00,N,LZ_NORTH,20.66
03/21/2026,02:00,N,LZ_NORTH,18.45
03/21/2026,03:00,N,LZ_NORTH,17.35
03/21/2026,04:00,N,LZ_NORTH,17.16
03/21/2026,05:00,N,LZ_NORTH,16.92
03/21/2026,06:00,N,LZ_NORTH,18.94
03/21/2026,07:00,N,LZ_NORTH,24.54
03/21/2026,08:00,N,LZ_NORTH,26.13
03/21/2026,09:00,N,LZ_NORTH,19.27
03/21/2026,10:00,N,LZ_NORTH,6.22
03/21/2026,11:00,N,LZ_NORTH,6.05
03/21/2026,12:00,N,LZ_NORTH,9.88
03/21/2026,13:00,N,LZ_NORTH,14.27
03/21/2026,14:00,N,LZ_NORTH,16.24
03/21/2026,15:00,N,LZ_NORTH,19.23
03/21/2026,16:00,N,LZ_NORTH,19.16
03/21/2026,17:00,N,LZ_NORTH,19.07
03/21/2026,18:00,N,LZ_NORTH,19.8
03/21/2026,19:00,N,LZ_NORTH,55.22
03/21/2026,20:00,N,LZ_NORTH,70.41
03/21/2026,21:00,N,LZ_NORTH,49.87
03/21/2026,22:00,N,LZ_NORTH,30.55
03/21/2026,23:00,N,LZ_NORTH,24.5
03/21/2026,24:00,N,LZ_NORTH,21.48
03/22/2026,01:00,N,LZ_NORTH,21.36
03/22/2026,02:00,N,LZ_NORTH,18.62
03/22/2026,03:00,N,LZ_NORTH,15.13
03/22/2026,04:00,N,LZ_NORTH,14.54
03/22/2026,05:00,N,LZ_NORTH,14.8
03/22/2026,06:00,N,LZ_NORTH,15.11
03/22/2026,07:00,N,LZ_NORTH,15.31
03/22/2026,08:00,N,LZ_NORTH,15.78
03/22/2026,09:00,N,LZ_NORTH,6.63
03/22/2026,10:00,N,LZ_NORTH,-0.83
03/22/2026,11:00,N,LZ_NORTH,-1.29
03/22/2026,12:00,N,LZ_NORTH,-0.95
03/22/2026,13:00,N,LZ_NORTH,0.46
03/22/2026,14:00,N,LZ_NORTH,3.29
03/22/2026,15:00,N,LZ_NORTH,6.36
03/22/2026,16:00,N,LZ_NORTH,12.93
03/22/2026,17:00,N,LZ_NORTH,16.23
03/22/2026,18:00,N,LZ_NORTH,21.4
03/22/2026,19:00,N,LZ_NORTH,35.1
03/22/2026,20:00,N,LZ_NORTH,43.87
03/22/2026,21:00,N,LZ_NORTH,39.68
03/22/2026,22:00,N,LZ_NORTH,32.83
03/22/2026,23:00,N,LZ_NORTH,26.86
03/22/2026,24:00,N,LZ_NORTH,22.54
03/23/2026,01:00,N,LZ_NORTH,18.67
03/23/2026,02:00,N,LZ_NORTH,19.25
03/23/2026,03:00,N,LZ_NORTH,19.41
03/23/2026,04:00,N,LZ_NORTH,18.54
03/23/2026,05:00,N,LZ_NORTH,19.61
03/23/2026,06:00,N,LZ_NORTH,23.96
03/23/2026,07:00,N,LZ_NORTH,26.13
03/23/2026,08:00,N,LZ_NORTH,27.38
03/23/2026,09:00,N,LZ_NORTH,18.5
03/23/2026,10:00,N,LZ_NORTH,7.42
03/23/2026,11:00,N,LZ_NORTH,6.09
03/23/2026,12:00,N,LZ_NORTH,11.31
03/23/2026,13:00,N,LZ_NORTH,14.46
03/23/2026,14:00,N,LZ_NORTH,19.58
03/23/2026,15:00,N,LZ_NORTH,17.29
03/23/2026,16:00,N,LZ_NORTH,20.32
03/23/2026,17:00,N,LZ_NORTH,21.7
03/23/2026,18:00,N,LZ_NORTH,28.91
03/23/2026,19:00,N,LZ_NORTH,89.75
03/23/2026,20:00,N,LZ_NORTH,134.79
03/23/2026,21:00,N,LZ_NORTH,137.98
03/23/2026,22:00,N,LZ_NORTH,108.8
03/23/2026,23:00,N,LZ_NORTH,88.16
03/23/2026,24:00,N,LZ_NORTH,44.8
03/24/2026,01:00,N,LZ_NORTH,40.05
03/24/2026,02:00,N,LZ_NORTH,32.29
03/24/2026,03:00,N,LZ_NORTH,32.05
03/24/2026,04:00,N,LZ_NORTH,33.72
03/24/2026,05:00,N,LZ_NORTH,32.33
03/24/2026,06:00,N,LZ_NORTH,35.3
03/24/2026,07:00,N,LZ_NORTH,37.9
03/24/2026,08:00,N,LZ_NORTH,38.65
03/24/2026,09:00,N,LZ_NORTH,28.37
03/24/2026,10:00,N,LZ_NORTH,15.54
03/24/2026,11:00,N,LZ_NORTH,9.31
03/24/2026,12:00,N,LZ_NORTH,5.09
03/24/2026,13:00,N,LZ_NORTH,3.98
03/24/2026,14:00,N,LZ_NORTH,2.98
03/24/2026,15:00,N,LZ_NORTH,4.54
03/24/2026,16:00,N,LZ_NORTH,5.45
03/24/2026,17:00,N,LZ_NORTH,10.07
03/24/2026,18:00,N,LZ_NORTH,13.91
03/24/2026,19:00,N,LZ_NORTH,38.32
03/24/2026,20:00,N,LZ_NORTH,53.1
03/24/2026,21:00,N,LZ_NORTH,46.79
03/24/2026,22:00,N,LZ_NORTH,33.02
03/24/2026,23:00,N,LZ_NORTH,26.31
03/24/2026,24:00,N,LZ_NORTH,21.51
03/25/2026,01:00,N,LZ_NORTH,20.19
03/25/2026,02:00,N,LZ_NORTH,18.8
03/25/2026,03:00,N,LZ_NORTH,17.84
03/25/2026,04:00,N,LZ_NORTH,16.88
03/25/2026,05:00,N,LZ_NORTH,18.19
03/25/2026,06:00,N,LZ_NORTH,22.82
03/25/2026,07:00,N,LZ_NORTH,24.12
03/25/2026,08:00,N,LZ_NORTH,26.69
03/25/2026,09:00,N,LZ_NORTH,20.85
03/25/2026,10:00,N,LZ_NORTH,8.68
03/25/2026,11:00,N,LZ_NORTH,5.53
03/25/2026,12:00,N,LZ_NORTH,3.95
03/25/2026,13:00,N,LZ_NORTH,6.84
03/25/2026,14:00,N,LZ_NORTH,8.61
03/25/2026,15:00,N,LZ_NORTH,10.96
03/25/2026,16:00,N,LZ_NORTH,13.49
03/25/2026,17:00,N,LZ_NORTH,16.43
03/25/2026,18:00,N,LZ_NORTH,21.5
03/25/2026,19:00,N,LZ_NORTH,43.26
03/25/2026,20:00,N,LZ_NORTH,59.46
03/25/2026,21:00,N,LZ_NORTH,52.22
03/25/2026,22:00,N,LZ_NORTH,43.57
03/25/2026,23:00,N,LZ_NORTH,35.91
03/25/2026,24:00,N,LZ_NORTH,25.27
03/26/2026,01:00,N,LZ_NORTH,19.66
03/26/2026,02:00,N,LZ_NORTH,18.91
03/26/2026,03:00,N,LZ_NORTH,18.44
03/26/2026,04:00,N,LZ_NORTH,18.95
03/26/2026,05:00,N,LZ_NORTH,17.51
03/26/2026,06:00,N,LZ_NORTH,21.64
03/26/2026,07:00,N,LZ_NORTH,20.79
03/26/2026,08:00,N,LZ_NORTH,22.19
03/26/2026,09:00,N,LZ_NORTH,14.81
03/26/2026,10:00,N,LZ_NORTH,3.82
03/26/2026,11:00,N,LZ_NORTH,2.08
03/26/2026,12:00,N,LZ_NORTH,0.83
03/26/2026,13:00,N,LZ_NORTH,1.07
03/26/2026,14:00,N,LZ_NORTH,2.1
03/26/2026,15:00,N,LZ_NORTH,5.14
03/26/2026,16:00,N,LZ_NORTH,7.13
03/26/2026,17:00,N,LZ_NORTH,13.49
03/26/2026,18:00,N,LZ_NORTH,17.75
03/26/2026,19:00,N,LZ_NORTH,35.27
03/26/2026,20:00,N,LZ_NORTH,44.87
03/26/2026,21:00,N,LZ_NORTH,43.98
03/26/2026,22:00,N,LZ_NORTH,36.19
03/26/2026,23:00,N,LZ_NORTH,32.3
03/26/2026,24:00,N,LZ_NORTH,24.2
03/27/2026,01:00,N,LZ_NORTH,19.04
03/27/2026,02:00,N,LZ_NORTH,17.6
03/27/2026,03:00,N,LZ_NORTH,15.52
03/27/2026,04:00,N,LZ_NORTH,15.8
03/27/2026,05:00,N,LZ_NORTH,19.01
03/27/2026,06:00,N,LZ_NORTH,26.16
03/27/2026,07:00,N,LZ_NORTH,27.51
03/27/2026,08:00,N,LZ_NORTH,29.44
03/27/2026,09:00,N,LZ_NORTH,21.82
03/27/2026,10:00,N,LZ_NORTH,12.96
03/27/2026,11:00,N,LZ_NORTH,10.13
03/27/2026,12:00,N,LZ_NORTH,8.5
03/27/2026,13:00,N,LZ_NORTH,8.6
03/27/2026,14:00,N,LZ_NORTH,12.3
03/27/2026,15:00,N,LZ_NORTH,10.99
03/27/2026,16:00,N,LZ_NORTH,12.29
03/27/2026,17:00,N,LZ_NORTH,17.36
03/27/2026,18:00,N,LZ_NORTH,20.32
03/27/2026,19:00,N,LZ_NORTH,25.97
03/27/2026,20:00,N,LZ_NORTH,28.68
03/27/2026,21:00,N,LZ_NORTH,30.18
03/27/2026,22:00,N,LZ_NORTH,27.31
03/27/2026,23:00,N,LZ_NORTH,24.52
03/27/2026,24:00,N,LZ_NORTH,21.98
03/28/2026,01:00,N,LZ_NORTH,21.87
03/28/2026,02:00,N,LZ_NORTH,23.32
03/28/2026,03:00,N,LZ_NORTH,24.66
03/28/2026,04:00,N,LZ_NORTH,27.42
03/28/2026,05:00,N,LZ_NORTH,30.5
03/28/2026,06:00,N,LZ_NORTH,34.99
03/28/2026,07:00,N,LZ_NORTH,40.33
03/28/2026,08:00,N,LZ_NORTH,45.35
03/28/2026,09:00,N,LZ_NORTH,47.41
03/28/2026,10:00,N,LZ_NORTH,47.17
03/28/2026,11:00,N,LZ_NORTH,37.04
03/28/2026,12:00,N,LZ_NORTH,30.23
03/28/2026,13:00,N,LZ_NORTH,25.57
03/28/2026,14:00,N,LZ_NORTH,19.81
03/28/2026,15:00,N,LZ_NORTH,19.32
03/28/2026,16:00,N,LZ_NORTH,18.43
03/28/2026,17:00,N,LZ_NORTH,18.44
03/28/2026,18:00,N,LZ_NORTH,20.05
03/28/2026,19:00,N,LZ_NORTH,35.69
03/28/2026,20:00,N,LZ_NORTH,49.69
03/28/2026,21:00,N,LZ_NORTH,45.51
03/28/2026,22:00,N,LZ_NORTH,32.02
03/28/2026,23:00,N,LZ_NORTH,24.84
03/28/2026,24:00,N,LZ_NORTH,19.01
03/29/2026,01:00,N,LZ_NORTH,21.99
03/29/2026,02:00,N,LZ_NORTH,19.33
03/29/2026,03:00,N,LZ_NORTH,18.18
03/29/2026,04:00,N,LZ_NORTH,17.8
03/29/2026,05:00,N,LZ_NORTH,16.7
03/29/2026,06:00,N,LZ_NORTH,17.44
03/29/2026,07:00,N,LZ_NORTH,16.48
03/29/2026,08:00,N,LZ_NORTH,16.39
03/29/2026,09:00,N,LZ_NORTH,6.65
03/29/2026,10:00,N,LZ_NORTH,-3.02
03/29/2026,11:00,N,LZ_NORTH,-3.54
03/29/2026,12:00,N,LZ_NORTH,-3.95
03/29/2026,13:00,N,LZ_NORTH,-3.56
03/29/2026,14:00,N,LZ_NORTH,-3.64
03/29/2026,15:00,N,LZ_NORTH,-2.15
03/29/2026,16:00,N,LZ_NORTH,0.58
03/29/2026,17:00,N,LZ_NORTH,1.5
03/29/2026,18:00,N,LZ_NORTH,3.26
03/29/2026,19:00,N,LZ_NORTH,24.67
03/29/2026,20:00,N,LZ_NORTH,29.66
03/29/2026,21:00,N,LZ_NORTH,29.93
03/29/2026,22:00,N,LZ_NORTH,29.14
03/29/2026,23:00,N,LZ_NORTH,22.54
03/29/2026,24:00,N,LZ_NORTH,16.37
03/30/2026,01:00,N,LZ_NORTH,16.49
03/30/2026,02:00,N,LZ_NORTH,14.77
03/30/2026,03:00,N,LZ_NORTH,13.13
03/30/2026,04:00,N,LZ_NORTH,13.11
03/30/2026,05:00,N,LZ_NORTH,14.39
03/30/2026,06:00,N,LZ_NORTH,17.21
03/30/2026,07:00,N,LZ_NORTH,19.47
03/30/2026,08:00,N,LZ_NORTH,19.26
03/30/2026,09:00,N,LZ_NORTH,15.68
03/30/2026,10:00,N,LZ_NORTH,8.91
03/30/2026,11:00,N,LZ_NORTH,6.09
03/30/2026,12:00,N,LZ_NORTH,1.94
03/30/2026,13:00,N,LZ_NORTH,2.98
03/30/2026,14:00,N,LZ_NORTH,3.63
03/30/2026,15:00,N,LZ_NORTH,6.38
03/30/2026,16:00,N,LZ_NORTH,8.9
03/30/2026,17:00,N,LZ_NORTH,11.97
03/30/2026,18:00,N,LZ_NORTH,14.38
03/30/2026,19:00,N,LZ_NORTH,24.9
03/30/2026,20:00,N,LZ_NORTH,34.25
03/30/2026,21:00,N,LZ_NORTH,30.62
03/30/2026,22:00,N,LZ_NORTH,27.83
03/30/2026,23:00,N,LZ_NORTH,25.34
03/30/2026,24:00,N,LZ_NORTH,17.77
03/31/2026,01:00,N,LZ_NORTH,18.14
03/31/2026,02:00,N,LZ_NORTH,15.59
03/31/2026,03:00,N,LZ_NORTH,13.68
03/31/2026,04:00,N,LZ_NORTH,13.76
03/31/2026,05:00,N,LZ_NORTH,14.37
03/31/2026,06:00,N,LZ_NORTH,16.84
03/31/2026,07:00,N,LZ_NORTH,17.54
03/31/2026,08:00,N,LZ_NORTH,18.54
03/31/2026,09:00,N,LZ_NORTH,15.75
03/31/2026,10:00,N,LZ_NORTH,11.11
03/31/2026,11:00,N,LZ_NORTH,7.74
03/31/2026,12:00,N,LZ_NORTH,7.72
03/31/2026,13:00,N,LZ_NORTH,9.71
03/31/2026,14:00,N,LZ_NORTH,10.8
03/31/2026,15:00,N,LZ_NORTH,12.21
03/31/2026,16:00,N,LZ_NORTH,16.46
03/31/2026,17:00,N,LZ_NORTH,17.47
03/31/2026,18:00,N,LZ_NORTH,22.38
03/31/2026,19:00,N,LZ_NORTH,35.8
03/31/2026,20:00,N,LZ_NORTH,44.23
03/31/2026,21:00,N,LZ_NORTH,37.09
03/31/2026,22:00,N,LZ_NORTH,30.1
03/31/2026,23:00,N,LZ_NORTH,28.91
03/31/2026,24:00,N,LZ_NORTH,21.1
04/01/2026,01:00,N,LZ_NORTH,21.79
04/01/2026,02:00,N,LZ_NORTH,19.92
04/01/2026,03:00,N,LZ_NORTH,18.86
04/01/2026,04:00,N,LZ_NORTH,18.52
04/01/2026,05:00,N,LZ_NORTH,18.88
04/01/2026,06:00,N,LZ_NORTH,22.2
04/01/2026,07:00,N,LZ_NORTH,23.45
04/01/2026,08:00,N,LZ_NORTH,23.57
04/01/2026,09:00,N,LZ_NORTH,16.07
04/01/2026,10:00,N,LZ_NORTH,13.06
04/01/2026,11:00,N,LZ_NORTH,11.58
04/01/2026,12:00,N,LZ_NORTH,12.25
04/01/2026,13:00,N,LZ_NORTH,12.65
04/01/2026,14:00,N,LZ_NORTH,15.79
04/01/2026,15:00,N,LZ_NORTH,16.11
04/01/2026,16:00,N,LZ_NORTH,17.77
04/01/2026,17:00,N,LZ_NORTH,20.88
04/01/2026,18:00,N,LZ_NORTH,22.19
04/01/2026,19:00,N,LZ_NORTH,48.48
04/01/2026,20:00,N,LZ_NORTH,47.32
04/01/2026,21:00,N,LZ_NORTH,47.67
04/01/2026,22:00,N,LZ_NORTH,48.16
04/01/2026,23:00,N,LZ_NORTH,47.69
04/01/2026,24:00,N,LZ_NORTH,31.31
04/02/2026,01:00,N,LZ_NORTH,28.86
04/02/2026,02:00,N,LZ_NORTH,26.32
04/02/2026,03:00,N,LZ_NORTH,23.52
04/02/2026,04:00,N,LZ_NORTH,23.26
04/02/2026,05:00,N,LZ_NORTH,23.57
04/02/2026,06:00,N,LZ_NORTH,27.5
04/02/2026,07:00,N,LZ_NORTH,30.97
04/02/2026,08:00,N,LZ_NORTH,35.37
04/02/2026,09:00,N,LZ_NORTH,29.74
04/02/2026,10:00,N,LZ_NORTH,21.93
04/02/2026,11:00,N,LZ_NORTH,21.52
04/02/2026,12:00,N,LZ_NORTH,22.11
04/02/2026,13:00,N,LZ_NORTH,22.16
04/02/2026,14:00,N,LZ_NORTH,22.26
04/02/2026,15:00,N,LZ_NORTH,21.4
04/02/2026,16:00,N,LZ_NORTH,23.54
04/02/2026,17:00,N,LZ_NORTH,26.96
04/02/2026,18:00,N,LZ_NORTH,33.5
04/02/2026,19:00,N,LZ_NORTH,44.53
04/02/2026,20:00,N,LZ_NORTH,49.69
04/02/2026,21:00,N,LZ_NORTH,48.59
04/02/2026,22:00,N,LZ_NORTH,36.24
04/02/2026,23:00,N,LZ_NORTH,32.43
04/02/2026,24:00,N,LZ_NORTH,24.68
04/03/2026,01:00,N,LZ_NORTH,21.27
04/03/2026,02:00,N,LZ_NORTH,18.71
04/03/2026,03:00,N,LZ_NORTH,16.89
04/03/2026,04:00,N,LZ_NORTH,16.72
04/03/2026,05:00,N,LZ_NORTH,17.26
04/03/2026,06:00,N,LZ_NORTH,20.04
04/03/2026,07:00,N,LZ_NORTH,21.36
04/03/2026,08:00,N,LZ_NORTH,23.04
04/03/2026,09:00,N,LZ_NORTH,21.42
04/03/2026,10:00,N,LZ_NORTH,19.38
04/03/2026,11:00,N,LZ_NORTH,18.12
04/03/2026,12:00,N,LZ_NORTH,19.11
04/03/2026,13:00,N,LZ_NORTH,21.35
04/03/2026,14:00,N,LZ_NORTH,22.02
04/03/2026,15:00,N,LZ_NORTH,25.49
04/03/2026,16:00,N,LZ_NORTH,32.44
04/03/2026,17:00,N,LZ_NORTH,38.95
04/03/2026,18:00,N,LZ_NORTH,42.89
04/03/2026,19:00,N,LZ_NORTH,57.04
04/03/2026,20:00,N,LZ_NORTH,61.58
04/03/2026,21:00,N,LZ_NORTH,57.49
04/03/2026,22:00,N,LZ_NORTH,54.34
04/03/2026,23:00,N,LZ_NORTH,68.27
04/03/2026,24:00,N,LZ_NORTH,39.21
04/04/2026,01:00,N,LZ_NORTH,35.22
04/04/2026,02:00,N,LZ_NORTH,32.05
04/04/2026,03:00,N,LZ_NORTH,30.02
04/04/2026,04:00,N,LZ_NORTH,26.86
04/04/2026,05:00,N,LZ_NORTH,25.02
04/04/2026,06:00,N,LZ_NORTH,22.78
04/04/2026,07:00,N,LZ_NORTH,19.06
04/04/2026,08:00,N,LZ_NORTH,19.21
04/04/2026,09:00,N,LZ_NORTH,20.08
04/04/2026,10:00,N,LZ_NORTH,20.24
04/04/2026,11:00,N,LZ_NORTH,19.69
04/04/2026,12:00,N,LZ_NORTH,18.26
04/04/2026,13:00,N,LZ_NORTH,18.42
04/04/2026,14:00,N,LZ_NORTH,15.6
04/04/2026,15:00,N,LZ_NORTH,15.47
04/04/2026,16:00,N,LZ_NORTH,14.74
04/04/2026,17:00,N,LZ_NORTH,14.74
04/04/2026,18:00,N,LZ_NORTH,15.13
04/04/2026,19:00,N,LZ_NORTH,28.6
04/04/2026,20:00,N,LZ_NORTH,50.03
04/04/2026,21:00,N,LZ_NORTH,61.12
04/04/2026,22:00,N,LZ_NORTH,65.07
04/04/2026,23:00,N,LZ_NORTH,84.64
04/04/2026,24:00,N,LZ_NORTH,65.4
04/05/2026,01:00,N,LZ_NORTH,60.03
04/05/2026,02:00,N,LZ_NORTH,42.75
04/05/2026,03:00,N,LZ_NORTH,41.1
04/05/2026,04:00,N,LZ_NORTH,39.57
04/05/2026,05:00,N,LZ_NORTH,38.72
04/05/2026,06:00,N,LZ_NORTH,40.22
04/05/2026,07:00,N,LZ_NORTH,36.06
04/05/2026,08:00,N,LZ_NORTH,39.33
04/05/2026,09:00,N,LZ_NORTH,20.35
04/05/2026,10:00,N,LZ_NORTH,17.21
04/05/2026,11:00,N,LZ_NORTH,13.82
04/05/2026,12:00,N,LZ_NORTH,11.85
04/05/2026,13:00,N,LZ_NORTH,9.71
04/05/2026,14:00,N,LZ_NORTH,8.38
04/05/2026,15:00,N,LZ_NORTH,9.72
04/05/2026,16:00,N,LZ_NORTH,10.04
04/05/2026,17:00,N,LZ_NORTH,15.01
04/05/2026,18:00,N,LZ_NORTH,18.2
04/05/2026,19:00,N,LZ_NORTH,27.61
04/05/2026,20:00,N,LZ_NORTH,59.77
04/05/2026,21:00,N,LZ_NORTH,55.55
04/05/2026,22:00,N,LZ_NORTH,51.33
04/05/2026,23:00,N,LZ_NORTH,59.63
04/05/2026,24:00,N,LZ_NORTH,45.97
04/06/2026,01:00,N,LZ_NORTH,33.59
04/06/2026,02:00,N,LZ_NORTH,32.31
04/06/2026,03:00,N,LZ_NORTH,34.37
04/06/2026,04:00,N,LZ_NORTH,35.56
04/06/2026,05:00,N,LZ_NORTH,37.19
04/06/2026,06:00,N,LZ_NORTH,55.7
04/06/2026,07:00,N,LZ_NORTH,63.71
04/06/2026,08:00,N,LZ_NORTH,52.69
04/06/2026,09:00,N,LZ_NORTH,24.29
04/06/2026,10:00,N,LZ_NORTH,16.2
04/06/2026,11:00,N,LZ_NORTH,13.12
04/06/2026,12:00,N,LZ_NORTH,11.44
04/06/2026,13:00,N,LZ_NORTH,9.43
04/06/2026,14:00,N,LZ_NORTH,10.22
04/06/2026,15:00,N,LZ_NORTH,9.11
04/06/2026,16:00,N,LZ_NORTH,8.09
04/06/2026,17:00,N,LZ_NORTH,8.93
04/06/2026,18:00,N,LZ_NORTH,12.02
04/06/2026,19:00,N,LZ_NORTH,25.79
04/06/2026,20:00,N,LZ_NORTH,74.24
04/06/2026,21:00,N,LZ_NORTH,62.93
04/06/2026,22:00,N,LZ_NORTH,48.57
04/06/2026,23:00,N,LZ_NORTH,37.77
04/06/2026,24:00,N,LZ_NORTH,26.53
04/07/2026,01:00,N,LZ_NORTH,19.22
04/07/2026,02:00,N,LZ_NORTH,19.07
04/07/2026,03:00,N,LZ_NORTH,18.59
04/07/2026,04:00,N,LZ_NORTH,19.1
04/07/2026,05:00,N,LZ_NORTH,20.24
04/07/2026,06:00,N,LZ_NORTH,23.52
04/07/2026,07:00,N,LZ_NORTH,26.73
04/07/2026,08:00,N,LZ_NORTH,26.94
04/07/2026,09:00,N,LZ_NORTH,15.64
04/07/2026,10:00,N,LZ_NORTH,4.83
04/07/2026,11:00,N,LZ_NORTH,1.13
04/07/2026,12:00,N,LZ_NORTH,0.94
04/07/2026,13:00,N,LZ_NORTH,1.34
04/07/2026,14:00,N,LZ_NORTH,1.78
04/07/2026,15:00,N,LZ_NORTH,3.04
04/07/2026,16:00,N,LZ_NORTH,4.23
04/07/2026,17:00,N,LZ_NORTH,10.41
04/07/2026,18:00,N,LZ_NORTH,18.04
04/07/2026,19:00,N,LZ_NORTH,28.59
04/07/2026,20:00,N,LZ_NORTH,36.98
04/07/2026,21:00,N,LZ_NORTH,42.44
04/07/2026,22:00,N,LZ_NORTH,41.12
04/07/2026,23:00,N,LZ_NORTH,34.27
04/07/2026,24:00,N,LZ_NORTH,27.77
04/08/2026,01:00,N,LZ_NORTH,24.35
04/08/2026,02:00,N,LZ_NORTH,25.58
04/08/2026,03:00,N,LZ_NORTH,27.21
04/08/2026,04:00,N,LZ_NORTH,27.28
04/08/2026,05:00,N,LZ_NORTH,29.55
04/08/2026,06:00,N,LZ_NORTH,34.1
04/08/2026,07:00,N,LZ_NORTH,39.07
04/08/2026,08:00,N,LZ_NORTH,35.71
04/08/2026,09:00,N,LZ_NORTH,16.21
04/08/2026,10:00,N,LZ_NORTH,3.92
04/08/2026,11:00,N,LZ_NORTH,0.87
04/08/2026,12:00,N,LZ_NORTH,0.59
04/08/2026,13:00,N,LZ_NORTH,1.23
04/08/2026,14:00,N,LZ_NORTH,1.47
04/08/2026,15:00,N,LZ_NORTH,3.35
04/08/2026,16:00,N,LZ_NORTH,5.29
04/08/2026,17:00,N,LZ_NORTH,9.49
04/08/2026,18:00,N,LZ_NORTH,15.21
04/08/2026,19:00,N,LZ_NORTH,28.59
04/08/2026,20:00,N,LZ_NORTH,45.47
04/08/2026,21:00,N,LZ_NORTH,41.88
04/08/2026,22:00,N,LZ_NORTH,30.78
04/08/2026,23:00,N,LZ_NORTH,25.3
04/08/2026,24:00,N,LZ_NORTH,16.85
04/09/2026,01:00,N,LZ_NORTH,16.74
04/09/2026,02:00,N,LZ_NORTH,15.56
04/09/2026,03:00,N,LZ_NORTH,16.0
04/09/2026,04:00,N,LZ_NORTH,15.37
04/09/2026,05:00,N,LZ_NORTH,16.41
04/09/2026,06:00,N,LZ_NORTH,20.28
04/09/2026,07:00,N,LZ_NORTH,24.37
04/09/2026,08:00,N,LZ_NORTH,26.2
04/09/2026,09:00,N,LZ_NORTH,12.09
04/09/2026,10:00,N,LZ_NORTH,1.57
04/09/2026,11:00,N,LZ_NORTH,2.7
04/09/2026,12:00,N,LZ_NORTH,3.07
04/09/2026,13:00,N,LZ_NORTH,6.93
04/09/2026,14:00,N,LZ_NORTH,8.08
04/09/2026,15:00,N,LZ_NORTH,12.74
04/09/2026,16:00,N,LZ_NORTH,17.87
04/09/2026,17:00,N,LZ_NORTH,23.01
04/09/2026,18:00,N,LZ_NORTH,26.72
04/09/2026,19:00,N,LZ_NORTH,37.81
04/09/2026,20:00,N,LZ_NORTH,43.32
04/09/2026,21:00,N,LZ_NORTH,40.26
04/09/2026,22:00,N,LZ_NORTH,38.32
04/09/2026,23:00,N,LZ_NORTH,33.49
04/09/2026,24:00,N,LZ_NORTH,24.99
04/10/2026,01:00,N,LZ_NORTH,21.46
04/10/2026,02:00,N,LZ_NORTH,18.51
04/10/2026,03:00,N,LZ_NORTH,19.88
04/10/2026,04:00,N,LZ_NORTH,16.59
04/10/2026,05:00,N,LZ_NORTH,15.4
04/10/2026,06:00,N,LZ_NORTH,21.82
04/10/2026,07:00,N,LZ_NORTH,29.3
04/10/2026,08:00,N,LZ_NORTH,38.39
04/10/2026,09:00,N,LZ_NORTH,33.89
04/10/2026,10:00,N,LZ_NORTH,20.84
04/10/2026,11:00,N,LZ_NORTH,20.08
04/10/2026,12:00,N,LZ_NORTH,20.16
04/10/2026,13:00,N,LZ_NORTH,18.47
04/10/2026,14:00,N,LZ_NORTH,17.19
04/10/2026,15:00,N,LZ_NORTH,19.41
04/10/2026,16:00,N,LZ_NORTH,20.2
04/10/2026,17:00,N,LZ_NORTH,23.0
04/10/2026,18:00,N,LZ_NORTH,25.87
04/10/2026,19:00,N,LZ_NORTH,39.91
04/10/2026,20:00,N,LZ_NORTH,43.14
04/10/2026,21:00,N,LZ_NORTH,42.24
04/10/2026,22:00,N,LZ_NORTH,40.84
04/10/2026,23:00,N,LZ_NORTH,35.81
04/10/2026,24:00,N,LZ_NORTH,26.19
04/11/2026,01:00,N,LZ_NORTH,34.91
04/11/2026,02:00,N,LZ_NORTH,30.81
04/11/2026,03:00,N,LZ_NORTH,28.69
04/11/2026,04:00,N,LZ_NORTH,27.84
04/11/2026,05:00,N,LZ_NORTH,32.73
04/11/2026,06:00,N,LZ_NORTH,31.45
04/11/2026,07:00,N,LZ_NORTH,31.55
04/11/2026,08:00,N,LZ_NORTH,31.4
04/11/2026,09:00,N,LZ_NORTH,21.41
04/11/2026,10:00,N,LZ_NORTH,19.79
04/11/2026,11:00,N,LZ_NORTH,16.86
04/11/2026,12:00,N,LZ_NORTH,17.35
04/11/2026,13:00,N,LZ_NORTH,18.85
04/11/2026,14:00,N,LZ_NORTH,22.77
04/11/2026,15:00,N,LZ_NORTH,26.74
04/11/2026,16:00,N,LZ_NORTH,28.47
04/11/2026,17:00,N,LZ_NORTH,32.61
04/11/2026,18:00,N,LZ_NORTH,41.84
04/11/2026,19:00,N,LZ_NORTH,57.75
04/11/2026,20:00,N,LZ_NORTH,62.85
04/11/2026,21:00,N,LZ_NORTH,61.56
04/11/2026,22:00,N,LZ_NORTH,66.25
04/11/2026,23:00,N,LZ_NORTH,67.37
04/11/2026,24:00,N,LZ_NORTH,44.13
04/12/2026,01:00,N,LZ_NORTH,50.64
04/12/2026,02:00,N,LZ_NORTH,35.81
04/12/2026,03:00,N,LZ_NORTH,32.89
04/12/2026,04:00,N,LZ_NORTH,28.55
04/12/2026,05:00,N,LZ_NORTH,27.23
04/12/2026,06:00,N,LZ_NORTH,24.95
04/12/2026,07:00,N,LZ_NORTH,20.0
04/12/2026,08:00,N,LZ_NORTH,21.93
04/12/2026,09:00,N,LZ_NORTH,19.83
04/12/2026,10:00,N,LZ_NORTH,22.51
04/12/2026,11:00,N,LZ_NORTH,24.08
04/12/2026,12:00,N,LZ_NORTH,22.73
04/12/2026,13:00,N,LZ_NORTH,24.56
04/12/2026,14:00,N,LZ_NORTH,27.95
04/12/2026,15:00,N,LZ_NORTH,28.54
04/12/2026,16:00,N,LZ_NORTH,30.85
04/12/2026,17:00,N,LZ_NORTH,34.79
04/12/2026,18:00,N,LZ_NORTH,37.86
04/12/2026,19:00,N,LZ_NORTH,52.36
04/12/2026,20:00,N,LZ_NORTH,48.76
04/12/2026,21:00,N,LZ_NORTH,51.69
04/12/2026,22:00,N,LZ_NORTH,46.76
04/12/2026,23:00,N,LZ_NORTH,40.71
04/12/2026,24:00,N,LZ_NORTH,32.11
04/13/2026,01:00,N,LZ_NORTH,31.5
04/13/2026,02:00,N,LZ_NORTH,28.05
04/13/2026,03:00,N,LZ_NORTH,24.07
04/13/2026,04:00,N,LZ_NORTH,23.83
04/13/2026,05:00,N,LZ_NORTH,23.34
04/13/2026,06:00,N,LZ_NORTH,29.08
04/13/2026,07:00,N,LZ_NORTH,29.14
04/13/2026,08:00,N,LZ_NORTH,33.24
04/13/2026,09:00,N,LZ_NORTH,28.96
04/13/2026,10:00,N,LZ_NORTH,29.31
04/13/2026,11:00,N,LZ_NORTH,30.17
04/13/2026,12:00,N,LZ_NORTH,30.67
04/13/2026,13:00,N,LZ_NORTH,32.71
04/13/2026,14:00,N,LZ_NORTH,32.73
04/13/2026,15:00,N,LZ_NORTH,38.8
04/13/2026,16:00,N,LZ_NORTH,40.77
04/13/2026,17:00,N,LZ_NORTH,52.96
04/13/2026,18:00,N,LZ_NORTH,54.88
04/13/2026,19:00,N,LZ_NORTH,80.62
04/13/2026,20:00,N,LZ_NORTH,80.68
04/13/2026,21:00,N,LZ_NORTH,83.26
04/13/2026,22:00,N,LZ_NORTH,70.74
04/13/2026,23:00,N,LZ_NORTH,63.92
04/13/2026,24:00,N,LZ_NORTH,44.93
04/14/2026,01:00,N,LZ_NORTH,34.01
04/14/2026,02:00,N,LZ_NORTH,31.16
04/14/2026,03:00,N,LZ_NORTH,26.0
04/14/2026,04:00,N,LZ_NORTH,24.35
04/14/2026,05:00,N,LZ_NORTH,24.39
04/14/2026,06:00,N,LZ_NORTH,28.86
04/14/2026,07:00,N,LZ_NORTH,34.35
04/14/2026,08:00,N,LZ_NORTH,38.3
04/14/2026,09:00,N,LZ_NORTH,34.42
04/14/2026,10:00,N,LZ_NORTH,31.9
04/14/2026,11:00,N,LZ_NORTH,33.6
04/14/2026,12:00,N,LZ_NORTH,35.22
04/14/2026,13:00,N,LZ_NORTH,35.23
04/14/2026,14:00,N,LZ_NORTH,35.29
04/14/2026,15:00,N,LZ_NORTH,38.94
04/14/2026,16:00,N,LZ_NORTH,45.07
04/14/2026,17:00,N,LZ_NORTH,50.89
04/14/2026,18:00,N,LZ_NORTH,58.86
04/14/2026,19:00,N,LZ_NORTH,74.14
04/14/2026,20:00,N,LZ_NORTH,73.4
04/14/2026,21:00,N,LZ_NORTH,71.04
04/14/2026,22:00,N,LZ_NORTH,68.02
04/14/2026,23:00,N,LZ_NORTH,56.06
04/14/2026,24:00,N,LZ_NORTH,42.85
04/15/2026,01:00,N,LZ_NORTH,36.11
04/15/2026,02:00,N,LZ_NORTH,29.16
04/15/2026,03:00,N,LZ_NORTH,27.08
04/15/2026,04:00,N,LZ_NORTH,28.01
04/15/2026,05:00,N,LZ_NORTH,27.87
04/15/2026,06:00,N,LZ_NORTH,32.13
04/15/2026,07:00,N,LZ_NORTH,42.02
04/15/2026,08:00,N,LZ_NORTH,43.83
04/15/2026,09:00,N,LZ_NORTH,37.94
04/15/2026,10:00,N,LZ_NORTH,39.11
04/15/2026,11:00,N,LZ_NORTH,38.8
04/15/2026,12:00,N,LZ_NORTH,35.55
04/15/2026,13:00,N,LZ_NORTH,34.04
04/15/2026,14:00,N,LZ_NORTH,38.52
04/15/2026,15:00,N,LZ_NORTH,37.78
04/15/2026,16:00,N,LZ_NORTH,43.24
04/15/2026,17:00,N,LZ_NORTH,47.23
04/15/2026,18:00,N,LZ_NORTH,48.06
04/15/2026,19:00,N,LZ_NORTH,51.81
04/15/2026,20:00,N,LZ_NORTH,66.92
04/15/2026,21:00,N,LZ_NORTH,72.14
04/15/2026,22:00,N,LZ_NORTH,69.48
04/15/2026,23:00,N,LZ_NORTH,55.8
04/15/2026,24:00,N,LZ_NORTH,37.43
04/16/2026,01:00,N,LZ_NORTH,34.51
04/16/2026,02:00,N,LZ_NORTH,33.9
04/16/2026,03:00,N,LZ_NORTH,30.85
04/16/2026,04:00,N,LZ_NORTH,25.86
04/16/2026,05:00,N,LZ_NORTH,27.14
04/16/2026,06:00,N,LZ_NORTH,35.0
04/16/2026,07:00,N,LZ_NORTH,38.88
04/16/2026,08:00,N,LZ_NORTH,40.13
04/16/2026,09:00,N,LZ_NORTH,19.39
04/16/2026,10:00,N,LZ_NORTH,13.61
04/16/2026,11:00,N,LZ_NORTH,13.32
04/16/2026,12:00,N,LZ_NORTH,13.01
04/16/2026,13:00,N,LZ_NORTH,13.08
04/16/2026,14:00,N,LZ_NORTH,14.86
04/16/2026,15:00,N,LZ_NORTH,17.59
04/16/2026,16:00,N,LZ_NORTH,17.77
04/16/2026,17:00,N,LZ_NORTH,17.91
04/16/2026,18:00,N,LZ_NORTH,18.23
04/16/2026,19:00,N,LZ_NORTH,45.91
04/16/2026,20:00,N,LZ_NORTH,68.24
04/16/2026,21:00,N,LZ_NORTH,66.68
04/16/2026,22:00,N,LZ_NORTH,58.36
04/16/2026,23:00,N,LZ_NORTH,34.87
04/16/2026,24:00,N,LZ_NORTH,25.12
04/17/2026,01:00,N,LZ_NORTH,18.37
04/17/2026,02:00,N,LZ_NORTH,17.35
04/17/2026,03:00,N,LZ_NORTH,16.43
04/17/2026,04:00,N,LZ_NORTH,15.48
04/17/2026,05:00,N,LZ_NORTH,14.28
04/17/2026,06:00,N,LZ_NORTH,17.29
04/17/2026,07:00,N,LZ_NORTH,19.88
04/17/2026,08:00,N,LZ_NORTH,19.29
04/17/2026,09:00,N,LZ_NORTH,14.44
04/17/2026,10:00,N,LZ_NORTH,9.37
04/17/2026,11:00,N,LZ_NORTH,9.98
04/17/2026,12:00,N,LZ_NORTH,9.7
04/17/2026,13:00,N,LZ_NORTH,9.1
04/17/2026,14:00,N,LZ_NORTH,10.47
04/17/2026,15:00,N,LZ_NORTH,13.75
04/17/2026,16:00,N,LZ_NORTH,16.24
04/17/2026,17:00,N,LZ_NORTH,17.73
04/17/2026,18:00,N,LZ_NORTH,20.06
04/17/2026,19:00,N,LZ_NORTH,34.7
04/17/2026,20:00,N,LZ_NORTH,46.55
04/17/2026,21:00,N,LZ_NORTH,49.36
04/17/2026,22:00,N,LZ_NORTH,49.59
04/17/2026,23:00,N,LZ_NORTH,45.61
04/17/2026,24:00,N,LZ_NORTH,37.72
04/18/2026,01:00,N,LZ_NORTH,25.1
04/18/2026,02:00,N,LZ_NORTH,23.1
04/18/2026,03:00,N,LZ_NORTH,19.38
04/18/2026,04:00,N,LZ_NORTH,15.71
04/18/2026,05:00,N,LZ_NORTH,13.48
04/18/2026,06:00,N,LZ_NORTH,14.28
04/18/2026,07:00,N,LZ_NORTH,12.27
04/18/2026,08:00,N,LZ_NORTH,11.92
04/18/2026,09:00,N,LZ_NORTH,12.98
04/18/2026,10:00,N,LZ_NORTH,11.68
04/18/2026,11:00,N,LZ_NORTH,14.03
04/18/2026,12:00,N,LZ_NORTH,15.39
04/18/2026,13:00,N,LZ_NORTH,13.03
04/18/2026,14:00,N,LZ_NORTH,9.78
04/18/2026,15:00,N,LZ_NORTH,9.28
04/18/2026,16:00,N,LZ_NORTH,9.38
04/18/2026,17:00,N,LZ_NORTH,9.44
04/18/2026,18:00,N,LZ_NORTH,8.76
04/18/2026,19:00,N,LZ_NORTH,12.25
04/18/2026,20:00,N,LZ_NORTH,29.21
04/18/2026,21:00,N,LZ_NORTH,37.05
04/18/2026,22:00,N,LZ_NORTH,37.8
04/18/2026,23:00,N,LZ_NORTH,40.73
04/18/2026,24:00,N,LZ_NORTH,38.19
04/19/2026,01:00,N,LZ_NORTH,28.93
04/19/2026,02:00,N,LZ_NORTH,29.34
04/19/2026,03:00,N,LZ_NORTH,31.96
04/19/2026,04:00,N,LZ_NORTH,35.08
04/19/2026,05:00,N,LZ_NORTH,36.08
04/19/2026,06:00,N,LZ_NORTH,36.38
04/19/2026,07:00,N,LZ_NORTH,29.39
04/19/2026,08:00,N,LZ_NORTH,27.24
04/19/2026,09:00,N,LZ_NORTH,13.93
04/19/2026,10:00,N,LZ_NORTH,4.95
04/19/2026,11:00,N,LZ_NORTH,1.22
04/19/2026,12:00,N,LZ_NORTH,0.73
04/19/2026,13:00,N,LZ_NORTH,0.48
04/19/2026,14:00,N,LZ_NORTH,0.39
04/19/2026,15:00,N,LZ_NORTH,0.43
04/19/2026,16:00,N,LZ_NORTH,0.49
04/19/2026,17:00,N,LZ_NORTH,0.84
04/19/2026,18:00,N,LZ_NORTH,1.74
04/19/2026,19:00,N,LZ_NORTH,12.43
04/19/2026,20:00,N,LZ_NORTH,37.79
04/19/2026,21:00,N,LZ_NORTH,38.4
04/19/2026,22:00,N,LZ_NORTH,39.27
04/19/2026,23:00,N,LZ_NORTH,35.48
04/19/2026,24:00,N,LZ_NORTH,23.42
04/20/2026,01:00,N,LZ_NORTH,21.92
04/20/2026,02:00,N,LZ_NORTH,22.51
04/20/2026,03:00,N,LZ_NORTH,24.73
04/20/2026,04:00,N,LZ_NORTH,31.56
04/20/2026,05:00,N,LZ_NORTH,36.85
04/20/2026,06:00,N,LZ_NORTH,49.35
04/20/2026,07:00,N,LZ_NORTH,40.39
04/20/2026,08:00,N,LZ_NORTH,45.0
04/20/2026,09:00,N,LZ_NORTH,37.33
04/20/2026,10:00,N,LZ_NORTH,24.95
04/20/2026,11:00,N,LZ_NORTH,19.41
04/20/2026,12:00,N,LZ_NORTH,18.33
04/20/2026,13:00,N,LZ_NORTH,15.28
04/20/2026,14:00,N,LZ_NORTH,15.9
04/20/2026,15:00,N,LZ_NORTH,14.98
04/20/2026,16:00,N,LZ_NORTH,15.53
04/20/2026,17:00,N,LZ_NORTH,18.46
04/20/2026,18:00,N,LZ_NORTH,22.69
04/20/2026,19:00,N,LZ_NORTH,30.01
04/20/2026,20:00,N,LZ_NORTH,41.25
04/20/2026,21:00,N,LZ_NORTH,41.87
04/20/2026,22:00,N,LZ_NORTH,47.88
04/20/2026,23:00,N,LZ_NORTH,41.6
04/20/2026,24:00,N,LZ_NORTH,31.03
04/21/2026,01:00,N,LZ_NORTH,28.15
04/21/2026,02:00,N,LZ_NORTH,29.24
04/21/2026,03:00,N,LZ_NORTH,30.42
04/21/2026,04:00,N,LZ_NORTH,34.55
04/21/2026,05:00,N,LZ_NORTH,38.36
04/21/2026,06:00,N,LZ_NORTH,50.61
04/21/2026,07:00,N,LZ_NORTH,60.07
04/21/2026,08:00,N,LZ_NORTH,57.18
04/21/2026,09:00,N,LZ_NORTH,76.02
04/21/2026,10:00,N,LZ_NORTH,50.26
04/21/2026,11:00,N,LZ_NORTH,35.47
04/21/2026,12:00,N,LZ_NORTH,32.88
04/21/2026,13:00,N,LZ_NORTH,29.32
04/21/2026,14:00,N,LZ_NORTH,23.58
04/21/2026,15:00,N,LZ_NORTH,22.83
04/21/2026,16:00,N,LZ_NORTH,23.15
04/21/2026,17:00,N,LZ_NORTH,21.32
04/21/2026,18:00,N,LZ_NORTH,26.44
04/21/2026,19:00,N,LZ_NORTH,36.62
04/21/2026,20:00,N,LZ_NORTH,45.26
04/21/2026,21:00,N,LZ_NORTH,37.69
04/21/2026,22:00,N,LZ_NORTH,36.95
04/21/2026,23:00,N,LZ_NORTH,27.27
04/21/2026,24:00,N,LZ_NORTH,20.09
04/22/2026,01:00,N,LZ_NORTH,23.73
04/22/2026,02:00,N,LZ_NORTH,24.57
04/22/2026,03:00,N,LZ_NORTH,26.62
04/22/2026,04:00,N,LZ_NORTH,31.42
04/22/2026,05:00,N,LZ_NORTH,35.1
04/22/2026,06:00,N,LZ_NORTH,40.05
04/22/2026,07:00,N,LZ_NORTH,44.28
04/22/2026,08:00,N,LZ_NORTH,40.46
04/22/2026,09:00,N,LZ_NORTH,37.62
04/22/2026,10:00,N,LZ_NORTH,23.77
04/22/2026,11:00,N,LZ_NORTH,19.54
04/22/2026,12:00,N,LZ_NORTH,18.09
04/22/2026,13:00,N,LZ_NORTH,15.27
04/22/2026,14:00,N,LZ_NORTH,13.97
04/22/2026,15:00,N,LZ_NORTH,13.54
04/22/2026,16:00,N,LZ_NORTH,14.23
04/22/2026,17:00,N,LZ_NORTH,15.84
04/22/2026,18:00,N,LZ_NORTH,20.51
04/22/2026,19:00,N,LZ_NORTH,27.51
04/22/2026,20:00,N,LZ_NORTH,38.59
04/22/2026,21:00,N,LZ_NORTH,37.54
04/22/2026,22:00,N,LZ_NORTH,41.65
04/22/2026,23:00,N,LZ_NORTH,26.76
04/22/2026,24:00,N,LZ_NORTH,19.64
04/23/2026,01:00,N,LZ_NORTH,19.41
04/23/2026,02:00,N,LZ_NORTH,18.03
04/23/2026,03:00,N,LZ_NORTH,17.22
04/23/2026,04:00,N,LZ_NORTH,16.39
04/23/2026,05:00,N,LZ_NORTH,16.62
04/23/2026,06:00,N,LZ_NORTH,19.57
04/23/2026,07:00,N,LZ_NORTH,19.77
04/23/2026,08:00,N,LZ_NORTH,22.0
04/23/2026,09:00,N,LZ_NORTH,19.85
04/23/2026,10:00,N,LZ_NORTH,18.02
04/23/2026,11:00,N,LZ_NORTH,18.4
04/23/2026,12:00,N,LZ_NORTH,15.08
04/23/2026,13:00,N,LZ_NORTH,14.51
04/23/2026,14:00,N,LZ_NORTH,16.0
04/23/2026,15:00,N,LZ_NORTH,16.95
04/23/2026,16:00,N,LZ_NORTH,18.13
04/23/2026,17:00,N,LZ_NORTH,17.11
04/23/2026,18:00,N,LZ_NORTH,23.57
04/23/2026,19:00,N,LZ_NORTH,29.78
04/23/2026,20:00,N,LZ_NORTH,42.43
04/23/2026,21:00,N,LZ_NORTH,39.53
04/23/2026,22:00,N,LZ_NORTH,41.88
04/23/2026,23:00,N,LZ_NORTH,35.41
04/23/2026,24:00,N,LZ_NORTH,25.74
04/24/2026,01:00,N,LZ_NORTH,20.71
04/24/2026,02:00,N,LZ_NORTH,19.33
04/24/2026,03:00,N,LZ_NORTH,19.03
04/24/2026,04:00,N,LZ_NORTH,18.5
04/24/2026,05:00,N,LZ_NORTH,22.58
04/24/2026,06:00,N,LZ_NORTH,27.15
04/24/2026,07:00,N,LZ_NORTH,34.18
04/24/2026,08:00,N,LZ_NORTH,38.12
04/24/2026,09:00,N,LZ_NORTH,30.75
04/24/2026,10:00,N,LZ_NORTH,28.13
04/24/2026,11:00,N,LZ_NORTH,26.4
04/24/2026,12:00,N,LZ_NORTH,26.19
04/24/2026,13:00,N,LZ_NORTH,28.51
04/24/2026,14:00,N,LZ_NORTH,28.11
04/24/2026,15:00,N,LZ_NORTH,33.26
04/24/2026,16:00,N,LZ_NORTH,39.77
04/24/2026,17:00,N,LZ_NORTH,49.17
04/24/2026,18:00,N,LZ_NORTH,49.33
04/24/2026,19:00,N,LZ_NORTH,127.83
04/24/2026,20:00,N,LZ_NORTH,246.95
04/24/2026,21:00,N,LZ_NORTH,244.09
04/24/2026,22:00,N,LZ_NORTH,268.11
04/24/2026,23:00,N,LZ_NORTH,170.06
04/24/2026,24:00,N,LZ_NORTH,56.23
04/25/2026,01:00,N,LZ_NORTH,33.1
04/25/2026,02:00,N,LZ_NORTH,23.6
04/25/2026,03:00,N,LZ_NORTH,19.92
04/25/2026,04:00,N,LZ_NORTH,19.14
04/25/2026,05:00,N,LZ_NORTH,17.86
04/25/2026,06:00,N,LZ_NORTH,20.46
04/25/2026,07:00,N,LZ_NORTH,26.08
04/25/2026,08:00,N,LZ_NORTH,21.25
04/25/2026,09:00,N,LZ_NORTH,14.36
04/25/2026,10:00,N,LZ_NORTH,13.27
04/25/2026,11:00,N,LZ_NORTH,12.66
04/25/2026,12:00,N,LZ_NORTH,11.69
04/25/2026,13:00,N,LZ_NORTH,12.0
04/25/2026,14:00,N,LZ_NORTH,14.87
04/25/2026,15:00,N,LZ_NORTH,18.3
04/25/2026,16:00,N,LZ_NORTH,23.66
04/25/2026,17:00,N,LZ_NORTH,27.92
04/25/2026,18:00,N,LZ_NORTH,31.13
04/25/2026,19:00,N,LZ_NORTH,44.68
04/25/2026,20:00,N,LZ_NORTH,75.81
04/25/2026,21:00,N,LZ_NORTH,73.56
04/25/2026,22:00,N,LZ_NORTH,64.07
04/25/2026,23:00,N,LZ_NORTH,44.24
04/25/2026,24:00,N,LZ_NORTH,26.58
04/26/2026,01:00,N,LZ_NORTH,27.06
04/26/2026,02:00,N,LZ_NORTH,24.09
04/26/2026,03:00,N,LZ_NORTH,20.17
04/26/2026,04:00,N,LZ_NORTH,19.59
04/26/2026,05:00,N,LZ_NORTH,20.0
04/26/2026,06:00,N,LZ_NORTH,21.54
04/26/2026,07:00,N,LZ_NORTH,23.91
04/26/2026,08:00,N,LZ_NORTH,22.43
04/26/2026,09:00,N,LZ_NORTH,17.26
04/26/2026,10:00,N,LZ_NORTH,13.62
04/26/2026,11:00,N,LZ_NORTH,12.0
04/26/2026,12:00,N,LZ_NORTH,11.21
04/26/2026,13:00,N,LZ_NORTH,11.86
04/26/2026,14:00,N,LZ_NORTH,12.26
04/26/2026,15:00,N,LZ_NORTH,14.22
04/26/2026,16:00,N,LZ_NORTH,24.16
04/26/2026,17:00,N,LZ_NORTH,29.01
04/26/2026,18:00,N,LZ_NORTH,29.38
04/26/2026,19:00,N,LZ_NORTH,47.42
04/26/2026,20:00,N,LZ_NORTH,55.75
04/26/2026,21:00,N,LZ_NORTH,47.73
04/26/2026,22:00,N,LZ_NORTH,36.47
04/26/2026,23:00,N,LZ_NORTH,29.34
04/26/2026,24:00,N,LZ_NORTH,21.38
04/27/2026,01:00,N,LZ_NORTH,24.39
04/27/2026,02:00,N,LZ_NORTH,20.94
04/27/2026,03:00,N,LZ_NORTH,19.54
04/27/2026,04:00,N,LZ_NORTH,19.6
04/27/2026,05:00,N,LZ_NORTH,20.33
04/27/2026,06:00,N,LZ_NORTH,23.13
04/27/2026,07:00,N,LZ_NORTH,25.75
04/27/2026,08:00,N,LZ_NORTH,24.94
04/27/2026,09:00,N,LZ_NORTH,21.47
04/27/2026,10:00,N,LZ_NORTH,14.95
04/27/2026,11:00,N,LZ_NORTH,16.03
04/27/2026,12:00,N,LZ_NORTH,18.89
04/27/2026,13:00,N,LZ_NORTH,23.3
04/27/2026,14:00,N,LZ_NORTH,32.55
04/27/2026,15:00,N,LZ_NORTH,46.59
04/27/2026,16:00,N,LZ_NORTH,60.66
04/27/2026,17:00,N,LZ_NORTH,70.14
04/27/2026,18:00,N,LZ_NORTH,82.84
04/27/2026,19:00,N,LZ_NORTH,209.04
04/27/2026,20:00,N,LZ_NORTH,529.59
04/27/2026,21:00,N,LZ_NORTH,496.95
04/27/2026,22:00,N,LZ_NORTH,503.8
04/27/2026,23:00,N,LZ_NORTH,415.25
04/27/2026,24:00,N,LZ_NORTH,126.91
04/28/2026,01:00,N,LZ_NORTH,53.94
04/28/2026,02:00,N,LZ_NORTH,32.94
04/28/2026,03:00,N,LZ_NORTH,34.22
04/28/2026,04:00,N,LZ_NORTH,32.94
04/28/2026,05:00,N,LZ_NORTH,32.96
04/28/2026,06:00,N,LZ_NORTH,35.51
04/28/2026,07:00,N,LZ_NORTH,37.99
04/28/2026,08:00,N,LZ_NORTH,37.87
04/28/2026,09:00,N,LZ_NORTH,30.82
04/28/2026,10:00,N,LZ_NORTH,21.32
04/28/2026,11:00,N,LZ_NORTH,21.68
04/28/2026,12:00,N,LZ_NORTH,21.66
04/28/2026,13:00,N,LZ_NORTH,24.29
04/28/2026,14:00,N,LZ_NORTH,29.93
04/28/2026,15:00,N,LZ_NORTH,35.35
04/28/2026,16:00,N,LZ_NORTH,42.83
04/28/2026,17:00,N,LZ_NORTH,52.87
04/28/2026,18:00,N,LZ_NORTH,58.59
04/28/2026,19:00,N,LZ_NORTH,114.51
04/28/2026,20:00,N,LZ_NORTH,262.02
04/28/2026,21:00,N,LZ_NORTH,243.77
04/28/2026,22:00,N,LZ_NORTH,206.49
04/28/2026,23:00,N,LZ_NORTH,150.6
04/28/2026,24:00,N,LZ_NORTH,52.6
04/29/2026,01:00,N,LZ_NORTH,36.96
04/29/2026,02:00,N,LZ_NORTH,32.52
04/29/2026,03:00,N,LZ_NORTH,31.93
04/29/2026,04:00,N,LZ_NORTH,28.98
04/29/2026,05:00,N,LZ_NORTH,26.22
04/29/2026,06:00,N,LZ_NORTH,30.11
04/29/2026,07:00,N,LZ_NORTH,27.62
04/29/2026,08:00,N,LZ_NORTH,32.11
04/29/2026,09:00,N,LZ_NORTH,27.5
04/29/2026,10:00,N,LZ_NORTH,26.07
04/29/2026,11:00,N,LZ_NORTH,25.6
04/29/2026,12:00,N,LZ_NORTH,27.94
04/29/2026,13:00,N,LZ_NORTH,29.7
04/29/2026,14:00,N,LZ_NORTH,29.81
04/29/2026,15:00,N,LZ_NORTH,30.95
04/29/2026,16:00,N,LZ_NORTH,37.41
04/29/2026,17:00,N,LZ_NORTH,45.98
04/29/2026,18:00,N,LZ_NORTH,55.24
04/29/2026,19:00,N,LZ_NORTH,75.23
04/29/2026,20:00,N,LZ_NORTH,81.36
04/29/2026,21:00,N,LZ_NORTH,77.4
04/29/2026,22:00,N,LZ_NORTH,63.7
04/29/2026,23:00,N,LZ_NORTH,53.6
04/29/2026,24:00,N,LZ_NORTH,35.69
04/30/2026,01:00,N,LZ_NORTH,34.91
04/30/2026,02:00,N,LZ_NORTH,35.69
04/30/2026,03:00,N,LZ_NORTH,34.86
04/30/2026,04:00,N,LZ_NORTH,36.09
04/30/2026,05:00,N,LZ_NORTH,37.98
04/30/2026,06:00,N,LZ_NORTH,44.09
04/30/2026,07:00,N,LZ_NORTH,49.33
04/30/2026,08:00,N,LZ_NORTH,50.53
04/30/2026,09:00,N,LZ_NORTH,50.54
04/30/2026,10:00,N,LZ_NORTH,42.38
04/30/2026,11:00,N,LZ_NORTH,38.12
04/30/2026,12:00,N,LZ_NORTH,36.42
04/30/2026,13:00,N,LZ_NORTH,34.92
04/30/2026,14:00,N,LZ_NORTH,36.51
04/30/2026,15:00,N,LZ_NORTH,35.82
04/30/2026,16:00,N,LZ_NORTH,36.55
04/30/2026,17:00,N,LZ_NORTH,44.78
04/30/2026,18:00,N,LZ_NORTH,61.3
04/30/2026,19:00,N,LZ_NORTH,44.8
04/30/2026,20:00,N,LZ_NORTH,45.93
04/30/2026,21:00,N,LZ_NORTH,44.23
04/30/2026,22:00,N,LZ_NORTH,51.7
04/30/2026,23:00,N,LZ_NORTH,39.42
04/30/2026,24:00,N,LZ_NORTH,32.51
05/01/2026,01:00,N,LZ_NORTH,50.56
05/01/2026,02:00,N,LZ_NORTH,39.9
05/01/2026,03:00,N,LZ_NORTH,39.2
05/01/2026,04:00,N,LZ_NORTH,34.44
05/01/2026,05:00,N,LZ_NORTH,31.56
05/01/2026,06:00,N,LZ_NORTH,27.27
05/01/2026,07:00,N,LZ_NORTH,28.47
05/01/2026,08:00,N,LZ_NORTH,26.57
05/01/2026,09:00,N,LZ_NORTH,25.06
05/01/2026,10:00,N,LZ_NORTH,27.25
05/01/2026,11:00,N,LZ_NORTH,22.81
05/01/2026,12:00,N,LZ_NORTH,22.89
05/01/2026,13:00,N,LZ_NORTH,20.42
05/01/2026,14:00,N,LZ_NORTH,19.68
05/01/2026,15:00,N,LZ_NORTH,20.62
05/01/2026,16:00,N,LZ_NORTH,20.47
05/01/2026,17:00,N,LZ_NORTH,21.5
05/01/2026,18:00,N,LZ_NORTH,21.7
05/01/2026,19:00,N,LZ_NORTH,28.14
05/01/2026,20:00,N,LZ_NORTH,33.69
05/01/2026,21:00,N,LZ_NORTH,42.44
05/01/2026,22:00,N,LZ_NORTH,48.79
05/01/2026,23:00,N,LZ_NORTH,56.26
05/01/2026,24:00,N,LZ_NORTH,46.2
05/02/2026,01:00,N,LZ_NORTH,56.62
05/02/2026,02:00,N,LZ_NORTH,46.65
05/02/2026,03:00,N,LZ_NORTH,44.83
05/02/2026,04:00,N,LZ_NORTH,40.63
05/02/2026,05:00,N,LZ_NORTH,38.05
05/02/2026,06:00,N,LZ_NORTH,40.13
05/02/2026,07:00,N,LZ_NORTH,43.28
05/02/2026,08:00,N,LZ_NORTH,26.68
05/02/2026,09:00,N,LZ_NORTH,11.54
05/02/2026,10:00,N,LZ_NORTH,3.3
05/02/2026,11:00,N,LZ_NORTH,1.88
05/02/2026,12:00,N,LZ_NORTH,2.09
05/02/2026,13:00,N,LZ_NORTH,2.64
05/02/2026,14:00,N,LZ_NORTH,3.09
05/02/2026,15:00,N,LZ_NORTH,3.61
05/02/2026,16:00,N,LZ_NORTH,3.75
05/02/2026,17:00,N,LZ_NORTH,6.64
05/02/2026,18:00,N,LZ_NORTH,11.25
05/02/2026,19:00,N,LZ_NORTH,20.74
05/02/2026,20:00,N,LZ_NORTH,68.38
05/02/2026,21:00,N,LZ_NORTH,73.45
05/02/2026,22:00,N,LZ_NORTH,62.57
05/02/2026,23:00,N,LZ_NORTH,41.14
05/02/2026,24:00,N,LZ_NORTH,27.69
05/03/2026,01:00,N,LZ_NORTH,19.49
05/03/2026,02:00,N,LZ_NORTH,18.28
05/03/2026,03:00,N,LZ_NORTH,16.6
05/03/2026,04:00,N,LZ_NORTH,16.0
05/03/2026,05:00,N,LZ_NORTH,15.82
05/03/2026,06:00,N,LZ_NORTH,17.12
05/03/2026,07:00,N,LZ_NORTH,18.62
05/03/2026,08:00,N,LZ_NORTH,14.32
05/03/2026,09:00,N,LZ_NORTH,-0.35
05/03/2026,10:00,N,LZ_NORTH,-2.0
05/03/2026,11:00,N,LZ_NORTH,-2.99
05/03/2026,12:00,N,LZ_NORTH,-2.41
05/03/2026,13:00,N,LZ_NORTH,-1.32
05/03/2026,14:00,N,LZ_NORTH,0.05
05/03/2026,15:00,N,LZ_NORTH,1.4
05/03/2026,16:00,N,LZ_NORTH,3.59
05/03/2026,17:00,N,LZ_NORTH,7.06
05/03/2026,18:00,N,LZ_NORTH,10.24
05/03/2026,19:00,N,LZ_NORTH,17.19
05/03/2026,20:00,N,LZ_NORTH,36.14
05/03/2026,21:00,N,LZ_NORTH,34.12
05/03/2026,22:00,N,LZ_NORTH,25.85
05/03/2026,23:00,N,LZ_NORTH,21.99
05/03/2026,24:00,N,LZ_NORTH,16.96
05/04/2026,01:00,N,LZ_NORTH,18.98
05/04/2026,02:00,N,LZ_NORTH,17.94
05/04/2026,03:00,N,LZ_NORTH,14.67
05/04/2026,04:00,N,LZ_NORTH,15.19
05/04/2026,05:00,N,LZ_NORTH,15.94
05/04/2026,06:00,N,LZ_NORTH,20.38
05/04/2026,07:00,N,LZ_NORTH,18.17
05/04/2026,08:00,N,LZ_NORTH,16.3
05/04/2026,09:00,N,LZ_NORTH,1.91
05/04/2026,10:00,N,LZ_NORTH,-1.6
05/04/2026,11:00,N,LZ_NORTH,-1.07
05/04/2026,12:00,N,LZ_NORTH,-0.37
05/04/2026,13:00,N,LZ_NORTH,-0.14
05/04/2026,14:00,N,LZ_NORTH,3.06
05/04/2026,15:00,N,LZ_NORTH,5.78
05/04/2026,16:00,N,LZ_NORTH,11.32
05/04/2026,17:00,N,LZ_NORTH,17.04
05/04/2026,18:00,N,LZ_NORTH,18.01
05/04/2026,19:00,N,LZ_NORTH,24.49
05/04/2026,20:00,N,LZ_NORTH,35.23
05/04/2026,21:00,N,LZ_NORTH,32.08
05/04/2026,22:00,N,LZ_NORTH,33.42
05/04/2026,23:00,N,LZ_NORTH,33.2
05/04/2026,24:00,N,LZ_NORTH,21.76
05/05/2026,01:00,N,LZ_NORTH,20.59
05/05/2026,02:00,N,LZ_NORTH,18.73
05/05/2026,03:00,N,LZ_NORTH,18.42
05/05/2026,04:00,N,LZ_NORTH,18.79
05/05/2026,05:00,N,LZ_NORTH,19.19
05/05/2026,06:00,N,LZ_NORTH,20.5
05/05/2026,07:00,N,LZ_NORTH,19.62
05/05/2026,08:00,N,LZ_NORTH,20.82
05/05/2026,09:00,N,LZ_NORTH,20.07
05/05/2026,10:00,N,LZ_NORTH,18.66
05/05/2026,11:00,N,LZ_NORTH,19.32
05/05/2026,12:00,N,LZ_NORTH,19.14
05/05/2026,13:00,N,LZ_NORTH,22.06
05/05/2026,14:00,N,LZ_NORTH,24.64
05/05/2026,15:00,N,LZ_NORTH,28.57
05/05/2026,16:00,N,LZ_NORTH,37.28
05/05/2026,17:00,N,LZ_NORTH,54.0
05/05/2026,18:00,N,LZ_NORTH,62.81
05/05/2026,19:00,N,LZ_NORTH,79.56
05/05/2026,20:00,N,LZ_NORTH,105.29
05/05/2026,21:00,N,LZ_NORTH,85.33
05/05/2026,22:00,N,LZ_NORTH,92.58
05/05/2026,23:00,N,LZ_NORTH,61.31
05/05/2026,24:00,N,LZ_NORTH,45.64
05/06/2026,01:00,N,LZ_NORTH,42.99
05/06/2026,02:00,N,LZ_NORTH,38.03
05/06/2026,03:00,N,LZ_NORTH,38.6
05/06/2026,04:00,N,LZ_NORTH,40.89
05/06/2026,05:00,N,LZ_NORTH,38.31
05/06/2026,06:00,N,LZ_NORTH,45.33
05/06/2026,07:00,N,LZ_NORTH,55.41
05/06/2026,08:00,N,LZ_NORTH,53.55
05/06/2026,09:00,N,LZ_NORTH,67.9
05/06/2026,10:00,N,LZ_NORTH,43.59
05/06/2026,11:00,N,LZ_NORTH,38.29
05/06/2026,12:00,N,LZ_NORTH,34.3
05/06/2026,13:00,N,LZ_NORTH,31.41
05/06/2026,14:00,N,LZ_NORTH,30.05
05/06/2026,15:00,N,LZ_NORTH,28.11
05/06/2026,16:00,N,LZ_NORTH,26.66
05/06/2026,17:00,N,LZ_NORTH,26.41
05/06/2026,18:00,N,LZ_NORTH,30.39
05/06/2026,19:00,N,LZ_NORTH,37.45
05/06/2026,20:00,N,LZ_NORTH,42.55
05/06/2026,21:00,N,LZ_NORTH,40.78
05/06/2026,22:00,N,LZ_NORTH,39.71
05/06/2026,23:00,N,LZ_NORTH,27.52
05/06/2026,24:00,N,LZ_NORTH,20.58
05/07/2026,01:00,N,LZ_NORTH,23.21
05/07/2026,02:00,N,LZ_NORTH,25.75
05/07/2026,03:00,N,LZ_NORTH,24.98
05/07/2026,04:00,N,LZ_NORTH,22.72
05/07/2026,05:00,N,LZ_NORTH,23.21
05/07/2026,06:00,N,LZ_NORTH,28.21
05/07/2026,07:00,N,LZ_NORTH,36.28
05/07/2026,08:00,N,LZ_NORTH,35.08
05/07/2026,09:00,N,LZ_NORTH,22.35
05/07/2026,10:00,N,LZ_NORTH,18.12
05/07/2026,11:00,N,LZ_NORTH,17.04
05/07/2026,12:00,N,LZ_NORTH,14.39
05/07/2026,13:00,N,LZ_NORTH,13.22
05/07/2026,14:00,N,LZ_NORTH,13.83
05/07/2026,15:00,N,LZ_NORTH,15.24
05/07/2026,16:00,N,LZ_NORTH,15.74
05/07/2026,17:00,N,LZ_NORTH,19.43
05/07/2026,18:00,N,LZ_NORTH,21.72
05/07/2026,19:00,N,LZ_NORTH,32.7
05/07/2026,20:00,N,LZ_NORTH,46.99
05/07/2026,21:00,N,LZ_NORTH,51.17
05/07/2026,22:00,N,LZ_NORTH,38.7
05/07/2026,23:00,N,LZ_NORTH,24.84
05/07/2026,24:00,N,LZ_NORTH,20.28
05/08/2026,01:00,N,LZ_NORTH,21.67
05/08/2026,02:00,N,LZ_NORTH,22.44
05/08/2026,03:00,N,LZ_NORTH,22.66
05/08/2026,04:00,N,LZ_NORTH,21.0
05/08/2026,05:00,N,LZ_NORTH,20.81
05/08/2026,06:00,N,LZ_NORTH,23.07
05/08/2026,07:00,N,LZ_NORTH,26.35
05/08/2026,08:00,N,LZ_NORTH,27.26
05/08/2026,09:00,N,LZ_NORTH,24.48
05/08/2026,10:00,N,LZ_NORTH,21.87
05/08/2026,11:00,N,LZ_NORTH,19.34
05/08/2026,12:00,N,LZ_NORTH,17.96
05/08/2026,13:00,N,LZ_NORTH,16.97
05/08/2026,14:00,N,LZ_NORTH,16.28
05/08/2026,15:00,N,LZ_NORTH,16.97
05/08/2026,16:00,N,LZ_NORTH,17.93
05/08/2026,17:00,N,LZ_NORTH,19.9
05/08/2026,18:00,N,LZ_NORTH,28.61
05/08/2026,19:00,N,LZ_NORTH,42.09
05/08/2026,20:00,N,LZ_NORTH,51.72
05/08/2026,21:00,N,LZ_NORTH,48.72
05/08/2026,22:00,N,LZ_NORTH,43.07
05/08/2026,23:00,N,LZ_NORTH,34.74
05/08/2026,24:00,N,LZ_NORTH,30.82
05/09/2026,01:00,N,LZ_NORTH,36.23
05/09/2026,02:00,N,LZ_NORTH,34.86
05/09/2026,03:00,N,LZ_NORTH,39.2
05/09/2026,04:00,N,LZ_NORTH,38.12
05/09/2026,05:00,N,LZ_NORTH,38.4
05/09/2026,06:00,N,LZ_NORTH,35.44
05/09/2026,07:00,N,LZ_NORTH,36.15
05/09/2026,08:00,N,LZ_NORTH,31.69
05/09/2026,09:00,N,LZ_NORTH,20.9
05/09/2026,10:00,N,LZ_NORTH,19.87
05/09/2026,11:00,N,LZ_NORTH,19.16
05/09/2026,12:00,N,LZ_NORTH,17.12
05/09/2026,13:00,N,LZ_NORTH,15.62
05/09/2026,14:00,N,LZ_NORTH,17.11
05/09/2026,15:00,N,LZ_NORTH,17.75
05/09/2026,16:00,N,LZ_NORTH,19.57
05/09/2026,17:00,N,LZ_NORTH,21.9
05/09/2026,18:00,N,LZ_NORTH,23.77
05/09/2026,19:00,N,LZ_NORTH,38.23
05/09/2026,20:00,N,LZ_NORTH,53.39
05/09/2026,21:00,N,LZ_NORTH,46.34
05/09/2026,22:00,N,LZ_NORTH,32.37
05/09/2026,23:00,N,LZ_NORTH,24.39
05/09/2026,24:00,N,LZ_NORTH,20.58
05/10/2026,01:00,N,LZ_NORTH,18.56
05/10/2026,02:00,N,LZ_NORTH,19.01
05/10/2026,03:00,N,LZ_NORTH,18.65
05/10/2026,04:00,N,LZ_NORTH,18.29
05/10/2026,05:00,N,LZ_NORTH,19.54
05/10/2026,06:00,N,LZ_NORTH,19.24
05/10/2026,07:00,N,LZ_NORTH,20.0
05/10/2026,08:00,N,LZ_NORTH,18.03
05/10/2026,09:00,N,LZ_NORTH,14.27
05/10/2026,10:00,N,LZ_NORTH,12.22
05/10/2026,11:00,N,LZ_NORTH,13.04
05/10/2026,12:00,N,LZ_NORTH,13.62
05/10/2026,13:00,N,LZ_NORTH,13.32
05/10/2026,14:00,N,LZ_NORTH,15.15
05/10/2026,15:00,N,LZ_NORTH,15.2
05/10/2026,16:00,N,LZ_NORTH,15.14
05/10/2026,17:00,N,LZ_NORTH,16.73
05/10/2026,18:00,N,LZ_NORTH,18.32
05/10/2026,19:00,N,LZ_NORTH,19.38
05/10/2026,20:00,N,LZ_NORTH,24.31
05/10/2026,21:00,N,LZ_NORTH,39.64
05/10/2026,22:00,N,LZ_NORTH,45.95
05/10/2026,23:00,N,LZ_NORTH,37.72
05/10/2026,24:00,N,LZ_NORTH,31.2
05/11/2026,01:00,N,LZ_NORTH,34.67
05/11/2026,02:00,N,LZ_NORTH,31.02
05/11/2026,03:00,N,LZ_NORTH,30.41
05/11/2026,04:00,N,LZ_NORTH,28.99
05/11/2026,05:00,N,LZ_NORTH,29.23
05/11/2026,06:00,N,LZ_NORTH,33.18
05/11/2026,07:00,N,LZ_NORTH,36.12
05/11/2026,08:00,N,LZ_NORTH,35.96
05/11/2026,09:00,N,LZ_NORTH,25.95
05/11/2026,10:00,N,LZ_NORTH,21.84
05/11/2026,11:00,N,LZ_NORTH,20.43
05/11/2026,12:00,N,LZ_NORTH,17.15
05/11/2026,13:00,N,LZ_NORTH,17.05
05/11/2026,14:00,N,LZ_NORTH,17.1
05/11/2026,15:00,N,LZ_NORTH,18.27
05/11/2026,16:00,N,LZ_NORTH,18.75
05/11/2026,17:00,N,LZ_NORTH,20.55
05/11/2026,18:00,N,LZ_NORTH,25.48
05/11/2026,19:00,N,LZ_NORTH,58.93
05/11/2026,20:00,N,LZ_NORTH,125.44
05/11/2026,21:00,N,LZ_NORTH,123.97
05/11/2026,22:00,N,LZ_NORTH,84.63
05/11/2026,23:00,N,LZ_NORTH,45.34
05/11/2026,24:00,N,LZ_NORTH,30.08
05/12/2026,01:00,N,LZ_NORTH,20.19
05/12/2026,02:00,N,LZ_NORTH,19.65
05/12/2026,03:00,N,LZ_NORTH,19.48
05/12/2026,04:00,N,LZ_NORTH,18.01
05/12/2026,05:00,N,LZ_NORTH,17.54
05/12/2026,06:00,N,LZ_NORTH,20.45
05/12/2026,07:00,N,LZ_NORTH,23.89
05/12/2026,08:00,N,LZ_NORTH,19.32
05/12/2026,09:00,N,LZ_NORTH,6.39
05/12/2026,10:00,N,LZ_NORTH,3.11
05/12/2026,11:00,N,LZ_NORTH,2.98
05/12/2026,12:00,N,LZ_NORTH,4.32
05/12/2026,13:00,N,LZ_NORTH,4.93
05/12/2026,14:00,N,LZ_NORTH,8.24
05/12/2026,15:00,N,LZ_NORTH,10.04
05/12/2026,16:00,N,LZ_NORTH,14.2
05/12/2026,17:00,N,LZ_NORTH,16.38
05/12/2026,18:00,N,LZ_NORTH,16.28
05/12/2026,19:00,N,LZ_NORTH,24.42
05/12/2026,20:00,N,LZ_NORTH,66.71
05/12/2026,21:00,N,LZ_NORTH,64.85
05/12/2026,22:00,N,LZ_NORTH,40.46
05/12/2026,23:00,N,LZ_NORTH,24.57
05/12/2026,24:00,N,LZ_NORTH,16.99
05/13/2026,01:00,N,LZ_NORTH,18.77
05/13/2026,02:00,N,LZ_NORTH,17.05
05/13/2026,03:00,N,LZ_NORTH,16.39
05/13/2026,04:00,N,LZ_NORTH,17.66
05/13/2026,05:00,N,LZ_NORTH,19.03
05/13/2026,06:00,N,LZ_NORTH,25.15
05/13/2026,07:00,N,LZ_NORTH,27.79
05/13/2026,08:00,N,LZ_NORTH,19.66
05/13/2026,09:00,N,LZ_NORTH,6.73
05/13/2026,10:00,N,LZ_NORTH,6.16
05/13/2026,11:00,N,LZ_NORTH,10.07
05/13/2026,12:00,N,LZ_NORTH,12.74
05/13/2026,13:00,N,LZ_NORTH,13.56
05/13/2026,14:00,N,LZ_NORTH,15.72
05/13/2026,15:00,N,LZ_NORTH,17.71
05/13/2026,16:00,N,LZ_NORTH,16.17
05/13/2026,17:00,N,LZ_NORTH,18.17
05/13/2026,18:00,N,LZ_NORTH,19.44
05/13/2026,19:00,N,LZ_NORTH,29.22
05/13/2026,20:00,N,LZ_NORTH,60.94
05/13/2026,21:00,N,LZ_NORTH,48.1
05/13/2026,22:00,N,LZ_NORTH,40.93
05/13/2026,23:00,N,LZ_NORTH,23.25
05/13/2026,24:00,N,LZ_NORTH,18.35
05/14/2026,01:00,N,LZ_NORTH,21.03
05/14/2026,02:00,N,LZ_NORTH,21.55
05/14/2026,03:00,N,LZ_NORTH,20.08
05/14/2026,04:00,N,LZ_NORTH,19.54
05/14/2026,05:00,N,LZ_NORTH,19.61
05/14/2026,06:00,N,LZ_NORTH,20.67
05/14/2026,07:00,N,LZ_NORTH,21.19
05/14/2026,08:00,N,LZ_NORTH,16.86
05/14/2026,09:00,N,LZ_NORTH,10.02
05/14/2026,10:00,N,LZ_NORTH,5.13
05/14/2026,11:00,N,LZ_NORTH,8.75
05/14/2026,12:00,N,LZ_NORTH,12.61
05/14/2026,13:00,N,LZ_NORTH,16.25
05/14/2026,14:00,N,LZ_NORTH,20.26
05/14/2026,15:00,N,LZ_NORTH,23.7
05/14/2026,16:00,N,LZ_NORTH,26.7
05/14/2026,17:00,N,LZ_NORTH,28.7
05/14/2026,18:00,N,LZ_NORTH,32.41
05/14/2026,19:00,N,LZ_NORTH,39.62
05/14/2026,20:00,N,LZ_NORTH,51.08
05/14/2026,21:00,N,LZ_NORTH,46.18
05/14/2026,22:00,N,LZ_NORTH,44.31
05/14/2026,23:00,N,LZ_NORTH,34.63
05/14/2026,24:00,N,LZ_NORTH,24.32
05/15/2026,01:00,N,LZ_NORTH,21.72
05/15/2026,02:00,N,LZ_NORTH,19.61
05/15/2026,03:00,N,LZ_NORTH,18.96
05/15/2026,04:00,N,LZ_NORTH,18.21
05/15/2026,05:00,N,LZ_NORTH,18.37
05/15/2026,06:00,N,LZ_NORTH,18.71
05/15/2026,07:00,N,LZ_NORTH,19.5
05/15/2026,08:00,N,LZ_NORTH,18.88
05/15/2026,09:00,N,LZ_NORTH,16.02
05/15/2026,10:00,N,LZ_NORTH,13.46
05/15/2026,11:00,N,LZ_NORTH,14.51
05/15/2026,12:00,N,LZ_NORTH,18.23
05/15/2026,13:00,N,LZ_NORTH,17.91
05/15/2026,14:00,N,LZ_NORTH,20.81
05/15/2026,15:00,N,LZ_NORTH,24.05
05/15/2026,16:00,N,LZ_NORTH,24.04
05/15/2026,17:00,N,LZ_NORTH,27.03
05/15/2026,18:00,N,LZ_NORTH,34.32
05/15/2026,19:00,N,LZ_NORTH,36.6
05/15/2026,20:00,N,LZ_NORTH,34.65
05/15/2026,21:00,N,LZ_NORTH,31.58
05/15/2026,22:00,N,LZ_NORTH,30.38
05/15/2026,23:00,N,LZ_NORTH,27.34
05/15/2026,24:00,N,LZ_NORTH,22.81
05/16/2026,01:00,N,LZ_NORTH,24.17
05/16/2026,02:00,N,LZ_NORTH,21.89
05/16/2026,03:00,N,LZ_NORTH,19.72
05/16/2026,04:00,N,LZ_NORTH,18.79
05/16/2026,05:00,N,LZ_NORTH,17.74
05/16/2026,06:00,N,LZ_NORTH,19.07
05/16/2026,07:00,N,LZ_NORTH,17.86
05/16/2026,08:00,N,LZ_NORTH,17.64
05/16/2026,09:00,N,LZ_NORTH,12.09
05/16/2026,10:00,N,LZ_NORTH,6.76
05/16/2026,11:00,N,LZ_NORTH,7.38
05/16/2026,12:00,N,LZ_NORTH,10.6
05/16/2026,13:00,N,LZ_NORTH,14.83
05/16/2026,14:00,N,LZ_NORTH,22.28
05/16/2026,15:00,N,LZ_NORTH,22.11
05/16/2026,16:00,N,LZ_NORTH,19.0
05/16/2026,17:00,N,LZ_NORTH,21.3
05/16/2026,18:00,N,LZ_NORTH,22.25
05/16/2026,19:00,N,LZ_NORTH,26.95
05/16/2026,20:00,N,LZ_NORTH,34.82
05/16/2026,21:00,N,LZ_NORTH,34.12
05/16/2026,22:00,N,LZ_NORTH,30.11
05/16/2026,23:00,N,LZ_NORTH,29.57
05/16/2026,24:00,N,LZ_NORTH,24.26
05/17/2026,01:00,N,LZ_NORTH,25.09
05/17/2026,02:00,N,LZ_NORTH,22.39
05/17/2026,03:00,N,LZ_NORTH,19.3
05/17/2026,04:00,N,LZ_NORTH,20.38
05/17/2026,05:00,N,LZ_NORTH,20.59
05/17/2026,06:00,N,LZ_NORTH,23.52
05/17/2026,07:00,N,LZ_NORTH,19.87
05/17/2026,08:00,N,LZ_NORTH,19.26
05/17/2026,09:00,N,LZ_NORTH,17.12
05/17/2026,10:00,N,LZ_NORTH,17.75
05/17/2026,11:00,N,LZ_NORTH,18.64
05/17/2026,12:00,N,LZ_NORTH,18.62
05/17/2026,13:00,N,LZ_NORTH,19.92
05/17/2026,14:00,N,LZ_NORTH,22.39
05/17/2026,15:00,N,LZ_NORTH,24.19
05/17/2026,16:00,N,LZ_NORTH,24.67
05/17/2026,17:00,N,LZ_NORTH,27.18
05/17/2026,18:00,N,LZ_NORTH,30.4
05/17/2026,19:00,N,LZ_NORTH,36.2
05/17/2026,20:00,N,LZ_NORTH,36.38
05/17/2026,21:00,N,LZ_NORTH,33.26
05/17/2026,22:00,N,LZ_NORTH,31.89
05/17/2026,23:00,N,LZ_NORTH,37.52
05/17/2026,24:00,N,LZ_NORTH,30.2
05/18/2026,01:00,N,LZ_NORTH,23.63
05/18/2026,02:00,N,LZ_NORTH,21.51
05/18/2026,03:00,N,LZ_NORTH,20.49
05/18/2026,04:00,N,LZ_NORTH,20.27
05/18/2026,05:00,N,LZ_NORTH,20.73
05/18/2026,06:00,N,LZ_NORTH,25.34
05/18/2026,07:00,N,LZ_NORTH,25.85
05/18/2026,08:00,N,LZ_NORTH,25.6
05/18/2026,09:00,N,LZ_NORTH,22.39
05/18/2026,10:00,N,LZ_NORTH,23.62
05/18/2026,11:00,N,LZ_NORTH,21.92
05/18/2026,12:00,N,LZ_NORTH,23.09
05/18/2026,13:00,N,LZ_NORTH,22.31
05/18/2026,14:00,N,LZ_NORTH,28.82
05/18/2026,15:00,N,LZ_NORTH,29.56
05/18/2026,16:00,N,LZ_NORTH,27.34
05/18/2026,17:00,N,LZ_NORTH,28.83
05/18/2026,18:00,N,LZ_NORTH,29.9
05/18/2026,19:00,N,LZ_NORTH,39.17
05/18/2026,20:00,N,LZ_NORTH,41.04
05/18/2026,21:00,N,LZ_NORTH,39.52
05/18/2026,22:00,N,LZ_NORTH,35.5
05/18/2026,23:00,N,LZ_NORTH,36.79
05/18/2026,24:00,N,LZ_NORTH,29.34
05/19/2026,01:00,N,LZ_NORTH,21.15
05/19/2026,02:00,N,LZ_NORTH,19.94
05/19/2026,03:00,N,LZ_NORTH,20.37
05/19/2026,04:00,N,LZ_NORTH,20.44
05/19/2026,05:00,N,LZ_NORTH,21.88
05/19/2026,06:00,N,LZ_NORTH,25.04
05/19/2026,07:00,N,LZ_NORTH,26.63
05/19/2026,08:00,N,LZ_NORTH,25.68
05/19/2026,09:00,N,LZ_NORTH,20.44
05/19/2026,10:00,N,LZ_NORTH,21.37
05/19/2026,11:00,N,LZ_NORTH,21.73
05/19/2026,12:00,N,LZ_NORTH,21.39
05/19/2026,13:00,N,LZ_NORTH,23.59
05/19/2026,14:00,N,LZ_NORTH,24.49
05/19/2026,15:00,N,LZ_NORTH,23.57
05/19/2026,16:00,N,LZ_NORTH,24.85
05/19/2026,17:00,N,LZ_NORTH,26.76
05/19/2026,18:00,N,LZ_NORTH,28.63
05/19/2026,19:00,N,LZ_NORTH,37.3
05/19/2026,20:00,N,LZ_NORTH,44.19
05/19/2026,21:00,N,LZ_NORTH,49.0
05/19/2026,22:00,N,LZ_NORTH,54.01
05/19/2026,23:00,N,LZ_NORTH,46.73
05/19/2026,24:00,N,LZ_NORTH,37.81
05/20/2026,01:00,N,LZ_NORTH,31.27
05/20/2026,02:00,N,LZ_NORTH,27.07
05/20/2026,03:00,N,LZ_NORTH,27.79
05/20/2026,04:00,N,LZ_NORTH,26.98
05/20/2026,05:00,N,LZ_NORTH,27.12
05/20/2026,06:00,N,LZ_NORTH,27.55
05/20/2026,07:00,N,LZ_NORTH,32.82
05/20/2026,08:00,N,LZ_NORTH,32.01
05/20/2026,09:00,N,LZ_NORTH,34.47
05/20/2026,10:00,N,LZ_NORTH,30.35
05/20/2026,11:00,N,LZ_NORTH,26.97
05/20/2026,12:00,N,LZ_NORTH,25.87
05/20/2026,13:00,N,LZ_NORTH,23.52
05/20/2026,14:00,N,LZ_NORTH,22.76
05/20/2026,15:00,N,LZ_NORTH,25.8
05/20/2026,16:00,N,LZ_NORTH,30.05
05/20/2026,17:00,N,LZ_NORTH,35.09
05/20/2026,18:00,N,LZ_NORTH,41.07
05/20/2026,19:00,N,LZ_NORTH,53.29
05/20/2026,20:00,N,LZ_NORTH,61.72
05/20/2026,21:00,N,LZ_NORTH,71.17
05/20/2026,22:00,N,LZ_NORTH,63.81
05/20/2026,23:00,N,LZ_NORTH,50.05
05/20/2026,24:00,N,LZ_NORTH,40.38
05/21/2026,01:00,N,LZ_NORTH,34.81
05/21/2026,02:00,N,LZ_NORTH,30.85
05/21/2026,03:00,N,LZ_NORTH,28.87
05/21/2026,04:00,N,LZ_NORTH,29.98
05/21/2026,05:00,N,LZ_NORTH,29.8
05/21/2026,06:00,N,LZ_NORTH,31.42
05/21/2026,07:00,N,LZ_NORTH,37.3
05/21/2026,08:00,N,LZ_NORTH,39.61
05/21/2026,09:00,N,LZ_NORTH,33.47
05/21/2026,10:00,N,LZ_NORTH,27.49
05/21/2026,11:00,N,LZ_NORTH,26.58
05/21/2026,12:00,N,LZ_NORTH,25.76
05/21/2026,13:00,N,LZ_NORTH,26.54
05/21/2026,14:00,N,LZ_NORTH,27.09
05/21/2026,15:00,N,LZ_NORTH,25.25
05/21/2026,16:00,N,LZ_NORTH,24.74
05/21/2026,17:00,N,LZ_NORTH,25.54
05/21/2026,18:00,N,LZ_NORTH,27.53
05/21/2026,19:00,N,LZ_NORTH,28.2
05/21/2026,20:00,N,LZ_NORTH,40.31
05/21/2026,21:00,N,LZ_NORTH,44.75
05/21/2026,22:00,N,LZ_NORTH,45.99
05/21/2026,23:00,N,LZ_NORTH,35.96
05/21/2026,24:00,N,LZ_NORTH,31.04
05/22/2026,01:00,N,LZ_NORTH,28.84
05/22/2026,02:00,N,LZ_NORTH,26.8
05/22/2026,03:00,N,LZ_NORTH,27.23
05/22/2026,04:00,N,LZ_NORTH,26.73
05/22/2026,05:00,N,LZ_NORTH,27.45
05/22/2026,06:00,N,LZ_NORTH,29.03
05/22/2026,07:00,N,LZ_NORTH,35.03
05/22/2026,08:00,N,LZ_NORTH,31.97
05/22/2026,09:00,N,LZ_NORTH,23.2
05/22/2026,10:00,N,LZ_NORTH,21.3
05/22/2026,11:00,N,LZ_NORTH,18.83
05/22/2026,12:00,N,LZ_NORTH,18.39
05/22/2026,13:00,N,LZ_NORTH,17.62
05/22/2026,14:00,N,LZ_NORTH,18.36
05/22/2026,15:00,N,LZ_NORTH,20.63
05/22/2026,16:00,N,LZ_NORTH,24.04
05/22/2026,17:00,N,LZ_NORTH,27.69
05/22/2026,18:00,N,LZ_NORTH,25.78
05/22/2026,19:00,N,LZ_NORTH,37.26
05/22/2026,20:00,N,LZ_NORTH,43.84
05/22/2026,21:00,N,LZ_NORTH,48.03
05/22/2026,22:00,N,LZ_NORTH,43.42
05/22/2026,23:00,N,LZ_NORTH,38.15
05/22/2026,24:00,N,LZ_NORTH,31.12
05/23/2026,01:00,N,LZ_NORTH,24.36
05/23/2026,02:00,N,LZ_NORTH,23.33
05/23/2026,03:00,N,LZ_NORTH,23.51
05/23/2026,04:00,N,LZ_NORTH,23.23
05/23/2026,05:00,N,LZ_NORTH,22.83
05/23/2026,06:00,N,LZ_NORTH,21.89
05/23/2026,07:00,N,LZ_NORTH,23.38
05/23/2026,08:00,N,LZ_NORTH,22.15
05/23/2026,09:00,N,LZ_NORTH,19.94
05/23/2026,10:00,N,LZ_NORTH,18.5
05/23/2026,11:00,N,LZ_NORTH,18.33
05/23/2026,12:00,N,LZ_NORTH,17.99
05/23/2026,13:00,N,LZ_NORTH,17.2
05/23/2026,14:00,N,LZ_NORTH,18.35
05/23/2026,15:00,N,LZ_NORTH,18.95
05/23/2026,16:00,N,LZ_NORTH,18.77
05/23/2026,17:00,N,LZ_NORTH,20.34
05/23/2026,18:00,N,LZ_NORTH,23.92
05/23/2026,19:00,N,LZ_NORTH,30.0
05/23/2026,20:00,N,LZ_NORTH,32.81
05/23/2026,21:00,N,LZ_NORTH,37.54
05/23/2026,22:00,N,LZ_NORTH,36.16
05/23/2026,23:00,N,LZ_NORTH,34.26
05/23/2026,24:00,N,LZ_NORTH,34.55
05/24/2026,01:00,N,LZ_NORTH,29.35
05/24/2026,02:00,N,LZ_NORTH,26.2
05/24/2026,03:00,N,LZ_NORTH,25.26
05/24/2026,04:00,N,LZ_NORTH,24.61
05/24/2026,05:00,N,LZ_NORTH,26.32
05/24/2026,06:00,N,LZ_NORTH,24.48
05/24/2026,07:00,N,LZ_NORTH,24.86
05/24/2026,08:00,N,LZ_NORTH,21.64
05/24/2026,09:00,N,LZ_NORTH,17.13
05/24/2026,10:00,N,LZ_NORTH,15.82
05/24/2026,11:00,N,LZ_NORTH,15.54
05/24/2026,12:00,N,LZ_NORTH,15.92
05/24/2026,13:00,N,LZ_NORTH,15.74
05/24/2026,14:00,N,LZ_NORTH,17.25
05/24/2026,15:00,N,LZ_NORTH,18.31
05/24/2026,16:00,N,LZ_NORTH,19.41
05/24/2026,17:00,N,LZ_NORTH,20.88
05/24/2026,18:00,N,LZ_NORTH,22.21
05/24/2026,19:00,N,LZ_NORTH,30.29
05/24/2026,20:00,N,LZ_NORTH,49.04
05/24/2026,21:00,N,LZ_NORTH,51.8
05/24/2026,22:00,N,LZ_NORTH,43.9
05/24/2026,23:00,N,LZ_NORTH,38.96
05/24/2026,24:00,N,LZ_NORTH,30.23
05/25/2026,01:00,N,LZ_NORTH,24.02
05/25/2026,02:00,N,LZ_NORTH,21.87
05/25/2026,03:00,N,LZ_NORTH,21.01
05/25/2026,04:00,N,LZ_NORTH,21.53
05/25/2026,05:00,N,LZ_NORTH,22.18
05/25/2026,06:00,N,LZ_NORTH,25.31
05/25/2026,07:00,N,LZ_NORTH,26.01
05/25/2026,08:00,N,LZ_NORTH,20.0
05/25/2026,09:00,N,LZ_NORTH,13.95
05/25/2026,10:00,N,LZ_NORTH,13.08
05/25/2026,11:00,N,LZ_NORTH,13.01
05/25/2026,12:00,N,LZ_NORTH,13.18
05/25/2026,13:00,N,LZ_NORTH,14.68
05/25/2026,14:00,N,LZ_NORTH,17.16
05/25/2026,15:00,N,LZ_NORTH,17.68
05/25/2026,16:00,N,LZ_NORTH,18.3
05/25/2026,17:00,N,LZ_NORTH,18.41
05/25/2026,18:00,N,LZ_NORTH,19.45
05/25/2026,19:00,N,LZ_NORTH,27.41
05/25/2026,20:00,N,LZ_NORTH,45.3
05/25/2026,21:00,N,LZ_NORTH,49.87
05/25/2026,22:00,N,LZ_NORTH,37.27
05/25/2026,23:00,N,LZ_NORTH,30.7
05/25/2026,24:00,N,LZ_NORTH,25.33
05/26/2026,01:00,N,LZ_NORTH,27.0
05/26/2026,02:00,N,LZ_NORTH,23.78
05/26/2026,03:00,N,LZ_NORTH,23.97
05/26/2026,04:00,N,LZ_NORTH,23.92
05/26/2026,05:00,N,LZ_NORTH,24.43
05/26/2026,06:00,N,LZ_NORTH,28.26
05/26/2026,07:00,N,LZ_NORTH,23.81
05/26/2026,08:00,N,LZ_NORTH,21.92
05/26/2026,09:00,N,LZ_NORTH,17.05
05/26/2026,10:00,N,LZ_NORTH,16.98
05/26/2026,11:00,N,LZ_NORTH,16.91
05/26/2026,12:00,N,LZ_NORTH,17.17
05/26/2026,13:00,N,LZ_NORTH,18.63
05/26/2026,14:00,N,LZ_NORTH,20.85
05/26/2026,15:00,N,LZ_NORTH,21.51
05/26/2026,16:00,N,LZ_NORTH,23.0
05/26/2026,17:00,N,LZ_NORTH,25.21
05/26/2026,18:00,N,LZ_NORTH,26.69
05/26/2026,19:00,N,LZ_NORTH,35.58
05/26/2026,20:00,N,LZ_NORTH,49.83
05/26/2026,21:00,N,LZ_NORTH,60.04
05/26/2026,22:00,N,LZ_NORTH,64.62
05/26/2026,23:00,N,LZ_NORTH,60.35
05/26/2026,24:00,N,LZ_NORTH,48.62
05/27/2026,01:00,N,LZ_NORTH,43.95
05/27/2026,02:00,N,LZ_NORTH,38.68
05/27/2026,03:00,N,LZ_NORTH,36.67
05/27/2026,04:00,N,LZ_NORTH,37.68
05/27/2026,05:00,N,LZ_NORTH,40.18
05/27/2026,06:00,N,LZ_NORTH,43.84
05/27/2026,07:00,N,LZ_NORTH,43.11
05/27/2026,08:00,N,LZ_NORTH,42.93
05/27/2026,09:00,N,LZ_NORTH,35.42
05/27/2026,10:00,N,LZ_NORTH,28.07
05/27/2026,11:00,N,LZ_NORTH,24.34
05/27/2026,12:00,N,LZ_NORTH,21.63
05/27/2026,13:00,N,LZ_NORTH,21.93
05/27/2026,14:00,N,LZ_NORTH,22.32
05/27/2026,15:00,N,LZ_NORTH,23.04
05/27/2026,16:00,N,LZ_NORTH,25.62
05/27/2026,17:00,N,LZ_NORTH,27.76
05/27/2026,18:00,N,LZ_NORTH,26.48
05/27/2026,19:00,N,LZ_NORTH,35.55
05/27/2026,20:00,N,LZ_NORTH,54.47
05/27/2026,21:00,N,LZ_NORTH,63.54
05/27/2026,22:00,N,LZ_NORTH,55.94
05/27/2026,23:00,N,LZ_NORTH,47.21
05/27/2026,24:00,N,LZ_NORTH,35.19
05/28/2026,01:00,N,LZ_NORTH,35.22
05/28/2026,02:00,N,LZ_NORTH,30.38
05/28/2026,03:00,N,LZ_NORTH,28.61
05/28/2026,04:00,N,LZ_NORTH,28.06
05/28/2026,05:00,N,LZ_NORTH,29.39
05/28/2026,06:00,N,LZ_NORTH,34.99
05/28/2026,07:00,N,LZ_NORTH,37.08
05/28/2026,08:00,N,LZ_NORTH,28.36
05/28/2026,09:00,N,LZ_NORTH,20.36
05/28/2026,10:00,N,LZ_NORTH,21.15
05/28/2026,11:00,N,LZ_NORTH,21.48
05/28/2026,12:00,N,LZ_NORTH,23.72
05/28/2026,13:00,N,LZ_NORTH,25.66
05/28/2026,14:00,N,LZ_NORTH,29.21
05/28/2026,15:00,N,LZ_NORTH,32.23
05/28/2026,16:00,N,LZ_NORTH,38.7
05/28/2026,17:00,N,LZ_NORTH,46.89
05/28/2026,18:00,N,LZ_NORTH,37.32
05/28/2026,19:00,N,LZ_NORTH,61.94
05/28/2026,20:00,N,LZ_NORTH,111.78
05/28/2026,21:00,N,LZ_NORTH,105.23
05/28/2026,22:00,N,LZ_NORTH,77.93
05/28/2026,23:00,N,LZ_NORTH,63.3
05/28/2026,24:00,N,LZ_NORTH,36.17
05/29/2026,01:00,N,LZ_NORTH,30.76
05/29/2026,02:00,N,LZ_NORTH,24.13
05/29/2026,03:00,N,LZ_NORTH,22.72
05/29/2026,04:00,N,LZ_NORTH,23.02
05/29/2026,05:00,N,LZ_NORTH,23.67
05/29/2026,06:00,N,LZ_NORTH,24.49
05/29/2026,07:00,N,LZ_NORTH,26.44
05/29/2026,08:00,N,LZ_NORTH,21.76
05/29/2026,09:00,N,LZ_NORTH,15.44
05/29/2026,10:00,N,LZ_NORTH,14.74
05/29/2026,11:00,N,LZ_NORTH,14.2
05/29/2026,12:00,N,LZ_NORTH,14.97
05/29/2026,13:00,N,LZ_NORTH,18.71
05/29/2026,14:00,N,LZ_NORTH,22.59
05/29/2026,15:00,N,LZ_NORTH,29.07
05/29/2026,16:00,N,LZ_NORTH,30.72
05/29/2026,17:00,N,LZ_NORTH,33.24
05/29/2026,18:00,N,LZ_NORTH,32.1
05/29/2026,19:00,N,LZ_NORTH,46.55
05/29/2026,20:00,N,LZ_NORTH,65.91
05/29/2026,21:00,N,LZ_NORTH,60.5
05/29/2026,22:00,N,LZ_NORTH,60.17
05/29/2026,23:00,N,LZ_NORTH,37.52
05/29/2026,24:00,N,LZ_NORTH,26.32
05/30/2026,01:00,N,LZ_NORTH,23.7
05/30/2026,02:00,N,LZ_NORTH,22.02
05/30/2026,03:00,N,LZ_NORTH,21.2
05/30/2026,04:00,N,LZ_NORTH,21.31
05/30/2026,05:00,N,LZ_NORTH,21.31
05/30/2026,06:00,N,LZ_NORTH,23.11
05/30/2026,07:00,N,LZ_NORTH,20.85
05/30/2026,08:00,N,LZ_NORTH,18.54
05/30/2026,09:00,N,LZ_NORTH,15.6
05/30/2026,10:00,N,LZ_NORTH,15.25
05/30/2026,11:00,N,LZ_NORTH,15.28
05/30/2026,12:00,N,LZ_NORTH,17.09
05/30/2026,13:00,N,LZ_NORTH,19.87
05/30/2026,14:00,N,LZ_NORTH,20.36
05/30/2026,15:00,N,LZ_NORTH,21.27
05/30/2026,16:00,N,LZ_NORTH,24.01
05/30/2026,17:00,N,LZ_NORTH,25.02
05/30/2026,18:00,N,LZ_NORTH,26.96
05/30/2026,19:00,N,LZ_NORTH,32.21
05/30/2026,20:00,N,LZ_NORTH,40.24
05/30/2026,21:00,N,LZ_NORTH,42.37
05/30/2026,22:00,N,LZ_NORTH,35.96
05/30/2026,23:00,N,LZ_NORTH,27.62
05/30/2026,24:00,N,LZ_NORTH,23.77
05/31/2026,01:00,N,LZ_NORTH,22.25
05/31/2026,02:00,N,LZ_NORTH,21.29
05/31/2026,03:00,N,LZ_NORTH,20.98
05/31/2026,04:00,N,LZ_NORTH,20.71
05/31/2026,05:00,N,LZ_NORTH,20.55
05/31/2026,06:00,N,LZ_NORTH,22.02
05/31/2026,07:00,N,LZ_NORTH,21.47
05/31/2026,08:00,N,LZ_NORTH,17.96
05/31/2026,09:00,N,LZ_NORTH,7.28
05/31/2026,10:00,N,LZ_NORTH,9.2
05/31/2026,11:00,N,LZ_NORTH,14.23
05/31/2026,12:00,N,LZ_NORTH,18.13
05/31/2026,13:00,N,LZ_NORTH,20.53
05/31/2026,14:00,N,LZ_NORTH,24.53
05/31/2026,15:00,N,LZ_NORTH,29.59
05/31/2026,16:00,N,LZ_NORTH,32.76
05/31/2026,17:00,N,LZ_NORTH,36.9
05/31/2026,18:00,N,LZ_NORTH,33.22
05/31/2026,19:00,N,LZ_NORTH,36.9
05/31/2026,20:00,N,LZ_NORTH,53.3
05/31/2026,21:00,N,LZ_NORTH,51.74
05/31/2026,22:00,N,LZ_NORTH,44.78
05/31/2026,23:00,N,LZ_NORTH,36.9
05/31/2026,24:00,N,LZ_NORTH,26.85
06/01/2026,01:00,N,LZ_NORTH,26.24
06/01/2026,02:00,N,LZ_NORTH,24.34
06/01/2026,03:00,N,LZ_NORTH,23.38
06/01/2026,04:00,N,LZ_NORTH,23.0
06/01/2026,05:00,N,LZ_NORTH,22.79
06/01/2026,06:00,N,LZ_NORTH,24.5
06/01/2026,07:00,N,LZ_NORTH,30.19
06/01/2026,08:00,N,LZ_NORTH,25.67
06/01/2026,09:00,N,LZ_NORTH,17.0
06/01/2026,10:00,N,LZ_NORTH,15.13
06/01/2026,11:00,N,LZ_NORTH,17.67
06/01/2026,12:00,N,LZ_NORTH,21.45
06/01/2026,13:00,N,LZ_NORTH,25.41
06/01/2026,14:00,N,LZ_NORTH,32.68
06/01/2026,15:00,N,LZ_NORTH,35.88
06/01/2026,16:00,N,LZ_NORTH,37.22
06/01/2026,17:00,N,LZ_NORTH,41.73
06/01/2026,18:00,N,LZ_NORTH,35.55
06/01/2026,19:00,N,LZ_NORTH,44.08
06/01/2026,20:00,N,LZ_NORTH,63.5
06/01/2026,21:00,N,LZ_NORTH,76.75
06/01/2026,22:00,N,LZ_NORTH,67.88
06/01/2026,23:00,N,LZ_NORTH,42.71
06/01/2026,24:00,N,LZ_NORTH,32.0
06/02/2026,01:00,N,LZ_NORTH,24.88
06/02/2026,02:00,N,LZ_NORTH,24.31
06/02/2026,03:00,N,LZ_NORTH,23.07
06/02/2026,04:00,N,LZ_NORTH,24.36
06/02/2026,05:00,N,LZ_NORTH,29.47
06/02/2026,06:00,N,LZ_NORTH,34.62
06/02/2026,07:00,N,LZ_NORTH,36.43
06/02/2026,08:00,N,LZ_NORTH,29.0
06/02/2026,09:00,N,LZ_NORTH,20.03
06/02/2026,10:00,N,LZ_NORTH,19.39
06/02/2026,11:00,N,LZ_NORTH,20.71
06/02/2026,12:00,N,LZ_NORTH,22.67
06/02/2026,13:00,N,LZ_NORTH,24.57
06/02/2026,14:00,N,LZ_NORTH,26.17
06/02/2026,15:00,N,LZ_NORTH,28.5
06/02/2026,16:00,N,LZ_NORTH,30.84
06/02/2026,17:00,N,LZ_NORTH,31.67
06/02/2026,18:00,N,LZ_NORTH,32.55
06/02/2026,19:00,N,LZ_NORTH,38.4
06/02/2026,20:00,N,LZ_NORTH,46.41
06/02/2026,21:00,N,LZ_NORTH,45.6
06/02/2026,22:00,N,LZ_NORTH,44.99
06/02/2026,23:00,N,LZ_NORTH,38.54
06/02/2026,24:00,N,LZ_NORTH,31.62
06/03/2026,01:00,N,LZ_NORTH,30.95
06/03/2026,02:00,N,LZ_NORTH,27.56
06/03/2026,03:00,N,LZ_NORTH,30.31
06/03/2026,04:00,N,LZ_NORTH,31.45
06/03/2026,05:00,N,LZ_NORTH,35.11
06/03/2026,06:00,N,LZ_NORTH,36.89
06/03/2026,07:00,N,LZ_NORTH,36.74
06/03/2026,08:00,N,LZ_NORTH,32.22
06/03/2026,09:00,N,LZ_NORTH,25.28
06/03/2026,10:00,N,LZ_NORTH,24.27
06/03/2026,11:00,N,LZ_NORTH,24.08
06/03/2026,12:00,N,LZ_NORTH,24.49
06/03/2026,13:00,N,LZ_NORTH,24.51
06/03/2026,14:00,N,LZ_NORTH,29.22
06/03/2026,15:00,N,LZ_NORTH,30.45
06/03/2026,16:00,N,LZ_NORTH,33.69
06/03/2026,17:00,N,LZ_NORTH,35.2
06/03/2026,18:00,N,LZ_NORTH,35.85
06/03/2026,19:00,N,LZ_NORTH,43.79
06/03/2026,20:00,N,LZ_NORTH,56.62
06/03/2026,21:00,N,LZ_NORTH,59.42
06/03/2026,22:00,N,LZ_NORTH,56.1
06/03/2026,23:00,N,LZ_NORTH,45.98
06/03/2026,24:00,N,LZ_NORTH,36.81
06/04/2026,01:00,N,LZ_NORTH,25.94
06/04/2026,02:00,N,LZ_NORTH,23.39
06/04/2026,03:00,N,LZ_NORTH,23.31
06/04/2026,04:00,N,LZ_NORTH,24.48
06/04/2026,05:00,N,LZ_NORTH,26.43
06/04/2026,06:00,N,LZ_NORTH,27.2
06/04/2026,07:00,N,LZ_NORTH,29.19
06/04/2026,08:00,N,LZ_NORTH,27.97
06/04/2026,09:00,N,LZ_NORTH,21.68
06/04/2026,10:00,N,LZ_NORTH,22.18
06/04/2026,11:00,N,LZ_NORTH,21.08
06/04/2026,12:00,N,LZ_NORTH,21.42
06/04/2026,13:00,N,LZ_NORTH,22.57
06/04/2026,14:00,N,LZ_NORTH,25.57
06/04/2026,15:00,N,LZ_NORTH,28.14
06/04/2026,16:00,N,LZ_NORTH,31.68
06/04/2026,17:00,N,LZ_NORTH,31.54
06/04/2026,18:00,N,LZ_NORTH,31.73
06/04/2026,19:00,N,LZ_NORTH,35.26
06/04/2026,20:00,N,LZ_NORTH,40.47
06/04/2026,21:00,N,LZ_NORTH,42.33
06/04/2026,22:00,N,LZ_NORTH,38.73
06/04/2026,23:00,N,LZ_NORTH,30.54
06/04/2026,24:00,N,LZ_NORTH,24.01
06/05/2026,01:00,N,LZ_NORTH,20.83
06/05/2026,02:00,N,LZ_NORTH,21.44
06/05/2026,03:00,N,LZ_NORTH,21.12
06/05/2026,04:00,N,LZ_NORTH,21.7
06/05/2026,05:00,N,LZ_NORTH,22.7
06/05/2026,06:00,N,LZ_NORTH,27.53
06/05/2026,07:00,N,LZ_NORTH,29.67
06/05/2026,08:00,N,LZ_NORTH,31.83
06/05/2026,09:00,N,LZ_NORTH,28.54
06/05/2026,10:00,N,LZ_NORTH,27.42
06/05/2026,11:00,N,LZ_NORTH,25.94
06/05/2026,12:00,N,LZ_NORTH,26.37
06/05/2026,13:00,N,LZ_NORTH,26.36
06/05/2026,14:00,N,LZ_NORTH,29.0
06/05/2026,15:00,N,LZ_NORTH,30.96
06/05/2026,16:00,N,LZ_NORTH,31.49
06/05/2026,17:00,N,LZ_NORTH,35.17
06/05/2026,18:00,N,LZ_NORTH,35.6
06/05/2026,19:00,N,LZ_NORTH,35.42
06/05/2026,20:00,N,LZ_NORTH,40.29
06/05/2026,21:00,N,LZ_NORTH,39.95
06/05/2026,22:00,N,LZ_NORTH,40.62
06/05/2026,23:00,N,LZ_NORTH,33.91
06/05/2026,24:00,N,LZ_NORTH,31.56
06/06/2026,01:00,N,LZ_NORTH,32.51
06/06/2026,02:00,N,LZ_NORTH,32.07
06/06/2026,03:00,N,LZ_NORTH,31.24
06/06/2026,04:00,N,LZ_NORTH,32.72
06/06/2026,05:00,N,LZ_NORTH,31.63
06/06/2026,06:00,N,LZ_NORTH,33.47
06/06/2026,07:00,N,LZ_NORTH,34.93
06/06/2026,08:00,N,LZ_NORTH,31.83
06/06/2026,09:00,N,LZ_NORTH,27.83
06/06/2026,10:00,N,LZ_NORTH,25.33
06/06/2026,11:00,N,LZ_NORTH,24.23
06/06/2026,12:00,N,LZ_NORTH,24.69
06/06/2026,13:00,N,LZ_NORTH,25.91
06/06/2026,14:00,N,LZ_NORTH,26.01
06/06/2026,15:00,N,LZ_NORTH,28.29
06/06/2026,16:00,N,LZ_NORTH,30.07
06/06/2026,17:00,N,LZ_NORTH,29.98
06/06/2026,18:00,N,LZ_NORTH,31.4
06/06/2026,19:00,N,LZ_NORTH,39.49
06/06/2026,20:00,N,LZ_NORTH,50.26
06/06/2026,21:00,N,LZ_NORTH,52.25
06/06/2026,22:00,N,LZ_NORTH,53.1
06/06/2026,23:00,N,LZ_NORTH,44.69
06/06/2026,24:00,N,LZ_NORTH,34.16
06/07/2026,01:00,N,LZ_NORTH,33.64
06/07/2026,02:00,N,LZ_NORTH,28.8
06/07/2026,03:00,N,LZ_NORTH,28.53
06/07/2026,04:00,N,LZ_NORTH,28.63
06/07/2026,05:00,N,LZ_NORTH,28.56
06/07/2026,06:00,N,LZ_NORTH,26.03
06/07/2026,07:00,N,LZ_NORTH,25.38
06/07/2026,08:00,N,LZ_NORTH,24.76
06/07/2026,09:00,N,LZ_NORTH,19.03
06/07/2026,10:00,N,LZ_NORTH,19.2
06/07/2026,11:00,N,LZ_NORTH,18.82
06/07/2026,12:00,N,LZ_NORTH,20.01
06/07/2026,13:00,N,LZ_NORTH,23.64
06/07/2026,14:00,N,LZ_NORTH,25.2
06/07/2026,15:00,N,LZ_NORTH,23.61
06/07/2026,16:00,N,LZ_NORTH,27.16
06/07/2026,17:00,N,LZ_NORTH,27.86
06/07/2026,18:00,N,LZ_NORTH,29.84
06/07/2026,19:00,N,LZ_NORTH,33.55
06/07/2026,20:00,N,LZ_NORTH,37.81
06/07/2026,21:00,N,LZ_NORTH,39.37
06/07/2026,22:00,N,LZ_NORTH,35.33
06/07/2026,23:00,N,LZ_NORTH,34.14
06/07/2026,24:00,N,LZ_NORTH,25.88
06/08/2026,01:00,N,LZ_NORTH,24.66
06/08/2026,02:00,N,LZ_NORTH,22.78
06/08/2026,03:00,N,LZ_NORTH,21.16
06/08/2026,04:00,N,LZ_NORTH,20.49
06/08/2026,05:00,N,LZ_NORTH,21.51
06/08/2026,06:00,N,LZ_NORTH,23.21
06/08/2026,07:00,N,LZ_NORTH,23.94
06/08/2026,08:00,N,LZ_NORTH,21.64
06/08/2026,09:00,N,LZ_NORTH,19.28
06/08/2026,10:00,N,LZ_NORTH,19.18
06/08/2026,11:00,N,LZ_NORTH,19.38
06/08/2026,12:00,N,LZ_NORTH,21.18
06/08/2026,13:00,N,LZ_NORTH,21.28
06/08/2026,14:00,N,LZ_NORTH,23.81
06/08/2026,15:00,N,LZ_NORTH,27.63
06/08/2026,16:00,N,LZ_NORTH,30.39
06/08/2026,17:00,N,LZ_NORTH,31.5
06/08/2026,18:00,N,LZ_NORTH,29.67
06/08/2026,19:00,N,LZ_NORTH,38.68
06/08/2026,20:00,N,LZ_NORTH,48.24
06/08/2026,21:00,N,LZ_NORTH,45.2
06/08/2026,22:00,N,LZ_NORTH,38.19
06/08/2026,23:00,N,LZ_NORTH,35.01
06/08/2026,24:00,N,LZ_NORTH,27.07
06/09/2026,01:00,N,LZ_NORTH,25.55
06/09/2026,02:00,N,LZ_NORTH,23.53
06/09/2026,03:00,N,LZ_NORTH,23.19
06/09/2026,04:00,N,LZ_NORTH,22.62
06/09/2026,05:00,N,LZ_NORTH,22.28
06/09/2026,06:00,N,LZ_NORTH,24.15
06/09/2026,07:00,N,LZ_NORTH,25.15
06/09/2026,08:00,N,LZ_NORTH,21.93
06/09/2026,09:00,N,LZ_NORTH,17.38
06/09/2026,10:00,N,LZ_NORTH,16.38
06/09/2026,11:00,N,LZ_NORTH,16.91
06/09/2026,12:00,N,LZ_NORTH,20.21
06/09/2026,13:00,N,LZ_NORTH,22.74
06/09/2026,14:00,N,LZ_NORTH,24.05
06/09/2026,15:00,N,LZ_NORTH,26.39
06/09/2026,16:00,N,LZ_NORTH,28.86
06/09/2026,17:00,N,LZ_NORTH,31.55
06/09/2026,18:00,N,LZ_NORTH,32.09
06/09/2026,19:00,N,LZ_NORTH,40.52
06/09/2026,20:00,N,LZ_NORTH,53.14
06/09/2026,21:00,N,LZ_NORTH,52.02
06/09/2026,22:00,N,LZ_NORTH,44.58
06/09/2026,23:00,N,LZ_NORTH,36.54
06/09/2026,24:00,N,LZ_NORTH,26.67
06/10/2026,01:00,N,LZ_NORTH,26.72
06/10/2026,02:00,N,LZ_NORTH,25.23
06/10/2026,03:00,N,LZ_NORTH,24.61
06/10/2026,04:00,N,LZ_NORTH,22.5
06/10/2026,05:00,N,LZ_NORTH,23.83
06/10/2026,06:00,N,LZ_NORTH,24.78
06/10/2026,07:00,N,LZ_NORTH,23.06
06/10/2026,08:00,N,LZ_NORTH,19.33
06/10/2026,09:00,N,LZ_NORTH,18.06
06/10/2026,10:00,N,LZ_NORTH,18.41
06/10/2026,11:00,N,LZ_NORTH,19.42
06/10/2026,12:00,N,LZ_NORTH,22.55
06/10/2026,13:00,N,LZ_NORTH,23.3
06/10/2026,14:00,N,LZ_NORTH,25.35
06/10/2026,15:00,N,LZ_NORTH,28.89
06/10/2026,16:00,N,LZ_NORTH,31.61
06/10/2026,17:00,N,LZ_NORTH,34.21
06/10/2026,18:00,N,LZ_NORTH,32.75
06/10/2026,19:00,N,LZ_NORTH,41.01
06/10/2026,20:00,N,LZ_NORTH,53.13
06/10/2026,21:00,N,LZ_NORTH,49.66
06/10/2026,22:00,N,LZ_NORTH,41.5
06/10/2026,23:00,N,LZ_NORTH,38.73
06/10/2026,24:00,N,LZ_NORTH,29.99
06/11/2026,01:00,N,LZ_NORTH,29.14
06/11/2026,02:00,N,LZ_NORTH,26.63
06/11/2026,03:00,N,LZ_NORTH,25.35
06/11/2026,04:00,N,LZ_NORTH,23.31
06/11/2026,05:00,N,LZ_NORTH,23.36
06/11/2026,06:00,N,LZ_NORTH,24.9
06/11/2026,07:00,N,LZ_NORTH,23.51
06/11/2026,08:00,N,LZ_NORTH,21.39
06/11/2026,09:00,N,LZ_NORTH,18.5
06/11/2026,10:00,N,LZ_NORTH,20.09
06/11/2026,11:00,N,LZ_NORTH,20.45
06/11/2026,12:00,N,LZ_NORTH,22.76
06/11/2026,13:00,N,LZ_NORTH,24.94
06/11/2026,14:00,N,LZ_NORTH,27.85
06/11/2026,15:00,N,LZ_NORTH,31.7
06/11/2026,16:00,N,LZ_NORTH,33.98
06/11/2026,17:00,N,LZ_NORTH,35.11
06/11/2026,18:00,N,LZ_NORTH,34.46
06/11/2026,19:00,N,LZ_NORTH,46.45
06/11/2026,20:00,N,LZ_NORTH,59.86
06/11/2026,21:00,N,LZ_NORTH,60.5
06/11/2026,22:00,N,LZ_NORTH,57.47
06/11/2026,23:00,N,LZ_NORTH,57.62
06/11/2026,24:00,N,LZ_NORTH,44.02
06/12/2026,01:00,N,LZ_NORTH,35.14
06/12/2026,02:00,N,LZ_NORTH,29.99
06/12/2026,03:00,N,LZ_NORTH,31.0
06/12/2026,04:00,N,LZ_NORTH,30.55
06/12/2026,05:00,N,LZ_NORTH,32.84
06/12/2026,06:00,N,LZ_NORTH,35.21
06/12/2026,07:00,N,LZ_NORTH,35.24
06/12/2026,08:00,N,LZ_NORTH,30.02
06/12/2026,09:00,N,LZ_NORTH,25.09
06/12/2026,10:00,N,LZ_NORTH,24.55
06/12/2026,11:00,N,LZ_NORTH,26.64
06/12/2026,12:00,N,LZ_NORTH,29.07
06/12/2026,13:00,N,LZ_NORTH,31.86
06/12/2026,14:00,N,LZ_NORTH,32.67
06/12/2026,15:00,N,LZ_NORTH,32.4
06/12/2026,16:00,N,LZ_NORTH,31.74
06/12/2026,17:00,N,LZ_NORTH,34.83
06/12/2026,18:00,N,LZ_NORTH,30.88
06/12/2026,19:00,N,LZ_NORTH,39.81
06/12/2026,20:00,N,LZ_NORTH,53.53
06/12/2026,21:00,N,LZ_NORTH,52.02
06/12/2026,22:00,N,LZ_NORTH,48.06
06/12/2026,23:00,N,LZ_NORTH,41.0
06/12/2026,24:00,N,LZ_NORTH,29.53
06/13/2026,01:00,N,LZ_NORTH,25.11
06/13/2026,02:00,N,LZ_NORTH,24.47
06/13/2026,03:00,N,LZ_NORTH,23.31
06/13/2026,04:00,N,LZ_NORTH,23.69
06/13/2026,05:00,N,LZ_NORTH,23.22
06/13/2026,06:00,N,LZ_NORTH,24.66
06/13/2026,07:00,N,LZ_NORTH,22.52
06/13/2026,08:00,N,LZ_NORTH,19.9
06/13/2026,09:00,N,LZ_NORTH,15.28
06/13/2026,10:00,N,LZ_NORTH,16.05
06/13/2026,11:00,N,LZ_NORTH,17.68
06/13/2026,12:00,N,LZ_NORTH,18.43
06/13/2026,13:00,N,LZ_NORTH,21.07
06/13/2026,14:00,N,LZ_NORTH,22.94
06/13/2026,15:00,N,LZ_NORTH,24.69
06/13/2026,16:00,N,LZ_NORTH,25.56
06/13/2026,17:00,N,LZ_NORTH,27.82
06/13/2026,18:00,N,LZ_NORTH,24.85
06/13/2026,19:00,N,LZ_NORTH,27.43
06/13/2026,20:00,N,LZ_NORTH,40.12
06/13/2026,21:00,N,LZ_NORTH,40.98
06/13/2026,22:00,N,LZ_NORTH,37.4
06/13/2026,23:00,N,LZ_NORTH,35.88
06/13/2026,24:00,N,LZ_NORTH,29.38
06/14/2026,01:00,N,LZ_NORTH,25.87
06/14/2026,02:00,N,LZ_NORTH,25.13
06/14/2026,03:00,N,LZ_NORTH,24.92
06/14/2026,04:00,N,LZ_NORTH,24.99
06/14/2026,05:00,N,LZ_NORTH,26.04
06/14/2026,06:00,N,LZ_NORTH,28.11
06/14/2026,07:00,N,LZ_NORTH,27.57
06/14/2026,08:00,N,LZ_NORTH,24.19
06/14/2026,09:00,N,LZ_NORTH,21.18
06/14/2026,10:00,N,LZ_NORTH,20.77
06/14/2026,11:00,N,LZ_NORTH,21.55
06/14/2026,12:00,N,LZ_NORTH,22.17
06/14/2026,13:00,N,LZ_NORTH,22.03
06/14/2026,14:00,N,LZ_NORTH,23.15
06/14/2026,15:00,N,LZ_NORTH,24.2
06/14/2026,16:00,N,LZ_NORTH,25.6
06/14/2026,17:00,N,LZ_NORTH,25.86
06/14/2026,18:00,N,LZ_NORTH,27.34
06/14/2026,19:00,N,LZ_NORTH,31.56
06/14/2026,20:00,N,LZ_NORTH,38.81
06/14/2026,21:00,N,LZ_NORTH,41.07
06/14/2026,22:00,N,LZ_NORTH,42.12
06/14/2026,23:00,N,LZ_NORTH,45.36
06/14/2026,24:00,N,LZ_NORTH,37.62
06/15/2026,01:00,N,LZ_NORTH,36.45
06/15/2026,02:00,N,LZ_NORTH,33.31
06/15/2026,03:00,N,LZ_NORTH,32.9
06/15/2026,04:00,N,LZ_NORTH,33.36
06/15/2026,05:00,N,LZ_NORTH,32.55
06/15/2026,06:00,N,LZ_NORTH,38.63
06/15/2026,07:00,N,LZ_NORTH,37.02
06/15/2026,08:00,N,LZ_NORTH,37.15
06/15/2026,09:00,N,LZ_NORTH,32.0
06/15/2026,10:00,N,LZ_NORTH,33.16
06/15/2026,11:00,N,LZ_NORTH,31.0
06/15/2026,12:00,N,LZ_NORTH,28.74
06/15/2026,13:00,N,LZ_NORTH,27.96
06/15/2026,14:00,N,LZ_NORTH,28.78
06/15/2026,15:00,N,LZ_NORTH,30.14
06/15/2026,16:00,N,LZ_NORTH,31.13
06/15/2026,17:00,N,LZ_NORTH,32.57
06/15/2026,18:00,N,LZ_NORTH,33.42
06/15/2026,19:00,N,LZ_NORTH,36.38
06/15/2026,20:00,N,LZ_NORTH,50.78
06/15/2026,21:00,N,LZ_NORTH,56.29
06/15/2026,22:00,N,LZ_NORTH,57.38
06/15/2026,23:00,N,LZ_NORTH,55.56
06/15/2026,24:00,N,LZ_NORTH,37.3
06/16/2026,01:00,N,LZ_NORTH,40.16
06/16/2026,02:00,N,LZ_NORTH,36.34
06/16/2026,03:00,N,LZ_NORTH,35.06
06/16/2026,04:00,N,LZ_NORTH,35.06
06/16/2026,05:00,N,LZ_NORTH,37.48
06/16/2026,06:00,N,LZ_NORTH,43.43
06/16/2026,07:00,N,LZ_NORTH,42.2
06/16/2026,08:00,N,LZ_NORTH,35.39
06/16/2026,09:00,N,LZ_NORTH,25.61
06/16/2026,10:00,N,LZ_NORTH,25.42
06/16/2026,11:00,N,LZ_NORTH,26.07
06/16/2026,12:00,N,LZ_NORTH,25.49
06/16/2026,13:00,N,LZ_NORTH,26.64
06/16/2026,14:00,N,LZ_NORTH,27.16
06/16/2026,15:00,N,LZ_NORTH,29.63
06/16/2026,16:00,N,LZ_NORTH,31.98
06/16/2026,17:00,N,LZ_NORTH,36.34
06/16/2026,18:00,N,LZ_NORTH,36.39
06/16/2026,19:00,N,LZ_NORTH,42.8
06/16/2026,20:00,N,LZ_NORTH,51.09
06/16/2026,21:00,N,LZ_NORTH,48.68
06/16/2026,22:00,N,LZ_NORTH,40.84
06/16/2026,23:00,N,LZ_NORTH,32.56
06/16/2026,24:00,N,LZ_NORTH,23.49
06/17/2026,01:00,N,LZ_NORTH,23.76
06/17/2026,02:00,N,LZ_NORTH,22.58
06/17/2026,03:00,N,LZ_NORTH,21.37
06/17/2026,04:00,N,LZ_NORTH,20.21
06/17/2026,05:00,N,LZ_NORTH,20.82
06/17/2026,06:00,N,LZ_NORTH,23.06
06/17/2026,07:00,N,LZ_NORTH,23.84
06/17/2026,08:00,N,LZ_NORTH,21.45
06/17/2026,09:00,N,LZ_NORTH,18.31
06/17/2026,10:00,N,LZ_NORTH,20.59
06/17/2026,11:00,N,LZ_NORTH,20.47
06/17/2026,12:00,N,LZ_NORTH,20.91
06/17/2026,13:00,N,LZ_NORTH,21.7
06/17/2026,14:00,N,LZ_NORTH,22.49
06/17/2026,15:00,N,LZ_NORTH,24.78
06/17/2026,16:00,N,LZ_NORTH,25.52
06/17/2026,17:00,N,LZ_NORTH,26.37
06/17/2026,18:00,N,LZ_NORTH,27.87
06/17/2026,19:00,N,LZ_NORTH,31.57
06/17/2026,20:00,N,LZ_NORTH,43.06
06/17/2026,21:00,N,LZ_NORTH,46.83
06/17/2026,22:00,N,LZ_NORTH,39.52
06/17/2026,23:00,N,LZ_NORTH,32.93
06/17/2026,24:00,N,LZ_NORTH,26.3
06/18/2026,01:00,N,LZ_NORTH,23.48
06/18/2026,02:00,N,LZ_NORTH,21.55
06/18/2026,03:00,N,LZ_NORTH,21.3
06/18/2026,04:00,N,LZ_NORTH,20.67
06/18/2026,05:00,N,LZ_NORTH,21.25
06/18/2026,06:00,N,LZ_NORTH,22.58
06/18/2026,07:00,N,LZ_NORTH,24.53
06/18/2026,08:00,N,LZ_NORTH,23.01
06/18/2026,09:00,N,LZ_NORTH,18.19
06/18/2026,10:00,N,LZ_NORTH,20.0
06/18/2026,11:00,N,LZ_NORTH,22.87
06/18/2026,12:00,N,LZ_NORTH,24.12
06/18/2026,13:00,N,LZ_NORTH,26.47
06/18/2026,14:00,N,LZ_NORTH,28.87
06/18/2026,15:00,N,LZ_NORTH,29.01
06/18/2026,16:00,N,LZ_NORTH,32.4
06/18/2026,17:00,N,LZ_NORTH,36.65
06/18/2026,18:00,N,LZ_NORTH,38.56
06/18/2026,19:00,N,LZ_NORTH,47.87
06/18/2026,20:00,N,LZ_NORTH,62.41
06/18/2026,21:00,N,LZ_NORTH,64.43
06/18/2026,22:00,N,LZ_NORTH,60.19
06/18/2026,23:00,N,LZ_NORTH,50.37
06/18/2026,24:00,N,LZ_NORTH,39.02
06/19/2026,01:00,N,LZ_NORTH,45.02
06/19/2026,02:00,N,LZ_NORTH,39.49
06/19/2026,03:00,N,LZ_NORTH,37.58
06/19/2026,04:00,N,LZ_NORTH,35.28
06/19/2026,05:00,N,LZ_NORTH,36.52
06/19/2026,06:00,N,LZ_NORTH,40.31
06/19/2026,07:00,N,LZ_NORTH,36.4
06/19/2026,08:00,N,LZ_NORTH,32.91
06/19/2026,09:00,N,LZ_NORTH,29.95
06/19/2026,10:00,N,LZ_NORTH,29.65
06/19/2026,11:00,N,LZ_NORTH,29.16
06/19/2026,12:00,N,LZ_NORTH,31.64
06/19/2026,13:00,N,LZ_NORTH,33.6
06/19/2026,14:00,N,LZ_NORTH,32.72
06/19/2026,15:00,N,LZ_NORTH,33.83
06/19/2026,16:00,N,LZ_NORTH,35.13
06/19/2026,17:00,N,LZ_NORTH,37.96
06/19/2026,18:00,N,LZ_NORTH,38.86
06/19/2026,19:00,N,LZ_NORTH,40.26
06/19/2026,20:00,N,LZ_NORTH,55.16
06/19/2026,21:00,N,LZ_NORTH,65.0
06/19/2026,22:00,N,LZ_NORTH,66.82
06/19/2026,23:00,N,LZ_NORTH,69.97
06/19/2026,24:00,N,LZ_NORTH,50.99
06/20/2026,01:00,N,LZ_NORTH,41.63
06/20/2026,02:00,N,LZ_NORTH,38.81
06/20/2026,03:00,N,LZ_NORTH,35.66
06/20/2026,04:00,N,LZ_NORTH,35.51
06/20/2026,05:00,N,LZ_NORTH,34.22
06/20/2026,06:00,N,LZ_NORTH,36.13
06/20/2026,07:00,N,LZ_NORTH,33.05
06/20/2026,08:00,N,LZ_NORTH,28.64
06/20/2026,09:00,N,LZ_NORTH,23.59
06/20/2026,10:00,N,LZ_NORTH,23.47
06/20/2026,11:00,N,LZ_NORTH,22.44
06/20/2026,12:00,N,LZ_NORTH,22.11
06/20/2026,13:00,N,LZ_NORTH,22.98
06/20/2026,14:00,N,LZ_NORTH,23.0
06/20/2026,15:00,N,LZ_NORTH,23.95
06/20/2026,16:00,N,LZ_NORTH,22.89
06/20/2026,17:00,N,LZ_NORTH,22.94
06/20/2026,18:00,N,LZ_NORTH,22.5
06/20/2026,19:00,N,LZ_NORTH,24.12
06/20/2026,20:00,N,LZ_NORTH,31.99
06/20/2026,21:00,N,LZ_NORTH,34.39
06/20/2026,22:00,N,LZ_NORTH,33.21
06/20/2026,23:00,N,LZ_NORTH,27.22
06/20/2026,24:00,N,LZ_NORTH,22.96
06/21/2026,01:00,N,LZ_NORTH,23.27
06/21/2026,02:00,N,LZ_NORTH,22.09
06/21/2026,03:00,N,LZ_NORTH,21.17
06/21/2026,04:00,N,LZ_NORTH,20.29
06/21/2026,05:00,N,LZ_NORTH,19.3
06/21/2026,06:00,N,LZ_NORTH,20.04
06/21/2026,07:00,N,LZ_NORTH,18.84
06/21/2026,08:00,N,LZ_NORTH,16.27
06/21/2026,09:00,N,LZ_NORTH,8.66
06/21/2026,10:00,N,LZ_NORTH,10.42
06/21/2026,11:00,N,LZ_NORTH,11.7
06/21/2026,12:00,N,LZ_NORTH,16.06
06/21/2026,13:00,N,LZ_NORTH,19.04
06/21/2026,14:00,N,LZ_NORTH,20.48
06/21/2026,15:00,N,LZ_NORTH,21.24
06/21/2026,16:00,N,LZ_NORTH,21.75
06/21/2026,17:00,N,LZ_NORTH,22.2
06/21/2026,18:00,N,LZ_NORTH,21.81
06/21/2026,19:00,N,LZ_NORTH,24.78
06/21/2026,20:00,N,LZ_NORTH,37.51
06/21/2026,21:00,N,LZ_NORTH,41.07
06/21/2026,22:00,N,LZ_NORTH,42.51
06/21/2026,23:00,N,LZ_NORTH,36.2
06/21/2026,24:00,N,LZ_NORTH,27.58
06/22/2026,01:00,N,LZ_NORTH,25.21
06/22/2026,02:00,N,LZ_NORTH,23.05
06/22/2026,03:00,N,LZ_NORTH,22.39
06/22/2026,04:00,N,LZ_NORTH,22.83
06/22/2026,05:00,N,LZ_NORTH,23.95
06/22/2026,06:00,N,LZ_NORTH,26.18
06/22/2026,07:00,N,LZ_NORTH,26.02
06/22/2026,08:00,N,LZ_NORTH,23.7
06/22/2026,09:00,N,LZ_NORTH,19.56
06/22/2026,10:00,N,LZ_NORTH,20.66
06/22/2026,11:00,N,LZ_NORTH,21.6
06/22/2026,12:00,N,LZ_NORTH,22.63
06/22/2026,13:00,N,LZ_NORTH,23.58
06/22/2026,14:00,N,LZ_NORTH,23.93
06/22/2026,15:00,N,LZ_NORTH,23.51
06/22/2026,16:00,N,LZ_NORTH,25.22
06/22/2026,17:00,N,LZ_NORTH,24.29
06/22/2026,18:00,N,LZ_NORTH,24.31
06/22/2026,19:00,N,LZ_NORTH,28.4
06/22/2026,20:00,N,LZ_NORTH,49.36
06/22/2026,21:00,N,LZ_NORTH,58.49
06/22/2026,22:00,N,LZ_NORTH,51.07
06/22/2026,23:00,N,LZ_NORTH,53.9
06/22/2026,24:00,N,LZ_NORTH,41.76
06/23/2026,01:00,N,LZ_NORTH,40.61
06/23/2026,02:00,N,LZ_NORTH,34.1
06/23/2026,03:00,N,LZ_NORTH,31.04
06/23/2026,04:00,N,LZ_NORTH,29.81
06/23/2026,05:00,N,LZ_NORTH,30.28
06/23/2026,06:00,N,LZ_NORTH,32.32
06/23/2026,07:00,N,LZ_NORTH,33.88
06/23/2026,08:00,N,LZ_NORTH,28.93
06/23/2026,09:00,N,LZ_NORTH,22.57
06/23/2026,10:00,N,LZ_NORTH,21.72
06/23/2026,11:00,N,LZ_NORTH,21.97
06/23/2026,12:00,N,LZ_NORTH,22.47
06/23/2026,13:00,N,LZ_NORTH,23.89
06/23/2026,14:00,N,LZ_NORTH,24.2
06/23/2026,15:00,N,LZ_NORTH,24.54
06/23/2026,16:00,N,LZ_NORTH,24.92
06/23/2026,17:00,N,LZ_NORTH,25.5
06/23/2026,18:00,N,LZ_NORTH,25.48
06/23/2026,19:00,N,LZ_NORTH,29.3
06/23/2026,20:00,N,LZ_NORTH,45.24
06/23/2026,21:00,N,LZ_NORTH,44.41
06/23/2026,22:00,N,LZ_NORTH,41.08
06/23/2026,23:00,N,LZ_NORTH,32.7
06/23/2026,24:00,N,LZ_NORTH,27.87
06/24/2026,01:00,N,LZ_NORTH,25.84
06/24/2026,02:00,N,LZ_NORTH,24.23
06/24/2026,03:00,N,LZ_NORTH,23.79
06/24/2026,04:00,N,LZ_NORTH,23.4
06/24/2026,05:00,N,LZ_NORTH,24.25
06/24/2026,06:00,N,LZ_NORTH,25.05
06/24/2026,07:00,N,LZ_NORTH,27.72
06/24/2026,08:00,N,LZ_NORTH,24.1
06/24/2026,09:00,N,LZ_NORTH,19.94
06/24/2026,10:00,N,LZ_NORTH,19.32
06/24/2026,11:00,N,LZ_NORTH,21.3
06/24/2026,12:00,N,LZ_NORTH,23.44
06/24/2026,13:00,N,LZ_NORTH,24.04
06/24/2026,14:00,N,LZ_NORTH,27.35
06/24/2026,15:00,N,LZ_NORTH,28.91
06/24/2026,16:00,N,LZ_NORTH,28.72
06/24/2026,17:00,N,LZ_NORTH,29.13
06/24/2026,18:00,N,LZ_NORTH,29.71
06/24/2026,19:00,N,LZ_NORTH,33.52
06/24/2026,20:00,N,LZ_NORTH,51.37
06/24/2026,21:00,N,LZ_NORTH,50.98
06/24/2026,22:00,N,LZ_NORTH,45.42
06/24/2026,23:00,N,LZ_NORTH,38.35
06/24/2026,24:00,N,LZ_NORTH,28.23
06/25/2026,01:00,N,LZ_NORTH,27.56
06/25/2026,02:00,N,LZ_NORTH,26.8
06/25/2026,03:00,N,LZ_NORTH,25.01
06/25/2026,04:00,N,LZ_NORTH,24.79
06/25/2026,05:00,N,LZ_NORTH,24.87
06/25/2026,06:00,N,LZ_NORTH,26.87
06/25/2026,07:00,N,LZ_NORTH,25.59
06/25/2026,08:00,N,LZ_NORTH,23.07
06/25/2026,09:00,N,LZ_NORTH,19.81
06/25/2026,10:00,N,LZ_NORTH,20.73
06/25/2026,11:00,N,LZ_NORTH,23.22
06/25/2026,12:00,N,LZ_NORTH,27.77
06/25/2026,13:00,N,LZ_NORTH,24.78
06/25/2026,14:00,N,LZ_NORTH,26.76
06/25/2026,15:00,N,LZ_NORTH,29.25
06/25/2026,16:00,N,LZ_NORTH,32.81
06/25/2026,17:00,N,LZ_NORTH,35.87
06/25/2026,18:00,N,LZ_NORTH,32.63
06/25/2026,19:00,N,LZ_NORTH,35.63
06/25/2026,20:00,N,LZ_NORTH,45.56
06/25/2026,21:00,N,LZ_NORTH,48.94
06/25/2026,22:00,N,LZ_NORTH,42.03
06/25/2026,23:00,N,LZ_NORTH,38.26
06/25/2026,24:00,N,LZ_NORTH,35.18
06/26/2026,01:00,N,LZ_NORTH,26.28
06/26/2026,02:00,N,LZ_NORTH,25.11
06/26/2026,03:00,N,LZ_NORTH,25.5
06/26/2026,04:00,N,LZ_NORTH,24.62
06/26/2026,05:00,N,LZ_NORTH,24.84
06/26/2026,06:00,N,LZ_NORTH,25.31
06/26/2026,07:00,N,LZ_NORTH,24.91
06/26/2026,08:00,N,LZ_NORTH,22.97
06/26/2026,09:00,N,LZ_NORTH,20.36
06/26/2026,10:00,N,LZ_NORTH,20.42
06/26/2026,11:00,N,LZ_NORTH,21.83
06/26/2026,12:00,N,LZ_NORTH,22.58
06/26/2026,13:00,N,LZ_NORTH,23.48
06/26/2026,14:00,N,LZ_NORTH,25.4
06/26/2026,15:00,N,LZ_NORTH,27.81
06/26/2026,16:00,N,LZ_NORTH,28.4
06/26/2026,17:00,N,LZ_NORTH,32.67
06/26/2026,18:00,N,LZ_NORTH,30.84
06/26/2026,19:00,N,LZ_NORTH,36.85
06/26/2026,20:00,N,LZ_NORTH,45.74
06/26/2026,21:00,N,LZ_NORTH,41.98
06/26/2026,22:00,N,LZ_NORTH,42.39
06/26/2026,23:00,N,LZ_NORTH,36.2
06/26/2026,24:00,N,LZ_NORTH,29.92
06/27/2026,01:00,N,LZ_NORTH,24.47
06/27/2026,02:00,N,LZ_NORTH,23.51
06/27/2026,03:00,N,LZ_NORTH,23.76
06/27/2026,04:00,N,LZ_NORTH,22.44
06/27/2026,05:00,N,LZ_NORTH,23.85
06/27/2026,06:00,N,LZ_NORTH,24.16
06/27/2026,07:00,N,LZ_NORTH,22.01
06/27/2026,08:00,N,LZ_NORTH,19.98
06/27/2026,09:00,N,LZ_NORTH,16.4
06/27/2026,10:00,N,LZ_NORTH,15.36
06/27/2026,11:00,N,LZ_NORTH,15.77
06/27/2026,12:00,N,LZ_NORTH,17.62
06/27/2026,13:00,N,LZ_NORTH,21.68
06/27/2026,14:00,N,LZ_NORTH,20.76
06/27/2026,15:00,N,LZ_NORTH,22.17
06/27/2026,16:00,N,LZ_NORTH,22.55
06/27/2026,17:00,N,LZ_NORTH,22.32
06/27/2026,18:00,N,LZ_NORTH,22.89
06/27/2026,19:00,N,LZ_NORTH,24.2
06/27/2026,20:00,N,LZ_NORTH,38.92
06/27/2026,21:00,N,LZ_NORTH,38.3
06/27/2026,22:00,N,LZ_NORTH,35.12
06/27/2026,23:00,N,LZ_NORTH,33.36
06/27/2026,24:00,N,LZ_NORTH,27.4
06/28/2026,01:00,N,LZ_NORTH,24.12
06/28/2026,02:00,N,LZ_NORTH,23.52
06/28/2026,03:00,N,LZ_NORTH,23.45
06/28/2026,04:00,N,LZ_NORTH,23.28
06/28/2026,05:00,N,LZ_NORTH,22.72
06/28/2026,06:00,N,LZ_NORTH,22.79
06/28/2026,07:00,N,LZ_NORTH,21.71
06/28/2026,08:00,N,LZ_NORTH,18.87
06/28/2026,09:00,N,LZ_NORTH,17.19
06/28/2026,10:00,N,LZ_NORTH,15.3
06/28/2026,11:00,N,LZ_NORTH,15.62
06/28/2026,12:00,N,LZ_NORTH,17.9
06/28/2026,13:00,N,LZ_NORTH,21.92
06/28/2026,14:00,N,LZ_NORTH,25.33
06/28/2026,15:00,N,LZ_NORTH,23.64
06/28/2026,16:00,N,LZ_NORTH,24.31
06/28/2026,17:00,N,LZ_NORTH,23.15
06/28/2026,18:00,N,LZ_NORTH,25.0
06/28/2026,19:00,N,LZ_NORTH,26.48
06/28/2026,20:00,N,LZ_NORTH,39.63
06/28/2026,21:00,N,LZ_NORTH,40.46
06/28/2026,22:00,N,LZ_NORTH,34.76
06/28/2026,23:00,N,LZ_NORTH,34.57
06/28/2026,24:00,N,LZ_NORTH,26.53
06/29/2026,01:00,N,LZ_NORTH,25.03
06/29/2026,02:00,N,LZ_NORTH,23.78
06/29/2026,03:00,N,LZ_NORTH,22.97
06/29/2026,04:00,N,LZ_NORTH,21.88
06/29/2026,05:00,N,LZ_NORTH,22.21
06/29/2026,06:00,N,LZ_NORTH,23.26
06/29/2026,07:00,N,LZ_NORTH,22.15
06/29/2026,08:00,N,LZ_NORTH,21.48
06/29/2026,09:00,N,LZ_NORTH,19.92
06/29/2026,10:00,N,LZ_NORTH,22.13
06/29/2026,11:00,N,LZ_NORTH,22.56
06/29/2026,12:00,N,LZ_NORTH,24.47
06/29/2026,13:00,N,LZ_NORTH,26.6
06/29/2026,14:00,N,LZ_NORTH,25.65
06/29/2026,15:00,N,LZ_NORTH,28.53
06/29/2026,16:00,N,LZ_NORTH,27.47
06/29/2026,17:00,N,LZ_NORTH,28.46
06/29/2026,18:00,N,LZ_NORTH,28.38
06/29/2026,19:00,N,LZ_NORTH,30.56
06/29/2026,20:00,N,LZ_NORTH,48.24
06/29/2026,21:00,N,LZ_NORTH,47.26
06/29/2026,22:00,N,LZ_NORTH,38.84
06/29/2026,23:00,N,LZ_NORTH,37.49
06/29/2026,24:00,N,LZ_NORTH,28.08
06/30/2026,01:00,N,LZ_NORTH,24.67
06/30/2026,02:00,N,LZ_NORTH,23.29
06/30/2026,03:00,N,LZ_NORTH,22.96
06/30/2026,04:00,N,LZ_NORTH,21.48
06/30/2026,05:00,N,LZ_NORTH,21.6
06/30/2026,06:00,N,LZ_NORTH,22.82
06/30/2026,07:00,N,LZ_NORTH,22.58
06/30/2026,08:00,N,LZ_NORTH,20.78
06/30/2026,09:00,N,LZ_NORTH,17.79
06/30/2026,10:00,N,LZ_NORTH,17.21
06/30/2026,11:00,N,LZ_NORTH,17.85
06/30/2026,12:00,N,LZ_NORTH,18.55
06/30/2026,13:00,N,LZ_NORTH,21.96
06/30/2026,14:00,N,LZ_NORTH,24.3
06/30/2026,15:00,N,LZ_NORTH,26.05
06/30/2026,16:00,N,LZ_NORTH,26.92
06/30/2026,17:00,N,LZ_NORTH,27.21
06/30/2026,18:00,N,LZ_NORTH,25.92
06/30/2026,19:00,N,LZ_NORTH,30.57
06/30/2026,20:00,N,LZ_NORTH,44.2
06/30/2026,21:00,N,LZ_NORTH,45.13
06/30/2026,22:00,N,LZ_NORTH,40.88
06/30/2026,23:00,N,LZ_NORTH,35.4
06/30/2026,24:00,N,LZ_NORTH,27.11
07/01/2026,01:00,N,LZ_NORTH,26.84
07/01/2026,02:00,N,LZ_NORTH,24.89
07/01/2026,03:00,N,LZ_NORTH,24.07
07/01/2026,04:00,N,LZ_NORTH,23.46
07/01/2026,05:00,N,LZ_NORTH,23.21
07/01/2026,06:00,N,LZ_NORTH,24.78
07/01/2026,07:00,N,LZ_NORTH,24.46
07/01/2026,08:00,N,LZ_NORTH,20.62
07/01/2026,09:00,N,LZ_NORTH,15.85
07/01/2026,10:00,N,LZ_NORTH,15.77
07/01/2026,11:00,N,LZ_NORTH,16.88
07/01/2026,12:00,N,LZ_NORTH,18.65
07/01/2026,13:00,N,LZ_NORTH,22.73
07/01/2026,14:00,N,LZ_NORTH,27.37
07/01/2026,15:00,N,LZ_NORTH,27.94
07/01/2026,16:00,N,LZ_NORTH,29.35
07/01/2026,17:00,N,LZ_NORTH,30.9
07/01/2026,18:00,N,LZ_NORTH,27.43
07/01/2026,19:00,N,LZ_NORTH,29.82
07/01/2026,20:00,N,LZ_NORTH,45.49
07/01/2026,21:00,N,LZ_NORTH,47.01
07/01/2026,22:00,N,LZ_NORTH,44.12
07/01/2026,23:00,N,LZ_NORTH,39.11
07/01/2026,24:00,N,LZ_NORTH,31.27
07/02/2026,01:00,N,LZ_NORTH,27.59
07/02/2026,02:00,N,LZ_NORTH,24.31
07/02/2026,03:00,N,LZ_NORTH,23.31
07/02/2026,04:00,N,LZ_NORTH,22.76
07/02/2026,05:00,N,LZ_NORTH,23.16
07/02/2026,06:00,N,LZ_NORTH,24.62
07/02/2026,07:00,N,LZ_NORTH,25.04
07/02/2026,08:00,N,LZ_NORTH,22.69
07/02/2026,09:00,N,LZ_NORTH,19.02
07/02/2026,10:00,N,LZ_NORTH,16.67
07/02/2026,11:00,N,LZ_NORTH,17.29
07/02/2026,12:00,N,LZ_NORTH,19.28
07/02/2026,13:00,N,LZ_NORTH,23.0
07/02/2026,14:00,N,LZ_NORTH,23.55
07/02/2026,15:00,N,LZ_NORTH,26.38
07/02/2026,16:00,N,LZ_NORTH,27.31
07/02/2026,17:00,N,LZ_NORTH,29.13
07/02/2026,18:00,N,LZ_NORTH,29.99
07/02/2026,19:00,N,LZ_NORTH,37.5
07/02/2026,20:00,N,LZ_NORTH,49.9
07/02/2026,21:00,N,LZ_NORTH,43.69
07/02/2026,22:00,N,LZ_NORTH,39.74
07/02/2026,23:00,N,LZ_NORTH,34.83
07/02/2026,24:00,N,LZ_NORTH,29.19
07/03/2026,01:00,N,LZ_NORTH,24.06
07/03/2026,02:00,N,LZ_NORTH,22.93
07/03/2026,03:00,N,LZ_NORTH,21.45
07/03/2026,04:00,N,LZ_NORTH,21.65
07/03/2026,05:00,N,LZ_NORTH,21.54
07/03/2026,06:00,N,LZ_NORTH,23.04
07/03/2026,07:00,N,LZ_NORTH,23.94
07/03/2026,08:00,N,LZ_NORTH,21.39
07/03/2026,09:00,N,LZ_NORTH,17.0
07/03/2026,10:00,N,LZ_NORTH,14.26
07/03/2026,11:00,N,LZ_NORTH,15.83
07/03/2026,12:00,N,LZ_NORTH,16.22
07/03/2026,13:00,N,LZ_NORTH,20.17
07/03/2026,14:00,N,LZ_NORTH,23.87
07/03/2026,15:00,N,LZ_NORTH,25.49
07/03/2026,16:00,N,LZ_NORTH,27.65
07/03/2026,17:00,N,LZ_NORTH,29.1
07/03/2026,18:00,N,LZ_NORTH,28.53
07/03/2026,19:00,N,LZ_NORTH,35.83
07/03/2026,20:00,N,LZ_NORTH,45.27
07/03/2026,21:00,N,LZ_NORTH,43.61
07/03/2026,22:00,N,LZ_NORTH,40.52
07/03/2026,23:00,N,LZ_NORTH,33.89
07/03/2026,24:00,N,LZ_NORTH,27.11
07/04/2026,01:00,N,LZ_NORTH,23.91
07/04/2026,02:00,N,LZ_NORTH,22.18
07/04/2026,03:00,N,LZ_NORTH,22.3
07/04/2026,04:00,N,LZ_NORTH,21.37
07/04/2026,05:00,N,LZ_NORTH,22.09
07/04/2026,06:00,N,LZ_NORTH,22.91
07/04/2026,07:00,N,LZ_NORTH,20.83
07/04/2026,08:00,N,LZ_NORTH,17.43
07/04/2026,09:00,N,LZ_NORTH,14.66
07/04/2026,10:00,N,LZ_NORTH,12.31
07/04/2026,11:00,N,LZ_NORTH,14.6
07/04/2026,12:00,N,LZ_NORTH,17.2
07/04/2026,13:00,N,LZ_NORTH,21.48
07/04/2026,14:00,N,LZ_NORTH,24.43
07/04/2026,15:00,N,LZ_NORTH,26.54
07/04/2026,16:00,N,LZ_NORTH,27.83
07/04/2026,17:00,N,LZ_NORTH,31.83
07/04/2026,18:00,N,LZ_NORTH,30.73
07/04/2026,19:00,N,LZ_NORTH,37.09
07/04/2026,20:00,N,LZ_NORTH,50.65
07/04/2026,21:00,N,LZ_NORTH,50.66
07/04/2026,22:00,N,LZ_NORTH,51.64
07/04/2026,23:00,N,LZ_NORTH,38.14
07/04/2026,24:00,N,LZ_NORTH,31.18
07/05/2026,01:00,N,LZ_NORTH,26.53
07/05/2026,02:00,N,LZ_NORTH,25.63
07/05/2026,03:00,N,LZ_NORTH,24.67
07/05/2026,04:00,N,LZ_NORTH,24.47
07/05/2026,05:00,N,LZ_NORTH,24.38
07/05/2026,06:00,N,LZ_NORTH,25.52
07/05/2026,07:00,N,LZ_NORTH,24.82
07/05/2026,08:00,N,LZ_NORTH,22.64
07/05/2026,09:00,N,LZ_NORTH,19.12
07/05/2026,10:00,N,LZ_NORTH,18.7
07/05/2026,11:00,N,LZ_NORTH,19.34
07/05/2026,12:00,N,LZ_NORTH,21.77
07/05/2026,13:00,N,LZ_NORTH,24.16
07/05/2026,14:00,N,LZ_NORTH,27.95
07/05/2026,15:00,N,LZ_NORTH,33.15
07/05/2026,16:00,N,LZ_NORTH,33.01
07/05/2026,17:00,N,LZ_NORTH,37.77
07/05/2026,18:00,N,LZ_NORTH,40.26
07/05/2026,19:00,N,LZ_NORTH,47.8
07/05/2026,20:00,N,LZ_NORTH,62.57
07/05/2026,21:00,N,LZ_NORTH,73.38
07/05/2026,22:00,N,LZ_NORTH,71.42
07/05/2026,23:00,N,LZ_NORTH,66.99
07/05/2026,24:00,N,LZ_NORTH,41.27
07/06/2026,01:00,N,LZ_NORTH,37.17
07/06/2026,02:00,N,LZ_NORTH,31.66
07/06/2026,03:00,N,LZ_NORTH,30.87
07/06/2026,04:00,N,LZ_NORTH,31.92
07/06/2026,05:00,N,LZ_NORTH,32.13
07/06/2026,06:00,N,LZ_NORTH,34.83
07/06/2026,07:00,N,LZ_NORTH,40.04
07/06/2026,08:00,N,LZ_NORTH,29.46
07/06/2026,09:00,N,LZ_NORTH,23.2
07/06/2026,10:00,N,LZ_NORTH,23.93
07/06/2026,11:00,N,LZ_NORTH,25.52
07/06/2026,12:00,N,LZ_NORTH,24.91
07/06/2026,13:00,N,LZ_NORTH,30.08
07/06/2026,14:00,N,LZ_NORTH,32.79
07/06/2026,15:00,N,LZ_NORTH,35.1
07/06/2026,16:00,N,LZ_NORTH,39.15
07/06/2026,17:00,N,LZ_NORTH,40.18
07/06/2026,18:00,N,LZ_NORTH,41.39
07/06/2026,19:00,N,LZ_NORTH,50.81
07/06/2026,20:00,N,LZ_NORTH,69.76
07/06/2026,21:00,N,LZ_NORTH,74.05
07/06/2026,22:00,N,LZ_NORTH,61.44
07/06/2026,23:00,N,LZ_NORTH,47.67
07/06/2026,24:00,N,LZ_NORTH,34.89
07/07/2026,01:00,N,LZ_NORTH,31.13
07/07/2026,02:00,N,LZ_NORTH,28.33
07/07/2026,03:00,N,LZ_NORTH,26.38
07/07/2026,04:00,N,LZ_NORTH,25.86
07/07/2026,05:00,N,LZ_NORTH,27.18
07/07/2026,06:00,N,LZ_NORTH,29.45
07/07/2026,07:00,N,LZ_NORTH,29.88
07/07/2026,08:00,N,LZ_NORTH,23.98
07/07/2026,09:00,N,LZ_NORTH,18.23
07/07/2026,10:00,N,LZ_NORTH,18.65
07/07/2026,11:00,N,LZ_NORTH,19.36
07/07/2026,12:00,N,LZ_NORTH,23.47
07/07/2026,13:00,N,LZ_NORTH,28.27
07/07/2026,14:00,N,LZ_NORTH,32.93
07/07/2026,15:00,N,LZ_NORTH,33.86
07/07/2026,16:00,N,LZ_NORTH,34.59
07/07/2026,17:00,N,LZ_NORTH,35.6
07/07/2026,18:00,N,LZ_NORTH,36.32
07/07/2026,19:00,N,LZ_NORTH,40.66
07/07/2026,20:00,N,LZ_NORTH,50.5
07/07/2026,21:00,N,LZ_NORTH,55.59
07/07/2026,22:00,N,LZ_NORTH,48.03
07/07/2026,23:00,N,LZ_NORTH,34.47
07/07/2026,24:00,N,LZ_NORTH,28.78
07/08/2026,01:00,N,LZ_NORTH,28.09
07/08/2026,02:00,N,LZ_NORTH,25.64
07/08/2026,03:00,N,LZ_NORTH,23.73
07/08/2026,04:00,N,LZ_NORTH,23.28
07/08/2026,05:00,N,LZ_NORTH,23.55
07/08/2026,06:00,N,LZ_NORTH,24.15
07/08/2026,07:00,N,LZ_NORTH,23.56
07/08/2026,08:00,N,LZ_NORTH,20.57
07/08/2026,09:00,N,LZ_NORTH,15.9
07/08/2026,10:00,N,LZ_NORTH,14.98
07/08/2026,11:00,N,LZ_NORTH,16.62
07/08/2026,12:00,N,LZ_NORTH,20.51
07/08/2026,13:00,N,LZ_NORTH,26.4
07/08/2026,14:00,N,LZ_NORTH,25.24
07/08/2026,15:00,N,LZ_NORTH,26.96
07/08/2026,16:00,N,LZ_NORTH,27.88
07/08/2026,17:00,N,LZ_NORTH,28.76
07/08/2026,18:00,N,LZ_NORTH,28.97
07/08/2026,19:00,N,LZ_NORTH,31.7
07/08/2026,20:00,N,LZ_NORTH,43.89
07/08/2026,21:00,N,LZ_NORTH,43.3
07/08/2026,22:00,N,LZ_NORTH,40.2
07/08/2026,23:00,N,LZ_NORTH,34.07
07/08/2026,24:00,N,LZ_NORTH,26.86
07/09/2026,01:00,N,LZ_NORTH,26.03
07/09/2026,02:00,N,LZ_NORTH,24.12
07/09/2026,03:00,N,LZ_NORTH,23.56
07/09/2026,04:00,N,LZ_NORTH,22.86
07/09/2026,05:00,N,LZ_NORTH,22.27
07/09/2026,06:00,N,LZ_NORTH,23.83
07/09/2026,07:00,N,LZ_NORTH,23.28
07/09/2026,08:00,N,LZ_NORTH,20.16
07/09/2026,09:00,N,LZ_NORTH,15.88
07/09/2026,10:00,N,LZ_NORTH,16.32
07/09/2026,11:00,N,LZ_NORTH,17.11
07/09/2026,12:00,N,LZ_NORTH,19.25
07/09/2026,13:00,N,LZ_NORTH,24.15
07/09/2026,14:00,N,LZ_NORTH,23.83
07/09/2026,15:00,N,LZ_NORTH,24.76
07/09/2026,16:00,N,LZ_NORTH,26.72
07/09/2026,17:00,N,LZ_NORTH,26.37
07/09/2026,18:00,N,LZ_NORTH,25.71
07/09/2026,19:00,N,LZ_NORTH,27.75
07/09/2026,20:00,N,LZ_NORTH,40.04
07/09/2026,21:00,N,LZ_NORTH,42.19
07/09/2026,22:00,N,LZ_NORTH,38.03
07/09/2026,23:00,N,LZ_NORTH,35.07
07/09/2026,24:00,N,LZ_NORTH,29.38
07/10/2026,01:00,N,LZ_NORTH,25.54
07/10/2026,02:00,N,LZ_NORTH,24.04
07/10/2026,03:00,N,LZ_NORTH,23.62
07/10/2026,04:00,N,LZ_NORTH,23.29
07/10/2026,05:00,N,LZ_NORTH,23.4
07/10/2026,06:00,N,LZ_NORTH,24.59
07/10/2026,07:00,N,LZ_NORTH,24.75
07/10/2026,08:00,N,LZ_NORTH,22.56
07/10/2026,09:00,N,LZ_NORTH,17.4
07/10/2026,10:00,N,LZ_NORTH,15.67
07/10/2026,11:00,N,LZ_NORTH,17.22
07/10/2026,12:00,N,LZ_NORTH,20.27
07/10/2026,13:00,N,LZ_NORTH,22.74
07/10/2026,14:00,N,LZ_NORTH,23.54
07/10/2026,15:00,N,LZ_NORTH,25.62
07/10/2026,16:00,N,LZ_NORTH,27.39
07/10/2026,17:00,N,LZ_NORTH,28.09
07/10/2026,18:00,N,LZ_NORTH,27.29
07/10/2026,19:00,N,LZ_NORTH,30.11
07/10/2026,20:00,N,LZ_NORTH,39.68
07/10/2026,21:00,N,LZ_NORTH,42.63
07/10/2026,22:00,N,LZ_NORTH,39.84
07/10/2026,23:00,N,LZ_NORTH,37.22
07/10/2026,24:00,N,LZ_NORTH,30.03
07/11/2026,01:00,N,LZ_NORTH,27.12
07/11/2026,02:00,N,LZ_NORTH,26.47
07/11/2026,03:00,N,LZ_NORTH,25.86
07/11/2026,04:00,N,LZ_NORTH,25.61
07/11/2026,05:00,N,LZ_NORTH,28.49
07/11/2026,06:00,N,LZ_NORTH,32.6
07/11/2026,07:00,N,LZ_NORTH,27.88
07/11/2026,08:00,N,LZ_NORTH,23.43
07/11/2026,09:00,N,LZ_NORTH,18.74
07/11/2026,10:00,N,LZ_NORTH,20.21
07/11/2026,11:00,N,LZ_NORTH,22.69
07/11/2026,12:00,N,LZ_NORTH,25.26
07/11/2026,13:00,N,LZ_NORTH,27.95
07/11/2026,14:00,N,LZ_NORTH,29.69
07/11/2026,15:00,N,LZ_NORTH,32.12
07/11/2026,16:00,N,LZ_NORTH,32.55
07/11/2026,17:00,N,LZ_NORTH,33.0
07/11/2026,18:00,N,LZ_NORTH,30.23
07/11/2026,19:00,N,LZ_NORTH,35.37
07/11/2026,20:00,N,LZ_NORTH,42.85
07/11/2026,21:00,N,LZ_NORTH,42.91
07/11/2026,22:00,N,LZ_NORTH,46.1
07/11/2026,23:00,N,LZ_NORTH,41.47
07/11/2026,24:00,N,LZ_NORTH,36.59
07/12/2026,01:00,N,LZ_NORTH,34.87
07/12/2026,02:00,N,LZ_NORTH,29.83
07/12/2026,03:00,N,LZ_NORTH,29.04
07/12/2026,04:00,N,LZ_NORTH,31.59
07/12/2026,05:00,N,LZ_NORTH,30.77
07/12/2026,06:00,N,LZ_NORTH,31.69
07/12/2026,07:00,N,LZ_NORTH,27.53
07/12/2026,08:00,N,LZ_NORTH,22.55
07/12/2026,09:00,N,LZ_NORTH,19.07
07/12/2026,10:00,N,LZ_NORTH,21.35
07/12/2026,11:00,N,LZ_NORTH,21.57
07/12/2026,12:00,N,LZ_NORTH,22.0
07/12/2026,13:00,N,LZ_NORTH,24.81
07/12/2026,14:00,N,LZ_NORTH,27.07
07/12/2026,15:00,N,LZ_NORTH,28.53
07/12/2026,16:00,N,LZ_NORTH,30.3
07/12/2026,17:00,N,LZ_NORTH,31.61
07/12/2026,18:00,N,LZ_NORTH,32.77
07/12/2026,19:00,N,LZ_NORTH,34.98
07/12/2026,20:00,N,LZ_NORTH,39.68
07/12/2026,21:00,N,LZ_NORTH,39.01
07/12/2026,22:00,N,LZ_NORTH,44.76
07/12/2026,23:00,N,LZ_NORTH,48.33
07/12/2026,24:00,N,LZ_NORTH,43.76
07/13/2026,01:00,N,LZ_NORTH,36.93
07/13/2026,02:00,N,LZ_NORTH,33.09
07/13/2026,03:00,N,LZ_NORTH,33.11
07/13/2026,04:00,N,LZ_NORTH,36.01
07/13/2026,05:00,N,LZ_NORTH,36.0
07/13/2026,06:00,N,LZ_NORTH,40.6
07/13/2026,07:00,N,LZ_NORTH,40.85
07/13/2026,08:00,N,LZ_NORTH,36.77
07/13/2026,09:00,N,LZ_NORTH,29.2
07/13/2026,10:00,N,LZ_NORTH,29.76
07/13/2026,11:00,N,LZ_NORTH,28.39
07/13/2026,12:00,N,LZ_NORTH,27.77
07/13/2026,13:00,N,LZ_NORTH,28.41
07/13/2026,14:00,N,LZ_NORTH,28.41
07/13/2026,15:00,N,LZ_NORTH,28.81
07/13/2026,16:00,N,LZ_NORTH,31.56
07/13/2026,17:00,N,LZ_NORTH,32.5
07/13/2026,18:00,N,LZ_NORTH,34.86
07/13/2026,19:00,N,LZ_NORTH,34.23
07/13/2026,20:00,N,LZ_NORTH,46.25
07/13/2026,21:00,N,LZ_NORTH,45.15
07/13/2026,22:00,N,LZ_NORTH,45.39
07/13/2026,23:00,N,LZ_NORTH,42.32
07/13/2026,24:00,N,LZ_NORTH,36.02
07/14/2026,01:00,N,LZ_NORTH,35.33
07/14/2026,02:00,N,LZ_NORTH,32.72
07/14/2026,03:00,N,LZ_NORTH,31.75
07/14/2026,04:00,N,LZ_NORTH,30.44
07/14/2026,05:00,N,LZ_NORTH,35.11
07/14/2026,06:00,N,LZ_NORTH,37.46
07/14/2026,07:00,N,LZ_NORTH,35.41
07/14/2026,08:00,N,LZ_NORTH,29.49
07/14/2026,09:00,N,LZ_NORTH,23.22
07/14/2026,10:00,N,LZ_NORTH,22.99
07/14/2026,11:00,N,LZ_NORTH,21.55
07/14/2026,12:00,N,LZ_NORTH,21.72
07/14/2026,13:00,N,LZ_NORTH,22.52
07/14/2026,14:00,N,LZ_NORTH,21.6
07/14/2026,15:00,N,LZ_NORTH,21.11
07/14/2026,16:00,N,LZ_NORTH,22.27
07/14/2026,17:00,N,LZ_NORTH,24.35
07/14/2026,18:00,N,LZ_NORTH,24.9
07/14/2026,19:00,N,LZ_NORTH,27.42
07/14/2026,20:00,N,LZ_NORTH,29.06
07/14/2026,21:00,N,LZ_NORTH,34.32
07/14/2026,22:00,N,LZ_NORTH,35.34
07/14/2026,23:00,N,LZ_NORTH,38.08
07/14/2026,24:00,N,LZ_NORTH,36.3
07/15/2026,01:00,N,LZ_NORTH,30.38
07/15/2026,02:00,N,LZ_NORTH,29.07
07/15/2026,03:00,N,LZ_NORTH,30.33
07/15/2026,04:00,N,LZ_NORTH,30.34
07/15/2026,05:00,N,LZ_NORTH,32.37
07/15/2026,06:00,N,LZ_NORTH,32.73
07/15/2026,07:00,N,LZ_NORTH,31.68
07/15/2026,08:00,N,LZ_NORTH,28.03
07/15/2026,09:00,N,LZ_NORTH,23.22
07/15/2026,10:00,N,LZ_NORTH,21.8
07/15/2026,11:00,N,LZ_NORTH,21.12
07/15/2026,12:00,N,LZ_NORTH,21.61
07/15/2026,13:00,N,LZ_NORTH,22.34
07/15/2026,14:00,N,LZ_NORTH,23.8
07/15/2026,15:00,N,LZ_NORTH,23.8
07/15/2026,16:00,N,LZ_NORTH,24.51
07/15/2026,17:00,N,LZ_NORTH,25.0
07/15/2026,18:00,N,LZ_NORTH,24.84
07/15/2026,19:00,N,LZ_NORTH,25.18
07/15/2026,20:00,N,LZ_NORTH,29.67
07/15/2026,21:00,N,LZ_NORTH,32.8
07/15/2026,22:00,N,LZ_NORTH,30.67
07/15/2026,23:00,N,LZ_NORTH,29.65
07/15/2026,24:00,N,LZ_NORTH,29.17
07/16/2026,01:00,N,LZ_NORTH,30.03
07/16/2026,02:00,N,LZ_NORTH,28.15
07/16/2026,03:00,N,LZ_NORTH,27.49
07/16/2026,04:00,N,LZ_NORTH,29.25
07/16/2026,05:00,N,LZ_NORTH,30.35
07/16/2026,06:00,N,LZ_NORTH,31.36
07/16/2026,07:00,N,LZ_NORTH,31.33
07/16/2026,08:00,N,LZ_NORTH,28.37
07/16/2026,09:00,N,LZ_NORTH,25.76
07/16/2026,10:00,N,LZ_NORTH,23.96
07/16/2026,11:00,N,LZ_NORTH,22.06
07/16/2026,12:00,N,LZ_NORTH,20.99
07/16/2026,13:00,N,LZ_NORTH,20.75
07/16/2026,14:00,N,LZ_NORTH,20.75
07/16/2026,15:00,N,LZ_NORTH,20.94
07/16/2026,16:00,N,LZ_NORTH,21.18
07/16/2026,17:00,N,LZ_NORTH,21.95
07/16/2026,18:00,N,LZ_NORTH,22.92
07/16/2026,19:00,N,LZ_NORTH,25.46
07/16/2026,20:00,N,LZ_NORTH,35.94
07/16/2026,21:00,N,LZ_NORTH,37.69
07/16/2026,22:00,N,LZ_NORTH,35.87
07/16/2026,23:00,N,LZ_NORTH,33.74
07/16/2026,24:00,N,LZ_NORTH,28.56
07/17/2026,01:00,N,LZ_NORTH,27.99
07/17/2026,02:00,N,LZ_NORTH,25.35
07/17/2026,03:00,N,LZ_NORTH,24.36
07/17/2026,04:00,N,LZ_NORTH,24.26
07/17/2026,05:00,N,LZ_NORTH,24.4
07/17/2026,06:00,N,LZ_NORTH,25.16
07/17/2026,07:00,N,LZ_NORTH,25.42
07/17/2026,08:00,N,LZ_NORTH,23.58
07/17/2026,09:00,N,LZ_NORTH,22.11
07/17/2026,10:00,N,LZ_NORTH,19.4
07/17/2026,11:00,N,LZ_NORTH,19.0
07/17/2026,12:00,N,LZ_NORTH,18.65
07/17/2026,13:00,N,LZ_NORTH,19.63
07/17/2026,14:00,N,LZ_NORTH,19.92
07/17/2026,15:00,N,LZ_NORTH,21.58
07/17/2026,16:00,N,LZ_NORTH,21.58
07/17/2026,17:00,N,LZ_NORTH,22.45
07/17/2026,18:00,N,LZ_NORTH,23.05
07/17/2026,19:00,N,LZ_NORTH,26.14
07/17/2026,20:00,N,LZ_NORTH,35.8
07/17/2026,21:00,N,LZ_NORTH,37.63
07/17/2026,22:00,N,LZ_NORTH,38.98
07/17/2026,23:00,N,LZ_NORTH,36.86
07/17/2026,24:00,N,LZ_NORTH,29.8
07/18/2026,01:00,N,LZ_NORTH,28.76
07/18/2026,02:00,N,LZ_NORTH,25.8
07/18/2026,03:00,N,LZ_NORTH,23.45
07/18/2026,04:00,N,LZ_NORTH,22.78
07/18/2026,05:00,N,LZ_NORTH,22.38
07/18/2026,06:00,N,LZ_NORTH,23.1
07/18/2026,07:00,N,LZ_NORTH,22.16
07/18/2026,08:00,N,LZ_NORTH,19.14
07/18/2026,09:00,N,LZ_NORTH,17.03
07/18/2026,10:00,N,LZ_NORTH,15.86
07/18/2026,11:00,N,LZ_NORTH,15.57
07/18/2026,12:00,N,LZ_NORTH,17.33
07/18/2026,13:00,N,LZ_NORTH,19.44
07/18/2026,14:00,N,LZ_NORTH,21.29
07/18/2026,15:00,N,LZ_NORTH,22.76
07/18/2026,16:00,N,LZ_NORTH,24.21
07/18/2026,17:00,N,LZ_NORTH,26.34
07/18/2026,18:00,N,LZ_NORTH,27.79
07/18/2026,19:00,N,LZ_NORTH,30.97
07/18/2026,20:00,N,LZ_NORTH,40.42
07/18/2026,21:00,N,LZ_NORTH,42.61
07/18/2026,22:00,N,LZ_NORTH,40.87
07/18/2026,23:00,N,LZ_NORTH,37.45
07/18/2026,24:00,N,LZ_NORTH,31.98
07/19/2026,01:00,N,LZ_NORTH,33.11
07/19/2026,02:00,N,LZ_NORTH,30.66
07/19/2026,03:00,N,LZ_NORTH,28.99
07/19/2026,04:00,N,LZ_NORTH,26.23
07/19/2026,05:00,N,LZ_NORTH,24.99
07/19/2026,06:00,N,LZ_NORTH,25.52
07/19/2026,07:00,N,LZ_NORTH,23.67
07/19/2026,08:00,N,LZ_NORTH,21.41
07/19/2026,09:00,N,LZ_NORTH,16.62
07/19/2026,10:00,N,LZ_NORTH,16.35
07/19/2026,11:00,N,LZ_NORTH,16.86
07/19/2026,12:00,N,LZ_NORTH,19.56
07/19/2026,13:00,N,LZ_NORTH,19.97
07/19/2026,14:00,N,LZ_NORTH,23.55
07/19/2026,15:00,N,LZ_NORTH,25.47
07/19/2026,16:00,N,LZ_NORTH,26.82
07/19/2026,17:00,N,LZ_NORTH,30.35
07/19/2026,18:00,N,LZ_NORTH,29.98
07/19/2026,19:00,N,LZ_NORTH,34.72
07/19/2026,20:00,N,LZ_NORTH,46.99
07/19/2026,21:00,N,LZ_NORTH,48.67
07/19/2026,22:00,N,LZ_NORTH,48.0
07/19/2026,23:00,N,LZ_NORTH,50.3
07/19/2026,24:00,N,LZ_NORTH,37.86
07/20/2026,01:00,N,LZ_NORTH,32.57
07/20/2026,02:00,N,LZ_NORTH,29.6
07/20/2026,03:00,N,LZ_NORTH,27.0
07/20/2026,04:00,N,LZ_NORTH,26.31
07/20/2026,05:00,N,LZ_NORTH,25.97
07/20/2026,06:00,N,LZ_NORTH,27.22
07/20/2026,07:00,N,LZ_NORTH,27.03
07/20/2026,08:00,N,LZ_NORTH,22.97
07/20/2026,09:00,N,LZ_NORTH,17.32
07/20/2026,10:00,N,LZ_NORTH,17.7
07/20/2026,11:00,N,LZ_NORTH,19.22
07/20/2026,12:00,N,LZ_NORTH,21.33
07/20/2026,13:00,N,LZ_NORTH,23.72
07/20/2026,14:00,N,LZ_NORTH,29.5
07/20/2026,15:00,N,LZ_NORTH,31.84
07/20/2026,16:00,N,LZ_NORTH,34.5
07/20/2026,17:00,N,LZ_NORTH,35.42
07/20/2026,18:00,N,LZ_NORTH,36.76
07/20/2026,19:00,N,LZ_NORTH,43.16
07/20/2026,20:00,N,LZ_NORTH,79.31
07/20/2026,21:00,N,LZ_NORTH,72.54
07/20/2026,22:00,N,LZ_NORTH,62.65
07/20/2026,23:00,N,LZ_NORTH,42.78
07/20/2026,24:00,N,LZ_NORTH,35.01
07/21/2026,01:00,N,LZ_NORTH,28.73
07/21/2026,02:00,N,LZ_NORTH,25.45
07/21/2026,03:00,N,LZ_NORTH,23.67
07/21/2026,04:00,N,LZ_NORTH,23.63
07/21/2026,05:00,N,LZ_NORTH,24.16
07/21/2026,06:00,N,LZ_NORTH,25.76
07/21/2026,07:00,N,LZ_NORTH,33.69
07/21/2026,08:00,N,LZ_NORTH,27.64
07/21/2026,09:00,N,LZ_NORTH,19.45
07/21/2026,10:00,N,LZ_NORTH,20.59
07/21/2026,11:00,N,LZ_NORTH,23.28
07/21/2026,12:00,N,LZ_NORTH,29.35
07/21/2026,13:00,N,LZ_NORTH,34.36
07/21/2026,14:00,N,LZ_NORTH,41.16
07/21/2026,15:00,N,LZ_NORTH,45.84
07/21/2026,16:00,N,LZ_NORTH,46.09
07/21/2026,17:00,N,LZ_NORTH,48.57
07/21/2026,18:00,N,LZ_NORTH,55.17
07/21/2026,19:00,N,LZ_NORTH,83.07
07/21/2026,20:00,N,LZ_NORTH,229.71
07/21/2026,21:00,N,LZ_NORTH,215.03
07/21/2026,22:00,N,LZ_NORTH,186.94
07/21/2026,23:00,N,LZ_NORTH,82.74
07/21/2026,24:00,N,LZ_NORTH,42.23
07/22/2026,01:00,N,LZ_NORTH,43.53
07/22/2026,02:00,N,LZ_NORTH,35.43
07/22/2026,03:00,N,LZ_NORTH,32.89
07/22/2026,04:00,N,LZ_NORTH,33.13
07/22/2026,05:00,N,LZ_NORTH,30.75
07/22/2026,06:00,N,LZ_NORTH,33.02
07/22/2026,07:00,N,LZ_NORTH,37.3
07/22/2026,08:00,N,LZ_NORTH,31.04
07/22/2026,09:00,N,LZ_NORTH,22.87
07/22/2026,10:00,N,LZ_NORTH,23.77
07/22/2026,11:00,N,LZ_NORTH,28.73
07/22/2026,12:00,N,LZ_NORTH,33.39
07/22/2026,13:00,N,LZ_NORTH,38.98
07/22/2026,14:00,N,LZ_NORTH,50.7
07/22/2026,15:00,N,LZ_NORTH,52.28
07/22/2026,16:00,N,LZ_NORTH,55.15
07/22/2026,17:00,N,LZ_NORTH,63.92
07/22/2026,18:00,N,LZ_NORTH,70.69
07/22/2026,19:00,N,LZ_NORTH,114.05
07/22/2026,20:00,N,LZ_NORTH,229.88
07/22/2026,21:00,N,LZ_NORTH,241.83
07/22/2026,22:00,N,LZ_NORTH,183.56
07/22/2026,23:00,N,LZ_NORTH,107.48
07/22/2026,24:00,N,LZ_NORTH,55.67
07/23/2026,01:00,N,LZ_NORTH,50.0
07/23/2026,02:00,N,LZ_NORTH,40.39
07/23/2026,03:00,N,LZ_NORTH,34.94
07/23/2026,04:00,N,LZ_NORTH,33.31
07/23/2026,05:00,N,LZ_NORTH,33.35
07/23/2026,06:00,N,LZ_NORTH,37.48
07/23/2026,07:00,N,LZ_NORTH,40.14
07/23/2026,08:00,N,LZ_NORTH,29.96
07/23/2026,09:00,N,LZ_NORTH,23.57
07/23/2026,10:00,N,LZ_NORTH,22.85
07/23/2026,11:00,N,LZ_NORTH,23.54
07/23/2026,12:00,N,LZ_NORTH,25.83
07/23/2026,13:00,N,LZ_NORTH,29.5
07/23/2026,14:00,N,LZ_NORTH,37.63
07/23/2026,15:00,N,LZ_NORTH,34.7
07/23/2026,16:00,N,LZ_NORTH,35.34
07/23/2026,17:00,N,LZ_NORTH,36.67
07/23/2026,18:00,N,LZ_NORTH,35.5
07/23/2026,19:00,N,LZ_NORTH,42.06
07/23/2026,20:00,N,LZ_NORTH,58.23
07/23/2026,21:00,N,LZ_NORTH,59.55
07/23/2026,22:00,N,LZ_NORTH,50.33
07/23/2026,23:00,N,LZ_NORTH,39.3
07/23/2026,24:00,N,LZ_NORTH,34.88
07/24/2026,01:00,N,LZ_NORTH,33.25
07/24/2026,02:00,N,LZ_NORTH,30.14
07/24/2026,03:00,N,LZ_NORTH,28.13
07/24/2026,04:00,N,LZ_NORTH,27.24
07/24/2026,05:00,N,LZ_NORTH,28.01
07/24/2026,06:00,N,LZ_NORTH,29.45
07/24/2026,07:00,N,LZ_NORTH,32.53
07/24/2026,08:00,N,LZ_NORTH,29.59
07/24/2026,09:00,N,LZ_NORTH,24.64
07/24/2026,10:00,N,LZ_NORTH,23.71
07/24/2026,11:00,N,LZ_NORTH,24.34
07/24/2026,12:00,N,LZ_NORTH,27.77
07/24/2026,13:00,N,LZ_NORTH,30.46
07/24/2026,14:00,N,LZ_NORTH,37.48
07/24/2026,15:00,N,LZ_NORTH,38.89
07/24/2026,16:00,N,LZ_NORTH,39.62
07/24/2026,17:00,N,LZ_NORTH,38.37
07/24/2026,18:00,N,LZ_NORTH,35.41
07/24/2026,19:00,N,LZ_NORTH,38.57
07/24/2026,20:00,N,LZ_NORTH,42.95
07/24/2026,21:00,N,LZ_NORTH,45.34
07/24/2026,22:00,N,LZ_NORTH,44.14
07/24/2026,23:00,N,LZ_NORTH,37.73
07/24/2026,24:00,N,LZ_NORTH,30.49
07/25/2026,01:00,N,LZ_NORTH,27.62
07/25/2026,02:00,N,LZ_NORTH,24.8
07/25/2026,03:00,N,LZ_NORTH,23.61
07/25/2026,04:00,N,LZ_NORTH,23.62
07/25/2026,05:00,N,LZ_NORTH,22.75
07/25/2026,06:00,N,LZ_NORTH,22.94
07/25/2026,07:00,N,LZ_NORTH,22.2
07/25/2026,08:00,N,LZ_NORTH,20.82
07/25/2026,09:00,N,LZ_NORTH,17.59
07/25/2026,10:00,N,LZ_NORTH,15.3
07/25/2026,11:00,N,LZ_NORTH,15.69
07/25/2026,12:00,N,LZ_NORTH,17.55
07/25/2026,13:00,N,LZ_NORTH,20.82
07/25/2026,14:00,N,LZ_NORTH,23.67
07/25/2026,15:00,N,LZ_NORTH,27.09
07/25/2026,16:00,N,LZ_NORTH,28.73
07/25/2026,17:00,N,LZ_NORTH,29.86
07/25/2026,18:00,N,LZ_NORTH,29.0
07/25/2026,19:00,N,LZ_NORTH,33.99
07/25/2026,20:00,N,LZ_NORTH,45.02
07/25/2026,21:00,N,LZ_NORTH,47.97
07/25/2026,22:00,N,LZ_NORTH,42.53
07/25/2026,23:00,N,LZ_NORTH,34.95
07/25/2026,24:00,N,LZ_NORTH,30.01
07/26/2026,01:00,N,LZ_NORTH,25.4
07/26/2026,02:00,N,LZ_NORTH,23.87
07/26/2026,03:00,N,LZ_NORTH,22.78
07/26/2026,04:00,N,LZ_NORTH,22.26
07/26/2026,05:00,N,LZ_NORTH,21.75
07/26/2026,06:00,N,LZ_NORTH,21.5
07/26/2026,07:00,N,LZ_NORTH,20.69
07/26/2026,08:00,N,LZ_NORTH,18.83
07/26/2026,09:00,N,LZ_NORTH,14.94
07/26/2026,10:00,N,LZ_NORTH,11.33
07/26/2026,11:00,N,LZ_NORTH,13.46
07/26/2026,12:00,N,LZ_NORTH,15.56
07/26/2026,13:00,N,LZ_NORTH,19.82
07/26/2026,14:00,N,LZ_NORTH,23.46
07/26/2026,15:00,N,LZ_NORTH,24.65
07/26/2026,16:00,N,LZ_NORTH,26.09
07/26/2026,17:00,N,LZ_NORTH,27.6
07/26/2026,18:00,N,LZ_NORTH,26.72
07/26/2026,19:00,N,LZ_NORTH,31.16
07/26/2026,20:00,N,LZ_NORTH,43.2
07/26/2026,21:00,N,LZ_NORTH,46.02
07/26/2026,22:00,N,LZ_NORTH,39.84
07/26/2026,23:00,N,LZ_NORTH,35.22
07/26/2026,24:00,N,LZ_NORTH,29.28
07/27/2026,01:00,N,LZ_NORTH,24.4
07/27/2026,02:00,N,LZ_NORTH,23.01
07/27/2026,03:00,N,LZ_NORTH,22.0
07/27/2026,04:00,N,LZ_NORTH,21.79
07/27/2026,05:00,N,LZ_NORTH,21.88
07/27/2026,06:00,N,LZ_NORTH,22.41
07/27/2026,07:00,N,LZ_NORTH,22.92
07/27/2026,08:00,N,LZ_NORTH,20.33
07/27/2026,09:00,N,LZ_NORTH,16.68
07/27/2026,10:00,N,LZ_NORTH,15.94
07/27/2026,11:00,N,LZ_NORTH,18.85
07/27/2026,12:00,N,LZ_NORTH,22.4
07/27/2026,13:00,N,LZ_NORTH,24.83
07/27/2026,14:00,N,LZ_NORTH,29.74
07/27/2026,15:00,N,LZ_NORTH,32.05
07/27/2026,16:00,N,LZ_NORTH,33.93
07/27/2026,17:00,N,LZ_NORTH,36.71
07/27/2026,18:00,N,LZ_NORTH,37.59
07/27/2026,19:00,N,LZ_NORTH,38.78
07/27/2026,20:00,N,LZ_NORTH,59.87
07/27/2026,21:00,N,LZ_NORTH,65.12
07/27/2026,22:00,N,LZ_NORTH,50.56
07/27/2026,23:00,N,LZ_NORTH,40.17
07/27/2026,24:00,N,LZ_NORTH,31.48
07/28/2026,01:00,N,LZ_NORTH,25.26
07/28/2026,02:00,N,LZ_NORTH,24.02
07/28/2026,03:00,N,LZ_NORTH,23.28
07/28/2026,04:00,N,LZ_NORTH,22.61
07/28/2026,05:00,N,LZ_NORTH,23.49
07/28/2026,06:00,N,LZ_NORTH,23.89
07/28/2026,07:00,N,LZ_NORTH,23.92
07/28/2026,08:00,N,LZ_NORTH,22.5
07/28/2026,09:00,N,LZ_NORTH,17.24
07/28/2026,10:00,N,LZ_NORTH,16.75
07/28/2026,11:00,N,LZ_NORTH,18.9
07/28/2026,12:00,N,LZ_NORTH,22.82
07/28/2026,13:00,N,LZ_NORTH,26.05
07/28/2026,14:00,N,LZ_NORTH,29.33
07/28/2026,15:00,N,LZ_NORTH,33.62
07/28/2026,16:00,N,LZ_NORTH,34.39
07/28/2026,17:00,N,LZ_NORTH,36.08
07/28/2026,18:00,N,LZ_NORTH,35.8
07/28/2026,19:00,N,LZ_NORTH,38.84
07/28/2026,20:00,N,LZ_NORTH,60.13
07/28/2026,21:00,N,LZ_NORTH,66.64
07/28/2026,22:00,N,LZ_NORTH,55.69
07/28/2026,23:00,N,LZ_NORTH,44.45
07/28/2026,24:00,N,LZ_NORTH,32.31
07/29/2026,01:00,N,LZ_NORTH,27.85
07/29/2026,02:00,N,LZ_NORTH,25.48
07/29/2026,03:00,N,LZ_NORTH,24.24
07/29/2026,04:00,N,LZ_NORTH,24.06
07/29/2026,05:00,N,LZ_NORTH,25.02
07/29/2026,06:00,N,LZ_NORTH,27.46
07/29/2026,07:00,N,LZ_NORTH,29.62
07/29/2026,08:00,N,LZ_NORTH,26.57
07/29/2026,09:00,N,LZ_NORTH,20.6
07/29/2026,10:00,N,LZ_NORTH,20.96
07/29/2026,11:00,N,LZ_NORTH,22.55
07/29/2026,12:00,N,LZ_NORTH,25.89
07/29/2026,13:00,N,LZ_NORTH,30.64
07/29/2026,14:00,N,LZ_NORTH,37.41
07/29/2026,15:00,N,LZ_NORTH,39.08
07/29/2026,16:00,N,LZ_NORTH,41.99
07/29/2026,17:00,N,LZ_NORTH,42.39
07/29/2026,18:00,N,LZ_NORTH,41.39
07/29/2026,19:00,N,LZ_NORTH,49.72
07/29/2026,20:00,N,LZ_NORTH,67.71
07/29/2026,21:00,N,LZ_NORTH,74.85
07/29/2026,22:00,N,LZ_NORTH,66.72
07/29/2026,23:00,N,LZ_NORTH,46.83
07/29/2026,24:00,N,LZ_NORTH,34.18
07/30/2026,01:00,N,LZ_NORTH,29.56
07/30/2026,02:00,N,LZ_NORTH,25.81
07/30/2026,03:00,N,LZ_NORTH,24.87
07/30/2026,04:00,N,LZ_NORTH,24.44
07/30/2026,05:00,N,LZ_NORTH,24.58
07/30/2026,06:00,N,LZ_NORTH,26.48
07/30/2026,07:00,N,LZ_NORTH,31.51
07/30/2026,08:00,N,LZ_NORTH,27.06
07/30/2026,09:00,N,LZ_NORTH,21.87
07/30/2026,10:00,N,LZ_NORTH,20.0
07/30/2026,11:00,N,LZ_NORTH,21.57
07/30/2026,12:00,N,LZ_NORTH,24.74
07/30/2026,13:00,N,LZ_NORTH,27.4
07/30/2026,14:00,N,LZ_NORTH,33.48
07/30/2026,15:00,N,LZ_NORTH,40.25
07/30/2026,16:00,N,LZ_NORTH,45.45
07/30/2026,17:00,N,LZ_NORTH,48.66
07/30/2026,18:00,N,LZ_NORTH,46.41
07/30/2026,19:00,N,LZ_NORTH,52.88
07/30/2026,20:00,N,LZ_NORTH,66.24
07/30/2026,21:00,N,LZ_NORTH,65.63
07/30/2026,22:00,N,LZ_NORTH,63.88
07/30/2026,23:00,N,LZ_NORTH,43.24
07/30/2026,24:00,N,LZ_NORTH,31.02
07/31/2026,01:00,N,LZ_NORTH,26.14
07/31/2026,02:00,N,LZ_NORTH,23.32
07/31/2026,03:00,N,LZ_NORTH,21.67
07/31/2026,04:00,N,LZ_NORTH,22.2
07/31/2026,05:00,N,LZ_NORTH,22.02
07/31/2026,06:00,N,LZ_NORTH,23.4
07/31/2026,07:00,N,LZ_NORTH,24.01
07/31/2026,08:00,N,LZ_NORTH,21.57
07/31/2026,09:00,N,LZ_NORTH,16.42
07/31/2026,10:00,N,LZ_NORTH,15.64
07/31/2026,11:00,N,LZ_NORTH,17.4
07/31/2026,12:00,N,LZ_NORTH,20.59
07/31/2026,13:00,N,LZ_NORTH,29.04
07/31/2026,14:00,N,LZ_NORTH,35.19
07/31/2026,15:00,N,LZ_NORTH,40.23
07/31/2026,16:00,N,LZ_NORTH,47.1
07/31/2026,17:00,N,LZ_NORTH,54.86
07/31/2026,18:00,N,LZ_NORTH,55.24
07/31/2026,19:00,N,LZ_NORTH,69.47
07/31/2026,20:00,N,LZ_NORTH,102.96
07/31/2026,21:00,N,LZ_NORTH,101.55
07/31/2026,22:00,N,LZ_NORTH,105.84
07/31/2026,23:00,N,LZ_NORTH,81.05
07/31/2026,24:00,N,LZ_NORTH,48.09
08/01/2026,01:00,N,LZ_NORTH,35.14
08/01/2026,02:00,N,LZ_NORTH,33.01
08/01/2026,03:00,N,LZ_NORTH,29.44
08/01/2026,04:00,N,LZ_NORTH,29.27
08/01/2026,05:00,N,LZ_NORTH,28.1
08/01/2026,06:00,N,LZ_NORTH,26.91
08/01/2026,07:00,N,LZ_NORTH,27.57
08/01/2026,08:00,N,LZ_NORTH,24.45
08/01/2026,09:00,N,LZ_NORTH,21.07
08/01/2026,10:00,N,LZ_NORTH,20.34
08/01/2026,11:00,N,LZ_NORTH,20.5
08/01/2026,12:00,N,LZ_NORTH,20.91
08/01/2026,13:00,N,LZ_NORTH,22.97
08/01/2026,14:00,N,LZ_NORTH,25.65
08/01/2026,15:00,N,LZ_NORTH,29.53
08/01/2026,16:00,N,LZ_NORTH,31.38
08/01/2026,17:00,N,LZ_NORTH,34.12
08/01/2026,18:00,N,LZ_NORTH,37.25
08/01/2026,19:00,N,LZ_NORTH,52.91
08/01/2026,20:00,N,LZ_NORTH,79.81
08/01/2026,21:00,N,LZ_NORTH,69.53
08/01/2026,22:00,N,LZ_NORTH,74.27
08/01/2026,23:00,N,LZ_NORTH,80.47
08/01/2026,24:00,N,LZ_NORTH,52.62
08/02/2026,01:00,N,LZ_NORTH,40.03
08/02/2026,02:00,N,LZ_NORTH,36.79
08/02/2026,03:00,N,LZ_NORTH,32.2
08/02/2026,04:00,N,LZ_NORTH,30.45
08/02/2026,05:00,N,LZ_NORTH,29.83
08/02/2026,06:00,N,LZ_NORTH,29.45
08/02/2026,07:00,N,LZ_NORTH,29.29
08/02/2026,08:00,N,LZ_NORTH,23.18
08/02/2026,09:00,N,LZ_NORTH,17.87
08/02/2026,10:00,N,LZ_NORTH,17.51
08/02/2026,11:00,N,LZ_NORTH,18.55
08/02/2026,12:00,N,LZ_NORTH,19.83
08/02/2026,13:00,N,LZ_NORTH,20.96
08/02/2026,14:00,N,LZ_NORTH,24.06
08/02/2026,15:00,N,LZ_NORTH,25.91
08/02/2026,16:00,N,LZ_NORTH,31.16
08/02/2026,17:00,N,LZ_NORTH,39.74
08/02/2026,18:00,N,LZ_NORTH,46.06
08/02/2026,19:00,N,LZ_NORTH,64.13
08/02/2026,20:00,N,LZ_NORTH,93.12
08/02/2026,21:00,N,LZ_NORTH,87.07
08/02/2026,22:00,N,LZ_NORTH,61.32
08/02/2026,23:00,N,LZ_NORTH,40.19
08/02/2026,24:00,N,LZ_NORTH,31.07
08/03/2026,01:00,N,LZ_NORTH,24.91
08/03/2026,02:00,N,LZ_NORTH,22.06
08/03/2026,03:00,N,LZ_NORTH,21.11
08/03/2026,04:00,N,LZ_NORTH,20.35
08/03/2026,05:00,N,LZ_NORTH,20.23
08/03/2026,06:00,N,LZ_NORTH,23.24
08/03/2026,07:00,N,LZ_NORTH,21.06
08/03/2026,08:00,N,LZ_NORTH,18.22
08/03/2026,09:00,N,LZ_NORTH,14.73
08/03/2026,10:00,N,LZ_NORTH,13.86
08/03/2026,11:00,N,LZ_NORTH,13.4
08/03/2026,12:00,N,LZ_NORTH,14.17
08/03/2026,13:00,N,LZ_NORTH,18.08
08/03/2026,14:00,N,LZ_NORTH,21.33
08/03/2026,15:00,N,LZ_NORTH,25.38
08/03/2026,16:00,N,LZ_NORTH,27.57
08/03/2026,17:00,N,LZ_NORTH,31.78
08/03/2026,18:00,N,LZ_NORTH,30.29
08/03/2026,19:00,N,LZ_NORTH,36.46
08/03/2026,20:00,N,LZ_NORTH,49.27
08/03/2026,21:00,N,LZ_NORTH,47.8
08/03/2026,22:00,N,LZ_NORTH,36.43
08/03/2026,23:00,N,LZ_NORTH,31.22
08/03/2026,24:00,N,LZ_NORTH,26.22
08/04/2026,01:00,N,LZ_NORTH,20.22
08/04/2026,02:00,N,LZ_NORTH,18.85
08/04/2026,03:00,N,LZ_NORTH,18.77
08/04/2026,04:00,N,LZ_NORTH,18.09
08/04/2026,05:00,N,LZ_NORTH,18.5
08/04/2026,06:00,N,LZ_NORTH,20.2
08/04/2026,07:00,N,LZ_NORTH,20.12
08/04/2026,08:00,N,LZ_NORTH,19.07
08/04/2026,09:00,N,LZ_NORTH,14.4
08/04/2026,10:00,N,LZ_NORTH,12.19
08/04/2026,11:00,N,LZ_NORTH,12.69
08/04/2026,12:00,N,LZ_NORTH,15.53
08/04/2026,13:00,N,LZ_NORTH,20.42
08/04/2026,14:00,N,LZ_NORTH,25.85
08/04/2026,15:00,N,LZ_NORTH,31.22
08/04/2026,16:00,N,LZ_NORTH,33.44
08/04/2026,17:00,N,LZ_NORTH,37.33
08/04/2026,18:00,N,LZ_NORTH,38.84
08/04/2026,19:00,N,LZ_NORTH,42.03
08/04/2026,20:00,N,LZ_NORTH,50.59
08/04/2026,21:00,N,LZ_NORTH,48.96
08/04/2026,22:00,N,LZ_NORTH,49.61
08/04/2026,23:00,N,LZ_NORTH,36.98
08/04/2026,24:00,N,LZ_NORTH,29.79
08/05/2026,01:00,N,LZ_NORTH,24.01
08/05/2026,02:00,N,LZ_NORTH,22.2
08/05/2026,03:00,N,LZ_NORTH,21.15
08/05/2026,04:00,N,LZ_NORTH,21.07
08/05/2026,05:00,N,LZ_NORTH,20.74
08/05/2026,06:00,N,LZ_NORTH,22.69
08/05/2026,07:00,N,LZ_NORTH,22.24
08/05/2026,08:00,N,LZ_NORTH,21.14
08/05/2026,09:00,N,LZ_NORTH,16.8
08/05/2026,10:00,N,LZ_NORTH,14.56
08/05/2026,11:00,N,LZ_NORTH,14.34
08/05/2026,12:00,N,LZ_NORTH,17.78
08/05/2026,13:00,N,LZ_NORTH,21.28
08/05/2026,14:00,N,LZ_NORTH,24.79
08/05/2026,15:00,N,LZ_NORTH,28.36
08/05/2026,16:00,N,LZ_NORTH,32.43
08/05/2026,17:00,N,LZ_NORTH,36.75
08/05/2026,18:00,N,LZ_NORTH,38.94
08/05/2026,19:00,N,LZ_NORTH,41.12
08/05/2026,20:00,N,LZ_NORTH,44.63
08/05/2026,21:00,N,LZ_NORTH,42.3
08/05/2026,22:00,N,LZ_NORTH,40.39
08/05/2026,23:00,N,LZ_NORTH,35.4
08/05/2026,24:00,N,LZ_NORTH,28.62
08/06/2026,01:00,N,LZ_NORTH,22.13
08/06/2026,02:00,N,LZ_NORTH,20.64
08/06/2026,03:00,N,LZ_NORTH,19.9
08/06/2026,04:00,N,LZ_NORTH,20.33
08/06/2026,05:00,N,LZ_NORTH,20.69
08/06/2026,06:00,N,LZ_NORTH,22.74
08/06/2026,07:00,N,LZ_NORTH,24.62
08/06/2026,08:00,N,LZ_NORTH,23.16
08/06/2026,09:00,N,LZ_NORTH,18.08
08/06/2026,10:00,N,LZ_NORTH,14.3
08/06/2026,11:00,N,LZ_NORTH,14.13
08/06/2026,12:00,N,LZ_NORTH,16.22
08/06/2026,13:00,N,LZ_NORTH,19.04
08/06/2026,14:00,N,LZ_NORTH,22.11
08/06/2026,15:00,N,LZ_NORTH,27.8
08/06/2026,16:00,N,LZ_NORTH,27.07
08/06/2026,17:00,N,LZ_NORTH,29.93
08/06/2026,18:00,N,LZ_NORTH,31.84
08/06/2026,19:00,N,LZ_NORTH,35.29
08/06/2026,20:00,N,LZ_NORTH,41.96
08/06/2026,21:00,N,LZ_NORTH,41.8
08/06/2026,22:00,N,LZ_NORTH,40.5
08/06/2026,23:00,N,LZ_NORTH,32.53
08/06/2026,24:00,N,LZ_NORTH,26.42
08/07/2026,01:00,N,LZ_NORTH,26.61
08/07/2026,02:00,N,LZ_NORTH,23.55
08/07/2026,03:00,N,LZ_NORTH,23.03
08/07/2026,04:00,N,LZ_NORTH,21.62
08/07/2026,05:00,N,LZ_NORTH,21.59
08/07/2026,06:00,N,LZ_NORTH,23.36
08/07/2026,07:00,N,LZ_NORTH,25.97
08/07/2026,08:00,N,LZ_NORTH,22.79
08/07/2026,09:00,N,LZ_NORTH,17.23
08/07/2026,10:00,N,LZ_NORTH,14.16
08/07/2026,11:00,N,LZ_NORTH,13.65
08/07/2026,12:00,N,LZ_NORTH,16.51
08/07/2026,13:00,N,LZ_NORTH,20.24
08/07/2026,14:00,N,LZ_NORTH,25.52
08/07/2026,15:00,N,LZ_NORTH,28.62
08/07/2026,16:00,N,LZ_NORTH,29.82
08/07/2026,17:00,N,LZ_NORTH,34.49
08/07/2026,18:00,N,LZ_NORTH,35.12
08/07/2026,19:00,N,LZ_NORTH,39.86
08/07/2026,20:00,N,LZ_NORTH,46.83
08/07/2026,21:00,N,LZ_NORTH,45.91
08/07/2026,22:00,N,LZ_NORTH,45.7
08/07/2026,23:00,N,LZ_NORTH,38.03
08/07/2026,24:00,N,LZ_NORTH,30.86
08/08/2026,01:00,N,LZ_NORTH,27.8
08/08/2026,02:00,N,LZ_NORTH,25.28
08/08/2026,03:00,N,LZ_NORTH,25.07
08/08/2026,04:00,N,LZ_NORTH,24.07
08/08/2026,05:00,N,LZ_NORTH,23.98
08/08/2026,06:00,N,LZ_NORTH,24.53
08/08/2026,07:00,N,LZ_NORTH,23.53
08/08/2026,08:00,N,LZ_NORTH,22.87
08/08/2026,09:00,N,LZ_NORTH,18.7
08/08/2026,10:00,N,LZ_NORTH,17.19
08/08/2026,11:00,N,LZ_NORTH,16.79
08/08/2026,12:00,N,LZ_NORTH,19.68
08/08/2026,13:00,N,LZ_NORTH,21.31
08/08/2026,14:00,N,LZ_NORTH,22.92
08/08/2026,15:00,N,LZ_NORTH,23.74
08/08/2026,16:00,N,LZ_NORTH,25.92
08/08/2026,17:00,N,LZ_NORTH,28.41
08/08/2026,18:00,N,LZ_NORTH,28.62
08/08/2026,19:00,N,LZ_NORTH,35.37
08/08/2026,20:00,N,LZ_NORTH,42.05
08/08/2026,21:00,N,LZ_NORTH,41.49
08/08/2026,22:00,N,LZ_NORTH,37.42
08/08/2026,23:00,N,LZ_NORTH,32.81
08/08/2026,24:00,N,LZ_NORTH,26.7
08/09/2026,01:00,N,LZ_NORTH,27.58
08/09/2026,02:00,N,LZ_NORTH,25.01
08/09/2026,03:00,N,LZ_NORTH,22.51
08/09/2026,04:00,N,LZ_NORTH,21.82
08/09/2026,05:00,N,LZ_NORTH,21.9
08/09/2026,06:00,N,LZ_NORTH,22.42
08/09/2026,07:00,N,LZ_NORTH,21.65
08/09/2026,08:00,N,LZ_NORTH,19.24
08/09/2026,09:00,N,LZ_NORTH,15.47
08/09/2026,10:00,N,LZ_NORTH,14.25
08/09/2026,11:00,N,LZ_NORTH,14.52
08/09/2026,12:00,N,LZ_NORTH,17.44
08/09/2026,13:00,N,LZ_NORTH,22.64
08/09/2026,14:00,N,LZ_NORTH,24.31
08/09/2026,15:00,N,LZ_NORTH,27.66
08/09/2026,16:00,N,LZ_NORTH,28.69
08/09/2026,17:00,N,LZ_NORTH,30.89
08/09/2026,18:00,N,LZ_NORTH,29.64
08/09/2026,19:00,N,LZ_NORTH,34.08
08/09/2026,20:00,N,LZ_NORTH,44.69
08/09/2026,21:00,N,LZ_NORTH,45.85
08/09/2026,22:00,N,LZ_NORTH,43.96
08/09/2026,23:00,N,LZ_NORTH,34.6
08/09/2026,24:00,N,LZ_NORTH,28.27
08/10/2026,01:00,N,LZ_NORTH,24.0
08/10/2026,02:00,N,LZ_NORTH,22.61
08/10/2026,03:00,N,LZ_NORTH,21.12
08/10/2026,04:00,N,LZ_NORTH,21.19
08/10/2026,05:00,N,LZ_NORTH,21.63
08/10/2026,06:00,N,LZ_NORTH,23.35
08/10/2026,07:00,N,LZ_NORTH,22.99
08/10/2026,08:00,N,LZ_NORTH,21.11
08/10/2026,09:00,N,LZ_NORTH,18.26
08/10/2026,10:00,N,LZ_NORTH,16.17
08/10/2026,11:00,N,LZ_NORTH,17.43
08/10/2026,12:00,N,LZ_NORTH,19.99
08/10/2026,13:00,N,LZ_NORTH,22.37
08/10/2026,14:00,N,LZ_NORTH,27.5
08/10/2026,15:00,N,LZ_NORTH,34.18
08/10/2026,16:00,N,LZ_NORTH,37.42
08/10/2026,17:00,N,LZ_NORTH,40.89
08/10/2026,18:00,N,LZ_NORTH,41.75
08/10/2026,19:00,N,LZ_NORTH,48.84
08/10/2026,20:00,N,LZ_NORTH,45.19
08/10/2026,21:00,N,LZ_NORTH,43.7
08/10/2026,22:00,N,LZ_NORTH,41.37
08/10/2026,23:00,N,LZ_NORTH,35.71
08/10/2026,24:00,N,LZ_NORTH,28.39
08/11/2026,01:00,N,LZ_NORTH,23.85
08/11/2026,02:00,N,LZ_NORTH,22.14
08/11/2026,03:00,N,LZ_NORTH,21.42
08/11/2026,04:00,N,LZ_NORTH,21.29
08/11/2026,05:00,N,LZ_NORTH,21.26
08/11/2026,06:00,N,LZ_NORTH,22.18
08/11/2026,07:00,N,LZ_NORTH,22.27
08/11/2026,08:00,N,LZ_NORTH,21.59
08/11/2026,09:00,N,LZ_NORTH,16.41
08/11/2026,10:00,N,LZ_NORTH,14.09
08/11/2026,11:00,N,LZ_NORTH,14.89
08/11/2026,12:00,N,LZ_NORTH,17.3
08/11/2026,13:00,N,LZ_NORTH,21.39
08/11/2026,14:00,N,LZ_NORTH,25.39
08/11/2026,15:00,N,LZ_NORTH,28.98
08/11/2026,16:00,N,LZ_NORTH,31.61
08/11/2026,17:00,N,LZ_NORTH,36.16
08/11/2026,18:00,N,LZ_NORTH,34.5
08/11/2026,19:00,N,LZ_NORTH,40.09
08/11/2026,20:00,N,LZ_NORTH,45.22
08/11/2026,21:00,N,LZ_NORTH,44.29
08/11/2026,22:00,N,LZ_NORTH,38.99
08/11/2026,23:00,N,LZ_NORTH,33.59
08/11/2026,24:00,N,LZ_NORTH,26.74
08/12/2026,01:00,N,LZ_NORTH,23.23
08/12/2026,02:00,N,LZ_NORTH,22.12
08/12/2026,03:00,N,LZ_NORTH,21.42
08/12/2026,04:00,N,LZ_NORTH,20.6
08/12/2026,05:00,N,LZ_NORTH,20.36
08/12/2026,06:00,N,LZ_NORTH,21.87
08/12/2026,07:00,N,LZ_NORTH,21.41
08/12/2026,08:00,N,LZ_NORTH,19.4
08/12/2026,09:00,N,LZ_NORTH,16.45
08/12/2026,10:00,N,LZ_NORTH,15.12
08/12/2026,11:00,N,LZ_NORTH,17.18
08/12/2026,12:00,N,LZ_NORTH,20.74
08/12/2026,13:00,N,LZ_NORTH,20.67
08/12/2026,14:00,N,LZ_NORTH,22.41
08/12/2026,15:00,N,LZ_NORTH,26.63
08/12/2026,16:00,N,LZ_NORTH,28.78
08/12/2026,17:00,N,LZ_NORTH,33.83
08/12/2026,18:00,N,LZ_NORTH,33.25
08/12/2026,19:00,N,LZ_NORTH,37.68
08/12/2026,20:00,N,LZ_NORTH,41.45
08/12/2026,21:00,N,LZ_NORTH,39.38
08/12/2026,22:00,N,LZ_NORTH,35.79
08/12/2026,23:00,N,LZ_NORTH,32.31
08/12/2026,24:00,N,LZ_NORTH,25.67
08/13/2026,01:00,N,LZ_NORTH,23.73
08/13/2026,02:00,N,LZ_NORTH,22.18
08/13/2026,03:00,N,LZ_NORTH,21.14
08/13/2026,04:00,N,LZ_NORTH,19.77
08/13/2026,05:00,N,LZ_NORTH,20.82
08/13/2026,06:00,N,LZ_NORTH,22.24
08/13/2026,07:00,N,LZ_NORTH,21.96
08/13/2026,08:00,N,LZ_NORTH,20.37
08/13/2026,09:00,N,LZ_NORTH,16.67
08/13/2026,10:00,N,LZ_NORTH,15.12
08/13/2026,11:00,N,LZ_NORTH,16.91
08/13/2026,12:00,N,LZ_NORTH,19.05
08/13/2026,13:00,N,LZ_NORTH,19.94
08/13/2026,14:00,N,LZ_NORTH,23.68
08/13/2026,15:00,N,LZ_NORTH,27.9
08/13/2026,16:00,N,LZ_NORTH,32.93
08/13/2026,17:00,N,LZ_NORTH,37.28
08/13/2026,18:00,N,LZ_NORTH,38.29
08/13/2026,19:00,N,LZ_NORTH,39.57
08/13/2026,20:00,N,LZ_NORTH,44.08
08/13/2026,21:00,N,LZ_NORTH,40.31
08/13/2026,22:00,N,LZ_NORTH,41.05
08/13/2026,23:00,N,LZ_NORTH,33.65
08/13/2026,24:00,N,LZ_NORTH,27.69
08/14/2026,01:00,N,LZ_NORTH,24.27
08/14/2026,02:00,N,LZ_NORTH,22.91
08/14/2026,03:00,N,LZ_NORTH,21.99
08/14/2026,04:00,N,LZ_NORTH,21.83
08/14/2026,05:00,N,LZ_NORTH,21.52
08/14/2026,06:00,N,LZ_NORTH,22.64
08/14/2026,07:00,N,LZ_NORTH,23.34
08/14/2026,08:00,N,LZ_NORTH,22.01
08/14/2026,09:00,N,LZ_NORTH,18.4
08/14/2026,10:00,N,LZ_NORTH,14.61
08/14/2026,11:00,N,LZ_NORTH,15.88
08/14/2026,12:00,N,LZ_NORTH,18.3
08/14/2026,13:00,N,LZ_NORTH,21.71
08/14/2026,14:00,N,LZ_NORTH,24.51
08/14/2026,15:00,N,LZ_NORTH,31.29
08/14/2026,16:00,N,LZ_NORTH,33.6
08/14/2026,17:00,N,LZ_NORTH,36.35
08/14/2026,18:00,N,LZ_NORTH,38.44
08/14/2026,19:00,N,LZ_NORTH,45.07
08/14/2026,20:00,N,LZ_NORTH,45.4
08/14/2026,21:00,N,LZ_NORTH,40.03
08/14/2026,22:00,N,LZ_NORTH,39.47
08/14/2026,23:00,N,LZ_NORTH,35.99
08/14/2026,24:00,N,LZ_NORTH,29.94
08/15/2026,01:00,N,LZ_NORTH,24.59
08/15/2026,02:00,N,LZ_NORTH,23.92
08/15/2026,03:00,N,LZ_NORTH,23.35
08/15/2026,04:00,N,LZ_NORTH,22.44
08/15/2026,05:00,N,LZ_NORTH,22.06
08/15/2026,06:00,N,LZ_NORTH,22.79
08/15/2026,07:00,N,LZ_NORTH,23.5
08/15/2026,08:00,N,LZ_NORTH,22.67
08/15/2026,09:00,N,LZ_NORTH,17.62
08/15/2026,10:00,N,LZ_NORTH,13.56
08/15/2026,11:00,N,LZ_NORTH,14.05
08/15/2026,12:00,N,LZ_NORTH,16.58
08/15/2026,13:00,N,LZ_NORTH,19.28
08/15/2026,14:00,N,LZ_NORTH,22.75
08/15/2026,15:00,N,LZ_NORTH,26.44
08/15/2026,16:00,N,LZ_NORTH,30.29
08/15/2026,17:00,N,LZ_NORTH,34.31
08/15/2026,18:00,N,LZ_NORTH,35.32
08/15/2026,19:00,N,LZ_NORTH,41.69
08/15/2026,20:00,N,LZ_NORTH,47.67
08/15/2026,21:00,N,LZ_NORTH,44.95
08/15/2026,22:00,N,LZ_NORTH,44.81
08/15/2026,23:00,N,LZ_NORTH,38.23
08/15/2026,24:00,N,LZ_NORTH,31.78
08/16/2026,01:00,N,LZ_NORTH,24.69
08/16/2026,02:00,N,LZ_NORTH,23.43
08/16/2026,03:00,N,LZ_NORTH,22.72
08/16/2026,04:00,N,LZ_NORTH,22.64
08/16/2026,05:00,N,LZ_NORTH,21.96
08/16/2026,06:00,N,LZ_NORTH,22.86
08/16/2026,07:00,N,LZ_NORTH,22.12
08/16/2026,08:00,N,LZ_NORTH,20.11
08/16/2026,09:00,N,LZ_NORTH,16.11
08/16/2026,10:00,N,LZ_NORTH,13.16
08/16/2026,11:00,N,LZ_NORTH,13.77
08/16/2026,12:00,N,LZ_NORTH,16.87
08/16/2026,13:00,N,LZ_NORTH,22.46
08/16/2026,14:00,N,LZ_NORTH,27.54
08/16/2026,15:00,N,LZ_NORTH,32.55
08/16/2026,16:00,N,LZ_NORTH,35.67
08/16/2026,17:00,N,LZ_NORTH,37.55
08/16/2026,18:00,N,LZ_NORTH,41.45
08/16/2026,19:00,N,LZ_NORTH,57.31
08/16/2026,20:00,N,LZ_NORTH,71.94
08/16/2026,21:00,N,LZ_NORTH,64.07
08/16/2026,22:00,N,LZ_NORTH,57.78
08/16/2026,23:00,N,LZ_NORTH,52.72
08/16/2026,24:00,N,LZ_NORTH,31.95
08/17/2026,01:00,N,LZ_NORTH,28.71
08/17/2026,02:00,N,LZ_NORTH,26.46
08/17/2026,03:00,N,LZ_NORTH,25.58
08/17/2026,04:00,N,LZ_NORTH,24.41
08/17/2026,05:00,N,LZ_NORTH,26.17
08/17/2026,06:00,N,LZ_NORTH,29.16
08/17/2026,07:00,N,LZ_NORTH,31.9
08/17/2026,08:00,N,LZ_NORTH,30.59
08/17/2026,09:00,N,LZ_NORTH,21.57
08/17/2026,10:00,N,LZ_NORTH,19.82
08/17/2026,11:00,N,LZ_NORTH,20.72
08/17/2026,12:00,N,LZ_NORTH,22.98
08/17/2026,13:00,N,LZ_NORTH,29.28
08/17/2026,14:00,N,LZ_NORTH,34.38
08/17/2026,15:00,N,LZ_NORTH,41.02
08/17/2026,16:00,N,LZ_NORTH,44.79
08/17/2026,17:00,N,LZ_NORTH,51.4
08/17/2026,18:00,N,LZ_NORTH,61.25
08/17/2026,19:00,N,LZ_NORTH,94.76
08/17/2026,20:00,N,LZ_NORTH,134.05
08/17/2026,21:00,N,LZ_NORTH,128.23
08/17/2026,22:00,N,LZ_NORTH,128.86
08/17/2026,23:00,N,LZ_NORTH,79.1
08/17/2026,24:00,N,LZ_NORTH,37.97
08/18/2026,01:00,N,LZ_NORTH,28.99
08/18/2026,02:00,N,LZ_NORTH,25.67
08/18/2026,03:00,N,LZ_NORTH,24.07
08/18/2026,04:00,N,LZ_NORTH,23.44
08/18/2026,05:00,N,LZ_NORTH,23.22
08/18/2026,06:00,N,LZ_NORTH,23.98
08/18/2026,07:00,N,LZ_NORTH,24.02
08/18/2026,08:00,N,LZ_NORTH,22.81
08/18/2026,09:00,N,LZ_NORTH,18.73
08/18/2026,10:00,N,LZ_NORTH,16.16
08/18/2026,11:00,N,LZ_NORTH,17.46
08/18/2026,12:00,N,LZ_NORTH,22.22
08/18/2026,13:00,N,LZ_NORTH,27.03
08/18/2026,14:00,N,LZ_NORTH,31.3
08/18/2026,15:00,N,LZ_NORTH,34.14
08/18/2026,16:00,N,LZ_NORTH,37.86
08/18/2026,17:00,N,LZ_NORTH,43.22
08/18/2026,18:00,N,LZ_NORTH,49.04
08/18/2026,19:00,N,LZ_NORTH,69.16
08/18/2026,20:00,N,LZ_NORTH,81.72
08/18/2026,21:00,N,LZ_NORTH,78.44
08/18/2026,22:00,N,LZ_NORTH,60.12
08/18/2026,23:00,N,LZ_NORTH,41.0
08/18/2026,24:00,N,LZ_NORTH,29.58
08/19/2026,01:00,N,LZ_NORTH,24.62
08/19/2026,02:00,N,LZ_NORTH,22.25
08/19/2026,03:00,N,LZ_NORTH,21.22
08/19/2026,04:00,N,LZ_NORTH,21.39
08/19/2026,05:00,N,LZ_NORTH,21.23
08/19/2026,06:00,N,LZ_NORTH,21.97
08/19/2026,07:00,N,LZ_NORTH,21.89
08/19/2026,08:00,N,LZ_NORTH,20.13
08/19/2026,09:00,N,LZ_NORTH,16.45
08/19/2026,10:00,N,LZ_NORTH,14.5
08/19/2026,11:00,N,LZ_NORTH,15.13
08/19/2026,12:00,N,LZ_NORTH,17.72
08/19/2026,13:00,N,LZ_NORTH,23.19
08/19/2026,14:00,N,LZ_NORTH,31.63
08/19/2026,15:00,N,LZ_NORTH,37.8
08/19/2026,16:00,N,LZ_NORTH,43.83
08/19/2026,17:00,N,LZ_NORTH,50.96
08/19/2026,18:00,N,LZ_NORTH,56.77
08/19/2026,19:00,N,LZ_NORTH,79.88
08/19/2026,20:00,N,LZ_NORTH,109.43
08/19/2026,21:00,N,LZ_NORTH,100.55
08/19/2026,22:00,N,LZ_NORTH,67.46
08/19/2026,23:00,N,LZ_NORTH,41.2
08/19/2026,24:00,N,LZ_NORTH,31.5
08/20/2026,01:00,N,LZ_NORTH,23.66
08/20/2026,02:00,N,LZ_NORTH,21.87
08/20/2026,03:00,N,LZ_NORTH,21.59
08/20/2026,04:00,N,LZ_NORTH,21.99
08/20/2026,05:00,N,LZ_NORTH,22.99
08/20/2026,06:00,N,LZ_NORTH,24.71
08/20/2026,07:00,N,LZ_NORTH,27.17
08/20/2026,08:00,N,LZ_NORTH,25.05
08/20/2026,09:00,N,LZ_NORTH,20.45
08/20/2026,10:00,N,LZ_NORTH,18.25
08/20/2026,11:00,N,LZ_NORTH,19.09
08/20/2026,12:00,N,LZ_NORTH,22.27
08/20/2026,13:00,N,LZ_NORTH,27.12
08/20/2026,14:00,N,LZ_NORTH,35.34
08/20/2026,15:00,N,LZ_NORTH,44.4
08/20/2026,16:00,N,LZ_NORTH,52.35
08/20/2026,17:00,N,LZ_NORTH,62.57
08/20/2026,18:00,N,LZ_NORTH,75.57
08/20/2026,19:00,N,LZ_NORTH,119.39
08/20/2026,20:00,N,LZ_NORTH,171.79
08/20/2026,21:00,N,LZ_NORTH,152.96
08/20/2026,22:00,N,LZ_NORTH,127.72
08/20/2026,23:00,N,LZ_NORTH,61.07
08/20/2026,24:00,N,LZ_NORTH,36.32
08/21/2026,01:00,N,LZ_NORTH,27.07
08/21/2026,02:00,N,LZ_NORTH,24.19
08/21/2026,03:00,N,LZ_NORTH,23.75
08/21/2026,04:00,N,LZ_NORTH,23.77
08/21/2026,05:00,N,LZ_NORTH,23.41
08/21/2026,06:00,N,LZ_NORTH,25.85
08/21/2026,07:00,N,LZ_NORTH,26.44
08/21/2026,08:00,N,LZ_NORTH,25.76
08/21/2026,09:00,N,LZ_NORTH,20.45
08/21/2026,10:00,N,LZ_NORTH,19.14
08/21/2026,11:00,N,LZ_NORTH,20.92
08/21/2026,12:00,N,LZ_NORTH,24.33
08/21/2026,13:00,N,LZ_NORTH,30.63
08/21/2026,14:00,N,LZ_NORTH,37.75
08/21/2026,15:00,N,LZ_NORTH,48.26
08/21/2026,16:00,N,LZ_NORTH,57.44
08/21/2026,17:00,N,LZ_NORTH,74.96
08/21/2026,18:00,N,LZ_NORTH,83.05
08/21/2026,19:00,N,LZ_NORTH,137.76
08/21/2026,20:00,N,LZ_NORTH,142.21
08/21/2026,21:00,N,LZ_NORTH,112.65
08/21/2026,22:00,N,LZ_NORTH,77.95
08/21/2026,23:00,N,LZ_NORTH,47.03
08/21/2026,24:00,N,LZ_NORTH,30.99
08/22/2026,01:00,N,LZ_NORTH,25.43
08/22/2026,02:00,N,LZ_NORTH,23.62
08/22/2026,03:00,N,LZ_NORTH,22.41
08/22/2026,04:00,N,LZ_NORTH,21.78
08/22/2026,05:00,N,LZ_NORTH,21.6
08/22/2026,06:00,N,LZ_NORTH,22.13
08/22/2026,07:00,N,LZ_NORTH,21.85
08/22/2026,08:00,N,LZ_NORTH,20.97
08/22/2026,09:00,N,LZ_NORTH,17.83
08/22/2026,10:00,N,LZ_NORTH,17.94
08/22/2026,11:00,N,LZ_NORTH,19.08
08/22/2026,12:00,N,LZ_NORTH,22.21
08/22/2026,13:00,N,LZ_NORTH,30.57
08/22/2026,14:00,N,LZ_NORTH,35.77
08/22/2026,15:00,N,LZ_NORTH,42.21
08/22/2026,16:00,N,LZ_NORTH,49.98
08/22/2026,17:00,N,LZ_NORTH,67.34
08/22/2026,18:00,N,LZ_NORTH,70.56
08/22/2026,19:00,N,LZ_NORTH,98.62
08/22/2026,20:00,N,LZ_NORTH,114.13
08/22/2026,21:00,N,LZ_NORTH,96.69
08/22/2026,22:00,N,LZ_NORTH,73.8
08/22/2026,23:00,N,LZ_NORTH,40.87
08/22/2026,24:00,N,LZ_NORTH,31.11
08/23/2026,01:00,N,LZ_NORTH,30.96
08/23/2026,02:00,N,LZ_NORTH,26.91
08/23/2026,03:00,N,LZ_NORTH,24.16
08/23/2026,04:00,N,LZ_NORTH,23.28
08/23/2026,05:00,N,LZ_NORTH,22.93
08/23/2026,06:00,N,LZ_NORTH,23.18
08/23/2026,07:00,N,LZ_NORTH,22.78
08/23/2026,08:00,N,LZ_NORTH,21.05
08/23/2026,09:00,N,LZ_NORTH,18.25
08/23/2026,10:00,N,LZ_NORTH,16.06
08/23/2026,11:00,N,LZ_NORTH,16.63
08/23/2026,12:00,N,LZ_NORTH,19.74
08/23/2026,13:00,N,LZ_NORTH,24.02
08/23/2026,14:00,N,LZ_NORTH,32.15
08/23/2026,15:00,N,LZ_NORTH,35.56
08/23/2026,16:00,N,LZ_NORTH,37.3
08/23/2026,17:00,N,LZ_NORTH,43.6
08/23/2026,18:00,N,LZ_NORTH,50.06
08/23/2026,19:00,N,LZ_NORTH,67.98
08/23/2026,20:00,N,LZ_NORTH,88.46
08/23/2026,21:00,N,LZ_NORTH,68.51
08/23/2026,22:00,N,LZ_NORTH,57.09
08/23/2026,23:00,N,LZ_NORTH,35.73
08/23/2026,24:00,N,LZ_NORTH,28.73
08/24/2026,01:00,N,LZ_NORTH,28.79
08/24/2026,02:00,N,LZ_NORTH,24.03
08/24/2026,03:00,N,LZ_NORTH,23.3
08/24/2026,04:00,N,LZ_NORTH,22.87
08/24/2026,05:00,N,LZ_NORTH,22.82
08/24/2026,06:00,N,LZ_NORTH,23.58
08/24/2026,07:00,N,LZ_NORTH,23.35
08/24/2026,08:00,N,LZ_NORTH,22.87
08/24/2026,09:00,N,LZ_NORTH,17.66
08/24/2026,10:00,N,LZ_NORTH,14.88
08/24/2026,11:00,N,LZ_NORTH,15.01
08/24/2026,12:00,N,LZ_NORTH,18.09
08/24/2026,13:00,N,LZ_NORTH,23.95
08/24/2026,14:00,N,LZ_NORTH,33.36
08/24/2026,15:00,N,LZ_NORTH,37.41
08/24/2026,16:00,N,LZ_NORTH,42.54
08/24/2026,17:00,N,LZ_NORTH,47.88
08/24/2026,18:00,N,LZ_NORTH,54.34
08/24/2026,19:00,N,LZ_NORTH,74.74
08/24/2026,20:00,N,LZ_NORTH,88.43
08/24/2026,21:00,N,LZ_NORTH,77.93
08/24/2026,22:00,N,LZ_NORTH,57.85
08/24/2026,23:00,N,LZ_NORTH,40.46
08/24/2026,24:00,N,LZ_NORTH,30.18
08/25/2026,01:00,N,LZ_NORTH,24.08
08/25/2026,02:00,N,LZ_NORTH,22.55
08/25/2026,03:00,N,LZ_NORTH,21.83
08/25/2026,04:00,N,LZ_NORTH,21.49
08/25/2026,05:00,N,LZ_NORTH,21.66
08/25/2026,06:00,N,LZ_NORTH,22.6
08/25/2026,07:00,N,LZ_NORTH,23.07
08/25/2026,08:00,N,LZ_NORTH,23.26
08/25/2026,09:00,N,LZ_NORTH,20.03
08/25/2026,10:00,N,LZ_NORTH,19.13
08/25/2026,11:00,N,LZ_NORTH,20.41
08/25/2026,12:00,N,LZ_NORTH,24.14
08/25/2026,13:00,N,LZ_NORTH,29.59
08/25/2026,14:00,N,LZ_NORTH,35.31
08/25/2026,15:00,N,LZ_NORTH,39.47
08/25/2026,16:00,N,LZ_NORTH,41.15
08/25/2026,17:00,N,LZ_NORTH,45.85
08/25/2026,18:00,N,LZ_NORTH,53.25
08/25/2026,19:00,N,LZ_NORTH,85.83
08/25/2026,20:00,N,LZ_NORTH,114.0
08/25/2026,21:00,N,LZ_NORTH,101.21
08/25/2026,22:00,N,LZ_NORTH,70.26
08/25/2026,23:00,N,LZ_NORTH,43.87
08/25/2026,24:00,N,LZ_NORTH,33.38
08/26/2026,01:00,N,LZ_NORTH,28.07
08/26/2026,02:00,N,LZ_NORTH,26.36
08/26/2026,03:00,N,LZ_NORTH,26.52
08/26/2026,04:00,N,LZ_NORTH,28.51
08/26/2026,05:00,N,LZ_NORTH,29.67
08/26/2026,06:00,N,LZ_NORTH,32.2
08/26/2026,07:00,N,LZ_NORTH,35.07
08/26/2026,08:00,N,LZ_NORTH,32.35
08/26/2026,09:00,N,LZ_NORTH,26.61
08/26/2026,10:00,N,LZ_NORTH,24.83
08/26/2026,11:00,N,LZ_NORTH,25.16
08/26/2026,12:00,N,LZ_NORTH,28.75
08/26/2026,13:00,N,LZ_NORTH,33.66
08/26/2026,14:00,N,LZ_NORTH,38.15
08/26/2026,15:00,N,LZ_NORTH,48.1
08/26/2026,16:00,N,LZ_NORTH,57.95
08/26/2026,17:00,N,LZ_NORTH,69.67
08/26/2026,18:00,N,LZ_NORTH,79.14
08/26/2026,19:00,N,LZ_NORTH,123.39
08/26/2026,20:00,N,LZ_NORTH,159.82
08/26/2026,21:00,N,LZ_NORTH,139.5
08/26/2026,22:00,N,LZ_NORTH,147.15
08/26/2026,23:00,N,LZ_NORTH,100.5
08/26/2026,24:00,N,LZ_NORTH,60.54
08/27/2026,01:00,N,LZ_NORTH,68.2
08/27/2026,02:00,N,LZ_NORTH,53.56
08/27/2026,03:00,N,LZ_NORTH,48.36
08/27/2026,04:00,N,LZ_NORTH,43.83
08/27/2026,05:00,N,LZ_NORTH,40.72
08/27/2026,06:00,N,LZ_NORTH,41.63
08/27/2026,07:00,N,LZ_NORTH,47.08
08/27/2026,08:00,N,LZ_NORTH,39.47
08/27/2026,09:00,N,LZ_NORTH,28.0
08/27/2026,10:00,N,LZ_NORTH,26.51
08/27/2026,11:00,N,LZ_NORTH,27.3
08/27/2026,12:00,N,LZ_NORTH,28.2
08/27/2026,13:00,N,LZ_NORTH,33.48
08/27/2026,14:00,N,LZ_NORTH,35.8
08/27/2026,15:00,N,LZ_NORTH,41.35
08/27/2026,16:00,N,LZ_NORTH,44.05
08/27/2026,17:00,N,LZ_NORTH,54.82
08/27/2026,18:00,N,LZ_NORTH,65.44
08/27/2026,19:00,N,LZ_NORTH,93.66
08/27/2026,20:00,N,LZ_NORTH,103.29
08/27/2026,21:00,N,LZ_NORTH,108.08
08/27/2026,22:00,N,LZ_NORTH,103.63
08/27/2026,23:00,N,LZ_NORTH,81.55
08/27/2026,24:00,N,LZ_NORTH,50.16
08/28/2026,01:00,N,LZ_NORTH,43.63
08/28/2026,02:00,N,LZ_NORTH,38.44
08/28/2026,03:00,N,LZ_NORTH,34.55
08/28/2026,04:00,N,LZ_NORTH,31.39
08/28/2026,05:00,N,LZ_NORTH,32.31
08/28/2026,06:00,N,LZ_NORTH,33.61
08/28/2026,07:00,N,LZ_NORTH,37.17
08/28/2026,08:00,N,LZ_NORTH,31.77
08/28/2026,09:00,N,LZ_NORTH,23.08
08/28/2026,10:00,N,LZ_NORTH,21.1
08/28/2026,11:00,N,LZ_NORTH,21.86
08/28/2026,12:00,N,LZ_NORTH,23.31
08/28/2026,13:00,N,LZ_NORTH,28.48
08/28/2026,14:00,N,LZ_NORTH,34.9
08/28/2026,15:00,N,LZ_NORTH,38.43
08/28/2026,16:00,N,LZ_NORTH,40.94
08/28/2026,17:00,N,LZ_NORTH,43.83
08/28/2026,18:00,N,LZ_NORTH,52.26
08/28/2026,19:00,N,LZ_NORTH,78.92
08/28/2026,20:00,N,LZ_NORTH,86.73
08/28/2026,21:00,N,LZ_NORTH,74.41
08/28/2026,22:00,N,LZ_NORTH,60.2
08/28/2026,23:00,N,LZ_NORTH,42.36
08/28/2026,24:00,N,LZ_NORTH,32.66
08/29/2026,01:00,N,LZ_NORTH,32.21
08/29/2026,02:00,N,LZ_NORTH,28.73
08/29/2026,03:00,N,LZ_NORTH,26.73
08/29/2026,04:00,N,LZ_NORTH,25.1
08/29/2026,05:00,N,LZ_NORTH,23.48
08/29/2026,06:00,N,LZ_NORTH,23.54
08/29/2026,07:00,N,LZ_NORTH,22.92
08/29/2026,08:00,N,LZ_NORTH,21.94
08/29/2026,09:00,N,LZ_NORTH,17.13
08/29/2026,10:00,N,LZ_NORTH,15.81
08/29/2026,11:00,N,LZ_NORTH,15.97
08/29/2026,12:00,N,LZ_NORTH,16.91
08/29/2026,13:00,N,LZ_NORTH,20.78
08/29/2026,14:00,N,LZ_NORTH,26.22
08/29/2026,15:00,N,LZ_NORTH,29.94
08/29/2026,16:00,N,LZ_NORTH,34.24
08/29/2026,17:00,N,LZ_NORTH,35.7
08/29/2026,18:00,N,LZ_NORTH,40.78
08/29/2026,19:00,N,LZ_NORTH,57.96
08/29/2026,20:00,N,LZ_NORTH,68.37
08/29/2026,21:00,N,LZ_NORTH,58.54
08/29/2026,22:00,N,LZ_NORTH,49.47
08/29/2026,23:00,N,LZ_NORTH,35.0
08/29/2026,24:00,N,LZ_NORTH,28.41
08/30/2026,01:00,N,LZ_NORTH,23.11
08/30/2026,02:00,N,LZ_NORTH,21.71
08/30/2026,03:00,N,LZ_NORTH,21.02
08/30/2026,04:00,N,LZ_NORTH,19.94
08/30/2026,05:00,N,LZ_NORTH,19.61
08/30/2026,06:00,N,LZ_NORTH,19.56
08/30/2026,07:00,N,LZ_NORTH,19.2
08/30/2026,08:00,N,LZ_NORTH,18.36
08/30/2026,09:00,N,LZ_NORTH,14.23
08/30/2026,10:00,N,LZ_NORTH,10.51
08/30/2026,11:00,N,LZ_NORTH,12.06
08/30/2026,12:00,N,LZ_NORTH,15.22
08/30/2026,13:00,N,LZ_NORTH,17.63
08/30/2026,14:00,N,LZ_NORTH,22.1
08/30/2026,15:00,N,LZ_NORTH,26.92
08/30/2026,16:00,N,LZ_NORTH,30.6
08/30/2026,17:00,N,LZ_NORTH,33.17
08/30/2026,18:00,N,LZ_NORTH,35.11
08/30/2026,19:00,N,LZ_NORTH,47.75
08/30/2026,20:00,N,LZ_NORTH,59.81
08/30/2026,21:00,N,LZ_NORTH,51.31
08/30/2026,22:00,N,LZ_NORTH,43.42
08/30/2026,23:00,N,LZ_NORTH,35.05
08/30/2026,24:00,N,LZ_NORTH,24.41
08/31/2026,01:00,N,LZ_NORTH,23.71
08/31/2026,02:00,N,LZ_NORTH,21.77
08/31/2026,03:00,N,LZ_NORTH,21.37
08/31/2026,04:00,N,LZ_NORTH,20.93
08/31/2026,05:00,N,LZ_NORTH,21.16
08/31/2026,06:00,N,LZ_NORTH,22.86
08/31/2026,07:00,N,LZ_NORTH,24.39
08/31/2026,08:00,N,LZ_NORTH,24.02
08/31/2026,09:00,N,LZ_NORTH,18.11
08/31/2026,10:00,N,LZ_NORTH,14.18
08/31/2026,11:00,N,LZ_NORTH,14.75
08/31/2026,12:00,N,LZ_NORTH,18.71
08/31/2026,13:00,N,LZ_NORTH,23.9
08/31/2026,14:00,N,LZ_NORTH,31.56
08/31/2026,15:00,N,LZ_NORTH,35.05
08/31/2026,16:00,N,LZ_NORTH,37.7
08/31/2026,17:00,N,LZ_NORTH,38.75
08/31/2026,18:00,N,LZ_NORTH,41.87
08/31/2026,19:00,N,LZ_NORTH,55.55
08/31/2026,20:00,N,LZ_NORTH,74.8
08/31/2026,21:00,N,LZ_NORTH,65.56
08/31/2026,22:00,N,LZ_NORTH,50.67
08/31/2026,23:00,N,LZ_NORTH,40.39
08/31/2026,24:00,N,LZ_NORTH,28.85
09/01/2026,01:00,N,LZ_NORTH,25.52
09/01/2026,02:00,N,LZ_NORTH,23.76
09/01/2026,03:00,N,LZ_NORTH,23.65
09/01/2026,04:00,N,LZ_NORTH,24.38
09/01/2026,05:00,N,LZ_NORTH,23.47
09/01/2026,06:00,N,LZ_NORTH,27.67
09/01/2026,07:00,N,LZ_NORTH,30.73
09/01/2026,08:00,N,LZ_NORTH,28.41
09/01/2026,09:00,N,LZ_NORTH,21.99
09/01/2026,10:00,N,LZ_NORTH,19.35
09/01/2026,11:00,N,LZ_NORTH,19.77
09/01/2026,12:00,N,LZ_NORTH,22.8
09/01/2026,13:00,N,LZ_NORTH,29.11
09/01/2026,14:00,N,LZ_NORTH,37.44
09/01/2026,15:00,N,LZ_NORTH,41.3
09/01/2026,16:00,N,LZ_NORTH,44.63
09/01/2026,17:00,N,LZ_NORTH,48.24
09/01/2026,18:00,N,LZ_NORTH,54.22
09/01/2026,19:00,N,LZ_NORTH,68.12
09/01/2026,20:00,N,LZ_NORTH,67.9
09/01/2026,21:00,N,LZ_NORTH,56.35
09/01/2026,22:00,N,LZ_NORTH,47.97
09/01/2026,23:00,N,LZ_NORTH,38.27
09/01/2026,24:00,N,LZ_NORTH,30.48
09/02/2026,01:00,N,LZ_NORTH,26.59
09/02/2026,02:00,N,LZ_NORTH,24.38
09/02/2026,03:00,N,LZ_NORTH,23.51
09/02/2026,04:00,N,LZ_NORTH,23.5
09/02/2026,05:00,N,LZ_NORTH,25.19
09/02/2026,06:00,N,LZ_NORTH,27.95
09/02/2026,07:00,N,LZ_NORTH,30.06
09/02/2026,08:00,N,LZ_NORTH,29.52
09/02/2026,09:00,N,LZ_NORTH,23.7
09/02/2026,10:00,N,LZ_NORTH,22.84
09/02/2026,11:00,N,LZ_NORTH,23.14
09/02/2026,12:00,N,LZ_NORTH,26.24
09/02/2026,13:00,N,LZ_NORTH,32.99
09/02/2026,14:00,N,LZ_NORTH,39.38
09/02/2026,15:00,N,LZ_NORTH,43.5
09/02/2026,16:00,N,LZ_NORTH,51.96
09/02/2026,17:00,N,LZ_NORTH,52.79
09/02/2026,18:00,N,LZ_NORTH,60.17
09/02/2026,19:00,N,LZ_NORTH,68.4
09/02/2026,20:00,N,LZ_NORTH,65.33
09/02/2026,21:00,N,LZ_NORTH,54.47
09/02/2026,22:00,N,LZ_NORTH,43.7
09/02/2026,23:00,N,LZ_NORTH,33.45
09/02/2026,24:00,N,LZ_NORTH,27.82
09/03/2026,01:00,N,LZ_NORTH,25.97
09/03/2026,02:00,N,LZ_NORTH,24.58
09/03/2026,03:00,N,LZ_NORTH,24.99
09/03/2026,04:00,N,LZ_NORTH,25.11
09/03/2026,05:00,N,LZ_NORTH,24.99
09/03/2026,06:00,N,LZ_NORTH,29.08
09/03/2026,07:00,N,LZ_NORTH,31.67
09/03/2026,08:00,N,LZ_NORTH,30.92
09/03/2026,09:00,N,LZ_NORTH,26.19
09/03/2026,10:00,N,LZ_NORTH,25.01
09/03/2026,11:00,N,LZ_NORTH,26.21
09/03/2026,12:00,N,LZ_NORTH,28.68
09/03/2026,13:00,N,LZ_NORTH,34.34
09/03/2026,14:00,N,LZ_NORTH,38.41
09/03/2026,15:00,N,LZ_NORTH,41.06
09/03/2026,16:00,N,LZ_NORTH,42.09
09/03/2026,17:00,N,LZ_NORTH,41.68
09/03/2026,18:00,N,LZ_NORTH,47.06
09/03/2026,19:00,N,LZ_NORTH,57.3
09/03/2026,20:00,N,LZ_NORTH,58.31
09/03/2026,21:00,N,LZ_NORTH,53.97
09/03/2026,22:00,N,LZ_NORTH,40.95
09/03/2026,23:00,N,LZ_NORTH,33.41
09/03/2026,24:00,N,LZ_NORTH,26.74
09/04/2026,01:00,N,LZ_NORTH,28.63
09/04/2026,02:00,N,LZ_NORTH,26.15
09/04/2026,03:00,N,LZ_NORTH,25.82
09/04/2026,04:00,N,LZ_NORTH,25.93
09/04/2026,05:00,N,LZ_NORTH,27.09
09/04/2026,06:00,N,LZ_NORTH,30.0
09/04/2026,07:00,N,LZ_NORTH,31.46
09/04/2026,08:00,N,LZ_NORTH,30.83
09/04/2026,09:00,N,LZ_NORTH,24.7
09/04/2026,10:00,N,LZ_NORTH,22.24
09/04/2026,11:00,N,LZ_NORTH,22.16
09/04/2026,12:00,N,LZ_NORTH,23.69
09/04/2026,13:00,N,LZ_NORTH,27.85
09/04/2026,14:00,N,LZ_NORTH,31.79
09/04/2026,15:00,N,LZ_NORTH,33.23
09/04/2026,16:00,N,LZ_NORTH,34.7
09/04/2026,17:00,N,LZ_NORTH,35.84
09/04/2026,18:00,N,LZ_NORTH,36.97
09/04/2026,19:00,N,LZ_NORTH,46.86
09/04/2026,20:00,N,LZ_NORTH,51.21
09/04/2026,21:00,N,LZ_NORTH,46.86
09/04/2026,22:00,N,LZ_NORTH,39.35
09/04/2026,23:00,N,LZ_NORTH,35.56
09/04/2026,24:00,N,LZ_NORTH,31.49
09/05/2026,01:00,N,LZ_NORTH,29.76
09/05/2026,02:00,N,LZ_NORTH,27.28
09/05/2026,03:00,N,LZ_NORTH,27.7
09/05/2026,04:00,N,LZ_NORTH,27.07
09/05/2026,05:00,N,LZ_NORTH,27.21
09/05/2026,06:00,N,LZ_NORTH,29.44
09/05/2026,07:00,N,LZ_NORTH,29.68
09/05/2026,08:00,N,LZ_NORTH,29.34
09/05/2026,09:00,N,LZ_NORTH,22.06
09/05/2026,10:00,N,LZ_NORTH,20.26
09/05/2026,11:00,N,LZ_NORTH,20.94
09/05/2026,12:00,N,LZ_NORTH,23.04
09/05/2026,13:00,N,LZ_NORTH,28.03
09/05/2026,14:00,N,LZ_NORTH,33.97
09/05/2026,15:00,N,LZ_NORTH,35.11
09/05/2026,16:00,N,LZ_NORTH,38.91
09/05/2026,17:00,N,LZ_NORTH,41.61
09/05/2026,18:00,N,LZ_NORTH,49.16
09/05/2026,19:00,N,LZ_NORTH,59.81
09/05/2026,20:00,N,LZ_NORTH,64.17
09/05/2026,21:00,N,LZ_NORTH,57.75
09/05/2026,22:00,N,LZ_NORTH,51.86
09/05/2026,23:00,N,LZ_NORTH,39.3
09/05/2026,24:00,N,LZ_NORTH,35.12
09/06/2026,01:00,N,LZ_NORTH,31.47
09/06/2026,02:00,N,LZ_NORTH,29.94
09/06/2026,03:00,N,LZ_NORTH,30.13
09/06/2026,04:00,N,LZ_NORTH,32.85
09/06/2026,05:00,N,LZ_NORTH,34.98
09/06/2026,06:00,N,LZ_NORTH,37.18
09/06/2026,07:00,N,LZ_NORTH,34.12
09/06/2026,08:00,N,LZ_NORTH,31.64
09/06/2026,09:00,N,LZ_NORTH,23.28
09/06/2026,10:00,N,LZ_NORTH,20.76
09/06/2026,11:00,N,LZ_NORTH,20.29
09/06/2026,12:00,N,LZ_NORTH,22.28
09/06/2026,13:00,N,LZ_NORTH,25.47
09/06/2026,14:00,N,LZ_NORTH,29.88
09/06/2026,15:00,N,LZ_NORTH,34.26
09/06/2026,16:00,N,LZ_NORTH,37.16
09/06/2026,17:00,N,LZ_NORTH,40.38
09/06/2026,18:00,N,LZ_NORTH,46.19
09/06/2026,19:00,N,LZ_NORTH,56.89
09/06/2026,20:00,N,LZ_NORTH,65.68
09/06/2026,21:00,N,LZ_NORTH,61.92
09/06/2026,22:00,N,LZ_NORTH,56.0
09/06/2026,23:00,N,LZ_NORTH,49.96
09/06/2026,24:00,N,LZ_NORTH,37.82
09/07/2026,01:00,N,LZ_NORTH,44.3
09/07/2026,02:00,N,LZ_NORTH,39.98
09/07/2026,03:00,N,LZ_NORTH,37.38
09/07/2026,04:00,N,LZ_NORTH,35.98
09/07/2026,05:00,N,LZ_NORTH,36.76
09/07/2026,06:00,N,LZ_NORTH,40.19
09/07/2026,07:00,N,LZ_NORTH,36.86
09/07/2026,08:00,N,LZ_NORTH,33.89
09/07/2026,09:00,N,LZ_NORTH,24.3
09/07/2026,10:00,N,LZ_NORTH,22.24
09/07/2026,11:00,N,LZ_NORTH,21.74
09/07/2026,12:00,N,LZ_NORTH,22.87
09/07/2026,13:00,N,LZ_NORTH,27.0
09/07/2026,14:00,N,LZ_NORTH,33.39
09/07/2026,15:00,N,LZ_NORTH,38.74
09/07/2026,16:00,N,LZ_NORTH,41.32
09/07/2026,17:00,N,LZ_NORTH,42.92
09/07/2026,18:00,N,LZ_NORTH,53.2
09/07/2026,19:00,N,LZ_NORTH,76.71
09/07/2026,20:00,N,LZ_NORTH,88.65
09/07/2026,21:00,N,LZ_NORTH,81.35
09/07/2026,22:00,N,LZ_NORTH,70.58
09/07/2026,23:00,N,LZ_NORTH,63.15
09/07/2026,24:00,N,LZ_NORTH,41.41
09/08/2026,01:00,N,LZ_NORTH,33.15
09/08/2026,02:00,N,LZ_NORTH,30.46
09/08/2026,03:00,N,LZ_NORTH,29.99
09/08/2026,04:00,N,LZ_NORTH,28.93
09/08/2026,05:00,N,LZ_NORTH,29.74
09/08/2026,06:00,N,LZ_NORTH,34.99
09/08/2026,07:00,N,LZ_NORTH,37.17
09/08/2026,08:00,N,LZ_NORTH,34.71
09/08/2026,09:00,N,LZ_NORTH,24.62
09/08/2026,10:00,N,LZ_NORTH,20.35
09/08/2026,11:00,N,LZ_NORTH,19.98
09/08/2026,12:00,N,LZ_NORTH,21.8
09/08/2026,13:00,N,LZ_NORTH,26.62
09/08/2026,14:00,N,LZ_NORTH,32.98
09/08/2026,15:00,N,LZ_NORTH,34.84
09/08/2026,16:00,N,LZ_NORTH,37.39
09/08/2026,17:00,N,LZ_NORTH,42.3
09/08/2026,18:00,N,LZ_NORTH,46.95
09/08/2026,19:00,N,LZ_NORTH,70.51
09/08/2026,20:00,N,LZ_NORTH,88.0
09/08/2026,21:00,N,LZ_NORTH,79.04
09/08/2026,22:00,N,LZ_NORTH,67.67
09/08/2026,23:00,N,LZ_NORTH,49.0
09/08/2026,24:00,N,LZ_NORTH,37.23
09/09/2026,01:00,N,LZ_NORTH,32.62
09/09/2026,02:00,N,LZ_NORTH,30.39
09/09/2026,03:00,N,LZ_NORTH,30.06
09/09/2026,04:00,N,LZ_NORTH,28.7
09/09/2026,05:00,N,LZ_NORTH,30.06
09/09/2026,06:00,N,LZ_NORTH,33.92
09/09/2026,07:00,N,LZ_NORTH,40.01
09/09/2026,08:00,N,LZ_NORTH,35.24
09/09/2026,09:00,N,LZ_NORTH,26.44
09/09/2026,10:00,N,LZ_NORTH,21.67
09/09/2026,11:00,N,LZ_NORTH,21.95
09/09/2026,12:00,N,LZ_NORTH,25.59
09/09/2026,13:00,N,LZ_NORTH,32.74
09/09/2026,14:00,N,LZ_NORTH,38.52
09/09/2026,15:00,N,LZ_NORTH,41.98
09/09/2026,16:00,N,LZ_NORTH,43.74
09/09/2026,17:00,N,LZ_NORTH,45.52
09/09/2026,18:00,N,LZ_NORTH,59.03
09/09/2026,19:00,N,LZ_NORTH,87.54
09/09/2026,20:00,N,LZ_NORTH,107.0
09/09/2026,21:00,N,LZ_NORTH,100.54
09/09/2026,22:00,N,LZ_NORTH,92.89
09/09/2026,23:00,N,LZ_NORTH,58.5
09/09/2026,24:00,N,LZ_NORTH,40.09
09/10/2026,01:00,N,LZ_NORTH,32.45
09/10/2026,02:00,N,LZ_NORTH,29.45
09/10/2026,03:00,N,LZ_NORTH,30.47
09/10/2026,04:00,N,LZ_NORTH,28.87
09/10/2026,05:00,N,LZ_NORTH,30.09
09/10/2026,06:00,N,LZ_NORTH,33.91
09/10/2026,07:00,N,LZ_NORTH,39.01
09/10/2026,08:00,N,LZ_NORTH,37.41
09/10/2026,09:00,N,LZ_NORTH,26.14
09/10/2026,10:00,N,LZ_NORTH,22.58
09/10/2026,11:00,N,LZ_NORTH,23.37
09/10/2026,12:00,N,LZ_NORTH,24.73
09/10/2026,13:00,N,LZ_NORTH,30.59
09/10/2026,14:00,N,LZ_NORTH,40.03
09/10/2026,15:00,N,LZ_NORTH,42.98
09/10/2026,16:00,N,LZ_NORTH,43.69
09/10/2026,17:00,N,LZ_NORTH,49.48
09/10/2026,18:00,N,LZ_NORTH,61.11
09/10/2026,19:00,N,LZ_NORTH,85.36
09/10/2026,20:00,N,LZ_NORTH,97.47
09/10/2026,21:00,N,LZ_NORTH,97.85
09/10/2026,22:00,N,LZ_NORTH,84.54
09/10/2026,23:00,N,LZ_NORTH,58.99
09/10/2026,24:00,N,LZ_NORTH,40.18
09/11/2026,01:00,N,LZ_NORTH,34.8
09/11/2026,02:00,N,LZ_NORTH,31.5
09/11/2026,03:00,N,LZ_NORTH,30.55
09/11/2026,04:00,N,LZ_NORTH,30.0
09/11/2026,05:00,N,LZ_NORTH,30.0
09/11/2026,06:00,N,LZ_NORTH,32.49
09/11/2026,07:00,N,LZ_NORTH,37.76
09/11/2026,08:00,N,LZ_NORTH,35.36
09/11/2026,09:00,N,LZ_NORTH,27.12
09/11/2026,10:00,N,LZ_NORTH,23.63
09/11/2026,11:00,N,LZ_NORTH,22.9
09/11/2026,12:00,N,LZ_NORTH,23.55
09/11/2026,13:00,N,LZ_NORTH,26.69
09/11/2026,14:00,N,LZ_NORTH,32.53
09/11/2026,15:00,N,LZ_NORTH,33.77
09/11/2026,16:00,N,LZ_NORTH,34.13
09/11/2026,17:00,N,LZ_NORTH,33.87
09/11/2026,18:00,N,LZ_NORTH,38.57
09/11/2026,19:00,N,LZ_NORTH,53.16
09/11/2026,20:00,N,LZ_NORTH,56.35
09/11/2026,21:00,N,LZ_NORTH,48.59
09/11/2026,22:00,N,LZ_NORTH,36.39
09/11/2026,23:00,N,LZ_NORTH,28.18
09/11/2026,24:00,N,LZ_NORTH,23.56
09/12/2026,01:00,N,LZ_NORTH,24.01
09/12/2026,02:00,N,LZ_NORTH,23.48
09/12/2026,03:00,N,LZ_NORTH,23.3
09/12/2026,04:00,N,LZ_NORTH,23.2
09/12/2026,05:00,N,LZ_NORTH,22.81
09/12/2026,06:00,N,LZ_NORTH,23.73
09/12/2026,07:00,N,LZ_NORTH,25.86
09/12/2026,08:00,N,LZ_NORTH,24.33
09/12/2026,09:00,N,LZ_NORTH,17.35
09/12/2026,10:00,N,LZ_NORTH,13.65
09/12/2026,11:00,N,LZ_NORTH,14.56
09/12/2026,12:00,N,LZ_NORTH,17.7
09/12/2026,13:00,N,LZ_NORTH,21.83
09/12/2026,14:00,N,LZ_NORTH,26.36
09/12/2026,15:00,N,LZ_NORTH,28.85
09/12/2026,16:00,N,LZ_NORTH,32.34
09/12/2026,17:00,N,LZ_NORTH,33.94
09/12/2026,18:00,N,LZ_NORTH,36.31
09/12/2026,19:00,N,LZ_NORTH,52.66
09/12/2026,20:00,N,LZ_NORTH,56.18
09/12/2026,21:00,N,LZ_NORTH,51.95
09/12/2026,22:00,N,LZ_NORTH,48.35
09/12/2026,23:00,N,LZ_NORTH,33.7
09/12/2026,24:00,N,LZ_NORTH,27.92
09/13/2026,01:00,N,LZ_NORTH,28.01
09/13/2026,02:00,N,LZ_NORTH,25.76
09/13/2026,03:00,N,LZ_NORTH,26.01
09/13/2026,04:00,N,LZ_NORTH,25.85
09/13/2026,05:00,N,LZ_NORTH,26.45
09/13/2026,06:00,N,LZ_NORTH,29.02
09/13/2026,07:00,N,LZ_NORTH,31.97
09/13/2026,08:00,N,LZ_NORTH,29.66
09/13/2026,09:00,N,LZ_NORTH,20.06
09/13/2026,10:00,N,LZ_NORTH,15.8
09/13/2026,11:00,N,LZ_NORTH,15.55
09/13/2026,12:00,N,LZ_NORTH,17.03
09/13/2026,13:00,N,LZ_NORTH,20.37
09/13/2026,14:00,N,LZ_NORTH,22.79
09/13/2026,15:00,N,LZ_NORTH,25.74
09/13/2026,16:00,N,LZ_NORTH,27.02
09/13/2026,17:00,N,LZ_NORTH,28.2
09/13/2026,18:00,N,LZ_NORTH,31.7
09/13/2026,19:00,N,LZ_NORTH,52.31
09/13/2026,20:00,N,LZ_NORTH,57.42
09/13/2026,21:00,N,LZ_NORTH,52.46
09/13/2026,22:00,N,LZ_NORTH,48.13
09/13/2026,23:00,N,LZ_NORTH,35.35
09/13/2026,24:00,N,LZ_NORTH,30.29
09/14/2026,01:00,N,LZ_NORTH,28.33
09/14/2026,02:00,N,LZ_NORTH,25.12
09/14/2026,03:00,N,LZ_NORTH,24.6
09/14/2026,04:00,N,LZ_NORTH,24.17
09/14/2026,05:00,N,LZ_NORTH,24.18
09/14/2026,06:00,N,LZ_NORTH,26.49
09/14/2026,07:00,N,LZ_NORTH,30.32
09/14/2026,08:00,N,LZ_NORTH,28.66
09/14/2026,09:00,N,LZ_NORTH,20.92
09/14/2026,10:00,N,LZ_NORTH,16.31
09/14/2026,11:00,N,LZ_NORTH,16.08
09/14/2026,12:00,N,LZ_NORTH,18.28
09/14/2026,13:00,N,LZ_NORTH,20.5
09/14/2026,14:00,N,LZ_NORTH,23.56
09/14/2026,15:00,N,LZ_NORTH,25.77
09/14/2026,16:00,N,LZ_NORTH,28.53
09/14/2026,17:00,N,LZ_NORTH,31.2
09/14/2026,18:00,N,LZ_NORTH,34.09
09/14/2026,19:00,N,LZ_NORTH,47.74
09/14/2026,20:00,N,LZ_NORTH,51.88
09/14/2026,21:00,N,LZ_NORTH,48.28
09/14/2026,22:00,N,LZ_NORTH,41.66
09/14/2026,23:00,N,LZ_NORTH,32.85
09/14/2026,24:00,N,LZ_NORTH,27.23
09/15/2026,01:00,N,LZ_NORTH,26.83
09/15/2026,02:00,N,LZ_NORTH,24.61
09/15/2026,03:00,N,LZ_NORTH,23.18
09/15/2026,04:00,N,LZ_NORTH,23.37
09/15/2026,05:00,N,LZ_NORTH,23.28
09/15/2026,06:00,N,LZ_NORTH,24.4
09/15/2026,07:00,N,LZ_NORTH,26.16
09/15/2026,08:00,N,LZ_NORTH,25.75
09/15/2026,09:00,N,LZ_NORTH,18.5
09/15/2026,10:00,N,LZ_NORTH,15.62
09/15/2026,11:00,N,LZ_NORTH,15.76
09/15/2026,12:00,N,LZ_NORTH,16.53
09/15/2026,13:00,N,LZ_NORTH,21.58
09/15/2026,14:00,N,LZ_NORTH,24.24
09/15/2026,15:00,N,LZ_NORTH,27.72
09/15/2026,16:00,N,LZ_NORTH,29.42
09/15/2026,17:00,N,LZ_NORTH,32.82
09/15/2026,18:00,N,LZ_NORTH,34.76
09/15/2026,19:00,N,LZ_NORTH,47.78
09/15/2026,20:00,N,LZ_NORTH,61.22
09/15/2026,21:00,N,LZ_NORTH,54.32
09/15/2026,22:00,N,LZ_NORTH,52.39
09/15/2026,23:00,N,LZ_NORTH,44.5
09/15/2026,24:00,N,LZ_NORTH,40.0
09/16/2026,01:00,N,LZ_NORTH,34.57
09/16/2026,02:00,N,LZ_NORTH,31.48
09/16/2026,03:00,N,LZ_NORTH,31.12
09/16/2026,04:00,N,LZ_NORTH,30.72
09/16/2026,05:00,N,LZ_NORTH,32.13
09/16/2026,06:00,N,LZ_NORTH,38.39
09/16/2026,07:00,N,LZ_NORTH,40.01
09/16/2026,08:00,N,LZ_NORTH,36.23
09/16/2026,09:00,N,LZ_NORTH,26.23
09/16/2026,10:00,N,LZ_NORTH,20.59
09/16/2026,11:00,N,LZ_NORTH,19.25
09/16/2026,12:00,N,LZ_NORTH,21.88
09/16/2026,13:00,N,LZ_NORTH,25.9
09/16/2026,14:00,N,LZ_NORTH,33.63
09/16/2026,15:00,N,LZ_NORTH,38.5
09/16/2026,16:00,N,LZ_NORTH,47.02
09/16/2026,17:00,N,LZ_NORTH,49.79
09/16/2026,18:00,N,LZ_NORTH,61.98
09/16/2026,19:00,N,LZ_NORTH,85.5
09/16/2026,20:00,N,LZ_NORTH,89.6
09/16/2026,21:00,N,LZ_NORTH,81.17
09/16/2026,22:00,N,LZ_NORTH,62.23
09/16/2026,23:00,N,LZ_NORTH,47.61
09/16/2026,24:00,N,LZ_NORTH,37.27
09/17/2026,01:00,N,LZ_NORTH,35.01
09/17/2026,02:00,N,LZ_NORTH,33.37
09/17/2026,03:00,N,LZ_NORTH,34.45
09/17/2026,04:00,N,LZ_NORTH,33.42
09/17/2026,05:00,N,LZ_NORTH,34.93
09/17/2026,06:00,N,LZ_NORTH,37.86
09/17/2026,07:00,N,LZ_NORTH,42.03
09/17/2026,08:00,N,LZ_NORTH,41.63
09/17/2026,09:00,N,LZ_NORTH,31.72
09/17/2026,10:00,N,LZ_NORTH,26.09
09/17/2026,11:00,N,LZ_NORTH,25.16
09/17/2026,12:00,N,LZ_NORTH,26.61
09/17/2026,13:00,N,LZ_NORTH,32.63
09/17/2026,14:00,N,LZ_NORTH,42.78
09/17/2026,15:00,N,LZ_NORTH,49.03
09/17/2026,16:00,N,LZ_NORTH,55.97
09/17/2026,17:00,N,LZ_NORTH,60.64
09/17/2026,18:00,N,LZ_NORTH,70.16
09/17/2026,19:00,N,LZ_NORTH,87.67
09/17/2026,20:00,N,LZ_NORTH,88.56
09/17/2026,21:00,N,LZ_NORTH,81.96
09/17/2026,22:00,N,LZ_NORTH,58.61
09/17/2026,23:00,N,LZ_NORTH,45.76
09/17/2026,24:00,N,LZ_NORTH,36.52
09/18/2026,01:00,N,LZ_NORTH,34.0
09/18/2026,02:00,N,LZ_NORTH,31.78
09/18/2026,03:00,N,LZ_NORTH,30.5
09/18/2026,04:00,N,LZ_NORTH,29.5
09/18/2026,05:00,N,LZ_NORTH,30.03
09/18/2026,06:00,N,LZ_NORTH,33.44
09/18/2026,07:00,N,LZ_NORTH,40.12
09/18/2026,08:00,N,LZ_NORTH,39.84
09/18/2026,09:00,N,LZ_NORTH,26.41
09/18/2026,10:00,N,LZ_NORTH,22.23
09/18/2026,11:00,N,LZ_NORTH,21.3
09/18/2026,12:00,N,LZ_NORTH,23.42
09/18/2026,13:00,N,LZ_NORTH,27.3
09/18/2026,14:00,N,LZ_NORTH,37.88
09/18/2026,15:00,N,LZ_NORTH,48.92
09/18/2026,16:00,N,LZ_NORTH,57.62
09/18/2026,17:00,N,LZ_NORTH,63.93
09/18/2026,18:00,N,LZ_NORTH,79.29
09/18/2026,19:00,N,LZ_NORTH,132.4
09/18/2026,20:00,N,LZ_NORTH,132.12
09/18/2026,21:00,N,LZ_NORTH,99.99
09/18/2026,22:00,N,LZ_NORTH,60.83
09/18/2026,23:00,N,LZ_NORTH,41.79
09/18/2026,24:00,N,LZ_NORTH,32.06
09/19/2026,01:00,N,LZ_NORTH,33.67
09/19/2026,02:00,N,LZ_NORTH,28.12
09/19/2026,03:00,N,LZ_NORTH,26.15
09/19/2026,04:00,N,LZ_NORTH,25.49
09/19/2026,05:00,N,LZ_NORTH,25.76
09/19/2026,06:00,N,LZ_NORTH,27.88
09/19/2026,07:00,N,LZ_NORTH,29.65
09/19/2026,08:00,N,LZ_NORTH,29.08
09/19/2026,09:00,N,LZ_NORTH,22.13
09/19/2026,10:00,N,LZ_NORTH,18.9
09/19/2026,11:00,N,LZ_NORTH,19.76
09/19/2026,12:00,N,LZ_NORTH,23.27
09/19/2026,13:00,N,LZ_NORTH,28.78
09/19/2026,14:00,N,LZ_NORTH,38.72
09/19/2026,15:00,N,LZ_NORTH,50.41
09/19/2026,16:00,N,LZ_NORTH,63.01
09/19/2026,17:00,N,LZ_NORTH,76.85
09/19/2026,18:00,N,LZ_NORTH,98.26
09/19/2026,19:00,N,LZ_NORTH,140.0
09/19/2026,20:00,N,LZ_NORTH,131.37
09/19/2026,21:00,N,LZ_NORTH,77.4
09/19/2026,22:00,N,LZ_NORTH,56.63
09/19/2026,23:00,N,LZ_NORTH,40.05
09/19/2026,24:00,N,LZ_NORTH,34.01
